#pragma once
#include <Arduino.h>

static constexpr int WOLF_FACE_WIDTH = 135;
static constexpr int WOLF_FACE_HEIGHT = 135;

// Generated from assets/images/*.png. State mapping:
// - recording: assets/images/angry-gazing-left.png
// - waiting_left: assets/images/angry-gazing-left.png
// - waiting_right: assets/images/gazing-right.png
// - happy: assets/images/happy.png
// - sad: assets/images/sad.png
// - neutral: assets/images/gazing-right.png

static const uint16_t WOLF_FACE_RECORDING[] PROGMEM = {
  0x0000, 0x0000, 0x0000, 0x0000, 0x0000, 0x0000, 0x0000, 0x0000, 0x0000, 0x0000, 0x0000, 0x0000,
  0x0000, 0x0000, 0x0000, 0x0000, 0x0000, 0x0000, 0x0000, 0x0000, 0x0000, 0x0000, 0x0000, 0x0000,
  0x0000, 0x0000, 0x0000, 0x0000, 0x0000, 0x0000, 0x0000, 0x0000, 0x0000, 0x0000, 0x0000, 0x0000,
  0x0000, 0x0000, 0x0000, 0x0000, 0x0000, 0x0000, 0x0000, 0x0000, 0x0000, 0x0000, 0x0000, 0x0000,
  0x0000, 0x0000, 0x0000, 0x0000, 0x0000, 0x0000, 0x0000, 0x0000, 0x0000, 0x0000, 0x0000, 0x0000,
  0x0000, 0x0000, 0x0000, 0x0000, 0x0000, 0x0000, 0x0000, 0x0000, 0x0000, 0x0000, 0x0000, 0x0000,
  0x0000, 0x0000, 0x0000, 0x0000, 0x0000, 0x0000, 0x0000, 0x0000, 0x0000, 0x0000, 0x0000, 0x0000,
  0x0000, 0x0000, 0x0000, 0x0000, 0x0000, 0x0000, 0x0000, 0x0000, 0x0000, 0x0000, 0x0000, 0x0000,
  0x0000, 0x0000, 0x0000, 0x0000, 0x0000, 0x0000, 0x0000, 0x0000, 0x0000, 0x0000, 0x0000, 0x0000,
  0x0000, 0x0000, 0x0000, 0x0000, 0x0000, 0x0000, 0x0000, 0x0000, 0x0000, 0x0000, 0x0000, 0x0000,
  0x0000, 0x0000, 0x0000, 0x0000, 0x0000, 0x0000, 0x0000, 0x0000, 0x0000, 0x0000, 0x0000, 0x0000,
  0x0000, 0x0000, 0x0000, 0x0000, 0x0000, 0x0000, 0x0000, 0x0000, 0x0000, 0x0000, 0x0000, 0x0000,
  0x0000, 0x0000, 0x0000, 0x0000, 0x0000, 0x0000, 0x0000, 0x0000, 0x0000, 0x0000, 0x0000, 0x0000,
  0x0000, 0x0000, 0x0000, 0x0000, 0x0000, 0x0000, 0x0000, 0x0000, 0x0000, 0x0000, 0x0000, 0x0000,
  0x0000, 0x0000, 0x0000, 0x0000, 0x0000, 0x0000, 0x0000, 0x0000, 0x0000, 0x0000, 0x0000, 0x0000,
  0x0000, 0x0000, 0x0000, 0x0000, 0x0000, 0x0000, 0x0000, 0x0000, 0x0000, 0x0000, 0x0000, 0x0000,
  0x0000, 0x0000, 0x0000, 0x0000, 0x0000, 0x0000, 0x0000, 0x0000, 0x0000, 0x0000, 0x0000, 0x0000,
  0x0000, 0x0000, 0x0000, 0x0000, 0x0000, 0x0000, 0x0000, 0x0000, 0x0000, 0x0000, 0x0000, 0x0000,
  0x0000, 0x0000, 0x0000, 0x0000, 0x0000, 0x0000, 0x0000, 0x0000, 0x0000, 0x0000, 0x0000, 0x0000,
  0x0000, 0x0000, 0x0000, 0x0000, 0x0000, 0x0000, 0x0000, 0x0000, 0x0000, 0x0000, 0x0000, 0x0000,
  0x0000, 0x0000, 0x0000, 0x0000, 0x0000, 0x0000, 0x0000, 0x0000, 0x0000, 0x0000, 0x0000, 0x0000,
  0x0000, 0x0000, 0x0000, 0x0000, 0x0000, 0x0000, 0x0000, 0x0000, 0x0000, 0x0000, 0x0000, 0x0000,
  0x0000, 0x0000, 0x0000, 0x0000, 0x0000, 0x0000, 0x0000, 0x0000, 0x0000, 0x0000, 0x0000, 0x0000,
  0x0000, 0x0000, 0x0000, 0x0000, 0x0000, 0x0000, 0x0000, 0x0000, 0x0000, 0x0000, 0x0000, 0x0000,
  0x0000, 0x0000, 0x0000, 0x0000, 0x0000, 0x0000, 0x0000, 0x0000, 0x0000, 0x0000, 0x0000, 0x0000,
  0x0000, 0x0000, 0x0000, 0x0000, 0x0000, 0x0000, 0x0000, 0x0000, 0x0000, 0x0000, 0x0000, 0x0000,
  0x0000, 0x0000, 0x0000, 0x0000, 0x0000, 0x0000, 0x0000, 0x0000, 0x0000, 0x0000, 0x0000, 0x0000,
  0x0000, 0x0000, 0x0000, 0x0000, 0x0000, 0x0000, 0x0000, 0x0000, 0x0000, 0x0000, 0x0000, 0x0000,
  0x0000, 0x0000, 0x0000, 0x0000, 0x0000, 0x0000, 0x0000, 0x0000, 0x0000, 0x0000, 0x0000, 0x0000,
  0x0000, 0x0000, 0x0000, 0x0000, 0x0000, 0x0000, 0x0000, 0x0000, 0x0000, 0x0000, 0x0000, 0x0000,
  0x0000, 0x0000, 0x0000, 0x0000, 0x0000, 0x0000, 0x0000, 0x0000, 0x0000, 0x0000, 0x0000, 0x0000,
  0x0000, 0x0000, 0x0000, 0x0000, 0x0000, 0x0000, 0x0000, 0x0000, 0x0000, 0x0000, 0x0000, 0x0000,
  0x0000, 0x0000, 0x0000, 0x0000, 0x0000, 0x0000, 0x0000, 0x0000, 0x0000, 0x0000, 0x0000, 0x0000,
  0x0000, 0x0000, 0x0000, 0x0000, 0x0000, 0x0000, 0x0000, 0x0000, 0x0000, 0x0000, 0x0000, 0x0000,
  0x0000, 0x0000, 0x0000, 0x0000, 0x0000, 0x0000, 0x0000, 0x0000, 0x0000, 0x0000, 0x0000, 0x0000,
  0x0000, 0x0000, 0x0000, 0x0000, 0x0000, 0x0000, 0x0000, 0x0000, 0x0000, 0x0000, 0x0000, 0x0000,
  0x0000, 0x0000, 0x0000, 0x0000, 0x0000, 0x0000, 0x0000, 0x0000, 0x0000, 0x0000, 0x0000, 0x0000,
  0x0000, 0x0000, 0x0000, 0x0000, 0x0000, 0x0000, 0x0000, 0x0000, 0x0000, 0x0000, 0x0000, 0x0000,
  0x0000, 0x0000, 0x0000, 0x0000, 0x0000, 0x0000, 0x0000, 0x0000, 0x0000, 0x0000, 0x0000, 0x0000,
  0x0000, 0x0000, 0x0000, 0x0000, 0x0000, 0x0000, 0x0000, 0x0000, 0x0000, 0x0000, 0x0000, 0x0000,
  0x0000, 0x0000, 0x0000, 0x0000, 0x0000, 0x0000, 0x0000, 0x0000, 0x0000, 0x0000, 0x0000, 0x0000,
  0x0000, 0x0000, 0x0000, 0x0000, 0x0000, 0x0000, 0x0000, 0x0000, 0x0000, 0x0000, 0x0000, 0x0000,
  0x0000, 0x0000, 0x0000, 0x0000, 0x0000, 0x0000, 0x0000, 0x0000, 0x0000, 0x0000, 0x0000, 0x0000,
  0x0000, 0x0000, 0x0000, 0x0000, 0x0000, 0x0000, 0x0000, 0x0000, 0x0000, 0x0000, 0x0000, 0x0000,
  0x0000, 0x0000, 0x0000, 0x0000, 0x0000, 0x0000, 0x0000, 0x0000, 0x0000, 0x0000, 0x0000, 0x0000,
  0x0000, 0x0000, 0x0000, 0x0000, 0x0000, 0x0000, 0x0000, 0x0000, 0x0000, 0x0000, 0x0000, 0x0000,
  0x0000, 0x0000, 0x0000, 0x0000, 0x0000, 0x0000, 0x0000, 0x0000, 0x0000, 0x0000, 0x0000, 0x0000,
  0x0000, 0x0000, 0x0000, 0x0000, 0x0000, 0x0000, 0x0000, 0x0000, 0x0000, 0x0000, 0x0000, 0x0000,
  0x0000, 0x0000, 0x0000, 0x0000, 0x0000, 0x0000, 0x0000, 0x0000, 0x0000, 0x0000, 0x0000, 0x0000,
  0x0000, 0x0000, 0x0000, 0x0000, 0x0000, 0x0000, 0x0000, 0x0000, 0x0000, 0x0000, 0x0000, 0x0000,
  0x0000, 0x0000, 0x0000, 0x0000, 0x0000, 0x0000, 0x0000, 0x0000, 0x0000, 0x0000, 0x0000, 0x0000,
  0x0000, 0x0000, 0x0000, 0x0000, 0x0000, 0x0000, 0x0000, 0x0000, 0x0000, 0x0000, 0x0000, 0x0000,
  0x0000, 0x0000, 0x0000, 0x0000, 0x0000, 0x0000, 0x0000, 0x0000, 0x0000, 0x0000, 0x0000, 0x0000,
  0x0000, 0x0000, 0x0000, 0x0000, 0x0000, 0x0000, 0x0000, 0x0000, 0x0000, 0x0000, 0x0000, 0x0000,
  0x0000, 0x0000, 0x0000, 0x0000, 0x0000, 0x0000, 0x0000, 0x0000, 0x0000, 0x0000, 0x0000, 0x0000,
  0x0000, 0x0000, 0x0000, 0x0000, 0x0000, 0x0000, 0x0000, 0x0000, 0x0000, 0x0000, 0x0000, 0x0000,
  0x0000, 0x0000, 0x0000, 0x0000, 0x0000, 0x0000, 0x0000, 0x0000, 0x0000, 0x0000, 0x0000, 0x0000,
  0x0000, 0x0000, 0x0000, 0x0000, 0x0000, 0x0000, 0x0000, 0x0000, 0x0000, 0x0000, 0x0000, 0x0000,
  0x0000, 0x0000, 0x0000, 0x0000, 0x0000, 0x0000, 0x0000, 0x0000, 0x0000, 0x0000, 0x0000, 0x0000,
  0x0000, 0x0000, 0x0000, 0x0000, 0x0000, 0x0000, 0x0000, 0x0000, 0x0000, 0x0000, 0x0000, 0x0000,
  0x0000, 0x0000, 0x0000, 0x0000, 0x0020, 0x0020, 0x0020, 0x0020, 0x0020, 0x0020, 0x0000, 0x0000,
  0x0000, 0x0000, 0x0000, 0x0000, 0x0000, 0x0000, 0x0000, 0x0000, 0x0000, 0x0000, 0x0000, 0x0000,
  0x0000, 0x0000, 0x0000, 0x0000, 0x0000, 0x0000, 0x0000, 0x0000, 0x0000, 0x0000, 0x0000, 0x0000,
  0x0000, 0x0000, 0x0000, 0x0000, 0x0000, 0x0000, 0x0000, 0x0000, 0x0000, 0x0000, 0x0000, 0x0000,
  0x0000, 0x0000, 0x0000, 0x0000, 0x0000, 0x0000, 0x0000, 0x0000, 0x0000, 0x0000, 0x0000, 0x0000,
  0x0000, 0x0000, 0x0000, 0x0000, 0x0000, 0x0000, 0x0000, 0x0000, 0x0000, 0x0000, 0x0000, 0x0000,
  0x0000, 0x0000, 0x0000, 0x0000, 0x0000, 0x0000, 0x0000, 0x0000, 0x0000, 0x0000, 0x0000, 0x0000,
  0x0000, 0x0000, 0x0000, 0x0000, 0x0000, 0x0000, 0x0000, 0x0000, 0x0000, 0x0000, 0x0000, 0x0000,
  0x0000, 0x0000, 0x0000, 0x0000, 0x0000, 0x0000, 0x0000, 0x0000, 0x0000, 0x0000, 0x0000, 0x0000,
  0x0000, 0x0000, 0x0000, 0x0000, 0x0000, 0x0000, 0x0000, 0x0000, 0x0000, 0x0000, 0x0000, 0x0000,
  0x0000, 0x0000, 0x0000, 0x0000, 0x0000, 0x0000, 0x0000, 0x0000, 0x0000, 0x0000, 0x0000, 0x0000,
  0x0000, 0x0000, 0x0000, 0x2945, 0x4208, 0x39C7, 0x4208, 0x52AA, 0x52AA, 0x52AA, 0x5AAB, 0x52AB,
  0x5ACB, 0x39C7, 0x18E3, 0x2104, 0x2104, 0x2104, 0x2104, 0x2104, 0x2104, 0x2104, 0x2104, 0x2104,
  0x2924, 0x7181, 0x79A1, 0x79A1, 0x79A1, 0x7981, 0x7981, 0x7981, 0x7981, 0x7981, 0x7981, 0x7981,
  0x7981, 0x7981, 0x7981, 0x7981, 0x7981, 0x7981, 0x7981, 0x7981, 0x79A1, 0x7181, 0x79A1, 0x5120,
  0x0000, 0x0000, 0x0000, 0x0000, 0x0000, 0x0000, 0x0000, 0x0000, 0x0000, 0x0000, 0x0000, 0x0000,
  0x0000, 0x0000, 0x0000, 0x0000, 0x0000, 0x0000, 0x0000, 0x0000, 0x0000, 0x0000, 0x0000, 0x0000,
  0x0000, 0x0000, 0x0000, 0x0000, 0x0000, 0x0000, 0x0000, 0x0000, 0x0000, 0x0000, 0x0000, 0x0000,
  0x0000, 0x0000, 0x0000, 0x0000, 0x0000, 0x0000, 0x0000, 0x0000, 0x0000, 0x0000, 0x0000, 0x0000,
  0x0000, 0x0000, 0x0000, 0x0000, 0x0000, 0x0000, 0x0000, 0x0000, 0x0000, 0x0000, 0x0000, 0x0000,
  0x0000, 0x0000, 0x0000, 0x0000, 0x0000, 0x0000, 0x0000, 0x0000, 0x0000, 0x0000, 0x0000, 0x0000,
  0x0000, 0x0000, 0x0000, 0x0000, 0x0000, 0x0000, 0x0000, 0x0000, 0x0000, 0x0000, 0x0000, 0x0000,
  0x0000, 0x0000, 0x0000, 0x0000, 0x0000, 0x0000, 0x31A6, 0x4A69, 0x4A48, 0x4A69, 0x630C, 0x630C,
  0x630C, 0x630C, 0x630C, 0x632C, 0x4208, 0x2124, 0x2945, 0x2945, 0x2944, 0x2945, 0x2945, 0x2945,
  0x2945, 0x2945, 0x2945, 0x3144, 0x81E2, 0x9201, 0x9201, 0x9201, 0x91E1, 0x91E1, 0x91E1, 0x91E1,
  0x91E1, 0x91E1, 0x91E1, 0x91E1, 0x91E1, 0x91E1, 0x91E1, 0x91E1, 0x91E1, 0x91E1, 0x9201, 0x91E1,
  0x91E1, 0x9A01, 0x6161, 0x0000, 0x0000, 0x0000, 0x0000, 0x0000, 0x0000, 0x0000, 0x0000, 0x0000,
  0x0000, 0x0000, 0x0000, 0x0000, 0x0000, 0x0000, 0x0000, 0x0000, 0x0000, 0x0000, 0x0000, 0x0000,
  0x0000, 0x0000, 0x0000, 0x0000, 0x0000, 0x0000, 0x0000, 0x0000, 0x0000, 0x0000, 0x0000, 0x0000,
  0x0000, 0x0000, 0x0000, 0x0000, 0x0000, 0x0000, 0x0000, 0x0000, 0x0000, 0x0000, 0x0000, 0x0000,
  0x0000, 0x0000, 0x0000, 0x0000, 0x0000, 0x0000, 0x0000, 0x0000, 0x0000, 0x0000, 0x0000, 0x0000,
  0x0000, 0x0000, 0x0000, 0x0000, 0x0000, 0x0000, 0x0000, 0x0000, 0x0000, 0x0000, 0x0000, 0x0000,
  0x0000, 0x0000, 0x0000, 0x0000, 0x0000, 0x0000, 0x0000, 0x0000, 0x0000, 0x0000, 0x0000, 0x0000,
  0x0000, 0x0000, 0x0000, 0x0000, 0x0000, 0x0000, 0x0000, 0x0000, 0x0000, 0x3186, 0x4A49, 0x4208,
  0x4A69, 0x632C, 0x632C, 0x632C, 0x632C, 0x630C, 0x6B4D, 0x4208, 0x1904, 0x2125, 0x2124, 0x2125,
  0x2125, 0x2124, 0x1925, 0x1925, 0x1925, 0x1905, 0x2124, 0x79C1, 0x89E1, 0x89C1, 0x89C1, 0x89C1,
  0x89C1, 0x89C1, 0x89C1, 0x89C1, 0x89C1, 0x89C1, 0x89C1, 0x89C1, 0x81C1, 0x89C1, 0x89C1, 0x89C1,
  0x89C1, 0x81C1, 0x81C1, 0x81A1, 0x89E1, 0x5100, 0x0000, 0x0000, 0x0000, 0x0000, 0x0000, 0x0000,
  0x0000, 0x0000, 0x0000, 0x0000, 0x0000, 0x0000, 0x0000, 0x0000, 0x0000, 0x0000, 0x0000, 0x0000,
  0x0000, 0x0000, 0x0000, 0x0000, 0x0000, 0x0000, 0x0000, 0x0000, 0x0000, 0x0000, 0x0000, 0x0000,
  0x0000, 0x0000, 0x0000, 0x0000, 0x0000, 0x0000, 0x0000, 0x0000, 0x0000, 0x0000, 0x0000, 0x0000,
  0x0000, 0x0000, 0x0000, 0x0000, 0x0000, 0x0000, 0x0000, 0x0000, 0x0000, 0x0000, 0x0000, 0x0000,
  0x0000, 0x0000, 0x0000, 0x0000, 0x0000, 0x0000, 0x0000, 0x0000, 0x0000, 0x0000, 0x0000, 0x0000,
  0x0000, 0x0000, 0x0000, 0x0000, 0x0000, 0x0000, 0x0000, 0x0000, 0x0000, 0x0000, 0x0000, 0x0000,
  0x0000, 0x0000, 0x0000, 0x0000, 0x0000, 0x0020, 0x2104, 0x2104, 0x2104, 0x2945, 0x2965, 0x2945,
  0x4A49, 0x52AA, 0x528A, 0x528A, 0x4A49, 0x4A49, 0x4A49, 0x4A49, 0x4A49, 0x4A49, 0x5206, 0x51C5,
  0x51C5, 0x51C5, 0x59C5, 0x51C5, 0x51C5, 0x7204, 0x8244, 0x7A24, 0x7A24, 0x7A45, 0xAA83, 0xAA83,
  0xBAA2, 0xC2C1, 0xC2A1, 0xC2A1, 0xC2A1, 0xC2A1, 0xC2A1, 0xC2A1, 0xC2A1, 0xC2A1, 0xC2A1, 0xC2A1,
  0xC2A1, 0xC2A1, 0xC2A1, 0xC2C1, 0xC2A1, 0xBAA1, 0xBAA1, 0xC2C1, 0xA261, 0x6980, 0x7160, 0x7180,
  0x6140, 0x5101, 0x5921, 0x40C0, 0x0000, 0x0000, 0x0000, 0x0000, 0x0000, 0x0000, 0x0000, 0x0000,
  0x0000, 0x0000, 0x0000, 0x0000, 0x0000, 0x0000, 0x0000, 0x0000, 0x0000, 0x0000, 0x0000, 0x0000,
  0x0000, 0x0000, 0x0000, 0x0000, 0x0000, 0x0000, 0x0000, 0x0000, 0x0000, 0x0000, 0x0000, 0x0000,
  0x0000, 0x0000, 0x0000, 0x0000, 0x0000, 0x0000, 0x0000, 0x0000, 0x0000, 0x0000, 0x0000, 0x0000,
  0x0000, 0x0000, 0x0000, 0x0000, 0x0000, 0x0000, 0x0000, 0x0000, 0x0000, 0x0000, 0x0000, 0x0000,
  0x0000, 0x0000, 0x0000, 0x0000, 0x0000, 0x0000, 0x0000, 0x0000, 0x0000, 0x0000, 0x0000, 0x0000,
  0x0000, 0x0000, 0x0000, 0x0000, 0x0000, 0x0000, 0x0000, 0x0000, 0x18C3, 0x6B4D, 0x632C, 0x6B4D,
  0x73AE, 0x73AF, 0x7BAF, 0x6B4D, 0x630C, 0x6B4D, 0x52AA, 0x2124, 0x2124, 0x2124, 0x2124, 0x2944,
  0x2125, 0x6A05, 0x9285, 0x8A65, 0x9285, 0x9A85, 0x9AA5, 0x9AA5, 0xE343, 0xFB82, 0xF382, 0xF383,
  0xE365, 0xDB65, 0xD365, 0xF3A3, 0xFBE1, 0xFBC1, 0xFBC1, 0xFBC1, 0xFBC1, 0xFBC1, 0xFBC1, 0xFBC1,
  0xFBC1, 0xFBC1, 0xFBC1, 0xFBC1, 0xFBC1, 0xFBC1, 0xFBE1, 0xFBC1, 0xFBC1, 0xFBE1, 0xFBC1, 0xFBE1,
  0xFBA1, 0xFB61, 0xFB81, 0xE302, 0xC282, 0xD2C3, 0x99E2, 0x0000, 0x0000, 0x0000, 0x0000, 0x0000,
  0x0000, 0x0000, 0x0000, 0x0000, 0x0000, 0x0000, 0x0000, 0x0000, 0x0000, 0x0000, 0x0000, 0x0000,
  0x0000, 0x0000, 0x0000, 0x0000, 0x0000, 0x0000, 0x0000, 0x0000, 0x0000, 0x0000, 0x0000, 0x0000,
  0x0000, 0x0000, 0x0000, 0x0000, 0x0000, 0x0000, 0x0000, 0x0000, 0x0000, 0x0000, 0x0000, 0x0000,
  0x0000, 0x0000, 0x0000, 0x0000, 0x0000, 0x0000, 0x0000, 0x0000, 0x0000, 0x0000, 0x0000, 0x0000,
  0x0000, 0x0000, 0x0000, 0x0000, 0x0000, 0x0000, 0x0000, 0x0000, 0x0000, 0x0000, 0x0000, 0x0000,
  0x0000, 0x0000, 0x0000, 0x0000, 0x0000, 0x0000, 0x0000, 0x0000, 0x0000, 0x0000, 0x0000, 0x18C3,
  0x632C, 0x630C, 0x630C, 0x6B6E, 0x736E, 0x736E, 0x632C, 0x630C, 0x632C, 0x52AA, 0x2945, 0x2965,
  0x2965, 0x2965, 0x2965, 0x2145, 0x61E5, 0x8A65, 0x8265, 0x8265, 0x9285, 0x9285, 0x9285, 0xD323,
  0xEB42, 0xE363, 0xE363, 0xD345, 0xD344, 0xD345, 0xE363, 0xFBA1, 0xFBA1, 0xFBA1, 0xFBA1, 0xFBA1,
  0xFBA1, 0xFBA1, 0xFBA1, 0xFBA1, 0xFBA1, 0xFBA1, 0xFBA1, 0xFBA1, 0xFBA1, 0xFBA1, 0xFBA1, 0xFBA1,
  0xFBA1, 0xFBA1, 0xFBA1, 0xF361, 0xF321, 0xF341, 0xCAC2, 0xB242, 0xC282, 0x89C1, 0x0000, 0x0000,
  0x0000, 0x0000, 0x0000, 0x0000, 0x0000, 0x0000, 0x0000, 0x0000, 0x0000, 0x0000, 0x0000, 0x0000,
  0x0000, 0x0000, 0x0000, 0x0000, 0x0000, 0x0000, 0x0000, 0x0000, 0x0000, 0x0000, 0x0000, 0x0000,
  0x0000, 0x0000, 0x0000, 0x0000, 0x0000, 0x0000, 0x0000, 0x0000, 0x0000, 0x0000, 0x0000, 0x0000,
  0x0000, 0x0000, 0x0000, 0x0000, 0x0000, 0x0000, 0x0000, 0x0000, 0x0000, 0x0000, 0x0000, 0x0000,
  0x0000, 0x0000, 0x0000, 0x0000, 0x0000, 0x0000, 0x0000, 0x0000, 0x0000, 0x0000, 0x0000, 0x0000,
  0x0000, 0x0000, 0x0000, 0x0000, 0x0000, 0x0000, 0x0000, 0x0000, 0x0000, 0x0000, 0x0000, 0x0000,
  0x0000, 0x0000, 0x18C3, 0x632C, 0x630B, 0x632C, 0x738E, 0x738E, 0x738E, 0x6B4D, 0x630C, 0x630C,
  0x528A, 0x2945, 0x2945, 0x2945, 0x2965, 0x3165, 0x2145, 0x6A05, 0x9285, 0x8A65, 0x8A65, 0x9A85,
  0x9A85, 0x9285, 0xDB23, 0xF382, 0xF382, 0xEB63, 0xDB45, 0xDB44, 0xD345, 0xEB83, 0xFBC1, 0xFBC1,
  0xFBC1, 0xFBC1, 0xFBC1, 0xFBC1, 0xFBC1, 0xFBE1, 0xFBE1, 0xFBC1, 0xFBC1, 0xFBC1, 0xFBC1, 0xFBE1,
  0xFBC1, 0xFBC1, 0xFBC1, 0xFBC1, 0xFBC1, 0xFBC1, 0xF361, 0xF341, 0xFB41, 0xD2C2, 0xB262, 0xC2A2,
  0x89E2, 0x0000, 0x0000, 0x0000, 0x0000, 0x0000, 0x0000, 0x0000, 0x0000, 0x0000, 0x0000, 0x0000,
  0x0000, 0x0000, 0x0000, 0x0000, 0x0000, 0x0000, 0x0000, 0x0000, 0x0000, 0x0000, 0x0000, 0x0000,
  0x0000, 0x0000, 0x0000, 0x0000, 0x0000, 0x0000, 0x0000, 0x0000, 0x0000, 0x0000, 0x0000, 0x0000,
  0x0000, 0x0000, 0x0000, 0x0000, 0x0000, 0x0000, 0x0000, 0x0000, 0x0000, 0x0000, 0x0000, 0x0000,
  0x0000, 0x0000, 0x0000, 0x0000, 0x0000, 0x0000, 0x0000, 0x0000, 0x0000, 0x0000, 0x0000, 0x0000,
  0x0000, 0x0000, 0x0000, 0x0000, 0x0000, 0x0000, 0x0000, 0x0000, 0x0000, 0x0000, 0x0000, 0x0000,
  0x0000, 0x0000, 0x31A6, 0x630C, 0x5ACB, 0x5AEB, 0x52AA, 0x528A, 0x52AA, 0x4A49, 0x4A49, 0x4A28,
  0x39C7, 0x3186, 0x3185, 0x3185, 0x2945, 0x2945, 0x2965, 0x7A25, 0x8265, 0x7225, 0xAAE5, 0xD345,
  0xC325, 0xCB25, 0xEB62, 0xEB81, 0xEB62, 0xF381, 0xFBA1, 0xFBA1, 0xFBA1, 0xF3A2, 0xF3A2, 0xF382,
  0xFC62, 0xFD82, 0xFD62, 0xFD62, 0xFD62, 0xFD62, 0xFD62, 0xFD62, 0xFD62, 0xFD62, 0xFD62, 0xFD62,
  0xFD62, 0xFD62, 0xFD62, 0xFD82, 0xFD82, 0xFD62, 0xFD62, 0xFD62, 0xFD62, 0xFD42, 0xFD42, 0xFD42,
  0xF462, 0xEBA1, 0xF3E2, 0xDB41, 0xA201, 0xA201, 0xAA21, 0x2880, 0x0000, 0x0000, 0x0000, 0x0000,
  0x0000, 0x0000, 0x0000, 0x0000, 0x0000, 0x0000, 0x0000, 0x0000, 0x0000, 0x0000, 0x0000, 0x0000,
  0x0000, 0x0000, 0x0000, 0x0000, 0x0000, 0x0000, 0x0000, 0x0000, 0x0000, 0x0000, 0x0000, 0x0000,
  0x0000, 0x0000, 0x0000, 0x0000, 0x0000, 0x0000, 0x0000, 0x0000, 0x0000, 0x0000, 0x0000, 0x0000,
  0x0000, 0x0000, 0x0000, 0x0000, 0x0000, 0x0000, 0x0000, 0x0000, 0x0000, 0x0000, 0x0000, 0x0000,
  0x0000, 0x0000, 0x0000, 0x0000, 0x0000, 0x0000, 0x0000, 0x0000, 0x0000, 0x0000, 0x0000, 0x0000,
  0x0000, 0x0000, 0x0000, 0x0000, 0x0000, 0x4A69, 0x83F0, 0x7BAF, 0x738E, 0x4A69, 0x528A, 0x528A,
  0x39E7, 0x39E7, 0x4207, 0x2965, 0x2124, 0x2124, 0x2924, 0x2945, 0x2945, 0x2965, 0x8245, 0x9285,
  0x8A65, 0xBB05, 0xDB65, 0xD345, 0xD365, 0xFBA1, 0xFBA1, 0xFBA1, 0xFBA1, 0xFBA1, 0xFBA1, 0xFBA1,
  0xFBA1, 0xFBC1, 0xFB81, 0xFCA2, 0xFDC3, 0xFDA3, 0xFDA3, 0xFDA3, 0xFDA3, 0xFDA3, 0xFDA3, 0xFDA3,
  0xFDA3, 0xFDA3, 0xFDA3, 0xFDA3, 0xFDA3, 0xFDA3, 0xFDA3, 0xFDA3, 0xFDA3, 0xFDC3, 0xFDC3, 0xFDA3,
  0xFDC3, 0xFDA3, 0xFDE3, 0xFCE2, 0xFC01, 0xFC21, 0xF3A1, 0xD2A2, 0xD2A2, 0xDAE2, 0x38C0, 0x0000,
  0x0000, 0x0000, 0x0000, 0x0000, 0x0000, 0x0000, 0x0000, 0x0000, 0x0000, 0x0000, 0x0000, 0x0000,
  0x0000, 0x0000, 0x0000, 0x0000, 0x0000, 0x0000, 0x0000, 0x0000, 0x0000, 0x0000, 0x0000, 0x0000,
  0x0000, 0x0000, 0x0000, 0x0000, 0x0000, 0x0000, 0x0000, 0x0000, 0x0000, 0x0000, 0x0000, 0x0000,
  0x0000, 0x0000, 0x0000, 0x0000, 0x0000, 0x0000, 0x0000, 0x0000, 0x0000, 0x0000, 0x0000, 0x0000,
  0x0000, 0x0000, 0x0000, 0x0000, 0x0000, 0x0000, 0x0000, 0x0000, 0x0000, 0x0000, 0x0000, 0x0000,
  0x0000, 0x0000, 0x0000, 0x0000, 0x0000, 0x0000, 0x0000, 0x0000, 0x4A49, 0x7BCF, 0x738E, 0x6B4D,
  0x5269, 0x528A, 0x528A, 0x4228, 0x4228, 0x4A49, 0x3186, 0x2124, 0x2945, 0x2945, 0x2125, 0x2125,
  0x2125, 0x7A45, 0x8A65, 0x7A45, 0xAAE5, 0xD365, 0xCB45, 0xCB45, 0xF382, 0xFBA1, 0xFBA1, 0xFBA1,
  0xFBA1, 0xFBA1, 0xFBA1, 0xFB81, 0xFB81, 0xFB61, 0xFC82, 0xFDC3, 0xFDA3, 0xFDA3, 0xFDA3, 0xFDA3,
  0xFDA3, 0xFDA3, 0xFDA3, 0xFDA3, 0xFDA3, 0xFDA3, 0xFDA3, 0xFDA3, 0xFDC3, 0xFDC3, 0xFDC3, 0xFDA3,
  0xFDA3, 0xFDA3, 0xFDA3, 0xFDA3, 0xFDA3, 0xFDC3, 0xFCC2, 0xFBE1, 0xFC01, 0xEB81, 0xC242, 0xCA62,
  0xD282, 0x3080, 0x0000, 0x0000, 0x0000, 0x0000, 0x0000, 0x0000, 0x0000, 0x0000, 0x0000, 0x0000,
  0x0000, 0x0000, 0x0000, 0x0000, 0x0000, 0x0000, 0x0000, 0x0000, 0x0000, 0x0000, 0x0000, 0x0000,
  0x0000, 0x0000, 0x0000, 0x0000, 0x0000, 0x0000, 0x0000, 0x0000, 0x0000, 0x0000, 0x0000, 0x0000,
  0x0000, 0x0000, 0x0000, 0x0000, 0x0000, 0x0000, 0x0000, 0x0000, 0x0000, 0x0000, 0x0000, 0x0000,
  0x0000, 0x0000, 0x0000, 0x0000, 0x0000, 0x0000, 0x0000, 0x0000, 0x0000, 0x0000, 0x0000, 0x0000,
  0x0000, 0x0000, 0x0000, 0x0000, 0x0000, 0x0000, 0x0000, 0x0000, 0x0000, 0x0000, 0x0000, 0x4A49,
  0x7BCF, 0x73AE, 0x6B6D, 0x528A, 0x528A, 0x528A, 0x2965, 0x2944, 0x2945, 0x2945, 0x2944, 0x2125,
  0x3165, 0x51C5, 0x49A5, 0x49C5, 0xA2C4, 0xB2E4, 0xAAE4, 0xCB44, 0xE384, 0xE363, 0xE364, 0xFBA2,
  0xFBA1, 0xFBA1, 0xFBA1, 0xFBA1, 0xFBA1, 0xFC42, 0xFCA2, 0xFCA2, 0xFC82, 0xFD22, 0xFDC3, 0xFDA3,
  0xFDA3, 0xFDA3, 0xFDA3, 0xFDA3, 0xFDA3, 0xFDA3, 0xFDA3, 0xFDA3, 0xFDA3, 0xFDA3, 0xFDA3, 0xFD43,
  0xFD22, 0xFD22, 0xFD63, 0xFDC3, 0xFDA3, 0xFDA3, 0xFDA3, 0xFDA3, 0xFDC3, 0xFD42, 0xFCE2, 0xFD02,
  0xF482, 0xDB62, 0xDB82, 0xDB82, 0x4941, 0x2081, 0x28C1, 0x1860, 0x0000, 0x0000, 0x0000, 0x0000,
  0x0000, 0x0000, 0x0000, 0x0000, 0x0000, 0x0000, 0x0000, 0x0000, 0x0000, 0x0000, 0x0000, 0x0000,
  0x0000, 0x0000, 0x0000, 0x0000, 0x0000, 0x0000, 0x0000, 0x0000, 0x0000, 0x0000, 0x0000, 0x0000,
  0x0000, 0x0000, 0x0000, 0x0000, 0x0000, 0x0000, 0x0000, 0x0000, 0x0000, 0x0000, 0x0000, 0x0000,
  0x0000, 0x0000, 0x0000, 0x0000, 0x0000, 0x0000, 0x0000, 0x0000, 0x0000, 0x0000, 0x0000, 0x0000,
  0x0000, 0x0000, 0x0000, 0x0000, 0x0000, 0x0000, 0x0000, 0x0000, 0x0000, 0x0000, 0x0000, 0x0000,
  0x0000, 0x0000, 0x4A49, 0x7BCF, 0x738E, 0x6B6D, 0x528A, 0x528A, 0x528A, 0x0841, 0x0000, 0x0000,
  0x18C3, 0x2945, 0x2124, 0x4184, 0x9285, 0x8A85, 0x8A85, 0xDB42, 0xFBC2, 0xFBA2, 0xFBA1, 0xFBA1,
  0xFBA1, 0xFBA1, 0xFBA1, 0xFBA1, 0xFBA1, 0xFBA1, 0xFBC1, 0xFBA1, 0xFD63, 0xFE03, 0xFDC3, 0xFDE3,
  0xFDC3, 0xFDC3, 0xFDC3, 0xFDC3, 0xFDC3, 0xFDA3, 0xFDA3, 0xFDC3, 0xFDC3, 0xFDC3, 0xFDA3, 0xFDC3,
  0xFDA3, 0xFDC3, 0xFC22, 0xFBA1, 0xFBA1, 0xFC82, 0xFDE3, 0xFDA3, 0xFDA3, 0xFDA3, 0xFDC3, 0xFDA3,
  0xFDC3, 0xFDC3, 0xFDC3, 0xFDA3, 0xFDA2, 0xFD82, 0xFDA2, 0xA344, 0x8245, 0x9AA5, 0x5983, 0x0000,
  0x0000, 0x0000, 0x0000, 0x0000, 0x0000, 0x0000, 0x0000, 0x0000, 0x0000, 0x0000, 0x0000, 0x0000,
  0x0000, 0x0000, 0x0000, 0x0000, 0x0000, 0x0000, 0x0000, 0x0000, 0x0000, 0x0000, 0x0000, 0x0000,
  0x0000, 0x0000, 0x0000, 0x0000, 0x0000, 0x0000, 0x0000, 0x0000, 0x0000, 0x0000, 0x0000, 0x0000,
  0x0000, 0x0000, 0x0000, 0x0000, 0x0000, 0x0000, 0x0000, 0x0000, 0x0000, 0x0000, 0x0000, 0x0000,
  0x0000, 0x0000, 0x0000, 0x0000, 0x0000, 0x0000, 0x0000, 0x0000, 0x0000, 0x0000, 0x0000, 0x0000,
  0x0000, 0x0000, 0x0000, 0x0000, 0x0000, 0x4A49, 0x7BCF, 0x738E, 0x6B6D, 0x528A, 0x528A, 0x528A,
  0x0861, 0x0000, 0x0000, 0x18C3, 0x2944, 0x2124, 0x4184, 0x8A65, 0x8A65, 0x8265, 0xDB43, 0xF382,
  0xF382, 0xFBA1, 0xFBA1, 0xFBA1, 0xFBA1, 0xFBA1, 0xFBA1, 0xFBA1, 0xFBA1, 0xFBC1, 0xFBA1, 0xFD42,
  0xFDC3, 0xFDA3, 0xFDA3, 0xFDA3, 0xFDC3, 0xFDC3, 0xFDA3, 0xFDA3, 0xFDA3, 0xFDA3, 0xFDA3, 0xFDA3,
  0xFDC3, 0xFDA3, 0xFDA3, 0xFDA3, 0xFDC3, 0xFC42, 0xFBC1, 0xFBA1, 0xFCA2, 0xFDC3, 0xFDA3, 0xFDA3,
  0xFDA3, 0xFDA3, 0xFDA3, 0xFDA3, 0xFDA3, 0xFDA3, 0xFDA3, 0xFD83, 0xFD62, 0xFD82, 0xAB44, 0x8245,
  0x9285, 0x5183, 0x0000, 0x0000, 0x0000, 0x0000, 0x0000, 0x0000, 0x0000, 0x0000, 0x0000, 0x0000,
  0x0000, 0x0000, 0x0000, 0x0000, 0x0000, 0x0000, 0x0000, 0x0000, 0x0000, 0x0000, 0x0000, 0x0000,
  0x0000, 0x0000, 0x0000, 0x0000, 0x0000, 0x0000, 0x0000, 0x0000, 0x0000, 0x0000, 0x0000, 0x0000,
  0x0000, 0x0000, 0x0000, 0x0000, 0x0000, 0x0000, 0x0000, 0x0000, 0x0000, 0x0000, 0x0000, 0x0000,
  0x0000, 0x0000, 0x0000, 0x0000, 0x0000, 0x0000, 0x0000, 0x0000, 0x0000, 0x0000, 0x0000, 0x0000,
  0x0000, 0x0000, 0x0000, 0x0000, 0x0000, 0x0000, 0x0000, 0x0000, 0x4A49, 0x7BEF, 0x738E, 0x6B4D,
  0x528A, 0x52AA, 0x52AA, 0x0861, 0x0000, 0x0000, 0x18C3, 0x2924, 0x2104, 0x4184, 0x8A65, 0x8A65,
  0x8265, 0xE342, 0xFB81, 0xFBA1, 0xFBC1, 0xFBA1, 0xFBA1, 0xFBA1, 0xFBA1, 0xFBA1, 0xFBA1, 0xFBA1,
  0xFBA1, 0xFBA1, 0xFD63, 0xFDE3, 0xFDC3, 0xFDC3, 0xFDC3, 0xFDC3, 0xFDC3, 0xFDC3, 0xFDC3, 0xFDC3,
  0xFDC3, 0xFDC3, 0xFDC3, 0xFDC3, 0xFDC3, 0xFDC3, 0xFDC3, 0xFDC3, 0xFC42, 0xFBC1, 0xFBA1, 0xFCC2,
  0xFE03, 0xFDC3, 0xFDE3, 0xFDE3, 0xFDC3, 0xFDE3, 0xFDC3, 0xFDA3, 0xFDA3, 0xFDA3, 0xFDA3, 0xFD83,
  0xFDA2, 0xA324, 0x7A05, 0x9285, 0x5983, 0x0000, 0x0000, 0x0000, 0x0000, 0x0000, 0x0000, 0x0000,
  0x0000, 0x0000, 0x0000, 0x0000, 0x0000, 0x0000, 0x0000, 0x0000, 0x0000, 0x0000, 0x0000, 0x0000,
  0x0000, 0x0000, 0x0000, 0x0000, 0x0000, 0x0000, 0x0000, 0x0000, 0x0000, 0x0000, 0x0000, 0x0000,
  0x0000, 0x0000, 0x0000, 0x0000, 0x0000, 0x0000, 0x0000, 0x0000, 0x0000, 0x0000, 0x0000, 0x0000,
  0x0000, 0x0000, 0x0000, 0x0000, 0x0000, 0x0000, 0x0000, 0x0000, 0x0000, 0x0000, 0x0000, 0x0000,
  0x0000, 0x0000, 0x0000, 0x0000, 0x0000, 0x0000, 0x0000, 0x0020, 0x39C7, 0x4208, 0x4228, 0x4A69,
  0x5AAA, 0x5AAA, 0x4A69, 0x39C7, 0x39C7, 0x39C7, 0x0841, 0x0000, 0x0000, 0x18C3, 0x2124, 0x1904,
  0x4164, 0x8A85, 0x8A65, 0x8A65, 0x9A84, 0xA2A4, 0x9AA4, 0xCB23, 0xFBC1, 0xFBA1, 0xFBA1, 0xFBA1,
  0xFBA1, 0xFBA1, 0xFBA1, 0xFBA1, 0xFBA1, 0xFBE1, 0xFC21, 0xFC21, 0xFC21, 0xFC01, 0xFC01, 0xFC01,
  0xFC01, 0xFC21, 0xFC21, 0xFC21, 0xFC01, 0xFC01, 0xFC21, 0xFC22, 0xFC22, 0xFC22, 0xFC22, 0xBB23,
  0xAAC4, 0xB2C4, 0xAB04, 0xAB64, 0xA364, 0xAB64, 0xEBA2, 0xEBC2, 0xEB82, 0xF4E2, 0xFDC3, 0xFDA3,
  0xFD83, 0xFCC2, 0xFCA2, 0xFCA2, 0xE4C3, 0xDCA3, 0xE503, 0xAB82, 0x48E0, 0x5121, 0x38C0, 0x0000,
  0x0000, 0x0000, 0x0000, 0x0000, 0x0000, 0x0000, 0x0000, 0x0000, 0x0000, 0x0000, 0x0000, 0x0000,
  0x0000, 0x0000, 0x0000, 0x0000, 0x0000, 0x0000, 0x0000, 0x0000, 0x0000, 0x0000, 0x0000, 0x0000,
  0x0000, 0x0000, 0x0000, 0x0000, 0x0000, 0x0000, 0x0000, 0x0000, 0x0000, 0x0000, 0x0000, 0x0000,
  0x0000, 0x0000, 0x0000, 0x0000, 0x0000, 0x0000, 0x0000, 0x0000, 0x0000, 0x0000, 0x0000, 0x0000,
  0x0000, 0x0000, 0x0000, 0x0000, 0x0000, 0x0000, 0x0000, 0x0000, 0x0000, 0x0000, 0x0841, 0x632C,
  0x6B6D, 0x6B6D, 0x528A, 0x4228, 0x4A69, 0x4249, 0x2965, 0x2965, 0x2965, 0x0020, 0x0000, 0x0000,
  0x18C3, 0x2124, 0x1904, 0x4164, 0x8A85, 0x8A65, 0x8A65, 0x8265, 0x8265, 0x7245, 0xBAE3, 0xFBA1,
  0xF382, 0xFBA1, 0xFBA1, 0xFBA1, 0xFBA1, 0xFBA1, 0xFBA1, 0xFBA1, 0xFB81, 0xFB81, 0xFB81, 0xFB81,
  0xFB81, 0xFB81, 0xFB81, 0xFB81, 0xFB81, 0xFB81, 0xFB81, 0xFB81, 0xFB81, 0xFB81, 0xFB81, 0xFB81,
  0xFB81, 0xFB81, 0xA284, 0x8A65, 0x9285, 0x8A45, 0x8225, 0x8245, 0x8A44, 0xDAC2, 0xE2E2, 0xDAA2,
  0xF482, 0xFDC3, 0xFD83, 0xFD42, 0xFC41, 0xFC41, 0xFC42, 0xFD62, 0xFDA2, 0xFDE2, 0xD442, 0x81A1,
  0x9A21, 0x7181, 0x0000, 0x0000, 0x0000, 0x0000, 0x0000, 0x0000, 0x0000, 0x0000, 0x0000, 0x0000,
  0x0000, 0x0000, 0x0000, 0x0000, 0x0000, 0x0000, 0x0000, 0x0000, 0x0000, 0x0000, 0x0000, 0x0000,
  0x0000, 0x0000, 0x0000, 0x0000, 0x0000, 0x0000, 0x0000, 0x0000, 0x0000, 0x0000, 0x0000, 0x0000,
  0x0000, 0x0000, 0x0000, 0x0000, 0x0000, 0x0000, 0x0000, 0x0000, 0x0000, 0x0000, 0x0000, 0x0000,
  0x0000, 0x0000, 0x0000, 0x0000, 0x0000, 0x0000, 0x0000, 0x0000, 0x0000, 0x0000, 0x0000, 0x0000,
  0x0000, 0x0841, 0x5AEB, 0x630C, 0x62EB, 0x528A, 0x4A69, 0x528A, 0x4228, 0x3186, 0x31A6, 0x3186,
  0x0020, 0x0000, 0x0000, 0x10A2, 0x2124, 0x18E4, 0x3964, 0x8A85, 0x8A65, 0x8A65, 0x8A65, 0x8A65,
  0x8265, 0xC303, 0xFBC1, 0xFBA1, 0xFBA1, 0xFBA1, 0xFBC1, 0xFBC1, 0xFBC1, 0xFBA1, 0xFBC1, 0xFBC1,
  0xFBC1, 0xFBC1, 0xFBC1, 0xFBC1, 0xFBC1, 0xFBA1, 0xFBA1, 0xFBA1, 0xFBA1, 0xFBC1, 0xFBA1, 0xFBA1,
  0xFBA1, 0xFBA1, 0xFBC1, 0xFBC1, 0xFBA1, 0xB2E4, 0x9A85, 0x9AA5, 0x92A5, 0x8A65, 0x8265, 0x9AA4,
  0xE302, 0xE302, 0xE2E2, 0xF4C2, 0xFDE3, 0xFDA3, 0xFD62, 0xFC62, 0xFC62, 0xFC62, 0xFD42, 0xFD83,
  0xFDA3, 0xD422, 0x7981, 0x89E1, 0x6961, 0x0000, 0x0000, 0x0000, 0x0000, 0x0000, 0x0000, 0x0000,
  0x0000, 0x0000, 0x0000, 0x0000, 0x0000, 0x0000, 0x0000, 0x0000, 0x0000, 0x0000, 0x0000, 0x0000,
  0x0000, 0x0000, 0x0000, 0x0000, 0x0000, 0x0000, 0x0000, 0x0000, 0x0000, 0x0000, 0x0000, 0x0000,
  0x0000, 0x0000, 0x0000, 0x0000, 0x0000, 0x0000, 0x0000, 0x0000, 0x0000, 0x0000, 0x0000, 0x0000,
  0x0000, 0x0000, 0x0000, 0x0000, 0x0000, 0x0000, 0x0000, 0x0000, 0x0000, 0x0000, 0x0000, 0x0000,
  0x0000, 0x0000, 0x0000, 0x0000, 0x0861, 0x738E, 0x738E, 0x73AE, 0x5AEB, 0x4A49, 0x4A69, 0x4208,
  0x2124, 0x2945, 0x2124, 0x0020, 0x0000, 0x0000, 0x2903, 0x3964, 0x3144, 0x51C4, 0x8A65, 0x8A65,
  0x8A65, 0x8A65, 0x8A65, 0x8265, 0xAAE4, 0xE362, 0xDB42, 0xDB62, 0xE362, 0xE362, 0xDB62, 0xDB62,
  0xDB62, 0xDB62, 0xDB62, 0xDB62, 0xDB62, 0xDB62, 0xDB62, 0xE362, 0xDB62, 0xE362, 0xF381, 0xF381,
  0xF381, 0xFBA1, 0xFBA1, 0xFBA1, 0xF3A2, 0xE362, 0xE362, 0xE363, 0x8A64, 0x7A04, 0x7A24, 0x8244,
  0x8A65, 0x8265, 0x9285, 0xCAE3, 0xCAE3, 0xCAA3, 0xEC43, 0xFD63, 0xFD23, 0xFCE2, 0xFC21, 0xFC42,
  0xFC42, 0xFD42, 0xFD83, 0xFDC3, 0xD442, 0x81A2, 0x9202, 0x71A1, 0x0000, 0x0000, 0x0000, 0x0000,
  0x0000, 0x0000, 0x0000, 0x0000, 0x0000, 0x0000, 0x0000, 0x0000, 0x0000, 0x0000, 0x0000, 0x0000,
  0x0000, 0x0000, 0x0000, 0x0000, 0x0000, 0x0000, 0x0000, 0x0000, 0x0000, 0x0000, 0x0000, 0x0000,
  0x0000, 0x0000, 0x0000, 0x0000, 0x0000, 0x0000, 0x0000, 0x0000, 0x0000, 0x0000, 0x0000, 0x0000,
  0x0000, 0x0000, 0x0000, 0x0000, 0x0000, 0x0000, 0x0000, 0x0000, 0x0000, 0x0000, 0x0000, 0x0000,
  0x0000, 0x0000, 0x0000, 0x0000, 0x0000, 0x0000, 0x0000, 0x10A2, 0xB575, 0xBDD6, 0xC5F7, 0x738E,
  0x4208, 0x528A, 0x39C7, 0x0000, 0x0000, 0x0000, 0x0000, 0x0000, 0x0000, 0x61A3, 0x8A85, 0x8265,
  0x8A65, 0x8265, 0x8A65, 0x8A65, 0x8A85, 0x8A65, 0x8A65, 0x8265, 0x8265, 0x8265, 0x8265, 0x8265,
  0x8265, 0x8265, 0x8265, 0x8265, 0x8265, 0x8265, 0x8265, 0x8265, 0x8265, 0x8265, 0x8265, 0x8265,
  0x9285, 0xD2C2, 0xD2C2, 0xCAA2, 0xF362, 0xFBC1, 0xFBC1, 0xD343, 0x7A45, 0x8265, 0x8245, 0x18C2,
  0x1082, 0x0862, 0x4163, 0x8A85, 0x8265, 0x8265, 0x8265, 0x8265, 0x7A65, 0xCAE3, 0xF342, 0xEB42,
  0xF362, 0xFBC1, 0xFBC1, 0xFBE1, 0xFD62, 0xFDA3, 0xFDC3, 0xD463, 0x8A24, 0x9A84, 0x79E3, 0x0000,
  0x0000, 0x0000, 0x0000, 0x0000, 0x0000, 0x0000, 0x0000, 0x0000, 0x0000, 0x0000, 0x0000, 0x0000,
  0x0000, 0x0000, 0x0000, 0x0000, 0x0000, 0x0000, 0x0000, 0x0000, 0x0000, 0x0000, 0x0000, 0x0000,
  0x0000, 0x0000, 0x0000, 0x0000, 0x0000, 0x0000, 0x0000, 0x0000, 0x0000, 0x0000, 0x0000, 0x0000,
  0x0000, 0x0000, 0x0000, 0x0000, 0x0000, 0x0000, 0x0000, 0x0000, 0x0000, 0x0000, 0x0000, 0x0000,
  0x0000, 0x0000, 0x0000, 0x0000, 0x0000, 0x0000, 0x0000, 0x0000, 0x0000, 0x0000, 0x10A2, 0xB575,
  0xBDB6, 0xBDD7, 0x738E, 0x4228, 0x528A, 0x39C7, 0x0000, 0x0000, 0x0000, 0x0000, 0x0000, 0x0000,
  0x59A3, 0x8A85, 0x8245, 0x8265, 0x8265, 0x8A65, 0x8A65, 0x8A85, 0x8A85, 0x8A65, 0x8A65, 0x8A65,
  0x8265, 0x8A65, 0x8A65, 0x8A65, 0x8A65, 0x8A65, 0x8A65, 0x8A65, 0x8A65, 0x8A65, 0x8A65, 0x8265,
  0x8A65, 0x8A65, 0x8265, 0x9A85, 0xD2C2, 0xD2C2, 0xD2C2, 0xF362, 0xFBA1, 0xFBA1, 0xD343, 0x8245,
  0x8265, 0x8265, 0x20E2, 0x1082, 0x0882, 0x4984, 0x8A85, 0x8265, 0x8265, 0x8265, 0x8A85, 0x8265,
  0xCB03, 0xF342, 0xEB42, 0xEB82, 0xFBC1, 0xFBC1, 0xFBE1, 0xFD62, 0xFDA3, 0xFDC3, 0xD463, 0x8A24,
  0x9A84, 0x79E3, 0x0000, 0x0000, 0x0000, 0x0000, 0x0000, 0x0000, 0x0000, 0x0000, 0x0000, 0x0000,
  0x0000, 0x0000, 0x0000, 0x0000, 0x0000, 0x0000, 0x0000, 0x0000, 0x0000, 0x0000, 0x0000, 0x0000,
  0x0000, 0x0000, 0x0000, 0x0000, 0x0000, 0x0000, 0x0000, 0x0000, 0x0000, 0x0000, 0x0000, 0x0000,
  0x0000, 0x0000, 0x0000, 0x0000, 0x0000, 0x0000, 0x0000, 0x0000, 0x0000, 0x0000, 0x0000, 0x0000,
  0x0000, 0x0000, 0x0000, 0x0000, 0x0000, 0x0000, 0x0000, 0x0000, 0x0000, 0x0000, 0x0000, 0x0000,
  0x0000, 0x10A2, 0xB5B6, 0xBDD6, 0xBDF7, 0x73AE, 0x4228, 0x52AA, 0x39C7, 0x0000, 0x0000, 0x0000,
  0x0000, 0x0000, 0x0000, 0x59A3, 0x8A85, 0x8265, 0x8265, 0x8A65, 0x8A65, 0x8A85, 0x8265, 0x8265,
  0x8265, 0x8265, 0x8265, 0x8265, 0x8265, 0x8A65, 0x8A65, 0x8A65, 0x8265, 0x8265, 0x8265, 0x8265,
  0x8265, 0x8265, 0x8265, 0x8265, 0x8A65, 0x8265, 0x9A85, 0xDAE2, 0xD2C2, 0xD2C2, 0xF381, 0xFBC1,
  0xFBC1, 0xD342, 0x7A45, 0x8265, 0x8245, 0x18C2, 0x0062, 0x0042, 0x4984, 0x8A85, 0x7A45, 0x8265,
  0x8265, 0x8A65, 0x7A65, 0xCB23, 0xFB62, 0xEB42, 0xF382, 0xFBC1, 0xFBC1, 0xFC02, 0xFD83, 0xFDA3,
  0xFDC3, 0xD463, 0x8A24, 0x9A84, 0x7A03, 0x0000, 0x0000, 0x0000, 0x0000, 0x0000, 0x0000, 0x0000,
  0x0000, 0x0000, 0x0000, 0x0000, 0x0000, 0x0000, 0x0000, 0x0000, 0x0000, 0x0000, 0x0000, 0x0000,
  0x0000, 0x0000, 0x0000, 0x0000, 0x0000, 0x0000, 0x0000, 0x0000, 0x0000, 0x0000, 0x0000, 0x0000,
  0x0000, 0x0000, 0x0000, 0x0000, 0x0000, 0x0000, 0x0000, 0x0000, 0x0000, 0x0000, 0x0000, 0x0000,
  0x0000, 0x0000, 0x0000, 0x0000, 0x0000, 0x0000, 0x0000, 0x0000, 0x0000, 0x0000, 0x0000, 0x0000,
  0x0000, 0x0000, 0x0000, 0x0000, 0x1082, 0x9CD3, 0xA514, 0xAD55, 0x738E, 0x4A49, 0x52AA, 0x39C7,
  0x0000, 0x0000, 0x0000, 0x30C1, 0x38E1, 0x38E1, 0x69E3, 0x8A65, 0x8265, 0x8A65, 0x8A65, 0x8A65,
  0x8A65, 0xAAE6, 0xB306, 0xB327, 0x9AC6, 0x8265, 0x8A65, 0x8265, 0x8265, 0x8A85, 0x8265, 0xA2E6,
  0xBB26, 0xB327, 0xB327, 0xB327, 0xB326, 0xB327, 0x9AC6, 0x8265, 0x8A85, 0x8A85, 0xA2A4, 0xA284,
  0xA284, 0xA2A4, 0x9AA3, 0x9AA3, 0x9AA4, 0xA2C6, 0xA2C6, 0xA2E6, 0xA282, 0xA261, 0xAA81, 0xAAA4,
  0xA2E6, 0xA2E6, 0xA2C6, 0x8265, 0x8265, 0x8265, 0x9AA4, 0xAAC4, 0xA2A4, 0xBB04, 0xFBA1, 0xFBA1,
  0xFBA2, 0xFD22, 0xFDA3, 0xFDC2, 0xD463, 0x8A24, 0x9A84, 0x7A03, 0x0000, 0x0000, 0x0000, 0x0000,
  0x0000, 0x0000, 0x0000, 0x0000, 0x0000, 0x0000, 0x0000, 0x0000, 0x0000, 0x0000, 0x0000, 0x0000,
  0x0000, 0x0000, 0x0000, 0x0000, 0x0000, 0x0000, 0x0000, 0x0000, 0x0000, 0x0000, 0x0000, 0x0000,
  0x0000, 0x0000, 0x0000, 0x0000, 0x0000, 0x0000, 0x0000, 0x0000, 0x0000, 0x0000, 0x0000, 0x0000,
  0x0000, 0x0000, 0x0000, 0x0000, 0x0000, 0x0000, 0x0000, 0x0000, 0x0000, 0x0000, 0x0000, 0x0000,
  0x0000, 0x0000, 0x0000, 0x0000, 0x0000, 0x0000, 0x0000, 0x0861, 0x8C71, 0x9492, 0x9CB3, 0x6B2D,
  0x4A49, 0x52AA, 0x39C7, 0x0000, 0x0000, 0x0820, 0x5142, 0x5962, 0x5962, 0x71E3, 0x8A65, 0x8A65,
  0x8A65, 0x8265, 0x8A65, 0x8265, 0xBB27, 0xCB67, 0xCB67, 0xAAE6, 0x8265, 0x8A65, 0x8A65, 0x8A65,
  0x8A85, 0x8265, 0xB306, 0xCB87, 0xCB67, 0xCB67, 0xCB67, 0xC367, 0xCB87, 0xA2E6, 0x8265, 0x8A85,
  0x8A65, 0x8A65, 0x8A85, 0x8A85, 0x7225, 0x6A04, 0x6A04, 0x8A85, 0xB326, 0xB306, 0xB327, 0xF363,
  0xFB81, 0xFBA2, 0xE364, 0xB327, 0xBB47, 0xB326, 0x8265, 0x8265, 0x8A65, 0x8265, 0x8265, 0x7A65,
  0xA2C5, 0xFBA1, 0xF381, 0xF361, 0xFD02, 0xFD83, 0xFDA2, 0xD443, 0x8A24, 0x9A84, 0x7A03, 0x0000,
  0x0000, 0x0000, 0x0000, 0x0000, 0x0000, 0x0000, 0x0000, 0x0000, 0x0000, 0x0000, 0x0000, 0x0000,
  0x0000, 0x0000, 0x0000, 0x0000, 0x0000, 0x0000, 0x0000, 0x0000, 0x0000, 0x0000, 0x0000, 0x0000,
  0x0000, 0x0000, 0x0000, 0x0000, 0x0000, 0x0000, 0x0000, 0x0000, 0x0000, 0x0000, 0x0000, 0x0000,
  0x0000, 0x0000, 0x0000, 0x0000, 0x0000, 0x0000, 0x0000, 0x0000, 0x0000, 0x0000, 0x0000, 0x0000,
  0x0000, 0x0000, 0x0000, 0x0000, 0x0000, 0x0000, 0x0000, 0x0000, 0x0000, 0x0000, 0x0861, 0x8C71,
  0x9492, 0x9CD3, 0x6B4D, 0x4A49, 0x52AA, 0x39C7, 0x0000, 0x0000, 0x0820, 0x5142, 0x5962, 0x5142,
  0x71E3, 0x8A85, 0x8A65, 0x8A65, 0x8265, 0x8A65, 0x8265, 0xBB27, 0xCB67, 0xCB67, 0xAAE6, 0x7A45,
  0x8265, 0x8265, 0x8265, 0x8265, 0x7A45, 0xB306, 0xCB67, 0xC367, 0xC367, 0xC367, 0xC367, 0xC367,
  0xA2E6, 0x8245, 0x8265, 0x8265, 0x8A65, 0x8A65, 0x8A65, 0x7A45, 0x7224, 0x7204, 0x8A65, 0xB306,
  0xAB06, 0xAB06, 0xE322, 0xEB41, 0xF341, 0xD323, 0xAB06, 0xB306, 0xAAE6, 0x8265, 0x8265, 0x8265,
  0x8265, 0x8A85, 0x8265, 0xA2C4, 0xFBA1, 0xFBA1, 0xFB81, 0xFD22, 0xFDA2, 0xFDC2, 0xD463, 0x8A25,
  0x9A85, 0x7A04, 0x0000, 0x0000, 0x0000, 0x0000, 0x0000, 0x0000, 0x0000, 0x0000, 0x0000, 0x0000,
  0x0000, 0x0000, 0x0000, 0x0000, 0x0000, 0x0000, 0x0000, 0x0000, 0x0000, 0x0000, 0x0000, 0x0000,
  0x0000, 0x0000, 0x0000, 0x0000, 0x0000, 0x0000, 0x0000, 0x0000, 0x0000, 0x0000, 0x0000, 0x0000,
  0x0000, 0x0000, 0x0000, 0x0000, 0x0000, 0x0000, 0x0000, 0x0000, 0x0000, 0x0000, 0x0000, 0x0000,
  0x0000, 0x0000, 0x0000, 0x0000, 0x0000, 0x0000, 0x0000, 0x0000, 0x0000, 0x0000, 0x0000, 0x0000,
  0x0000, 0x0861, 0x8C72, 0x94B3, 0x9CD3, 0x6B4D, 0x4A49, 0x52AA, 0x39C7, 0x0000, 0x0000, 0x0820,
  0x5962, 0x6182, 0x5962, 0x7204, 0x8A85, 0x8265, 0x8A65, 0x8265, 0x8A65, 0x8265, 0xAAE6, 0xB327,
  0xB327, 0xAB06, 0x92A6, 0x9AA6, 0x9AA6, 0x9AC6, 0x9AC6, 0x92A6, 0xBB27, 0xCB67, 0xC367, 0xC367,
  0xC367, 0xC367, 0xCB67, 0xAB06, 0x9AC6, 0x9AC6, 0x9AC6, 0x9AC6, 0x9AC6, 0x9AC6, 0x8A85, 0x8265,
  0x7A45, 0x9AC6, 0xC367, 0xBB47, 0xBB47, 0xEBA5, 0xF3C4, 0xF3C4, 0xE3C7, 0xCBC9, 0xCBC9, 0xBB68,
  0x92A6, 0x9AA6, 0x92A5, 0x8A85, 0x8265, 0x8265, 0x9AA4, 0xDB62, 0xDB42, 0xDB22, 0xF4A2, 0xFD02,
  0xFD22, 0xD403, 0x8A45, 0x9A85, 0x7A04, 0x0000, 0x0000, 0x0000, 0x0000, 0x0000, 0x0000, 0x0000,
  0x0000, 0x0000, 0x0000, 0x0000, 0x0000, 0x0000, 0x0000, 0x0000, 0x0000, 0x0000, 0x0000, 0x0000,
  0x0000, 0x0000, 0x0000, 0x0000, 0x0000, 0x0000, 0x0000, 0x0000, 0x0000, 0x0000, 0x0000, 0x0000,
  0x0000, 0x0000, 0x0000, 0x0000, 0x0000, 0x0000, 0x0000, 0x0000, 0x0000, 0x0000, 0x0000, 0x0000,
  0x0000, 0x0000, 0x0000, 0x0000, 0x0000, 0x0000, 0x0000, 0x0000, 0x0000, 0x0000, 0x0000, 0x0000,
  0x0000, 0x0000, 0x0000, 0x0000, 0x0862, 0x94B3, 0x9CF4, 0xA514, 0x6B4D, 0x4A28, 0x52AA, 0x39C7,
  0x0000, 0x0000, 0x0820, 0x7204, 0x7A24, 0x7A24, 0x8245, 0x8A65, 0x8A65, 0x8A65, 0x8265, 0x8265,
  0x8265, 0x7A45, 0x7A45, 0x7245, 0xA2E6, 0xCB67, 0xC347, 0xC367, 0xC367, 0xC367, 0xC367, 0xC367,
  0xCB67, 0xCB67, 0xCB67, 0xCB67, 0xCB67, 0xCB67, 0xCB67, 0xCB87, 0xCB67, 0xCB67, 0xCB67, 0xCB67,
  0xCB67, 0xBB47, 0xBB27, 0xBB27, 0xCB88, 0xEC6B, 0xE44A, 0xE44A, 0xF50E, 0xF52E, 0xF52E, 0xFD4F,
  0xFD70, 0xFD6F, 0xF50E, 0xD388, 0xCB67, 0xD367, 0x9AA5, 0x8245, 0x8265, 0x8265, 0x8265, 0x8265,
  0x8265, 0xD303, 0xEB42, 0xEB42, 0xCAE3, 0x8A65, 0x9A85, 0x7A04, 0x0000, 0x0000, 0x0000, 0x0000,
  0x0000, 0x0000, 0x0000, 0x0000, 0x0000, 0x0000, 0x0000, 0x0000, 0x0000, 0x0000, 0x0000, 0x0000,
  0x0000, 0x0000, 0x0000, 0x0000, 0x0000, 0x0000, 0x0000, 0x0000, 0x0000, 0x0000, 0x0000, 0x0000,
  0x0000, 0x0000, 0x0000, 0x0000, 0x0000, 0x0000, 0x0000, 0x0000, 0x0000, 0x0000, 0x0000, 0x0000,
  0x0000, 0x0000, 0x0000, 0x0000, 0x0000, 0x0000, 0x0000, 0x0000, 0x0000, 0x0000, 0x0000, 0x0000,
  0x0000, 0x0000, 0x0000, 0x0000, 0x0000, 0x0000, 0x0000, 0x1062, 0x94B3, 0x9CF3, 0xA4F4, 0x6B4D,
  0x4A28, 0x528A, 0x39C7, 0x0000, 0x0000, 0x0820, 0x7204, 0x7A24, 0x7224, 0x8245, 0x8A65, 0x8A65,
  0x8A65, 0x8265, 0x8265, 0x8265, 0x8265, 0x8265, 0x7A65, 0xA2E6, 0xC347, 0xBB47, 0xC347, 0xC347,
  0xC367, 0xBB47, 0xC367, 0xCB67, 0xCB67, 0xCB67, 0xCB67, 0xCB67, 0xCB67, 0xCB67, 0xCB67, 0xCB67,
  0xCB67, 0xCB67, 0xCB67, 0xC367, 0xBB47, 0xBB47, 0xB327, 0xC388, 0xEC6B, 0xE44A, 0xE44A, 0xF50D,
  0xF52E, 0xF52E, 0xF52F, 0xF54F, 0xFD4F, 0xF50E, 0xCB88, 0xCB67, 0xD388, 0x92A6, 0x8265, 0x8A65,
  0x8A65, 0x8A65, 0x8A65, 0x8265, 0xD303, 0xEB42, 0xEB62, 0xCAE3, 0x8A65, 0x9A85, 0x7A04, 0x0000,
  0x0000, 0x0000, 0x0000, 0x0000, 0x0000, 0x0000, 0x0000, 0x0000, 0x0000, 0x0000, 0x0000, 0x0000,
  0x0000, 0x0000, 0x0000, 0x0000, 0x0000, 0x0000, 0x0000, 0x0000, 0x0000, 0x0000, 0x0000, 0x0000,
  0x0000, 0x0000, 0x0000, 0x0000, 0x0000, 0x0000, 0x0000, 0x0000, 0x0000, 0x0000, 0x0000, 0x0000,
  0x0000, 0x0000, 0x0000, 0x0000, 0x0000, 0x0000, 0x0000, 0x0000, 0x0000, 0x0000, 0x0000, 0x0000,
  0x0000, 0x0000, 0x0000, 0x0000, 0x0000, 0x0000, 0x0000, 0x0000, 0x0000, 0x0000, 0x1082, 0x94B2,
  0x9CF3, 0xA4F4, 0x6B4D, 0x4228, 0x528A, 0x31A6, 0x0000, 0x0000, 0x0000, 0x71E4, 0x7A24, 0x7204,
  0x8245, 0x8A85, 0x8A65, 0x8A65, 0x8265, 0x8265, 0x8265, 0x8265, 0x7A65, 0x7A45, 0xA2E6, 0xC367,
  0xC347, 0xC367, 0xC367, 0xC367, 0xBB47, 0xC367, 0xCB67, 0xCB67, 0xCB67, 0xCB87, 0xCB67, 0xCB87,
  0xCB67, 0xCB67, 0xCB67, 0xCB67, 0xC367, 0xCB67, 0xCB67, 0xBB26, 0xB306, 0xB306, 0xC388, 0xEC4A,
  0xE44A, 0xE44A, 0xF50E, 0xF52F, 0xF52E, 0xF54F, 0xF54F, 0xFD70, 0xF50E, 0xCB67, 0xCB67, 0xCB67,
  0x9285, 0x7A45, 0x8245, 0x8265, 0x8A65, 0x8A65, 0x8265, 0xD323, 0xF362, 0xF362, 0xCB03, 0x8A65,
  0x9A85, 0x7A04, 0x0000, 0x0000, 0x0000, 0x0000, 0x0000, 0x0000, 0x0000, 0x0000, 0x0000, 0x0000,
  0x0000, 0x0000, 0x0000, 0x0000, 0x0000, 0x0000, 0x0000, 0x0000, 0x0000, 0x0000, 0x0000, 0x0000,
  0x0000, 0x0000, 0x0000, 0x0000, 0x0000, 0x0000, 0x0000, 0x0000, 0x0000, 0x0000, 0x0000, 0x0000,
  0x0000, 0x0000, 0x0000, 0x0000, 0x0000, 0x0000, 0x0000, 0x0000, 0x0000, 0x0000, 0x0000, 0x0000,
  0x0000, 0x0000, 0x0000, 0x0000, 0x0000, 0x0000, 0x0000, 0x0000, 0x0000, 0x0000, 0x0000, 0x0000,
  0x0000, 0x1082, 0x9CD3, 0xA4F4, 0xAD35, 0x6B6D, 0x4228, 0x4A6A, 0x4A07, 0x4942, 0x4142, 0x5163,
  0x8244, 0x8245, 0x8245, 0x8265, 0x8A65, 0x8265, 0x8265, 0x8A65, 0x8265, 0x8265, 0x8265, 0x8265,
  0x7A65, 0xAAE6, 0xCB67, 0xC347, 0xC367, 0xC367, 0xC367, 0xC367, 0xC367, 0xC367, 0xC367, 0xC367,
  0xC367, 0xCB67, 0xC367, 0xD3C8, 0xE42A, 0xE42A, 0xDC2A, 0xD3E9, 0xDBE9, 0xD3C9, 0xDC4B, 0xE4AD,
  0xE48C, 0xE4CD, 0xF50E, 0xF50E, 0xF50E, 0xF54F, 0xF54F, 0xF54F, 0xF54F, 0xF54F, 0xF54F, 0xF54F,
  0xECCD, 0xECAD, 0xECAC, 0xCC0A, 0xC388, 0xC388, 0xAB27, 0x8245, 0x8265, 0x8265, 0x9AA4, 0xAAC4,
  0xAAC4, 0x9AA4, 0x8A65, 0x9285, 0x71E4, 0x0000, 0x0000, 0x0000, 0x0000, 0x0000, 0x0000, 0x0000,
  0x0000, 0x0000, 0x0000, 0x0000, 0x0000, 0x0000, 0x0000, 0x0000, 0x0000, 0x0000, 0x0000, 0x0000,
  0x0000, 0x0000, 0x0000, 0x0000, 0x0000, 0x0000, 0x0000, 0x0000, 0x0000, 0x0000, 0x0000, 0x0000,
  0x0000, 0x0000, 0x0000, 0x0000, 0x0000, 0x0000, 0x0000, 0x0000, 0x0000, 0x0000, 0x0000, 0x0000,
  0x0000, 0x0000, 0x0000, 0x0000, 0x0000, 0x0000, 0x0000, 0x0000, 0x0000, 0x0000, 0x0000, 0x0000,
  0x0000, 0x0000, 0x0000, 0x0000, 0x1082, 0x9CD3, 0xA514, 0xAD35, 0x6B6D, 0x4228, 0x4A69, 0x5A68,
  0x8244, 0x7A45, 0x8245, 0x8265, 0x8265, 0x8265, 0x8265, 0x8265, 0x8265, 0x8A65, 0x8A85, 0x8A65,
  0x8A65, 0x8265, 0x8285, 0x8265, 0xAAE6, 0xCB67, 0xC347, 0xC367, 0xCB67, 0xC367, 0xC367, 0xC367,
  0xC367, 0xC367, 0xC367, 0xC367, 0xC367, 0xC347, 0xDBE9, 0xF4AC, 0xEC8B, 0xEC8B, 0xE44A, 0xE42A,
  0xDBE9, 0xF50E, 0xFDB1, 0xFD90, 0xFD90, 0xFD70, 0xFD70, 0xFD70, 0xF550, 0xF550, 0xF570, 0xF570,
  0xF570, 0xF54F, 0xF54F, 0xFD70, 0xFD70, 0xFD90, 0xF4ED, 0xEC4A, 0xF48B, 0xCBA9, 0x7A45, 0x8265,
  0x8265, 0x8265, 0x8265, 0x8265, 0x8265, 0x8A65, 0x8A85, 0x7204, 0x0000, 0x0000, 0x0000, 0x0000,
  0x0000, 0x0000, 0x0000, 0x0000, 0x0000, 0x0000, 0x0000, 0x0000, 0x0000, 0x0000, 0x0000, 0x0000,
  0x0000, 0x0000, 0x0000, 0x0000, 0x0000, 0x0000, 0x0000, 0x0000, 0x0000, 0x0000, 0x0000, 0x0000,
  0x0000, 0x0000, 0x0000, 0x0000, 0x0000, 0x0000, 0x0000, 0x0000, 0x0000, 0x0000, 0x0000, 0x0000,
  0x0000, 0x0000, 0x0000, 0x0000, 0x0000, 0x0000, 0x0000, 0x0000, 0x0000, 0x0000, 0x0000, 0x0000,
  0x0000, 0x0000, 0x0000, 0x0000, 0x0000, 0x0000, 0x0000, 0x1062, 0x9CD3, 0xA514, 0xAD35, 0x6B4D,
  0x4228, 0x4A6A, 0x5A48, 0x7204, 0x7224, 0x7224, 0x8265, 0x8265, 0x8265, 0x8265, 0x8265, 0x8265,
  0x8A65, 0x8265, 0x8265, 0x8265, 0x8265, 0x8265, 0x7A65, 0xAAE6, 0xCB67, 0xC347, 0xC367, 0xC367,
  0xC367, 0xC367, 0xC367, 0xC367, 0xC367, 0xC367, 0xC347, 0xC347, 0xBB47, 0xD3E9, 0xEC8B, 0xEC8B,
  0xEC6B, 0xE409, 0xDC09, 0xDBE9, 0xED0E, 0xFD90, 0xF570, 0xF570, 0xF570, 0xF570, 0xF570, 0xF550,
  0xF550, 0xF570, 0xF54F, 0xF54F, 0xF54F, 0xF54F, 0xF54F, 0xF54F, 0xFD70, 0xECAC, 0xE42A, 0xEC6B,
  0xC388, 0x7A45, 0x8265, 0x8265, 0x8A65, 0x8A65, 0x8A65, 0x8A65, 0x8A65, 0x9285, 0x7204, 0x0000,
  0x0000, 0x0000, 0x0000, 0x0000, 0x0000, 0x0000, 0x0000, 0x0000, 0x0000, 0x0000, 0x0000, 0x0000,
  0x0000, 0x0000, 0x0000, 0x0000, 0x0000, 0x0000, 0x0000, 0x0000, 0x0000, 0x0000, 0x0000, 0x0000,
  0x0000, 0x0000, 0x0000, 0x0000, 0x0000, 0x0000, 0x0000, 0x0000, 0x0000, 0x0000, 0x0000, 0x0000,
  0x0000, 0x0000, 0x0000, 0x0000, 0x0000, 0x0000, 0x0000, 0x0000, 0x0000, 0x0000, 0x0000, 0x0000,
  0x0000, 0x0000, 0x0000, 0x0000, 0x0000, 0x0000, 0x0000, 0x0000, 0x0000, 0x0000, 0x1062, 0x9CB3,
  0xA4F4, 0xAD15, 0x6B4D, 0x4A28, 0x4A6A, 0x5A68, 0x8A65, 0x8265, 0x8265, 0x8265, 0x8265, 0x8265,
  0x8265, 0x8265, 0x8265, 0x8A85, 0x92A5, 0x9AA5, 0x9AA5, 0x92A5, 0x92A5, 0x92A5, 0xB306, 0xCB67,
  0xC347, 0xC367, 0xC367, 0xC367, 0xC367, 0xC367, 0xC367, 0xC367, 0xC367, 0xCBA8, 0xCBA8, 0xCB88,
  0xDC2A, 0xF4CD, 0xF4CC, 0xF4CC, 0xEC6B, 0xE46B, 0xE46B, 0xF52E, 0xFD90, 0xF570, 0xF570, 0xF570,
  0xF570, 0xF570, 0xF570, 0xF570, 0xF570, 0xFD90, 0xFDB1, 0xFD91, 0xFD90, 0xFD70, 0xF570, 0xFD70,
  0xECCD, 0xE46B, 0xEC8B, 0xCBE9, 0x8A85, 0x92A6, 0x92A6, 0x8A85, 0x8A65, 0x8A65, 0x8A65, 0x8A65,
  0x9285, 0x7204, 0x0000, 0x0000, 0x0000, 0x0000, 0x0000, 0x0000, 0x0000, 0x0000, 0x0000, 0x0000,
  0x0000, 0x0000, 0x0000, 0x0000, 0x0000, 0x0000, 0x0000, 0x0000, 0x0000, 0x0000, 0x0000, 0x0000,
  0x0000, 0x0000, 0x0000, 0x0000, 0x0000, 0x0000, 0x0000, 0x0000, 0x0000, 0x0000, 0x0000, 0x0000,
  0x0000, 0x0000, 0x0000, 0x0000, 0x0000, 0x0000, 0x0000, 0x0000, 0x0000, 0x0000, 0x0000, 0x0000,
  0x0000, 0x0000, 0x0000, 0x0000, 0x0000, 0x0000, 0x0000, 0x0000, 0x0000, 0x0000, 0x0000, 0x0000,
  0x0000, 0x1062, 0x9CB3, 0xA4F4, 0xAD14, 0x6B4D, 0x4A28, 0x4A69, 0x72A8, 0xCB67, 0xC367, 0xC347,
  0x8A85, 0x8265, 0x8265, 0x8265, 0x8A65, 0x8265, 0x9285, 0xEB62, 0xEB62, 0xEB62, 0xE364, 0xDB65,
  0xDB64, 0xD366, 0xC367, 0xC347, 0xC347, 0xC367, 0xC367, 0xC367, 0xC367, 0xC367, 0xC347, 0xCBA8,
  0xEC8B, 0xEC8B, 0xEC6B, 0xF4ED, 0xFDB1, 0xFD91, 0xFD91, 0xFD91, 0xFD91, 0xFD91, 0xFD70, 0xFD70,
  0xF570, 0xF570, 0xF570, 0xF570, 0xF570, 0xF570, 0xFD70, 0xF54F, 0xFDF3, 0xFED8, 0xFEB8, 0xFE97,
  0xFDB2, 0xFDB1, 0xFDB2, 0xF54F, 0xF50E, 0xFD2F, 0xEC8C, 0xCB67, 0xCB87, 0xD3A8, 0xA2E6, 0x8265,
  0x8A65, 0x8265, 0x8265, 0x8A85, 0x69E4, 0x0000, 0x0000, 0x0000, 0x0000, 0x0000, 0x0000, 0x0000,
  0x0000, 0x0000, 0x0000, 0x0000, 0x0000, 0x0000, 0x0000, 0x0000, 0x0000, 0x0000, 0x0000, 0x0000,
  0x0000, 0x0000, 0x0000, 0x0000, 0x0000, 0x0000, 0x0000, 0x0000, 0x0000, 0x0000, 0x0000, 0x0000,
  0x0000, 0x0000, 0x0000, 0x0000, 0x0000, 0x0000, 0x0000, 0x0000, 0x0000, 0x0000, 0x0000, 0x0000,
  0x0000, 0x0000, 0x0000, 0x0000, 0x0000, 0x0000, 0x0000, 0x0000, 0x0000, 0x0000, 0x0000, 0x0000,
  0x0000, 0x0000, 0x0000, 0x0000, 0x0862, 0x9CB3, 0xA4F4, 0xAD14, 0x6B4D, 0x4A48, 0x4A6A, 0x72C9,
  0xCB67, 0xC347, 0xC347, 0x8A65, 0x8265, 0x8A65, 0x8A65, 0x8A65, 0x8265, 0x9285, 0xEB62, 0xEB62,
  0xEB62, 0xE364, 0xDB65, 0xDB65, 0xD366, 0xC367, 0xC367, 0xC367, 0xC367, 0xC367, 0xC367, 0xC367,
  0xCB67, 0xC347, 0xD3C8, 0xEC8B, 0xEC8B, 0xEC8B, 0xF50E, 0xFD91, 0xFD91, 0xFD91, 0xFD91, 0xFD91,
  0xFD90, 0xF590, 0xF570, 0xF570, 0xF570, 0xF570, 0xF570, 0xF570, 0xF570, 0xF570, 0xF54F, 0xF5F3,
  0xF6B8, 0xF6B8, 0xF697, 0xF591, 0xF591, 0xF591, 0xF54F, 0xF52E, 0xFD4F, 0xEC8C, 0xCB67, 0xCB87,
  0xD3A8, 0xA2E6, 0x8265, 0x8A65, 0x8265, 0x8265, 0x8A65, 0x69E4, 0x0000, 0x0000, 0x0000, 0x0000,
  0x0000, 0x0000, 0x0000, 0x0000, 0x0000, 0x0000, 0x0000, 0x0000, 0x0000, 0x0000, 0x0000, 0x0000,
  0x0000, 0x0000, 0x0000, 0x0000, 0x0000, 0x0000, 0x0000, 0x0000, 0x0000, 0x0000, 0x0000, 0x0000,
  0x0000, 0x0000, 0x0000, 0x0000, 0x0000, 0x0000, 0x0000, 0x0000, 0x0000, 0x0000, 0x0000, 0x0000,
  0x0000, 0x0000, 0x0000, 0x0000, 0x0000, 0x0000, 0x0000, 0x0000, 0x0000, 0x0000, 0x0000, 0x0000,
  0x0000, 0x0000, 0x0000, 0x0000, 0x0000, 0x0000, 0x0000, 0x1062, 0x9C93, 0xA4D3, 0xACF4, 0x6B4D,
  0x4A48, 0x4A6A, 0x72A9, 0xD387, 0xCB67, 0xC367, 0x8A85, 0x8265, 0x8A65, 0x8265, 0x8265, 0x8265,
  0x9285, 0xEB41, 0xEB41, 0xEB41, 0xE343, 0xDB44, 0xDB44, 0xD345, 0xC347, 0xC347, 0xC347, 0xC347,
  0xC347, 0xC347, 0xC347, 0xC347, 0xC346, 0xCBA8, 0xEC6B, 0xEC6B, 0xEC6A, 0xF4ED, 0xFD91, 0xFD90,
  0xFD91, 0xFD91, 0xFD91, 0xFD91, 0xFD91, 0xFDB1, 0xFD91, 0xFD91, 0xFD91, 0xFD91, 0xFDB1, 0xFDD1,
  0xFDD1, 0xFDB1, 0xFE54, 0xFF5A, 0xFF5A, 0xFEF8, 0xFE13, 0xFE13, 0xFE13, 0xFD70, 0xF52E, 0xFD4F,
  0xEC8C, 0xCB67, 0xD387, 0xD3A8, 0xA2E6, 0x8265, 0x8A65, 0x8265, 0x8265, 0x8A65, 0x69E4, 0x0000,
  0x0000, 0x0000, 0x0000, 0x0000, 0x0000, 0x0000, 0x0000, 0x0000, 0x0000, 0x0000, 0x0000, 0x0000,
  0x0000, 0x0000, 0x0000, 0x0000, 0x0000, 0x0000, 0x0000, 0x0000, 0x0000, 0x0000, 0x0000, 0x0000,
  0x0000, 0x0000, 0x0000, 0x0000, 0x0000, 0x0000, 0x0000, 0x0000, 0x0000, 0x0000, 0x0000, 0x0000,
  0x0000, 0x0000, 0x0000, 0x0000, 0x0000, 0x0000, 0x0000, 0x0000, 0x0000, 0x0000, 0x0000, 0x0000,
  0x0000, 0x0000, 0x0000, 0x0000, 0x0000, 0x0000, 0x0000, 0x0000, 0x0000, 0x0000, 0x1082, 0xA4F4,
  0xAD35, 0xB575, 0x738E, 0x4A28, 0x4A6A, 0x6288, 0xA2C6, 0x9AC6, 0x9AC6, 0x8A65, 0x8265, 0x8265,
  0x92A5, 0xA2C6, 0x9AA6, 0xA2E6, 0xEC69, 0xF489, 0xF489, 0xF48B, 0xEC8B, 0xEC8B, 0xEC8C, 0xE48C,
  0xE48C, 0xE48C, 0xE48C, 0xE48C, 0xE48C, 0xE48C, 0xE48C, 0xE48C, 0xECCD, 0xF591, 0xF591, 0xF570,
  0xF5B2, 0xFDD3, 0xFDD2, 0xFDD2, 0xFD91, 0xF570, 0xFD91, 0xF50E, 0xECAC, 0xECCD, 0xE46C, 0xCBEA,
  0xCC0A, 0xCC0A, 0x7287, 0x6226, 0x6226, 0x5A47, 0x5AA9, 0x5A89, 0x5A88, 0x6AA8, 0x6AA8, 0x6268,
  0xC44C, 0xFD90, 0xFD70, 0xECAD, 0xCB67, 0xD387, 0xD3A8, 0xA2E6, 0x8265, 0x8265, 0x8265, 0x8265,
  0x8A65, 0x69E4, 0x0000, 0x0000, 0x0000, 0x0000, 0x0000, 0x0000, 0x0000, 0x0000, 0x0000, 0x0000,
  0x0000, 0x0000, 0x0000, 0x0000, 0x0000, 0x0000, 0x0000, 0x0000, 0x0000, 0x0000, 0x0000, 0x0000,
  0x0000, 0x0000, 0x0000, 0x0000, 0x0000, 0x0000, 0x0000, 0x0000, 0x0000, 0x0000, 0x0000, 0x0000,
  0x0000, 0x0000, 0x0000, 0x0000, 0x0000, 0x0000, 0x0000, 0x0000, 0x0000, 0x0000, 0x0000, 0x0000,
  0x0000, 0x0000, 0x0000, 0x0000, 0x0000, 0x0000, 0x0000, 0x0000, 0x0000, 0x0000, 0x0000, 0x0000,
  0x0000, 0x1082, 0xAD55, 0xB596, 0xBDD6, 0x738E, 0x4A28, 0x4A8A, 0x6268, 0x8244, 0x8245, 0x8245,
  0x8265, 0x8265, 0x8265, 0xA2C6, 0xAAE6, 0xA2C6, 0xB327, 0xF52E, 0xF52F, 0xF52E, 0xF52F, 0xFD4F,
  0xFD4F, 0xFD4F, 0xFD4F, 0xFD4F, 0xFD4F, 0xFD4F, 0xFD4F, 0xFD4F, 0xFD4F, 0xFD70, 0xFD4F, 0xFD70,
  0xFE34, 0xFE34, 0xFE34, 0xFE14, 0xFE14, 0xFE14, 0xFDF3, 0xF570, 0xF570, 0xF570, 0xECAC, 0xE409,
  0xE44A, 0xCBA8, 0xAAC5, 0xAAE6, 0xAAC5, 0x0800, 0x0000, 0x0000, 0x0000, 0x0000, 0x0000, 0x0000,
  0x0861, 0x0861, 0x0021, 0x9BAB, 0xFDB1, 0xF570, 0xE4AD, 0xCB67, 0xCB87, 0xD3A8, 0xA2E6, 0x8245,
  0x8265, 0x8265, 0x8265, 0x8A85, 0x69E4, 0x0000, 0x0000, 0x0000, 0x0000, 0x0000, 0x0000, 0x0000,
  0x0000, 0x0000, 0x0000, 0x0000, 0x0000, 0x0000, 0x0000, 0x0000, 0x0000, 0x0000, 0x0000, 0x0000,
  0x0000, 0x0000, 0x0000, 0x0000, 0x0000, 0x0000, 0x0000, 0x0000, 0x0000, 0x0000, 0x0000, 0x0000,
  0x0000, 0x0000, 0x0000, 0x0000, 0x0000, 0x0000, 0x0000, 0x0000, 0x0000, 0x0000, 0x0000, 0x0000,
  0x0000, 0x0000, 0x0000, 0x0000, 0x0000, 0x0000, 0x0000, 0x0000, 0x0000, 0x0000, 0x0000, 0x0000,
  0x0000, 0x0000, 0x0000, 0x0000, 0x1082, 0xAD55, 0xB595, 0xB5B6, 0x73AE, 0x4A49, 0x4A8A, 0x5A68,
  0x8244, 0x8265, 0x8265, 0x8265, 0x8265, 0x8265, 0xAAE6, 0xBB27, 0xAAE6, 0xC368, 0xFD4F, 0xFD2E,
  0xFD2E, 0xFD4F, 0xFD4F, 0xFD4F, 0xFD4F, 0xFD4F, 0xFD4F, 0xFD4F, 0xF52E, 0xF52E, 0xF52E, 0xF52E,
  0xF52F, 0xF52E, 0xF54F, 0xFE14, 0xFE14, 0xFE14, 0xFE14, 0xFE14, 0xFE14, 0xFE13, 0xFDB1, 0xFD91,
  0xFDB1, 0xECAC, 0xEC4A, 0xEC8B, 0xDBE9, 0xBB27, 0xC347, 0xBB27, 0x1881, 0x0000, 0x0000, 0x0000,
  0x0000, 0x0000, 0x0020, 0x10A2, 0x18C3, 0x0862, 0xABCB, 0xFE12, 0xFDD2, 0xF50E, 0xCB67, 0xCB88,
  0xD3A8, 0xA2E6, 0x8245, 0x8265, 0x8265, 0x8265, 0x8A85, 0x69E4, 0x0000, 0x0000, 0x0000, 0x0000,
  0x0000, 0x0000, 0x0000, 0x0000, 0x0000, 0x0000, 0x0000, 0x0000, 0x0000, 0x0000, 0x0000, 0x0000,
  0x0000, 0x0000, 0x0000, 0x0000, 0x0000, 0x0000, 0x0000, 0x0000, 0x0000, 0x0000, 0x0000, 0x0000,
  0x0000, 0x0000, 0x0000, 0x0000, 0x0000, 0x0000, 0x0000, 0x0000, 0x0000, 0x0000, 0x0000, 0x0000,
  0x0000, 0x0000, 0x0000, 0x0000, 0x0000, 0x0000, 0x0000, 0x0000, 0x0000, 0x0000, 0x0000, 0x0000,
  0x0000, 0x0000, 0x0000, 0x0000, 0x0000, 0x0000, 0x0000, 0x10A2, 0xB575, 0xB596, 0xBDF7, 0x83CE,
  0x5A47, 0x5A89, 0x6A87, 0x9285, 0x9285, 0x9285, 0x8265, 0x8265, 0x8265, 0x7A24, 0x7A24, 0x7A24,
  0x8A65, 0xD44B, 0xDC4B, 0xD44B, 0xE48C, 0xECCD, 0xECCD, 0xECCD, 0xECCD, 0xECAC, 0xECCD, 0xFD70,
  0xFD70, 0xFD70, 0xFDB1, 0xF5B2, 0xFDD2, 0xFDD2, 0xFE34, 0xFE34, 0xFE34, 0xFE14, 0xFDF3, 0xFDF3,
  0xF5D3, 0xECEE, 0xECED, 0xED0E, 0xDC2B, 0xCB88, 0xD3E9, 0xB347, 0x8224, 0x8225, 0x8224, 0x1061,
  0x0000, 0x0020, 0x0820, 0x0840, 0x1041, 0x1061, 0x20C2, 0x28E3, 0x18A2, 0x7AE9, 0xBC6D, 0xB44D,
  0xB3CA, 0xCB67, 0xCB88, 0xD3A8, 0xA2E6, 0x8245, 0x8265, 0x8265, 0x8265, 0x8A85, 0x69E4, 0x0000,
  0x0000, 0x0000, 0x0000, 0x0000, 0x0000, 0x0000, 0x0000, 0x0000, 0x0000, 0x0000, 0x0000, 0x0000,
  0x0000, 0x0000, 0x0000, 0x0000, 0x0000, 0x0000, 0x0000, 0x0000, 0x0000, 0x0000, 0x0000, 0x0000,
  0x0000, 0x0000, 0x0000, 0x0000, 0x0000, 0x0000, 0x0000, 0x0000, 0x0000, 0x0000, 0x0000, 0x0000,
  0x0000, 0x0000, 0x0000, 0x0000, 0x0000, 0x0000, 0x0000, 0x0000, 0x0000, 0x0000, 0x0000, 0x0000,
  0x0000, 0x0000, 0x0000, 0x0000, 0x0000, 0x0000, 0x0000, 0x0000, 0x0000, 0x0000, 0x18E3, 0xBDD7,
  0xBDD7, 0xC638, 0x9BCC, 0x7A03, 0x7A45, 0x9285, 0xBB27, 0xB327, 0xB307, 0x7A45, 0x7224, 0x7A65,
  0x20A1, 0x0000, 0x0000, 0x1040, 0x8A44, 0x9265, 0x8A44, 0xBB26, 0xCB67, 0xCB47, 0xCB67, 0xCB67,
  0xCB46, 0xD3C9, 0xFE34, 0xFE14, 0xFDF3, 0xFEB7, 0xFEF9, 0xFEF9, 0xFED9, 0xFE35, 0xFE34, 0xFE35,
  0xFDD3, 0xFD91, 0xFDB2, 0xF52F, 0xCB46, 0xCB67, 0xD367, 0xA2A5, 0x8A65, 0x9AA5, 0x5183, 0x0000,
  0x0000, 0x0000, 0x0841, 0x0861, 0x0841, 0x20C2, 0x3923, 0x3103, 0x3923, 0x5183, 0x4963, 0x5183,
  0x2903, 0x0882, 0x0882, 0x4164, 0xD3A7, 0xCB87, 0xD3A8, 0xA2E6, 0x8245, 0x8265, 0x8265, 0x8265,
  0x8A65, 0x69E4, 0x0000, 0x0000, 0x0000, 0x0000, 0x0000, 0x0000, 0x0000, 0x0000, 0x0000, 0x0000,
  0x0000, 0x0000, 0x0000, 0x0000, 0x0000, 0x0000, 0x0000, 0x0000, 0x0000, 0x0000, 0x0000, 0x0000,
  0x0000, 0x0000, 0x0000, 0x0000, 0x0000, 0x0000, 0x0000, 0x0000, 0x0000, 0x0000, 0x0000, 0x0000,
  0x0000, 0x0000, 0x0000, 0x0000, 0x0000, 0x0000, 0x0000, 0x0000, 0x0000, 0x0000, 0x0000, 0x0000,
  0x0000, 0x0000, 0x0000, 0x0000, 0x0000, 0x0000, 0x0000, 0x0000, 0x0000, 0x0000, 0x0000, 0x0000,
  0x0000, 0x10A2, 0xBDD7, 0xBDF7, 0xC638, 0x93AC, 0x7A04, 0x7A65, 0x92A6, 0xBB27, 0xB306, 0xAB07,
  0x8265, 0x7A25, 0x8265, 0x30E2, 0x0000, 0x0000, 0x1880, 0x9AA5, 0x92A5, 0x92A5, 0xC367, 0xD387,
  0xD387, 0xD387, 0xCB88, 0xCB87, 0xD3E9, 0xFE14, 0xFE14, 0xFE14, 0xFE97, 0xFEF9, 0xFEF9, 0xFED8,
  0xFE35, 0xFE35, 0xFE35, 0xFDF3, 0xFDB1, 0xFDD2, 0xF550, 0xD387, 0xD387, 0xD388, 0xAB06, 0x9AA5,
  0xA2C6, 0x61A3, 0x0000, 0x0000, 0x0000, 0x0041, 0x0861, 0x0841, 0x18A2, 0x3102, 0x28E2, 0x3102,
  0x4963, 0x4963, 0x4963, 0x2903, 0x18C3, 0x10A3, 0x4184, 0xD3A7, 0xCB87, 0xD388, 0xA2C6, 0x8245,
  0x8265, 0x8265, 0x8245, 0x8A65, 0x69E4, 0x0000, 0x0000, 0x0000, 0x0000, 0x0000, 0x0000, 0x0000,
  0x0000, 0x0000, 0x0000, 0x0000, 0x0000, 0x0000, 0x0000, 0x0000, 0x0000, 0x0000, 0x0000, 0x0000,
  0x0000, 0x0000, 0x0000, 0x0000, 0x0000, 0x0000, 0x0000, 0x0000, 0x0000, 0x0000, 0x0000, 0x0000,
  0x0000, 0x0000, 0x0000, 0x0000, 0x0000, 0x0000, 0x0000, 0x0000, 0x0000, 0x0000, 0x0000, 0x0000,
  0x0000, 0x0000, 0x0000, 0x0000, 0x0000, 0x0000, 0x0000, 0x0000, 0x0000, 0x0000, 0x0000, 0x0000,
  0x0000, 0x18C3, 0x2945, 0x2124, 0x39E7, 0xBDD7, 0xBDD7, 0xBE18, 0x93AC, 0x7A24, 0x7A65, 0x92A5,
  0xBB27, 0xBB27, 0xB307, 0x6A04, 0x6A04, 0x7245, 0x28C1, 0x0000, 0x0000, 0x1061, 0x8A44, 0x8245,
  0x8245, 0xB306, 0xC327, 0xBB26, 0xC347, 0xCB88, 0xCB67, 0xCBA8, 0xF5B2, 0xF5F3, 0xF5D2, 0xFE76,
  0xFED8, 0xFED8, 0xFE97, 0xFE14, 0xFE14, 0xFE34, 0xF5D3, 0xF550, 0xF591, 0xED50, 0xCB67, 0xC347,
  0xCB87, 0xA2C6, 0x8224, 0x9285, 0x5163, 0x0000, 0x0000, 0x0000, 0x1081, 0x1881, 0x18A2, 0x3923,
  0x4143, 0x4143, 0x4983, 0x59A4, 0x61C4, 0x61C4, 0x4164, 0x2903, 0x20E3, 0x59E5, 0xDBE8, 0xD388,
  0xD388, 0xA2E6, 0x8265, 0x8A65, 0x8265, 0x8245, 0x8A65, 0x69E4, 0x0000, 0x0000, 0x0000, 0x0000,
  0x0000, 0x0000, 0x0000, 0x0000, 0x0000, 0x0000, 0x0000, 0x0000, 0x0000, 0x0000, 0x0000, 0x0000,
  0x0000, 0x0000, 0x0000, 0x0000, 0x0000, 0x0000, 0x0000, 0x0000, 0x0000, 0x0000, 0x0000, 0x0000,
  0x0000, 0x0000, 0x0000, 0x0000, 0x0000, 0x0000, 0x0000, 0x0000, 0x0000, 0x0000, 0x0000, 0x0000,
  0x0000, 0x0000, 0x0000, 0x0000, 0x0000, 0x0000, 0x0000, 0x0000, 0x0000, 0x0000, 0x0000, 0x0000,
  0x0000, 0x0000, 0x0000, 0x0000, 0x8410, 0xBDF7, 0xB596, 0xB5B6, 0xAD75, 0xAD55, 0xB5B6, 0x938B,
  0x8244, 0x8265, 0x92A5, 0xCB67, 0xCB67, 0xC347, 0x20C2, 0x1082, 0x18A2, 0x10A2, 0x10A2, 0x10A2,
  0x10A2, 0x0000, 0x0820, 0x0820, 0x0820, 0x1040, 0x0820, 0x5983, 0xB306, 0x9AA6, 0xAAE6, 0xD3A8,
  0xD3C8, 0xD387, 0xED50, 0xFE34, 0xFDF3, 0xFDF3, 0xF52F, 0xF50E, 0xFD6F, 0xE46B, 0xCB67, 0xD3A8,
  0xCB88, 0x9AA5, 0x9AA5, 0xA2C6, 0x3902, 0x0000, 0x0840, 0x0000, 0x0000, 0x0000, 0x0840, 0x8245,
  0x8245, 0x8245, 0xAB06, 0xCB67, 0xC347, 0xCBA8, 0xE46B, 0xE46B, 0xE48C, 0xCBA8, 0xB306, 0xB306,
  0xC388, 0xEC6B, 0xE44B, 0xF48B, 0xB347, 0x8245, 0x8A65, 0x8265, 0x8245, 0x8A65, 0x69E4, 0x0000,
  0x0000, 0x0000, 0x0000, 0x0000, 0x0000, 0x0000, 0x0000, 0x0000, 0x0000, 0x0000, 0x0000, 0x0000,
  0x0000, 0x0000, 0x0000, 0x0000, 0x0000, 0x0000, 0x0000, 0x0000, 0x0000, 0x0000, 0x0000, 0x0000,
  0x0000, 0x0000, 0x0000, 0x0000, 0x0000, 0x0000, 0x0000, 0x0000, 0x0000, 0x0000, 0x0000, 0x0000,
  0x0000, 0x0000, 0x0000, 0x0000, 0x0000, 0x0000, 0x0000, 0x0000, 0x0000, 0x0000, 0x0000, 0x0000,
  0x0000, 0x0000, 0x0000, 0x0000, 0x0000, 0x0000, 0x0000, 0x8410, 0xBDD7, 0xAD75, 0xB575, 0xAD75,
  0xAD55, 0xB5B6, 0x938B, 0x8224, 0x8265, 0x9AA6, 0xCB67, 0xCB67, 0xBB27, 0x20C2, 0x0882, 0x1082,
  0x10A2, 0x18C3, 0x18C3, 0x10A2, 0x0000, 0x0000, 0x0000, 0x0000, 0x0000, 0x0000, 0x5163, 0xAAE6,
  0x9AA5, 0xAB06, 0xCB87, 0xCB67, 0xCB47, 0xED50, 0xFE13, 0xF5D2, 0xF5B2, 0xF52E, 0xF50E, 0xFD2E,
  0xE44A, 0xCB67, 0xCB87, 0xC346, 0x9AA5, 0x9A85, 0x9AA5, 0x30C1, 0x0000, 0x0000, 0x0000, 0x0000,
  0x0000, 0x1040, 0x8A65, 0x9285, 0x8265, 0xAAE6, 0xD387, 0xCB67, 0xD3A8, 0xECAC, 0xEC8C, 0xECAC,
  0xD3C9, 0xBB27, 0xC347, 0xCB88, 0xEC6B, 0xEC6B, 0xF4AC, 0xB368, 0x8245, 0x8A65, 0x8265, 0x8265,
  0x8265, 0x69E4, 0x0000, 0x0000, 0x0000, 0x0000, 0x0000, 0x0000, 0x0000, 0x0000, 0x0000, 0x0000,
  0x0000, 0x0000, 0x0000, 0x0000, 0x0000, 0x0000, 0x0000, 0x0000, 0x0000, 0x0000, 0x0000, 0x0000,
  0x0000, 0x0000, 0x0000, 0x0000, 0x0000, 0x0000, 0x0000, 0x0000, 0x0000, 0x0000, 0x0000, 0x0000,
  0x0000, 0x0000, 0x0000, 0x0000, 0x0000, 0x0000, 0x0000, 0x0000, 0x0000, 0x0000, 0x0000, 0x0000,
  0x0000, 0x0000, 0x0000, 0x0000, 0x0000, 0x0000, 0x0000, 0x0000, 0x0000, 0x0000, 0x8410, 0xBDF7,
  0xB575, 0xB595, 0xAD75, 0xAD75, 0xB596, 0x936B, 0x8224, 0x8265, 0x9AC6, 0xDBA8, 0xD3A7, 0xCB67,
  0x18A2, 0x0862, 0x1082, 0x1082, 0x10A2, 0x10A3, 0x0882, 0x0000, 0x0000, 0x0000, 0x0000, 0x0000,
  0x0000, 0x5983, 0xBB47, 0xA2E6, 0xB306, 0xDBA8, 0xDBC8, 0xDBA7, 0xF550, 0xFE34, 0xFE14, 0xFDF3,
  0xFD2E, 0xFD4E, 0xFD4F, 0xE44A, 0xCB67, 0xD3A8, 0xCB67, 0x9AA5, 0x9AA5, 0xAAE6, 0x3902, 0x0000,
  0x0000, 0x0000, 0x0000, 0x0000, 0x0820, 0x8A44, 0x9285, 0x8A65, 0xBB47, 0xDBA7, 0xD387, 0xDBE9,
  0xECAC, 0xECAC, 0xF4CC, 0xCBA8, 0xBB26, 0xBB26, 0xC367, 0xEC8B, 0xEC8B, 0xF48B, 0xAB27, 0x8245,
  0x8A85, 0x8265, 0x8265, 0x8285, 0x69E4, 0x0000, 0x0000, 0x0000, 0x0000, 0x0000, 0x0000, 0x0000,
  0x0000, 0x0000, 0x0000, 0x0000, 0x0000, 0x0000, 0x0000, 0x0000, 0x0000, 0x0000, 0x0000, 0x0000,
  0x0000, 0x0000, 0x0000, 0x0000, 0x0000, 0x0000, 0x0000, 0x0000, 0x0000, 0x0000, 0x0000, 0x0000,
  0x0000, 0x0000, 0x0000, 0x0000, 0x0000, 0x0000, 0x0000, 0x0000, 0x0000, 0x0000, 0x0000, 0x0000,
  0x0000, 0x0000, 0x0000, 0x0000, 0x0000, 0x0000, 0x0000, 0x0000, 0x0000, 0x0000, 0x0000, 0x0000,
  0x0000, 0x8C71, 0xBDF7, 0xB596, 0xB5B6, 0xAD55, 0xA534, 0xAD76, 0x936A, 0x8224, 0x8A85, 0x7204,
  0x4102, 0x4102, 0x4122, 0x59A3, 0x59C4, 0x59C4, 0x59C4, 0x59A4, 0x59C4, 0x51A4, 0x20A2, 0x20A2,
  0x20C2, 0x1061, 0x0841, 0x0841, 0x1881, 0x30E2, 0x30C1, 0x30C1, 0x3902, 0x4122, 0x3902, 0x8286,
  0xA369, 0x9B49, 0x9B49, 0xD3E9, 0xDBE9, 0xE42A, 0xC368, 0x9AA5, 0xAB06, 0x9AA5, 0x30C1, 0x28C1,
  0x30E1, 0x1881, 0x0861, 0x0861, 0x1082, 0x20E3, 0x20E3, 0x2903, 0x4184, 0x4184, 0x4184, 0x59E5,
  0x6205, 0x59C5, 0x7246, 0xCB88, 0xD3C8, 0xCBA8, 0xE46B, 0xECAC, 0xE4AC, 0xECED, 0xF54F, 0xF52F,
  0xF54F, 0xC3C9, 0xAAE6, 0xBB27, 0x9AC6, 0x7A45, 0x8265, 0x7A45, 0x8224, 0x7A04, 0x8224, 0x1861,
  0x0000, 0x0000, 0x0000, 0x0000, 0x0000, 0x0000, 0x0000, 0x0000, 0x0000, 0x0000, 0x0000, 0x0000,
  0x0000, 0x0000, 0x0000, 0x0000, 0x0000, 0x0000, 0x0000, 0x0000, 0x0000, 0x0000, 0x0000, 0x0000,
  0x0000, 0x0000, 0x0000, 0x0000, 0x0000, 0x0000, 0x0000, 0x0000, 0x0000, 0x0000, 0x0000, 0x0000,
  0x0000, 0x0000, 0x0000, 0x0000, 0x0000, 0x0000, 0x0000, 0x0000, 0x0000, 0x0000, 0x0000, 0x0000,
  0x0000, 0x0000, 0x0000, 0x0000, 0x9491, 0xC5F7, 0xB5B6, 0xB5B6, 0xA535, 0xA514, 0xA556, 0x936B,
  0x8224, 0x8A85, 0x59A3, 0x0000, 0x0000, 0x0000, 0x7A24, 0x8245, 0x8245, 0x8245, 0x7A45, 0x7A45,
  0x7225, 0x3123, 0x3123, 0x3144, 0x18C2, 0x0881, 0x1082, 0x0841, 0x0000, 0x0000, 0x0000, 0x0000,
  0x0000, 0x0000, 0x5162, 0x7204, 0x69E4, 0x7A24, 0xCB67, 0xCB67, 0xD387, 0xBB47, 0x8A65, 0x9285,
  0x7A24, 0x0000, 0x0000, 0x0000, 0x0841, 0x10A2, 0x1082, 0x20E3, 0x3165, 0x3145, 0x3145, 0x2924,
  0x2924, 0x2924, 0x2924, 0x2924, 0x2124, 0x3944, 0xBB26, 0xC327, 0xBB26, 0xECCD, 0xFD6F, 0xFD4F,
  0xFD70, 0xFDB1, 0xFD91, 0xFDD2, 0xD42A, 0xBB26, 0xC367, 0xAAE6, 0x7A45, 0x7A45, 0x8A85, 0xDB87,
  0xDB87, 0xE3C8, 0x30C1, 0x0000, 0x0000, 0x0000, 0x0000, 0x0000, 0x0000, 0x0000, 0x0000, 0x0000,
  0x0000, 0x0000, 0x0000, 0x0000, 0x0000, 0x0000, 0x0000, 0x0000, 0x0000, 0x0000, 0x0000, 0x0000,
  0x0000, 0x0000, 0x0000, 0x0000, 0x0000, 0x0000, 0x0000, 0x0000, 0x0000, 0x0000, 0x0000, 0x0000,
  0x0000, 0x0000, 0x0000, 0x0000, 0x0000, 0x0000, 0x0000, 0x0000, 0x0000, 0x0000, 0x0000, 0x0000,
  0x0000, 0x0000, 0x0000, 0x0000, 0x0000, 0x0000, 0x0000, 0x8C71, 0xC5F7, 0xB5B6, 0xB5B6, 0xAD55,
  0xAD35, 0xAD96, 0x936B, 0x8224, 0x8A85, 0x59A3, 0x0000, 0x0000, 0x0000, 0x7A24, 0x8265, 0x8265,
  0x7A44, 0x7A24, 0x7A24, 0x69E4, 0x20A1, 0x20A1, 0x20A1, 0x0840, 0x0020, 0x0020, 0x0000, 0x0000,
  0x0000, 0x0000, 0x0000, 0x0000, 0x0000, 0x61C4, 0x8265, 0x7A25, 0x8265, 0xCB87, 0xD387, 0xD3A8,
  0xB306, 0x8A85, 0x9AA5, 0x7A24, 0x0000, 0x0000, 0x0000, 0x0861, 0x10A2, 0x1082, 0x20E3, 0x3145,
  0x2924, 0x2924, 0x20C3, 0x18C2, 0x18C2, 0x20C2, 0x28E2, 0x20C2, 0x3943, 0xCB67, 0xCB67, 0xCB47,
  0xECCD, 0xFD4F, 0xF52F, 0xF54F, 0xFD90, 0xFD90, 0xFDB1, 0xD40A, 0xBB26, 0xC347, 0xAAE6, 0x7A45,
  0x7A45, 0x8A85, 0xC347, 0xCB47, 0xCB67, 0x28A1, 0x0000, 0x0000, 0x0000, 0x0000, 0x0000, 0x0000,
  0x0000, 0x0000, 0x0000, 0x0000, 0x0000, 0x0000, 0x0000, 0x0000, 0x0000, 0x0000, 0x0000, 0x0000,
  0x0000, 0x0000, 0x0000, 0x0000, 0x0000, 0x0000, 0x0000, 0x0000, 0x0000, 0x0000, 0x0000, 0x0000,
  0x0000, 0x0000, 0x0000, 0x0000, 0x0000, 0x0000, 0x0000, 0x0000, 0x0000, 0x0000, 0x0000, 0x0000,
  0x0000, 0x0000, 0x0000, 0x0000, 0x0000, 0x0000, 0x0000, 0x0000, 0x0000, 0x0000, 0x8C71, 0xBDF7,
  0xB596, 0xB596, 0x8C72, 0x8C51, 0x8C92, 0x8B29, 0x8244, 0x8A85, 0x69E4, 0x38E2, 0x38E2, 0x4122,
  0x5183, 0x5163, 0x5163, 0x6205, 0x7267, 0x6A46, 0x72A8, 0x6AEB, 0x62CA, 0x6AEB, 0x4A49, 0x4208,
  0x4A49, 0x3985, 0x2081, 0x28A1, 0x20A1, 0x1860, 0x1040, 0x1040, 0x59A3, 0x7A24, 0x7204, 0x8265,
  0xDBE9, 0xDC09, 0xE42A, 0xCB88, 0xA2C5, 0xAAE6, 0x9285, 0x28A1, 0x28A1, 0x28A1, 0x1081, 0x0861,
  0x0841, 0x18C3, 0x41E7, 0x39C7, 0x4208, 0x738D, 0x73AE, 0x73AE, 0x738E, 0x736D, 0x736D, 0x7B6C,
  0x9AC7, 0x92C6, 0x92A6, 0xDC8C, 0xFD6F, 0xF52F, 0xF570, 0xFDD2, 0xFDD3, 0xFDF3, 0xD42B, 0xC346,
  0xCB67, 0xAB06, 0x7A45, 0x7A45, 0x8285, 0xD3E9, 0xDC0A, 0xDBE9, 0x30E2, 0x0000, 0x0000, 0x0000,
  0x0000, 0x0000, 0x0000, 0x0000, 0x0000, 0x0000, 0x0000, 0x0000, 0x0000, 0x0000, 0x0000, 0x0000,
  0x0000, 0x0000, 0x0000, 0x0000, 0x0000, 0x0000, 0x0000, 0x0000, 0x0000, 0x0000, 0x0000, 0x0000,
  0x0000, 0x0000, 0x0000, 0x0000, 0x0000, 0x0000, 0x0000, 0x0000, 0x0000, 0x0000, 0x0000, 0x0000,
  0x0000, 0x0000, 0x0000, 0x0000, 0x0000, 0x0000, 0x0000, 0x0000, 0x0000, 0x0000, 0x0000, 0x0000,
  0x0000, 0x9471, 0xBDD7, 0xB596, 0xAD55, 0x528A, 0x5269, 0x4A8A, 0x7266, 0x8A65, 0x8265, 0x9AC6,
  0xDBA8, 0xD387, 0xCB87, 0x1060, 0x0000, 0x0000, 0x31C8, 0x5B0D, 0x4A8B, 0x8431, 0xFFFF, 0xFFDF,
  0xFFDF, 0xEF7D, 0xE73C, 0xF79E, 0xC594, 0x71E3, 0x7A45, 0x7204, 0x5142, 0x5142, 0x5142, 0x5142,
  0x5982, 0x69E4, 0x8A86, 0xF4CC, 0xF4ED, 0xF4ED, 0xE46B, 0xCB67, 0xD387, 0xCB47, 0x9A64, 0x9264,
  0x9264, 0x2081, 0x0000, 0x0000, 0x2125, 0x630D, 0x52CC, 0x73CF, 0xFFFF, 0xFFFF, 0xFFFF, 0xFFDF,
  0xEF5D, 0xF77D, 0xDEDA, 0x31A6, 0x2945, 0x1925, 0xB40C, 0xFD90, 0xF52F, 0xFDB1, 0xFE97, 0xFE76,
  0xFEB7, 0xDC8D, 0xCB46, 0xD3A8, 0xAB06, 0x7A45, 0x7A45, 0x8AA6, 0xF52F, 0xFD4F, 0xFD6F, 0x3123,
  0x0000, 0x0000, 0x0000, 0x0000, 0x0000, 0x0000, 0x0000, 0x0000, 0x0000, 0x0000, 0x0000, 0x0000,
  0x0000, 0x0000, 0x0000, 0x0000, 0x0000, 0x0000, 0x0000, 0x0000, 0x0000, 0x0000, 0x0000, 0x0000,
  0x0000, 0x0000, 0x0000, 0x0000, 0x0000, 0x0000, 0x0000, 0x0000, 0x0000, 0x0000, 0x0000, 0x0000,
  0x0000, 0x0000, 0x0000, 0x0000, 0x0000, 0x0000, 0x0000, 0x0000, 0x0000, 0x0000, 0x0000, 0x0000,
  0x0000, 0x0000, 0x0000, 0x0000, 0x8C71, 0xBDD7, 0xB596, 0xAD55, 0x52AA, 0x528A, 0x52AA, 0x7287,
  0x8A65, 0x8265, 0x9AA6, 0xCB67, 0xCB67, 0xC367, 0x1881, 0x0000, 0x0000, 0x39E8, 0x630D, 0x528A,
  0x8410, 0xFFBE, 0xF77D, 0xF79E, 0xE73C, 0xDEDB, 0xEF3D, 0xC574, 0x71C3, 0x7A24, 0x7204, 0x5142,
  0x4922, 0x4922, 0x5962, 0x7204, 0x7A24, 0x8285, 0xECAC, 0xF4ED, 0xF4ED, 0xE42A, 0xCB46, 0xD387,
  0xCB87, 0x9264, 0x8A44, 0x9264, 0x28A1, 0x0000, 0x0000, 0x2125, 0x630D, 0x52AB, 0x738F, 0xF79D,
  0xF79E, 0xF79E, 0xEF5C, 0xDEDB, 0xE71C, 0xD679, 0x39C6, 0x3185, 0x2945, 0xBC2C, 0xFD90, 0xF52F,
  0xFDB1, 0xFE97, 0xFE56, 0xFEB7, 0xDC6C, 0xC326, 0xD3A8, 0xAB06, 0x7A45, 0x7A45, 0x8AA6, 0xF52E,
  0xF52E, 0xFD6F, 0x3123, 0x0000, 0x0000, 0x0000, 0x0000, 0x0000, 0x0000, 0x0000, 0x0000, 0x0000,
  0x0000, 0x0000, 0x0000, 0x0000, 0x0000, 0x0000, 0x0000, 0x0000, 0x0000, 0x0000, 0x0000, 0x0000,
  0x0000, 0x0000, 0x0000, 0x0000, 0x0000, 0x0000, 0x0000, 0x0000, 0x0000, 0x0000, 0x0000, 0x0000,
  0x0000, 0x0000, 0x0000, 0x0000, 0x0000, 0x0000, 0x0000, 0x0000, 0x0000, 0x0000, 0x0000, 0x0000,
  0x0000, 0x0000, 0x0000, 0x0000, 0x0000, 0x0000, 0x0000, 0x8C71, 0xBDD7, 0xB596, 0xAD55, 0x5ACB,
  0x52AA, 0x52CB, 0x7A87, 0x8A65, 0x8265, 0x9AA6, 0xCB87, 0xCB67, 0xC367, 0x1040, 0x0000, 0x0000,
  0x31A8, 0x52ED, 0x424A, 0x7BF1, 0xFFFF, 0xF7BF, 0xF7DF, 0xEF5D, 0xE71C, 0xEF9E, 0xBD94, 0x71C2,
  0x7224, 0x7A24, 0x5142, 0x4901, 0x4921, 0x61A3, 0x7A24, 0x7204, 0x8265, 0xECCC, 0xF4CC, 0xF4CC,
  0xE42A, 0xCB46, 0xD387, 0xC326, 0x8A44, 0x8A44, 0x9A84, 0x2081, 0x0000, 0x0000, 0x1905, 0x5B0D,
  0x4A8B, 0x6B6F, 0xF7BF, 0xF7DF, 0xF7FF, 0xEF9E, 0xE71C, 0xEF5D, 0xD6BA, 0x2965, 0x2124, 0x10E4,
  0xB40C, 0xFD90, 0xF52F, 0xFDB2, 0xFE97, 0xFE97, 0xFED8, 0xDC8C, 0xCB46, 0xD3A8, 0xAB06, 0x7A45,
  0x7A45, 0x92C6, 0xF54F, 0xFD70, 0xFD90, 0x3123, 0x0000, 0x0000, 0x0000, 0x0000, 0x0000, 0x0000,
  0x0000, 0x0000, 0x0000, 0x0000, 0x0000, 0x0000, 0x0000, 0x0000, 0x0000, 0x0000, 0x0000, 0x0000,
  0x0000, 0x0000, 0x0000, 0x0000, 0x0000, 0x0000, 0x0000, 0x0000, 0x0000, 0x0000, 0x0000, 0x0000,
  0x0000, 0x0000, 0x0000, 0x0000, 0x0000, 0x0000, 0x0000, 0x0000, 0x0000, 0x0000, 0x0000, 0x0000,
  0x0000, 0x0000, 0x0000, 0x0000, 0x0000, 0x0000, 0x0000, 0x0000, 0x0000, 0x0000, 0x9491, 0xBDD7,
  0xB596, 0xA534, 0x3186, 0x2944, 0x2965, 0x6205, 0x9285, 0x8265, 0x9AC6, 0xCB87, 0xCB67, 0xC367,
  0x69C4, 0x61A3, 0x6183, 0x9B6A, 0xBC8F, 0xB42D, 0xC4F0, 0xFE97, 0xF677, 0xF697, 0xF615, 0xEDD3,
  0xF635, 0xCCAE, 0x8A44, 0x9285, 0x9285, 0x8244, 0x7A24, 0x8244, 0x9AA5, 0xA2E6, 0x9AA6, 0xB348,
  0xF5B2, 0xF591, 0xF5B1, 0xF550, 0xECAC, 0xEC8C, 0xE44B, 0xBB26, 0xBB26, 0xBB26, 0x69C3, 0x5163,
  0x4922, 0x7AA7, 0xBC8F, 0xB44E, 0xC48F, 0xF655, 0xF656, 0xF655, 0xF635, 0xEE14, 0xF614, 0xEDF4,
  0xAC6F, 0xA42E, 0xA44E, 0xE571, 0xFDB1, 0xF5B1, 0xFDB2, 0xF5B1, 0xF5D2, 0xFDD2, 0xDC2B, 0xCB47,
  0xD3A8, 0xAAE6, 0x61C3, 0x69C3, 0x7224, 0xDC2A, 0xDC4B, 0xE44A, 0x30E2, 0x0000, 0x0000, 0x0000,
  0x0000, 0x0000, 0x0000, 0x0000, 0x0000, 0x0000, 0x0000, 0x0000, 0x0000, 0x0000, 0x0000, 0x0000,
  0x0000, 0x0000, 0x0000, 0x0000, 0x0000, 0x0000, 0x0000, 0x0000, 0x0000, 0x0000, 0x0000, 0x0000,
  0x0000, 0x0000, 0x0000, 0x0000, 0x0000, 0x0000, 0x0000, 0x0000, 0x0000, 0x0000, 0x0000, 0x0000,
  0x0000, 0x0000, 0x0000, 0x0000, 0x0000, 0x0000, 0x0000, 0x0000, 0x0000, 0x0000, 0x0000, 0x0000,
  0x0000, 0x9492, 0xBDB6, 0xB5B6, 0xA514, 0x10A2, 0x0861, 0x0861, 0x59A4, 0x9285, 0x8265, 0x9AC6,
  0xCB87, 0xCB67, 0xCB67, 0xBB47, 0xBB47, 0xBB26, 0xECAC, 0xFD90, 0xFD70, 0xFD70, 0xF570, 0xFD70,
  0xFD70, 0xF50E, 0xF4ED, 0xF50D, 0xDC4B, 0xA2C5, 0xA2C6, 0xA2C6, 0xAAE6, 0xAAE6, 0xA2E6, 0xBB27,
  0xCB67, 0xC347, 0xCBC9, 0xFE34, 0xFE34, 0xFE55, 0xFDF3, 0xFD4F, 0xFD70, 0xF54F, 0xD3C8, 0xD387,
  0xD387, 0xAAE6, 0x9AA6, 0x9265, 0xC3EA, 0xFDB0, 0xFD6F, 0xFD4F, 0xF52E, 0xF52E, 0xF52E, 0xFD2E,
  0xFD4F, 0xFD4E, 0xFD4F, 0xFE75, 0xFE75, 0xFE96, 0xFE14, 0xFDF3, 0xFE14, 0xFDB1, 0xF52E, 0xF52E,
  0xFD4F, 0xDC2A, 0xCB67, 0xD3A8, 0xA2C6, 0x5162, 0x5983, 0x69C3, 0xC346, 0xC346, 0xCB67, 0x28C1,
  0x0000, 0x0000, 0x0000, 0x0000, 0x0000, 0x0000, 0x0000, 0x0000, 0x0000, 0x0000, 0x0000, 0x0000,
  0x0000, 0x0000, 0x0000, 0x0000, 0x0000, 0x0000, 0x0000, 0x0000, 0x0000, 0x0000, 0x0000, 0x0000,
  0x0000, 0x0000, 0x0000, 0x0000, 0x0000, 0x0000, 0x0000, 0x0000, 0x0000, 0x0000, 0x0000, 0x0000,
  0x0000, 0x0000, 0x0000, 0x0000, 0x0000, 0x0000, 0x0000, 0x0000, 0x0000, 0x0000, 0x0000, 0x0000,
  0x0000, 0x0000, 0x0000, 0x0000, 0x9471, 0xBDB6, 0xB596, 0xA514, 0x18C3, 0x1082, 0x0882, 0x59C4,
  0x9285, 0x8245, 0x9AC6, 0xCB87, 0xCB67, 0xCB67, 0xB306, 0xAB06, 0xAAC5, 0xDC8C, 0xFD70, 0xF52F,
  0xF550, 0xF591, 0xF591, 0xFDB1, 0xF52F, 0xF50E, 0xF52E, 0xD42B, 0x9A85, 0xA2A5, 0x9AA5, 0xA2A5,
  0xA2C5, 0x9A85, 0xB306, 0xC367, 0xC347, 0xC388, 0xF5F3, 0xFE14, 0xFE34, 0xFDB1, 0xF52E, 0xFD6F,
  0xF52F, 0xCB67, 0xCB47, 0xCB67, 0x9AA5, 0x8A44, 0x8224, 0xB368, 0xFD70, 0xF52F, 0xF54F, 0xF54F,
  0xF54F, 0xF54F, 0xF54F, 0xF54F, 0xF54F, 0xF570, 0xF5F4, 0xF614, 0xF614, 0xFDF3, 0xFDD3, 0xFDF3,
  0xFDB1, 0xF52F, 0xF54F, 0xFD70, 0xDC0A, 0xC346, 0xD387, 0xA2C5, 0x5162, 0x5162, 0x69C3, 0xCB67,
  0xCB67, 0xD387, 0x28C1, 0x0000, 0x0000, 0x0000, 0x0000, 0x0000, 0x0000, 0x0000, 0x0000, 0x0000,
  0x0000, 0x0000, 0x0000, 0x0000, 0x0000, 0x0000, 0x0000, 0x0000, 0x0000, 0x0000, 0x0000, 0x0000,
  0x0000, 0x0000, 0x0000, 0x0000, 0x0000, 0x0000, 0x0000, 0x0000, 0x0000, 0x0000, 0x0000, 0x0000,
  0x0000, 0x0000, 0x0000, 0x0000, 0x0000, 0x0000, 0x0000, 0x0000, 0x0000, 0x0000, 0x0000, 0x0000,
  0x0000, 0x0000, 0x0000, 0x0000, 0x0000, 0x0000, 0x0000, 0x9491, 0xBDB6, 0xB596, 0xA514, 0x18C3,
  0x1082, 0x0882, 0x59C4, 0x9285, 0x8245, 0x9AA6, 0xCB87, 0xCB67, 0xCB87, 0xC388, 0xC368, 0xC388,
  0xE4EE, 0xFDB1, 0xF570, 0xF591, 0xFDB2, 0xFDB2, 0xFDB2, 0xF570, 0xF52E, 0xF54F, 0xDC8D, 0xB348,
  0xB389, 0xB368, 0xB348, 0xB327, 0xB347, 0xBB47, 0xC367, 0xC347, 0xCB88, 0xF634, 0xFE76, 0xFE55,
  0xFDB2, 0xFD70, 0xFDB1, 0xF550, 0xD3C9, 0xD3E9, 0xDC0A, 0xB368, 0xA328, 0xA328, 0xC40B, 0xFDB1,
  0xF570, 0xF590, 0xF5B1, 0xF5B1, 0xF5B1, 0xF5B1, 0xF5B2, 0xF5B1, 0xF5D2, 0xFE76, 0xFE76, 0xFE76,
  0xFE35, 0xFE14, 0xFE34, 0xFDD2, 0xF52F, 0xF54F, 0xFD70, 0xE44B, 0xD3A8, 0xDC2A, 0xBB68, 0x6A04,
  0x7204, 0x8265, 0xCB67, 0xCB67, 0xD387, 0x28C1, 0x0000, 0x0000, 0x0000, 0x0000, 0x0000, 0x0000,
  0x0000, 0x0000, 0x0000, 0x0000, 0x0000, 0x0000, 0x0000, 0x0000, 0x0000, 0x0000, 0x0000, 0x0000,
  0x0000, 0x0000, 0x0000, 0x0000, 0x0000, 0x0000, 0x0000, 0x0000, 0x0000, 0x0000, 0x0000, 0x0000,
  0x0000, 0x0000, 0x0000, 0x0000, 0x0000, 0x0000, 0x0000, 0x0000, 0x0000, 0x0000, 0x0000, 0x0000,
  0x0000, 0x0000, 0x0000, 0x0000, 0x0000, 0x0000, 0x0000, 0x0000, 0x0000, 0x0000, 0x9471, 0xBDB6,
  0xB596, 0xA514, 0x18C3, 0x1082, 0x0882, 0x59A4, 0x8A85, 0x8245, 0x9AA6, 0xD387, 0xCB67, 0xCBA8,
  0xF50E, 0xF52E, 0xF52E, 0xFE13, 0xFE55, 0xFE35, 0xFE55, 0xFE55, 0xFE35, 0xFE35, 0xFE14, 0xFE14,
  0xFE14, 0xFE14, 0xFE34, 0xFE14, 0xFE14, 0xF570, 0xF52E, 0xFD6F, 0xDC0A, 0xC347, 0xC347, 0xCBA9,
  0xFED9, 0xFEF9, 0xFEF9, 0xFE76, 0xFDF3, 0xFE14, 0xFDF3, 0xFDB2, 0xFDB2, 0xFDB2, 0xFE13, 0xFE34,
  0xFE34, 0xFE34, 0xFE34, 0xFE34, 0xFE34, 0xFF19, 0xF73A, 0xF73A, 0xF73A, 0xF73A, 0xFF3A, 0xFF3A,
  0xF73A, 0xF73A, 0xFF3A, 0xFF3A, 0xFF1A, 0xFF5B, 0xF696, 0xF52E, 0xF54F, 0xF54F, 0xFD4F, 0xFD70,
  0xFD70, 0xF52F, 0xF4ED, 0xF50E, 0xF4ED, 0xCB67, 0xCB67, 0xCB87, 0x28C1, 0x0000, 0x0000, 0x0000,
  0x0000, 0x0000, 0x0000, 0x0000, 0x0000, 0x0000, 0x0000, 0x0000, 0x0000, 0x0000, 0x0000, 0x0000,
  0x0000, 0x0000, 0x0000, 0x0000, 0x0000, 0x0000, 0x0000, 0x0000, 0x0000, 0x0000, 0x0000, 0x0000,
  0x0000, 0x0000, 0x0000, 0x0000, 0x0000, 0x0000, 0x0000, 0x0000, 0x0000, 0x0000, 0x0000, 0x0000,
  0x0000, 0x0000, 0x0000, 0x0000, 0x0000, 0x0000, 0x0000, 0x0000, 0x0000, 0x0000, 0x0000, 0x0000,
  0x0000, 0x8C71, 0xBDB6, 0xB596, 0xA514, 0x18C3, 0x1082, 0x0882, 0x59A4, 0x8A85, 0x8245, 0x9AA6,
  0xD387, 0xCB67, 0xCB88, 0xF50E, 0xF54F, 0xF50E, 0xF5D2, 0xFE55, 0xFE55, 0xFE55, 0xFE35, 0xFE35,
  0xFE35, 0xFE34, 0xFE14, 0xFE14, 0xFE14, 0xFE14, 0xFE14, 0xFE14, 0xF54F, 0xF52F, 0xFD70, 0xDC0A,
  0xC326, 0xC347, 0xCBC9, 0xF6D9, 0xFEF9, 0xFF1A, 0xFE97, 0xFE14, 0xFE14, 0xFE14, 0xFDD2, 0xFDD2,
  0xFD91, 0xFE14, 0xFE35, 0xFE34, 0xFE34, 0xFE34, 0xFE35, 0xFE35, 0xFF19, 0xF73A, 0xF71A, 0xF73A,
  0xF73A, 0xF73A, 0xF73A, 0xF73A, 0xF73A, 0xFF3A, 0xFF1A, 0xFF1A, 0xF73B, 0xFE96, 0xF52F, 0xF54F,
  0xF54F, 0xFD4F, 0xF54F, 0xF570, 0xF52F, 0xF50D, 0xF52E, 0xECCD, 0xCB88, 0xCB67, 0xCB87, 0x28C1,
  0x0000, 0x0000, 0x0000, 0x0000, 0x0000, 0x0000, 0x0000, 0x0000, 0x0000, 0x0000, 0x0000, 0x0000,
  0x0000, 0x0000, 0x0000, 0x0000, 0x0000, 0x0000, 0x0000, 0x0000, 0x0000, 0x0000, 0x0000, 0x0000,
  0x0000, 0x0000, 0x0000, 0x0000, 0x0000, 0x0000, 0x0000, 0x0000, 0x0000, 0x0000, 0x0000, 0x0000,
  0x0000, 0x0000, 0x0000, 0x0000, 0x0000, 0x0000, 0x0000, 0x0000, 0x0000, 0x0000, 0x0000, 0x0000,
  0x0000, 0x0000, 0x0000, 0x0000, 0x8C71, 0xB5B6, 0xB596, 0xA514, 0x10A3, 0x0882, 0x0882, 0x59C4,
  0x8A85, 0x7A45, 0x9AA6, 0xD387, 0xCB67, 0xCB88, 0xF52E, 0xF52F, 0xF50E, 0xF5D3, 0xFE56, 0xFE55,
  0xFE55, 0xFE55, 0xFE55, 0xFE55, 0xFE34, 0xFE14, 0xFE14, 0xFE14, 0xFE34, 0xFE35, 0xFE14, 0xFD70,
  0xFD6F, 0xFD70, 0xD40A, 0xC326, 0xC347, 0xCBC9, 0xF6D9, 0xFEF9, 0xFF1A, 0xFE97, 0xFE14, 0xFE14,
  0xFE14, 0xFDD2, 0xFDD2, 0xFDB2, 0xFE14, 0xFE35, 0xFE35, 0xFE35, 0xFE34, 0xFE34, 0xFE34, 0xFF19,
  0xF73A, 0xF71A, 0xF73A, 0xFF3A, 0xF73A, 0xF73A, 0xF73A, 0xF73A, 0xF73A, 0xF73A, 0xF73A, 0xFF5B,
  0xFE97, 0xF52F, 0xF570, 0xF570, 0xFD70, 0xFD70, 0xFD70, 0xFD4F, 0xFD2E, 0xFD2E, 0xF50D, 0xCB67,
  0xC347, 0xCB67, 0x28C1, 0x0000, 0x0000, 0x0000, 0x0000, 0x0000, 0x0000, 0x0000, 0x0000, 0x0000,
  0x0000, 0x0000, 0x0000, 0x0000, 0x0000, 0x0000, 0x0000, 0x0000, 0x0000, 0x0000, 0x0000, 0x0000,
  0x0000, 0x0000, 0x0000, 0x0000, 0x0000, 0x0000, 0x0000, 0x0000, 0x0000, 0x0000, 0x0000, 0x0000,
  0x0000, 0x0000, 0x0000, 0x0000, 0x0000, 0x0000, 0x0000, 0x0000, 0x0000, 0x0000, 0x0000, 0x0000,
  0x0000, 0x0000, 0x0000, 0x0000, 0x0000, 0x0000, 0x0000, 0x8C51, 0xB595, 0xAD55, 0xA4F3, 0x61E5,
  0x61C4, 0x61E4, 0x7225, 0x8265, 0x7A45, 0x9AA6, 0xCB87, 0xCB67, 0xCBA8, 0xF52F, 0xF54F, 0xF52E,
  0xFEB7, 0xFF3A, 0xF719, 0xF71A, 0xFF1A, 0xFF1A, 0xFF1A, 0xFEF9, 0xFED8, 0xFEF8, 0xF697, 0xFD90,
  0xFDB1, 0xF570, 0xDC2B, 0xDBE9, 0xDBE9, 0xCB88, 0xC347, 0xC346, 0xC3A9, 0xF6D9, 0xFEF9, 0xFF1A,
  0xFE97, 0xFE14, 0xFE34, 0xFDF3, 0xF54F, 0xF54F, 0xFD4F, 0xFD91, 0xFDB2, 0xFDB1, 0xFE35, 0xFEF9,
  0xFED8, 0xFED8, 0xFF1A, 0xF73A, 0xF73A, 0xF73A, 0xF73A, 0xF73A, 0xF73A, 0xF73A, 0xF73A, 0xF73A,
  0xFEB7, 0xFE55, 0xFE76, 0xFE14, 0xFD4F, 0xF570, 0xF570, 0xF4ED, 0xF4CD, 0xF4ED, 0xE48C, 0xC3A8,
  0xCBA8, 0xCBC9, 0xE4AC, 0xECAD, 0xECCD, 0x3103, 0x0000, 0x0000, 0x0000, 0x0000, 0x0000, 0x0000,
  0x0000, 0x0000, 0x0000, 0x0000, 0x0000, 0x0000, 0x0000, 0x0000, 0x0000, 0x0000, 0x0000, 0x0000,
  0x0000, 0x0000, 0x0000, 0x0000, 0x0000, 0x0000, 0x0000, 0x0000, 0x0000, 0x0000, 0x0000, 0x0000,
  0x0000, 0x0000, 0x0000, 0x0000, 0x0000, 0x0000, 0x0000, 0x0000, 0x0000, 0x0000, 0x0000, 0x0000,
  0x0000, 0x0000, 0x0000, 0x0000, 0x0000, 0x0000, 0x0000, 0x0000, 0x0000, 0x0000, 0x8430, 0xAD75,
  0xA534, 0xA4F3, 0x8AA6, 0x8A65, 0x8A65, 0x8265, 0x8265, 0x8245, 0x9AA6, 0xCB87, 0xCB67, 0xCBA8,
  0xF52F, 0xF54F, 0xF52F, 0xFED8, 0xF75B, 0xF73A, 0xF73B, 0xF73B, 0xFF3B, 0xFF3B, 0xF73A, 0xF73A,
  0xF73A, 0xF6D8, 0xF52E, 0xF52E, 0xF50E, 0xD387, 0xCB46, 0xCB67, 0xC367, 0xC367, 0xBB26, 0xC3A9,
  0xF6D9, 0xFF1A, 0xFF1A, 0xFE97, 0xFE14, 0xFE34, 0xFDF3, 0xF52E, 0xF52E, 0xF52E, 0xF54F, 0xF570,
  0xF54F, 0xFE55, 0xFF5B, 0xF71A, 0xF73A, 0xFF3A, 0xF71A, 0xF71A, 0xF73A, 0xF73A, 0xF73A, 0xF73A,
  0xF73A, 0xF73A, 0xF73B, 0xFE76, 0xFDF3, 0xFE14, 0xFDD2, 0xF54F, 0xF54F, 0xF54F, 0xECCC, 0xEC8B,
  0xF4CC, 0xDC0A, 0xAAE6, 0xB2E6, 0xBB47, 0xF54F, 0xFD70, 0xFDB1, 0x3144, 0x0000, 0x0000, 0x0000,
  0x0000, 0x0000, 0x0000, 0x0000, 0x0000, 0x0000, 0x0000, 0x0000, 0x0000, 0x0000, 0x0000, 0x0000,
  0x0000, 0x0000, 0x0000, 0x0000, 0x0000, 0x0000, 0x0000, 0x0000, 0x0000, 0x0000, 0x0000, 0x0000,
  0x0000, 0x0000, 0x0000, 0x0000, 0x0000, 0x0000, 0x0000, 0x0000, 0x0000, 0x0000, 0x0000, 0x0000,
  0x0000, 0x0000, 0x0000, 0x0000, 0x0000, 0x0000, 0x0000, 0x0000, 0x0000, 0x0000, 0x0000, 0x0000,
  0x0000, 0x8C51, 0xB575, 0xA535, 0xA513, 0x8286, 0x8245, 0x8245, 0x8265, 0x8265, 0x8265, 0x9AA6,
  0xCB87, 0xCB67, 0xCBA8, 0xF54F, 0xFD90, 0xFD4F, 0xFEB8, 0xF75B, 0xF73A, 0xFF3B, 0xFF3B, 0xF75B,
  0xF75B, 0xF75B, 0xF75A, 0xF75B, 0xFF19, 0xFD6F, 0xFD4F, 0xFD6F, 0xD3A8, 0xCB47, 0xCB67, 0xC347,
  0xBB47, 0xBB06, 0xC389, 0xF6F9, 0xFF1A, 0xFF1A, 0xFE97, 0xFE14, 0xFE34, 0xFDF3, 0xF52F, 0xF52F,
  0xF52E, 0xFD70, 0xFD91, 0xFD50, 0xFE76, 0xFF7C, 0xF73A, 0xF75B, 0xF73B, 0xF75B, 0xF73B, 0xF73A,
  0xF73A, 0xF73A, 0xF73A, 0xF73A, 0xF73A, 0xF73B, 0xFE76, 0xFE14, 0xFE35, 0xFDF3, 0xFD70, 0xFD90,
  0xFD70, 0xF4ED, 0xF4CC, 0xF4ED, 0xDC2A, 0xBB26, 0xBB27, 0xC368, 0xF54F, 0xFD70, 0xFD90, 0x3123,
  0x0000, 0x0000, 0x0000, 0x0000, 0x0000, 0x0000, 0x0000, 0x0000, 0x0000, 0x0000, 0x0000, 0x0000,
  0x0000, 0x0000, 0x0000, 0x0000, 0x0000, 0x0000, 0x0000, 0x0000, 0x0000, 0x0000, 0x0000, 0x0000,
  0x0000, 0x0000, 0x0000, 0x0000, 0x0000, 0x0000, 0x0000, 0x0000, 0x0000, 0x0000, 0x0000, 0x0000,
  0x0000, 0x0000, 0x0000, 0x0000, 0x0000, 0x0000, 0x0000, 0x0000, 0x0000, 0x0000, 0x0000, 0x0000,
  0x0000, 0x0000, 0x0000, 0x0000, 0x8410, 0xB575, 0xAD35, 0xA513, 0x92C6, 0x9285, 0x9AC6, 0x8A85,
  0x8265, 0x8265, 0x9AA6, 0xCB87, 0xCB67, 0xCB88, 0xE48C, 0xECAC, 0xE48C, 0xF6B7, 0xFF5B, 0xF73A,
  0xF73B, 0xFF19, 0xFEF9, 0xFF19, 0xFEB7, 0xF655, 0xFE75, 0xF614, 0xDC4B, 0xDC4B, 0xDC4B, 0xDBE9,
  0xDBE9, 0xDC09, 0xD3E9, 0xCBC9, 0xD3C8, 0xD46C, 0xF71A, 0xFF1A, 0xFF3A, 0xFE97, 0xFE14, 0xFE34,
  0xFDF3, 0xF52F, 0xF52E, 0xF52E, 0xF52E, 0xF50E, 0xF4ED, 0xF5B2, 0xF655, 0xF655, 0xF655, 0xFE96,
  0xFE97, 0xFE97, 0xFF19, 0xF73A, 0xF71A, 0xF73A, 0xF73A, 0xF73A, 0xF73B, 0xFE55, 0xFDB2, 0xFDD2,
  0xF591, 0xE4AC, 0xE48C, 0xE48C, 0xDC2A, 0xD40A, 0xDC0A, 0xC388, 0x9AC6, 0x9AA6, 0xA306, 0xECED,
  0xF4ED, 0xF4ED, 0x3103, 0x0000, 0x0000, 0x0000, 0x0000, 0x0000, 0x0000, 0x0000, 0x0000, 0x0000,
  0x0000, 0x0000, 0x0000, 0x0000, 0x0000, 0x0000, 0x0000, 0x0000, 0x0000, 0x0000, 0x0000, 0x0000,
  0x0000, 0x0000, 0x0000, 0x0000, 0x0000, 0x0000, 0x0000, 0x0000, 0x0000, 0x0000, 0x0000, 0x0000,
  0x0000, 0x0000, 0x0000, 0x0000, 0x0000, 0x0000, 0x0000, 0x0000, 0x0000, 0x0000, 0x0000, 0x0000,
  0x0000, 0x0000, 0x0000, 0x0000, 0x0000, 0x0000, 0x0000, 0x7BCF, 0xB596, 0xA534, 0xAD14, 0xAB27,
  0xB306, 0xB307, 0x9285, 0x8265, 0x8265, 0x9AA6, 0xCB87, 0xCB67, 0xCB67, 0xCB67, 0xCB67, 0xCB47,
  0xEE97, 0xFF5B, 0xF73A, 0xFF3B, 0xFEB8, 0xFE96, 0xFEB8, 0xFDD2, 0xF4ED, 0xFD2E, 0xEC8C, 0xAAC5,
  0xAAE6, 0xAAC6, 0xE44A, 0xEC8B, 0xEC8B, 0xECAC, 0xECAC, 0xEC8B, 0xF550, 0xFF3A, 0xF71A, 0xF73B,
  0xFE97, 0xFE14, 0xFE34, 0xFE13, 0xF52F, 0xF52E, 0xF52F, 0xEC8C, 0xE42A, 0xE44A, 0xEC6B, 0xF4ED,
  0xF4ED, 0xF4ED, 0xFD91, 0xFDB1, 0xFD91, 0xFEB7, 0xF73A, 0xF71A, 0xF73A, 0xF73A, 0xF73A, 0xF75A,
  0xF5F3, 0xF54F, 0xFD90, 0xED0E, 0xC346, 0xC326, 0xC347, 0xB306, 0xAB06, 0xB306, 0x9AA6, 0x6A04,
  0x7224, 0x7A65, 0xDC09, 0xE409, 0xE429, 0x30E2, 0x0000, 0x0000, 0x0000, 0x0000, 0x0000, 0x0000,
  0x0000, 0x0000, 0x0000, 0x0000, 0x0000, 0x0000, 0x0000, 0x0000, 0x0000, 0x0000, 0x0000, 0x0000,
  0x0000, 0x0000, 0x0000, 0x0000, 0x0000, 0x0000, 0x0000, 0x0000, 0x0000, 0x0000, 0x0000, 0x0000,
  0x0000, 0x0000, 0x0000, 0x0000, 0x0000, 0x0000, 0x0000, 0x0000, 0x0000, 0x0000, 0x0000, 0x0000,
  0x0000, 0x0000, 0x0000, 0x0000, 0x0000, 0x0000, 0x0000, 0x0000, 0x0000, 0x0000, 0x7BCF, 0xB5B6,
  0xAD55, 0xAD34, 0xAB27, 0xAAE6, 0xAAE6, 0x92A5, 0x8265, 0x8265, 0x9AC6, 0xD387, 0xCB67, 0xCB87,
  0xCB88, 0xCB87, 0xCB87, 0xF697, 0xFF5B, 0xF73A, 0xF73A, 0xFED8, 0xFEB7, 0xFED8, 0xFDF3, 0xF50E,
  0xFD4F, 0xECED, 0xB306, 0xB306, 0xB306, 0xE46B, 0xF4AB, 0xEC6B, 0xF4CC, 0xECCC, 0xEC8C, 0xF52F,
  0xFF5B, 0xFF5B, 0xFF7B, 0xFED8, 0xFE34, 0xFE55, 0xFE34, 0xFD4F, 0xFD4F, 0xFD4F, 0xECAC, 0xEC6A,
  0xEC6B, 0xECAC, 0xFD2E, 0xF50E, 0xF52E, 0xFDD2, 0xFDD2, 0xFDB1, 0xFED8, 0xF75A, 0xFF3A, 0xF73A,
  0xF73A, 0xF71A, 0xF73A, 0xF5F3, 0xF54F, 0xFDB1, 0xF52F, 0xCB67, 0xCB67, 0xCB67, 0xB327, 0xB327,
  0xBB27, 0xA2C6, 0x7224, 0x7225, 0x8265, 0xE409, 0xE42A, 0xEC4A, 0x30E2, 0x0000, 0x0000, 0x0000,
  0x0000, 0x0000, 0x0000, 0x0000, 0x0000, 0x0000, 0x0000, 0x0000, 0x0000, 0x0000, 0x0000, 0x0000,
  0x0000, 0x0000, 0x0000, 0x0000, 0x0000, 0x0000, 0x0000, 0x0000, 0x0000, 0x0000, 0x0000, 0x0000,
  0x0000, 0x0000, 0x0000, 0x0000, 0x0000, 0x0000, 0x0000, 0x0000, 0x0000, 0x0000, 0x0000, 0x0000,
  0x0000, 0x0000, 0x0000, 0x0000, 0x0000, 0x0000, 0x0000, 0x0000, 0x0000, 0x0000, 0x0000, 0x0000,
  0x0000, 0x7BAE, 0xAD75, 0xA514, 0xAD34, 0xB348, 0xAB06, 0xBB47, 0x9AC6, 0x8265, 0x8245, 0x9AC6,
  0xCB87, 0xC367, 0xC367, 0xCB67, 0xCB87, 0xCB67, 0xEE97, 0xFF5B, 0xF73A, 0xF73A, 0xFEB7, 0xF696,
  0xF697, 0xF5B1, 0xF50D, 0xF50E, 0xECCD, 0xB306, 0xAAE6, 0xB326, 0xDC4A, 0xE44A, 0xDC2A, 0xE46B,
  0xE48C, 0xDC4B, 0xDC8D, 0xEE98, 0xEE98, 0xE697, 0xE615, 0xEDD3, 0xEDD3, 0xE571, 0xE4CD, 0xE4ED,
  0xECEE, 0xE46B, 0xE44A, 0xE42A, 0xECAC, 0xF4ED, 0xF4ED, 0xF50E, 0xFDB1, 0xFDB1, 0xFD91, 0xFEB7,
  0xFF3A, 0xF6F9, 0xF719, 0xFF3A, 0xF71A, 0xF73A, 0xF5F3, 0xF54F, 0xFD70, 0xECEE, 0xC367, 0xCB67,
  0xC367, 0xB327, 0xB307, 0xB327, 0xA2C6, 0x7224, 0x7225, 0x8265, 0xDC09, 0xE42A, 0xE429, 0x30E2,
  0x0000, 0x0000, 0x0000, 0x0000, 0x0000, 0x0000, 0x0000, 0x0000, 0x0000, 0x0000, 0x0000, 0x0000,
  0x0000, 0x0000, 0x0000, 0x0000, 0x0000, 0x0000, 0x0000, 0x0000, 0x0000, 0x0000, 0x0000, 0x0000,
  0x0000, 0x0000, 0x0000, 0x0000, 0x0000, 0x0000, 0x0000, 0x0000, 0x0000, 0x0000, 0x0000, 0x0000,
  0x0000, 0x0000, 0x0000, 0x0000, 0x0000, 0x0000, 0x0000, 0x0000, 0x0000, 0x0000, 0x0000, 0x0000,
  0x0000, 0x0000, 0x0000, 0x0000, 0x4208, 0x632C, 0x5AEB, 0x6B2C, 0xE4AC, 0xECCC, 0xF50E, 0xAB48,
  0x7A24, 0x8265, 0x8265, 0x8A85, 0x8265, 0x8A85, 0xC347, 0xC367, 0xC326, 0xEE55, 0xFF5B, 0xF73A,
  0xF71A, 0xFD90, 0xF54F, 0xFD70, 0xE44B, 0xCB87, 0xD3A8, 0xCB87, 0x92A5, 0x8A85, 0x92A5, 0x8265,
  0x8265, 0x8265, 0x7A45, 0x7224, 0x7204, 0x7225, 0x7245, 0x7A45, 0x7225, 0x7245, 0x7A45, 0x7245,
  0x7225, 0x7A25, 0x7A45, 0x7A45, 0xAB06, 0xCB87, 0xC347, 0xCB88, 0xCB88, 0xCB87, 0xD3C9, 0xFD2E,
  0xFD2E, 0xF52E, 0xF54F, 0xF570, 0xF54F, 0xF5D2, 0xFF3A, 0xF71A, 0xFF3A, 0xF570, 0xECAC, 0xF4CD,
  0xDC4A, 0xBB47, 0xBB47, 0xBB47, 0xB327, 0xB327, 0xB327, 0x9AC6, 0x7204, 0x7224, 0x8265, 0xBB47,
  0xBB27, 0xBB27, 0x28A1, 0x0000, 0x0000, 0x0000, 0x0000, 0x0000, 0x0000, 0x0000, 0x0000, 0x0000,
  0x0000, 0x0000, 0x0000, 0x0000, 0x0000, 0x0000, 0x0000, 0x0000, 0x0000, 0x0000, 0x0000, 0x0000,
  0x0000, 0x0000, 0x0000, 0x0000, 0x0000, 0x0000, 0x0000, 0x0000, 0x0000, 0x0000, 0x0000, 0x0000,
  0x0000, 0x0000, 0x0000, 0x0000, 0x0000, 0x0000, 0x0000, 0x0000, 0x0000, 0x0000, 0x0000, 0x0000,
  0x0000, 0x0000, 0x0000, 0x0000, 0x0000, 0x0000, 0x0000, 0x39E7, 0x5AEB, 0x52AA, 0x62EB, 0xECED,
  0xF50D, 0xFD2E, 0xAB48, 0x7A24, 0x8265, 0x8265, 0x8265, 0x8245, 0x8265, 0xBB47, 0xC367, 0xC326,
  0xEE35, 0xFF5B, 0xF73A, 0xF6F9, 0xF56F, 0xF52F, 0xFD70, 0xE46B, 0xCB46, 0xD387, 0xC347, 0x8A65,
  0x9285, 0x8A85, 0x7A45, 0x8245, 0x8265, 0x7A24, 0x6A04, 0x7204, 0x7224, 0x7224, 0x7224, 0x7A25,
  0x7A25, 0x7225, 0x7225, 0x7A25, 0x7A45, 0x7A45, 0x7204, 0xAB06, 0xCB88, 0xC367, 0xC367, 0xC367,
  0xC367, 0xCBA8, 0xF52E, 0xF52E, 0xF52E, 0xF52E, 0xF52E, 0xF50E, 0xFDB1, 0xF73A, 0xF719, 0xFF3A,
  0xF54F, 0xEC8B, 0xF4CD, 0xDC2A, 0xBB27, 0xBB47, 0xBB47, 0xB327, 0xB327, 0xB327, 0x9AC6, 0x6A04,
  0x7224, 0x8245, 0xB306, 0xB306, 0xBB06, 0x28A1, 0x0000, 0x0000, 0x0000, 0x0000, 0x0000, 0x0000,
  0x0000, 0x0000, 0x0000, 0x0000, 0x0000, 0x0000, 0x0000, 0x0000, 0x0000, 0x0000, 0x0000, 0x0000,
  0x0000, 0x0000, 0x0000, 0x0000, 0x0000, 0x0000, 0x0000, 0x0000, 0x0000, 0x0000, 0x0000, 0x0000,
  0x0000, 0x0000, 0x0000, 0x0000, 0x0000, 0x0000, 0x0000, 0x0000, 0x0000, 0x0000, 0x0000, 0x0000,
  0x0000, 0x0000, 0x0000, 0x0000, 0x0000, 0x0000, 0x0000, 0x0000, 0x0000, 0x0000, 0x4208, 0x6B4C,
  0x5AEB, 0x734C, 0xF50E, 0xF50D, 0xFD6F, 0xAB68, 0x7A24, 0x8265, 0x8265, 0x8265, 0x8265, 0x8265,
  0xBB47, 0xC367, 0xC326, 0xEE76, 0xFF7B, 0xF73A, 0xF719, 0xFD70, 0xFD6F, 0xFDB0, 0xE46B, 0xCB67,
  0xD3A8, 0xCB67, 0x8A85, 0x9285, 0x8A85, 0x7A45, 0x7A45, 0x7A65, 0x7224, 0x69E4, 0x6A04, 0x7204,
  0x7224, 0x7225, 0x7225, 0x7224, 0x6A04, 0x6A04, 0x7204, 0x7204, 0x7204, 0x69E4, 0xAAE6, 0xCB67,
  0xC347, 0xC347, 0xC367, 0xC347, 0xCBA8, 0xFD4F, 0xFD6F, 0xFD4F, 0xF52E, 0xF52E, 0xF52E, 0xFDD2,
  0xF75B, 0xF71A, 0xFF5A, 0xF550, 0xEC8B, 0xF4CD, 0xDC2A, 0xBB27, 0xBB47, 0xBB47, 0xB327, 0xAB07,
  0xB327, 0xA2E6, 0x7225, 0x7225, 0x8265, 0xC347, 0xC347, 0xCB67, 0x28C1, 0x0000, 0x0000, 0x0000,
  0x0000, 0x0000, 0x0000, 0x0000, 0x0000, 0x0000, 0x0000, 0x0000, 0x0000, 0x0000, 0x0000, 0x0000,
  0x0000, 0x0000, 0x0000, 0x0000, 0x0000, 0x0000, 0x0000, 0x0000, 0x0000, 0x0000, 0x0000, 0x0000,
  0x0000, 0x0000, 0x0000, 0x0000, 0x0000, 0x0000, 0x0000, 0x0000, 0x0000, 0x0000, 0x0000, 0x0000,
  0x0000, 0x0000, 0x0000, 0x0000, 0x0000, 0x0000, 0x0000, 0x0000, 0x0000, 0x0000, 0x0000, 0x0000,
  0x0000, 0x2124, 0x31A6, 0x3186, 0x41C6, 0xD40A, 0xE44B, 0xE46B, 0xA307, 0x7A45, 0x8265, 0x8265,
  0x8265, 0x8265, 0x8265, 0xBB47, 0xC367, 0xC346, 0xEDD3, 0xFEF8, 0xF697, 0xF676, 0xED0E, 0xECCD,
  0xECEE, 0xCBC9, 0xAAE6, 0xB326, 0xAAE6, 0x92A5, 0x9285, 0x92A5, 0xAB06, 0xAB06, 0xAAE6, 0xA2E6,
  0xA2E6, 0xA2E6, 0xA2C6, 0xA2E6, 0xA2E6, 0xA2C6, 0xAB48, 0xC40A, 0xC3EA, 0xC3EA, 0xC40A, 0xC40A,
  0xC40B, 0xD44B, 0xE46B, 0xE46B, 0xDC4B, 0xDC09, 0xDC09, 0xDC4A, 0xE46B, 0xE44B, 0xDC4B, 0xF4ED,
  0xFD4E, 0xF52E, 0xF590, 0xFEB7, 0xFEB7, 0xFED8, 0xF54F, 0xECAC, 0xF4ED, 0xDC2A, 0xBB27, 0xC367,
  0xBB47, 0xBB47, 0xBB47, 0xC367, 0xAAE6, 0x69C3, 0x69E4, 0x7204, 0x69C4, 0x69C3, 0x69C4, 0x1860,
  0x0000, 0x0000, 0x0000, 0x0000, 0x0000, 0x0000, 0x0000, 0x0000, 0x0000, 0x0000, 0x0000, 0x0000,
  0x0000, 0x0000, 0x0000, 0x0000, 0x0000, 0x0000, 0x0000, 0x0000, 0x0000, 0x0000, 0x0000, 0x0000,
  0x0000, 0x0000, 0x0000, 0x0000, 0x0000, 0x0000, 0x0000, 0x0000, 0x0000, 0x0000, 0x0000, 0x0000,
  0x0000, 0x0000, 0x0000, 0x0000, 0x0000, 0x0000, 0x0000, 0x0000, 0x0000, 0x0000, 0x0000, 0x0000,
  0x0000, 0x0000, 0x0000, 0x0000, 0x0000, 0x0000, 0x0000, 0x0800, 0xBB06, 0xC347, 0xC346, 0x9AA5,
  0x8245, 0x8265, 0x8265, 0x8265, 0x8265, 0x8265, 0xBB47, 0xC367, 0xBB26, 0xED30, 0xFE34, 0xFE14,
  0xF5D3, 0xDC4A, 0xDC2A, 0xDC2A, 0xAB07, 0x8A65, 0x9285, 0x9285, 0x92A5, 0x9285, 0x9AC5, 0xCB87,
  0xCB67, 0xCB67, 0xCB87, 0xCB88, 0xCB87, 0xCB67, 0xCB67, 0xCB67, 0xC326, 0xE44B, 0xFD8F, 0xFD4F,
  0xFD6F, 0xFD70, 0xFD90, 0xFD90, 0xFD6F, 0xFD6F, 0xFD70, 0xFD4F, 0xF4ED, 0xF4ED, 0xECAC, 0xC347,
  0xC347, 0xC326, 0xECAC, 0xFD4E, 0xF50E, 0xFD70, 0xFE14, 0xFE14, 0xFE35, 0xF50E, 0xECAC, 0xF4ED,
  0xDC2A, 0xBB47, 0xC367, 0xC367, 0xCB87, 0xCB87, 0xD3A8, 0xAAE6, 0x5962, 0x61A3, 0x4942, 0x0000,
  0x0000, 0x0000, 0x0000, 0x0000, 0x0000, 0x0000, 0x0000, 0x0000, 0x0000, 0x0000, 0x0000, 0x0000,
  0x0000, 0x0000, 0x0000, 0x0000, 0x0000, 0x0000, 0x0000, 0x0000, 0x0000, 0x0000, 0x0000, 0x0000,
  0x0000, 0x0000, 0x0000, 0x0000, 0x0000, 0x0000, 0x0000, 0x0000, 0x0000, 0x0000, 0x0000, 0x0000,
  0x0000, 0x0000, 0x0000, 0x0000, 0x0000, 0x0000, 0x0000, 0x0000, 0x0000, 0x0000, 0x0000, 0x0000,
  0x0000, 0x0000, 0x0000, 0x0000, 0x0000, 0x0000, 0x0000, 0x0000, 0x0000, 0x0000, 0x1040, 0xC327,
  0xCB67, 0xCB67, 0x9AC6, 0x7A45, 0x8265, 0x8265, 0x8265, 0x8265, 0x8265, 0xBB47, 0xC367, 0xBB26,
  0xED50, 0xFE55, 0xFE34, 0xF5F3, 0xE44B, 0xDC2A, 0xE46B, 0xB347, 0x9285, 0x92A5, 0x9285, 0x9285,
  0x9285, 0x9AA5, 0xC347, 0xCB67, 0xCB67, 0xC367, 0xC367, 0xC367, 0xC347, 0xC347, 0xC347, 0xBB26,
  0xDC2A, 0xFD4F, 0xF50E, 0xF52E, 0xF54F, 0xF54F, 0xF54F, 0xF54F, 0xF54F, 0xF54F, 0xF50E, 0xF4CC,
  0xF4CD, 0xECAC, 0xCB87, 0xC367, 0xC347, 0xECAC, 0xFD4E, 0xF50E, 0xFD70, 0xFE35, 0xFE34, 0xFE35,
  0xF52E, 0xECAC, 0xF4ED, 0xDC4B, 0xBB47, 0xC367, 0xC367, 0xCB87, 0xCB88, 0xD3A8, 0xAAE6, 0x5982,
  0x69A3, 0x5162, 0x0000, 0x0000, 0x0000, 0x0000, 0x0000, 0x0000, 0x0000, 0x0000, 0x0000, 0x0000,
  0x0000, 0x0000, 0x0000, 0x0000, 0x0000, 0x0000, 0x0000, 0x0000, 0x0000, 0x0000, 0x0000, 0x0000,
  0x0000, 0x0000, 0x0000, 0x0000, 0x0000, 0x0000, 0x0000, 0x0000, 0x0000, 0x0000, 0x0000, 0x0000,
  0x0000, 0x0000, 0x0000, 0x0000, 0x0000, 0x0000, 0x0000, 0x0000, 0x0000, 0x0000, 0x0000, 0x0000,
  0x0000, 0x0000, 0x0000, 0x0000, 0x0000, 0x0000, 0x0000, 0x0000, 0x0000, 0x0000, 0x0000, 0x0000,
  0x0000, 0x1040, 0xC346, 0xCB67, 0xD387, 0xA2C6, 0x7A45, 0x8265, 0x8265, 0x8265, 0x8265, 0x8265,
  0xBB47, 0xC367, 0xBB26, 0xED50, 0xFE55, 0xFE34, 0xF5F3, 0xE44B, 0xDC2A, 0xE46B, 0xB347, 0x9285,
  0x92A5, 0x92A5, 0x9AA5, 0x92A5, 0x9AC6, 0xCB67, 0xCB88, 0xCB88, 0xCB88, 0xC367, 0xCB68, 0xC368,
  0xC367, 0xC367, 0xC347, 0xDC4B, 0xFD4F, 0xF52F, 0xFD4F, 0xFD4F, 0xF54F, 0xF54F, 0xFD70, 0xFD70,
  0xF570, 0xF52E, 0xF4CC, 0xF4ED, 0xECAC, 0xCB67, 0xC367, 0xC347, 0xECAC, 0xFD4F, 0xF52E, 0xFD70,
  0xFE35, 0xFE34, 0xFE35, 0xF52E, 0xECAC, 0xF4CD, 0xDC4A, 0xBB47, 0xC367, 0xC367, 0xCBA8, 0xCBA8,
  0xD3A8, 0xB306, 0x5982, 0x69A3, 0x5162, 0x0000, 0x0000, 0x0000, 0x0000, 0x0000, 0x0000, 0x0000,
  0x0000, 0x0000, 0x0000, 0x0000, 0x0000, 0x0000, 0x0000, 0x0000, 0x0000, 0x0000, 0x0000, 0x0000,
  0x0000, 0x0000, 0x0000, 0x0000, 0x0000, 0x0000, 0x0000, 0x0000, 0x0000, 0x0000, 0x0000, 0x0000,
  0x0000, 0x0000, 0x0000, 0x0000, 0x0000, 0x0000, 0x0000, 0x0000, 0x0000, 0x0000, 0x0000, 0x0000,
  0x0000, 0x0000, 0x0000, 0x0000, 0x0000, 0x0000, 0x0000, 0x0000, 0x0000, 0x0000, 0x0000, 0x0000,
  0x0000, 0x0000, 0x0000, 0x0000, 0x0840, 0x8267, 0x92A8, 0x8AA8, 0x8266, 0x8265, 0x8265, 0x8265,
  0x8265, 0x8265, 0x8265, 0xBB47, 0xC367, 0xC326, 0xED50, 0xFE55, 0xFE34, 0xF5F3, 0xDC4B, 0xDC4B,
  0xDC6B, 0xCBA8, 0xC347, 0xC326, 0xCBA8, 0xECED, 0xECCD, 0xECCD, 0xF50E, 0xF50E, 0xF4ED, 0xF570,
  0xF5D3, 0xF5D3, 0xF5B2, 0xF50F, 0xED0E, 0xECEE, 0xF614, 0xFEB7, 0xFE76, 0xFE96, 0xFE97, 0xFE97,
  0xFE97, 0xFE14, 0xFDD3, 0xFDF3, 0xF591, 0xF4ED, 0xF50E, 0xF4CD, 0xCB67, 0xC367, 0xC347, 0xECEE,
  0xFD91, 0xF570, 0xFDB1, 0xFE34, 0xFE14, 0xFE35, 0xD42B, 0xC347, 0xCB88, 0xC367, 0xC367, 0xC367,
  0xC367, 0xEC8B, 0xEC8C, 0xF4CC, 0xC3A9, 0x5962, 0x69C3, 0x5162, 0x0000, 0x0000, 0x0000, 0x0000,
  0x0000, 0x0000, 0x0000, 0x0000, 0x0000, 0x0000, 0x0000, 0x0000, 0x0000, 0x0000, 0x0000, 0x0000,
  0x0000, 0x0000, 0x0000, 0x0000, 0x0000, 0x0000, 0x0000, 0x0000, 0x0000, 0x0000, 0x0000, 0x0000,
  0x0000, 0x0000, 0x0000, 0x0000, 0x0000, 0x0000, 0x0000, 0x0000, 0x0000, 0x0000, 0x0000, 0x0000,
  0x0000, 0x0000, 0x0000, 0x0000, 0x0000, 0x0000, 0x0000, 0x0000, 0x0000, 0x0000, 0x0000, 0x0000,
  0x0000, 0x0000, 0x0000, 0x0000, 0x0000, 0x0000, 0x0000, 0x0820, 0x6207, 0x6A28, 0x6228, 0x7A46,
  0x8265, 0x8265, 0x8265, 0x8265, 0x7A45, 0x8265, 0xBB47, 0xC367, 0xC326, 0xED50, 0xFE55, 0xFE34,
  0xF5F3, 0xDC4B, 0xDC4B, 0xDC6B, 0xD3A8, 0xCB47, 0xCB47, 0xDC0A, 0xFD4E, 0xF50D, 0xF50E, 0xF54F,
  0xF54F, 0xF52F, 0xFDD2, 0xFE55, 0xFE34, 0xFE13, 0xFD70, 0xFD70, 0xF54F, 0xFE34, 0xFED8, 0xFEB8,
  0xFEB8, 0xFEB8, 0xFEB8, 0xFED8, 0xF635, 0xF5D3, 0xF5F4, 0xF5B2, 0xF4ED, 0xF50E, 0xECCD, 0xCB67,
  0xC367, 0xC347, 0xECEE, 0xFDB1, 0xF590, 0xFDB2, 0xFE34, 0xFE14, 0xFE55, 0xD3EA, 0xC326, 0xC367,
  0xC367, 0xC367, 0xC347, 0xC388, 0xF4CC, 0xF4CC, 0xFD0D, 0xC3C9, 0x5962, 0x69C3, 0x5162, 0x0000,
  0x0000, 0x0000, 0x0000, 0x0000, 0x0000, 0x0000, 0x0000, 0x0000, 0x0000, 0x0000, 0x0000, 0x0000,
  0x0000, 0x0000, 0x0000, 0x0000, 0x0000, 0x0000, 0x0000, 0x0000, 0x0000, 0x0000, 0x0000, 0x0000,
  0x0000, 0x0000, 0x0000, 0x0000, 0x0000, 0x0000, 0x0000, 0x0000, 0x0000, 0x0000, 0x0000, 0x0000,
  0x0000, 0x0000, 0x0000, 0x0000, 0x0000, 0x0000, 0x0000, 0x0000, 0x0000, 0x0000, 0x0000, 0x0000,
  0x0000, 0x0000, 0x0000, 0x0000, 0x0000, 0x0000, 0x0000, 0x0000, 0x0000, 0x0000, 0x0820, 0x6A27,
  0x7248, 0x7248, 0x7A66, 0x8265, 0x8265, 0x8265, 0x8265, 0x8265, 0x8265, 0xBB47, 0xC367, 0xC326,
  0xED50, 0xFE55, 0xFE34, 0xF5F3, 0xDC4B, 0xDC4B, 0xDC4B, 0xD3A8, 0xCB67, 0xCB67, 0xDC0A, 0xFD8F,
  0xFD6F, 0xFD6F, 0xFD70, 0xFD90, 0xFD6F, 0xFE14, 0xFE75, 0xFE55, 0xFE34, 0xFD90, 0xFD91, 0xFD70,
  0xFE76, 0xFF19, 0xFEF9, 0xFEF9, 0xFF19, 0xFEF9, 0xFEF9, 0xFE96, 0xFE54, 0xFE75, 0xFDF2, 0xFD6E,
  0xFD6F, 0xFD0E, 0xCB87, 0xCB67, 0xC347, 0xECEE, 0xFDB1, 0xF590, 0xFDB2, 0xFE34, 0xFE34, 0xFE55,
  0xD3EA, 0xC326, 0xC347, 0xC347, 0xC367, 0xC347, 0xC388, 0xECCC, 0xF4CC, 0xFD0D, 0xC3C9, 0x69A2,
  0x71E3, 0x5982, 0x0000, 0x0000, 0x0000, 0x0000, 0x0000, 0x0000, 0x0000, 0x0000, 0x0000, 0x0000,
  0x0000, 0x0000, 0x0000, 0x0000, 0x0000, 0x0000, 0x0000, 0x0000, 0x0000, 0x0000, 0x0000, 0x0000,
  0x0000, 0x0000, 0x0000, 0x0000, 0x0000, 0x0000, 0x0000, 0x0000, 0x0000, 0x0000, 0x0000, 0x0000,
  0x0000, 0x0000, 0x0000, 0x0000, 0x0000, 0x0000, 0x0000, 0x0000, 0x0000, 0x0000, 0x0000, 0x0000,
  0x0000, 0x0000, 0x0000, 0x0000, 0x0000, 0x0000, 0x0000, 0x0000, 0x0000, 0x0000, 0x0000, 0x0000,
  0x0000, 0x0820, 0x59C6, 0x59E7, 0x59E7, 0x7226, 0x8265, 0x8265, 0x8265, 0x7A65, 0x7A45, 0x8265,
  0xBB47, 0xC367, 0xBB26, 0xE550, 0xFE55, 0xFE34, 0xF5F3, 0xE44B, 0xDC4B, 0xE46B, 0xC388, 0xB306,
  0xB306, 0xAB27, 0x9B49, 0x9B49, 0x9B29, 0xBBEA, 0xC42B, 0xC3EB, 0xD48D, 0xE50F, 0xE50F, 0xE50F,
  0xE4AD, 0xE48C, 0xE48C, 0xE530, 0xE592, 0xE571, 0xE551, 0xCD11, 0xCD11, 0xD531, 0xAC2D, 0x9BCC,
  0x9BED, 0x9BAB, 0x9B28, 0x9B29, 0xA349, 0xCB67, 0xCB67, 0xC347, 0xECEE, 0xFDB1, 0xF590, 0xFDB2,
  0xFE34, 0xFE34, 0xFE35, 0xE48C, 0xD3E9, 0xD409, 0xD3C9, 0xC367, 0xC367, 0xCB88, 0xF4ED, 0xF4ED,
  0xFD4E, 0xC3EA, 0x4921, 0x5142, 0x4101, 0x0000, 0x0000, 0x0000, 0x0000, 0x0000, 0x0000, 0x0000,
  0x0000, 0x0000, 0x0000, 0x0000, 0x0000, 0x0000, 0x0000, 0x0000, 0x0000, 0x0000, 0x0000, 0x0000,
  0x0000, 0x0000, 0x0000, 0x0000, 0x0000, 0x0000, 0x0000, 0x0000, 0x0000, 0x0000, 0x0000, 0x0000,
  0x0000, 0x0000, 0x0000, 0x0000, 0x0000, 0x0000, 0x0000, 0x0000, 0x0000, 0x0000, 0x0000, 0x0000,
  0x0000, 0x0000, 0x0000, 0x0000, 0x0000, 0x0000, 0x0000, 0x0000, 0x0000, 0x0000, 0x0000, 0x0000,
  0x0000, 0x0000, 0x0000, 0x0000, 0x0000, 0x0841, 0x0841, 0x0021, 0x51A4, 0x8A85, 0x8265, 0x8265,
  0x7A45, 0x7A45, 0x7A45, 0xBB27, 0xC347, 0xBB06, 0xE530, 0xFE55, 0xFE34, 0xF5F3, 0xE46B, 0xE44B,
  0xE46B, 0xAB27, 0x8A65, 0x9AA5, 0x5163, 0x0000, 0x0000, 0x0000, 0x59C3, 0x7204, 0x61C4, 0x9A85,
  0xC326, 0xBB26, 0xBB26, 0xBB26, 0xBB26, 0xBB27, 0xBB26, 0xBB26, 0xC326, 0xB306, 0x8A44, 0x8224,
  0x9264, 0x28E2, 0x0000, 0x0020, 0x0000, 0x0000, 0x0000, 0x1040, 0xC347, 0xCB67, 0xC347, 0xECEE,
  0xFDB1, 0xFD90, 0xFDB2, 0xFE34, 0xFE34, 0xFE35, 0xF54F, 0xF4ED, 0xFD0E, 0xE46B, 0xCB67, 0xCB87,
  0xCBA8, 0xF50E, 0xF52F, 0xFDB0, 0xA3AA, 0x0000, 0x0000, 0x0000, 0x0000, 0x0000, 0x0000, 0x0000,
  0x0000, 0x0000, 0x0000, 0x0000, 0x0000, 0x0000, 0x0000, 0x0000, 0x0000, 0x0000, 0x0000, 0x0000,
  0x0000, 0x0000, 0x0000, 0x0000, 0x0000, 0x0000, 0x0000, 0x0000, 0x0000, 0x0000, 0x0000, 0x0000,
  0x0000, 0x0000, 0x0000, 0x0000, 0x0000, 0x0000, 0x0000, 0x0000, 0x0000, 0x0000, 0x0000, 0x0000,
  0x0000, 0x0000, 0x0000, 0x0000, 0x0000, 0x0000, 0x0000, 0x0000, 0x0000, 0x0000, 0x0000, 0x0000,
  0x0000, 0x0000, 0x0000, 0x0000, 0x0000, 0x0000, 0x0000, 0x0000, 0x0021, 0x0841, 0x0001, 0x5183,
  0x8A85, 0x7A45, 0x7A45, 0x7A45, 0x7A45, 0x7A65, 0xBB47, 0xC347, 0xBB26, 0xED50, 0xFE55, 0xFE35,
  0xFDF3, 0xE46B, 0xE44B, 0xE46B, 0xB327, 0x9285, 0xA2C6, 0x61A3, 0x0000, 0x0000, 0x0820, 0x61E4,
  0x7224, 0x7204, 0xAAE6, 0xC367, 0xC347, 0xC347, 0xC347, 0xC347, 0xC347, 0xC347, 0xC367, 0xC367,
  0xBB47, 0x9285, 0x8A65, 0x9285, 0x3923, 0x0861, 0x1082, 0x0841, 0x0000, 0x0000, 0x2081, 0xC367,
  0xCB67, 0xC347, 0xECEE, 0xFDB1, 0xFD91, 0xFDD2, 0xFE34, 0xFE34, 0xFE35, 0xF52F, 0xF4CC, 0xF4ED,
  0xE46B, 0xCB67, 0xCB67, 0xCB88, 0xF52E, 0xF54F, 0xFDB0, 0xA38A, 0x0000, 0x0000, 0x0000, 0x0000,
  0x0000, 0x0000, 0x0000, 0x0000, 0x0000, 0x0000, 0x0000, 0x0000, 0x0000, 0x0000, 0x0000, 0x0000,
  0x0000, 0x0000, 0x0000, 0x0000, 0x0000, 0x0000, 0x0000, 0x0000, 0x0000, 0x0000, 0x0000, 0x0000,
  0x0000, 0x0000, 0x0000, 0x0000, 0x0000, 0x0000, 0x0000, 0x0000, 0x0000, 0x0000, 0x0000, 0x0000,
  0x0000, 0x0000, 0x0000, 0x0000, 0x0000, 0x0000, 0x0000, 0x0000, 0x0000, 0x0000, 0x0000, 0x0000,
  0x0000, 0x0000, 0x0000, 0x0000, 0x0000, 0x0000, 0x0000, 0x0000, 0x0000, 0x0000, 0x0000, 0x0021,
  0x0841, 0x0001, 0x5183, 0x8A85, 0x8A65, 0x8285, 0x7A45, 0x7A45, 0x8265, 0xBB27, 0xBB47, 0xB306,
  0xE550, 0xFE55, 0xFE14, 0xF5F3, 0xE46B, 0xE44B, 0xE48C, 0xAB27, 0x8A45, 0xA2C6, 0x61A3, 0x0000,
  0x0000, 0x0000, 0x6205, 0x7A86, 0x7A66, 0xAB48, 0xC388, 0xC388, 0xC388, 0xC388, 0xC3A9, 0xC3A9,
  0xC3A9, 0xC3A9, 0xCBA9, 0xBB68, 0x92C6, 0x9AE7, 0x9AE7, 0x3943, 0x0882, 0x18E3, 0x1061, 0x0000,
  0x0000, 0x2081, 0xCB67, 0xCB67, 0xC347, 0xED0E, 0xFDB1, 0xFD91, 0xFDD2, 0xFE34, 0xFE34, 0xFE35,
  0xF52F, 0xF4ED, 0xF50E, 0xE48B, 0xCB87, 0xCB88, 0xD3A8, 0xF52E, 0xF52F, 0xFD8F, 0xA389, 0x0000,
  0x0000, 0x0000, 0x0000, 0x0000, 0x0000, 0x0000, 0x0000, 0x0000, 0x0000, 0x0000, 0x0000, 0x0000,
  0x0000, 0x0000, 0x0000, 0x0000, 0x0000, 0x0000, 0x0000, 0x0000, 0x0000, 0x0000, 0x0000, 0x0000,
  0x0000, 0x0000, 0x0000, 0x0000, 0x0000, 0x0000, 0x0000, 0x0000, 0x0000, 0x0000, 0x0000, 0x0000,
  0x0000, 0x0000, 0x0000, 0x0000, 0x0000, 0x0000, 0x0000, 0x0000, 0x0000, 0x0000, 0x0000, 0x0000,
  0x0000, 0x0000, 0x0000, 0x0000, 0x0000, 0x0000, 0x0000, 0x0000, 0x0000, 0x0000, 0x0000, 0x0000,
  0x0000, 0x0000, 0x0000, 0x0000, 0x0000, 0x7A24, 0xD387, 0xCB67, 0xB327, 0x7245, 0x7A45, 0x7A65,
  0x8265, 0x8A85, 0x8265, 0xB347, 0xD3E9, 0xCB88, 0xD3C9, 0xF4CD, 0xECAC, 0xF4ED, 0x8AC6, 0x69C4,
  0x7A45, 0x4942, 0x0000, 0x0000, 0x18C3, 0xC617, 0xCE18, 0xC5F7, 0xDEBA, 0xE71B, 0xE6FB, 0xE71B,
  0xEF3C, 0xEF3C, 0xEF3C, 0xEF3C, 0xEF3C, 0xEF3C, 0xEF1B, 0xD679, 0xD679, 0xD679, 0xA534, 0x94B2,
  0xA534, 0x5AEB, 0x0000, 0x0000, 0x1881, 0xC367, 0xCB67, 0xC347, 0xED0E, 0xFDB1, 0xFD91, 0xFDB2,
  0xFE34, 0xFE34, 0xFE35, 0xFD70, 0xF50E, 0xF52E, 0xF50E, 0xF4ED, 0xF50E, 0xF4ED, 0xD3C8, 0xCB87,
  0xDBC8, 0x8A65, 0x0000, 0x0000, 0x0000, 0x0000, 0x0000, 0x0000, 0x0000, 0x0000, 0x0000, 0x0000,
  0x0000, 0x0000, 0x0000, 0x0000, 0x0000, 0x0000, 0x0000, 0x0000, 0x0000, 0x0000, 0x0000, 0x0000,
  0x0000, 0x0000, 0x0000, 0x0000, 0x0000, 0x0000, 0x0000, 0x0000, 0x0000, 0x0000, 0x0000, 0x0000,
  0x0000, 0x0000, 0x0000, 0x0000, 0x0000, 0x0000, 0x0000, 0x0000, 0x0000, 0x0000, 0x0000, 0x0000,
  0x0000, 0x0000, 0x0000, 0x0000, 0x0000, 0x0000, 0x0000, 0x0000, 0x0000, 0x0000, 0x0000, 0x0000,
  0x0000, 0x0000, 0x0000, 0x0000, 0x0000, 0x0000, 0x0000, 0x0000, 0x8244, 0xDBC8, 0xD387, 0xB326,
  0x7A45, 0x7A45, 0x7A65, 0x7A65, 0x7A45, 0x7A45, 0xAB06, 0xCB67, 0xC346, 0xCB67, 0xF4CD, 0xF4ED,
  0xF4ED, 0x92C6, 0x61E4, 0x7225, 0x4943, 0x0000, 0x0000, 0x2104, 0xD679, 0xD679, 0xCE59, 0xDEFB,
  0xEF7D, 0xEF5D, 0xEF5D, 0xF79E, 0xF79E, 0xF79E, 0xF79E, 0xF79E, 0xF79E, 0xF79E, 0xDEDB, 0xD6BA,
  0xDEDB, 0xBDF7, 0xA534, 0xB5B6, 0x6B6D, 0x0000, 0x0000, 0x2081, 0xC367, 0xCB67, 0xC367, 0xECEE,
  0xFDB1, 0xFD91, 0xFDB2, 0xFE35, 0xFE35, 0xFE35, 0xFD70, 0xFD2E, 0xFD2E, 0xF52E, 0xFD2E, 0xFD2E,
  0xF50E, 0xCB88, 0xC347, 0xD3A7, 0x8A44, 0x0000, 0x0000, 0x0000, 0x0000, 0x0000, 0x0000, 0x0000,
  0x0000, 0x0000, 0x0000, 0x0000, 0x0000, 0x0000, 0x0000, 0x0000, 0x0000, 0x0000, 0x0000, 0x0000,
  0x0000, 0x0000, 0x0000, 0x0000, 0x0000, 0x0000, 0x0000, 0x0000, 0x0000, 0x0000, 0x0000, 0x0000,
  0x0000, 0x0000, 0x0000, 0x0000, 0x0000, 0x0000, 0x0000, 0x0000, 0x0000, 0x0000, 0x0000, 0x0000,
  0x0000, 0x0000, 0x0000, 0x0000, 0x0000, 0x0000, 0x0000, 0x0000, 0x0000, 0x0000, 0x0000, 0x0000,
  0x0000, 0x0000, 0x0000, 0x0000, 0x0000, 0x0000, 0x0000, 0x0000, 0x0000, 0x0000, 0x0000, 0x8244,
  0xDBA8, 0xCB87, 0xBB27, 0x7A45, 0x7A45, 0x7A65, 0x8265, 0x8265, 0x7A45, 0xB327, 0xCB87, 0xC347,
  0xCBA8, 0xF4CD, 0xF4CD, 0xF50D, 0x8AA6, 0x5983, 0x69E4, 0x3902, 0x0000, 0x0000, 0x10A3, 0xCE7A,
  0xCE9A, 0xCE79, 0xDF1C, 0xEF7E, 0xEF5D, 0xEF7E, 0xF7BF, 0xF7BF, 0xF7BF, 0xF7BF, 0xF7BF, 0xF7BF,
  0xEF9E, 0xD6DB, 0xD6DB, 0xDEFC, 0xB5D7, 0x9D14, 0xB5B6, 0x632D, 0x0000, 0x0000, 0x1020, 0xC347,
  0xC367, 0xC326, 0xECEE, 0xFDB1, 0xF590, 0xFDB2, 0xFE35, 0xFE35, 0xFE35, 0xFD70, 0xF52E, 0xF52E,
  0xF52E, 0xF50E, 0xF52E, 0xF4ED, 0xCB88, 0xCB67, 0xDBA8, 0x8A45, 0x0000, 0x0000, 0x0000, 0x0000,
  0x0000, 0x0000, 0x0000, 0x0000, 0x0000, 0x0000, 0x0000, 0x0000, 0x0000, 0x0000, 0x0000, 0x0000,
  0x0000, 0x0000, 0x0000, 0x0000, 0x0000, 0x0000, 0x0000, 0x0000, 0x0000, 0x0000, 0x0000, 0x0000,
  0x0000, 0x0000, 0x0000, 0x0000, 0x0000, 0x0000, 0x0000, 0x0000, 0x0000, 0x0000, 0x0000, 0x0000,
  0x0000, 0x0000, 0x0000, 0x0000, 0x0000, 0x0000, 0x0000, 0x0000, 0x0000, 0x0000, 0x0000, 0x0000,
  0x0000, 0x0000, 0x0000, 0x0000, 0x0000, 0x0000, 0x0000, 0x0000, 0x0000, 0x0000, 0x0000, 0x0000,
  0x0000, 0x0000, 0x8224, 0xD3A7, 0xCB67, 0xBB27, 0x7A45, 0x8265, 0x8265, 0x8265, 0x8265, 0x7A45,
  0xAB06, 0xCB67, 0xC347, 0xCB88, 0xF4ED, 0xF4ED, 0xF50D, 0xBBEA, 0xA348, 0xAB89, 0x8AC7, 0x61E5,
  0x61E5, 0x72A8, 0xE5D4, 0xE5D4, 0xE5D4, 0xEE36, 0xF656, 0xF656, 0xF676, 0xF697, 0xF697, 0xF697,
  0xF697, 0xF697, 0xF697, 0xF676, 0xE5D4, 0xE5F4, 0xE5F4, 0xD573, 0xCD52, 0xD593, 0xA40D, 0x61E5,
  0x61E5, 0x7246, 0xDC2A, 0xDC2A, 0xDC0A, 0xF52F, 0xFDB1, 0xF591, 0xFDB2, 0xFE35, 0xFE35, 0xFE35,
  0xFD70, 0xF52E, 0xF52E, 0xFD4F, 0xFD70, 0xFD70, 0xF550, 0xCBA8, 0xCB67, 0xDBC8, 0x8A65, 0x0000,
  0x0000, 0x0000, 0x0000, 0x0000, 0x0000, 0x0000, 0x0000, 0x0000, 0x0000, 0x0000, 0x0000, 0x0000,
  0x0000, 0x0000, 0x0000, 0x0000, 0x0000, 0x0000, 0x0000, 0x0000, 0x0000, 0x0000, 0x0000, 0x0000,
  0x0000, 0x0000, 0x0000, 0x0000, 0x0000, 0x0000, 0x0000, 0x0000, 0x0000, 0x0000, 0x0000, 0x0000,
  0x0000, 0x0000, 0x0000, 0x0000, 0x0000, 0x0000, 0x0000, 0x0000, 0x0000, 0x0000, 0x0000, 0x0000,
  0x0000, 0x0000, 0x0000, 0x0000, 0x0000, 0x0000, 0x0000, 0x0000, 0x0000, 0x0000, 0x0000, 0x0000,
  0x0000, 0x0000, 0x0000, 0x0000, 0x0000, 0x8224, 0xD387, 0xC367, 0xB327, 0x7A45, 0x8265, 0x8265,
  0x8265, 0x8265, 0x7A45, 0xA2E6, 0xC347, 0xBB47, 0xC368, 0xF4ED, 0xF50E, 0xF4ED, 0xFD6F, 0xFDB0,
  0xFDB0, 0xFD70, 0xFD2E, 0xFD2E, 0xFD2E, 0xFD0D, 0xFD0D, 0xFD0D, 0xF50D, 0xFD0D, 0xFD2E, 0xFD0E,
  0xFD2E, 0xFD2E, 0xFD2E, 0xFD2E, 0xFD2E, 0xFD2E, 0xF50E, 0xF4CC, 0xF4CC, 0xF4AB, 0xFD2E, 0xFD6F,
  0xFD4F, 0xFD4E, 0xFD0D, 0xFD0D, 0xFD2E, 0xFD2E, 0xFD4F, 0xFD4F, 0xFD70, 0xFDB1, 0xFD91, 0xFDD2,
  0xFE35, 0xFE35, 0xFE35, 0xF570, 0xF52E, 0xF52E, 0xFD70, 0xFDF3, 0xFE13, 0xF5D3, 0xD3A8, 0xCB67,
  0xDBC8, 0x8A65, 0x0000, 0x0000, 0x0000, 0x0000, 0x0000, 0x0000, 0x0000, 0x0000, 0x0000, 0x0000,
  0x0000, 0x0000, 0x0000, 0x0000, 0x0000, 0x0000, 0x0000, 0x0000, 0x0000, 0x0000, 0x0000, 0x0000,
  0x0000, 0x0000, 0x0000, 0x0000, 0x0000, 0x0000, 0x0000, 0x0000, 0x0000, 0x0000, 0x0000, 0x0000,
  0x0000, 0x0000, 0x0000, 0x0000, 0x0000, 0x0000, 0x0000, 0x0000, 0x0000, 0x0000, 0x0000, 0x0000,
  0x0000, 0x0000, 0x0000, 0x0000, 0x0000, 0x0000, 0x0000, 0x0000, 0x0000, 0x0000, 0x0000, 0x0000,
  0x0000, 0x0000, 0x0000, 0x0000, 0x0000, 0x0000, 0x0000, 0x0000, 0x7A24, 0xD387, 0xC367, 0xB306,
  0x8245, 0x8265, 0x8265, 0x8265, 0x8265, 0x7A45, 0xAAE6, 0xC347, 0xBB27, 0xC368, 0xF50D, 0xF50E,
  0xF50D, 0xF52F, 0xF550, 0xF570, 0xF52F, 0xECEE, 0xECEE, 0xECED, 0xF52E, 0xF52E, 0xF52E, 0xF52F,
  0xF54F, 0xF52F, 0xF54F, 0xFD70, 0xFD70, 0xFD70, 0xFD70, 0xF570, 0xF570, 0xF54F, 0xF4ED, 0xF4ED,
  0xF4ED, 0xF52F, 0xF550, 0xF550, 0xF52E, 0xECCC, 0xECCD, 0xF4CD, 0xF50E, 0xF52E, 0xF52E, 0xFD70,
  0xFD91, 0xFD91, 0xFDD2, 0xFE35, 0xFE35, 0xFE35, 0xF570, 0xF52E, 0xF52E, 0xFD70, 0xFDF3, 0xFDF3,
  0xF5D2, 0xD3A8, 0xCB67, 0xDBC8, 0x8A65, 0x0000, 0x0000, 0x0000, 0x0000, 0x0000, 0x0000, 0x0000,
  0x0000, 0x0000, 0x0000, 0x0000, 0x0000, 0x0000, 0x0000, 0x0000, 0x0000, 0x0000, 0x0000, 0x0000,
  0x0000, 0x0000, 0x0000, 0x0000, 0x0000, 0x0000, 0x0000, 0x0000, 0x0000, 0x0000, 0x0000, 0x0000,
  0x0000, 0x0000, 0x0000, 0x0000, 0x0000, 0x0000, 0x0000, 0x0000, 0x0000, 0x0000, 0x0000, 0x0000,
  0x0000, 0x0000, 0x0000, 0x0000, 0x0000, 0x0000, 0x0000, 0x0000, 0x0000, 0x0000, 0x0000, 0x0000,
  0x0000, 0x0000, 0x0000, 0x0000, 0x0000, 0x0000, 0x0000, 0x0000, 0x0000, 0x0000, 0x0000, 0x8224,
  0xDBA7, 0xCB67, 0xB306, 0x8245, 0x8265, 0x8265, 0x8265, 0x8265, 0x7A65, 0xAB06, 0xC347, 0xBB27,
  0xC388, 0xF50D, 0xF50D, 0xF4ED, 0xF54F, 0xFD70, 0xFD70, 0xF54F, 0xF50E, 0xED0E, 0xED0E, 0xF52E,
  0xF52E, 0xF52E, 0xFD4F, 0xF52F, 0xF52E, 0xF54F, 0xFD6F, 0xFD70, 0xFD70, 0xFD70, 0xFD70, 0xFD70,
  0xF54F, 0xF4ED, 0xF4ED, 0xF4CD, 0xF52F, 0xF550, 0xF54F, 0xF52E, 0xF4ED, 0xF4ED, 0xF4ED, 0xF52E,
  0xF52E, 0xF52E, 0xFD70, 0xFD91, 0xFD91, 0xFDD2, 0xFE35, 0xFE35, 0xFE35, 0xF570, 0xF52E, 0xF52E,
  0xFD70, 0xFE13, 0xFE13, 0xF5D2, 0xD3A8, 0xCB67, 0xDBC8, 0x8A65, 0x0000, 0x0000, 0x0000, 0x0000,
  0x0000, 0x0000, 0x0000, 0x0000, 0x0000, 0x0000, 0x0000, 0x0000, 0x0000, 0x0000, 0x0000, 0x0000,
  0x0000, 0x0000, 0x0000, 0x0000, 0x0000, 0x0000, 0x0000, 0x0000, 0x0000, 0x0000, 0x0000, 0x0000,
  0x0000, 0x0000, 0x0000, 0x0000, 0x0000, 0x0000, 0x0000, 0x0000, 0x0000, 0x0000, 0x0000, 0x0000,
  0x0000, 0x0000, 0x0000, 0x0000, 0x0000, 0x0000, 0x0000, 0x0000, 0x0000, 0x0000, 0x0000, 0x0000,
  0x0000, 0x0000, 0x0000, 0x0000, 0x0000, 0x0000, 0x0000, 0x0000, 0x0000, 0x0000, 0x0000, 0x0000,
  0x0000, 0x0000, 0x3123, 0x51E6, 0x41A5, 0x6A26, 0xC347, 0xBB47, 0xB327, 0x8265, 0x8265, 0x8265,
  0x8A85, 0x8A85, 0x8A85, 0x9AA6, 0xC368, 0xC388, 0xC388, 0xC388, 0xC388, 0xC388, 0xC388, 0xC368,
  0xC368, 0xBB68, 0xBB68, 0xC368, 0xBB68, 0xDBE9, 0xE42A, 0xE42A, 0xE42A, 0xE44A, 0xE44A, 0xE44A,
  0xE44A, 0xE42A, 0xE42A, 0xE42A, 0xE429, 0xE429, 0xE409, 0xECCC, 0xF52E, 0xF50E, 0xF52E, 0xF54F,
  0xF54F, 0xF570, 0xFDF3, 0xFE14, 0xFE13, 0xFE14, 0xFE14, 0xFE14, 0xFE13, 0xFDB2, 0xFDB2, 0xFDB2,
  0xF54F, 0xF52E, 0xF52E, 0xF52F, 0xF54F, 0xFD4F, 0xF52E, 0xD3A8, 0xCB67, 0xDBC8, 0x8A65, 0x0000,
  0x0000, 0x0000, 0x0000, 0x0000, 0x0000, 0x0000, 0x0000, 0x0000, 0x0000, 0x0000, 0x0000, 0x0000,
  0x0000, 0x0000, 0x0000, 0x0000, 0x0000, 0x0000, 0x0000, 0x0000, 0x0000, 0x0000, 0x0000, 0x0000,
  0x0000, 0x0000, 0x0000, 0x0000, 0x0000, 0x0000, 0x0000, 0x0000, 0x0000, 0x0000, 0x0000, 0x0000,
  0x0000, 0x0000, 0x0000, 0x0000, 0x0000, 0x0000, 0x0000, 0x0000, 0x0000, 0x0000, 0x0000, 0x0000,
  0x0000, 0x0000, 0x0000, 0x0000, 0x0000, 0x0000, 0x0000, 0x0000, 0x0000, 0x0000, 0x0000, 0x0000,
  0x0000, 0x0000, 0x0000, 0x0000, 0x0000, 0x18C3, 0x2965, 0x1925, 0x5A06, 0xD388, 0xC367, 0xC367,
  0x8265, 0x8265, 0x8265, 0x8265, 0x8245, 0x8245, 0x8265, 0xB306, 0xBB27, 0xBB27, 0xBB27, 0xBB27,
  0xBB26, 0xBB26, 0xB327, 0xB327, 0xB307, 0xB327, 0xB327, 0xB307, 0xCB88, 0xE409, 0xE3E9, 0xE3E9,
  0xE409, 0xE3E9, 0xE409, 0xE409, 0xE3E9, 0xE3E9, 0xE3E9, 0xE3E9, 0xE3E9, 0xDBE8, 0xECAC, 0xF50E,
  0xF50D, 0xF52E, 0xFD70, 0xF570, 0xFD91, 0xFE35, 0xFE35, 0xFE35, 0xFE35, 0xFE35, 0xFE35, 0xFE14,
  0xFD91, 0xFD91, 0xFDB1, 0xF54F, 0xF52E, 0xF52E, 0xF52E, 0xF50E, 0xF50E, 0xF50D, 0xCB88, 0xCB67,
  0xDBC8, 0x8A65, 0x0000, 0x0000, 0x0000, 0x0000, 0x0000, 0x0000, 0x0000, 0x0000, 0x0000, 0x0000,
  0x0000, 0x0000, 0x0000, 0x0000, 0x0000, 0x0000, 0x0000, 0x0000, 0x0000, 0x0000, 0x0000, 0x0000,
  0x0000, 0x0000, 0x0000, 0x0000, 0x0000, 0x0000, 0x0000, 0x0000, 0x0000, 0x0000, 0x0000, 0x0000,
  0x0000, 0x0000, 0x0000, 0x0000, 0x0000, 0x0000, 0x0000, 0x0000, 0x0000, 0x0000, 0x0000, 0x0000,
  0x0000, 0x0000, 0x0000, 0x0000, 0x0000, 0x0000, 0x0000, 0x0000, 0x0000, 0x0000, 0x0000, 0x0000,
  0x0000, 0x0000, 0x0000, 0x0000, 0x0000, 0x0000, 0x0000, 0x0000, 0x18E3, 0x3185, 0x2125, 0x59E5,
  0xD387, 0xCB67, 0xCB67, 0x8A65, 0x8245, 0x8245, 0x8265, 0x8265, 0x8245, 0x8A85, 0xBB47, 0xC347,
  0xBB47, 0xBB47, 0xBB47, 0xBB47, 0xBB27, 0xB327, 0xB327, 0xB306, 0xB306, 0xB306, 0xAAE6, 0xD3A8,
  0xE409, 0xE409, 0xE409, 0xE409, 0xE3E9, 0xE3E9, 0xE409, 0xE409, 0xE409, 0xE3E9, 0xE3E9, 0xE3E9,
  0xDBC8, 0xEC8C, 0xF50D, 0xF4ED, 0xF50E, 0xFD70, 0xFD4F, 0xFD70, 0xFE14, 0xFE34, 0xFE34, 0xFE35,
  0xFE35, 0xFE35, 0xFE14, 0xFD91, 0xFDB1, 0xF5B1, 0xFD4F, 0xFD2E, 0xF52F, 0xFD4F, 0xFD2E, 0xFD4E,
  0xF52E, 0xD3A8, 0xCB67, 0xDBC8, 0x8A65, 0x0000, 0x0000, 0x0000, 0x0000, 0x0000, 0x0000, 0x0000,
  0x0000, 0x0000, 0x0000, 0x0000, 0x0000, 0x0000, 0x0000, 0x0000, 0x0000, 0x0000, 0x0000, 0x0000,
  0x0000, 0x0000, 0x0000, 0x0000, 0x0000, 0x0000, 0x0000, 0x0000, 0x0000, 0x0000, 0x0000, 0x0000,
  0x0000, 0x0000, 0x0000, 0x0000, 0x0000, 0x0000, 0x0000, 0x0000, 0x0000, 0x0000, 0x0000, 0x0000,
  0x0000, 0x0000, 0x0000, 0x0000, 0x0000, 0x0000, 0x0000, 0x0000, 0x0000, 0x0000, 0x0000, 0x0000,
  0x0000, 0x0000, 0x0000, 0x0000, 0x0000, 0x0000, 0x0000, 0x0000, 0x0000, 0x0000, 0x0000, 0x2104,
  0x39C7, 0x2986, 0x5206, 0xAB07, 0xA2E7, 0xA2E6, 0x9285, 0x8A85, 0x8A85, 0x8265, 0x8265, 0x8265,
  0x8A65, 0xB306, 0xAB06, 0xAB06, 0xBB27, 0xBB47, 0xBB47, 0xC368, 0xC3A8, 0xC388, 0xC3A9, 0xC3EA,
  0xC3CA, 0xC3EB, 0xDC4B, 0xEC4A, 0xE44A, 0xE44A, 0xE44A, 0xE44A, 0xE44A, 0xE44A, 0xE44A, 0xE44A,
  0xE44A, 0xE44A, 0xE44A, 0xE42A, 0xF4EE, 0xFD90, 0xF570, 0xFD91, 0xFDD2, 0xFDD2, 0xFDD2, 0xFE55,
  0xFE55, 0xFE55, 0xFE55, 0xFE35, 0xFE35, 0xFE14, 0xFD91, 0xFD91, 0xFD91, 0xF52E, 0xF4ED, 0xF50D,
  0xECED, 0xE4AC, 0xE4AC, 0xE48C, 0xBB47, 0xBB27, 0xCB87, 0x7A24, 0x0000, 0x0000, 0x0000, 0x0000,
  0x0000, 0x0000, 0x0000, 0x0000, 0x0000, 0x0000, 0x0000, 0x0000, 0x0000, 0x0000, 0x0000, 0x0000,
  0x0000, 0x0000, 0x0000, 0x0000, 0x0000, 0x0000, 0x0000, 0x0000, 0x0000, 0x0000, 0x0000, 0x0000,
  0x0000, 0x0000, 0x0000, 0x0000, 0x0000, 0x0000, 0x0000, 0x0000, 0x0000, 0x0000, 0x0000, 0x0000,
  0x0000, 0x0000, 0x0000, 0x0000, 0x0000, 0x0000, 0x0000, 0x0000, 0x0000, 0x0000, 0x0000, 0x0000,
  0x0000, 0x0000, 0x0000, 0x0000, 0x0000, 0x0000, 0x0000, 0x0000, 0x0000, 0x0000, 0x0000, 0x0000,
  0x0000, 0x0000, 0x39C7, 0x630C, 0x5AEB, 0x4A49, 0x2124, 0x2145, 0x3165, 0xB307, 0xBB47, 0xBB47,
  0x92A6, 0x7A45, 0x8265, 0x8265, 0x8265, 0x8265, 0x8265, 0xBB27, 0xCB67, 0xC347, 0xE44B, 0xFD4F,
  0xF52E, 0xFD70, 0xFEB8, 0xFEB8, 0xFEF9, 0xFE13, 0xF52F, 0xFD50, 0xFD4F, 0xFD4F, 0xF54F, 0xF54F,
  0xFD4F, 0xFD4F, 0xF54F, 0xF54F, 0xF54F, 0xF54F, 0xF52F, 0xFE55, 0xFEF9, 0xFED8, 0xFED8, 0xFED9,
  0xFED9, 0xFED8, 0xFED8, 0xFED8, 0xFED9, 0xFE97, 0xFE35, 0xFE55, 0xFE14, 0xFD4F, 0xF54F, 0xFD6F,
  0xEC8B, 0xE409, 0xE42A, 0xD3A8, 0xB306, 0xB306, 0xB306, 0x8A85, 0x8245, 0x8A85, 0x5183, 0x0000,
  0x0000, 0x0000, 0x0000, 0x0000, 0x0000, 0x0000, 0x0000, 0x0000, 0x0000, 0x0000, 0x0000, 0x0000,
  0x0000, 0x0000, 0x0000, 0x0000, 0x0000, 0x0000, 0x0000, 0x0000, 0x0000, 0x0000, 0x0000, 0x0000,
  0x0000, 0x0000, 0x0000, 0x0000, 0x0000, 0x0000, 0x0000, 0x0000, 0x0000, 0x0000, 0x0000, 0x0000,
  0x0000, 0x0000, 0x0000, 0x0000, 0x0000, 0x0000, 0x0000, 0x0000, 0x0000, 0x0000, 0x0000, 0x0000,
  0x0000, 0x0000, 0x0000, 0x0000, 0x0000, 0x0000, 0x0000, 0x0000, 0x0000, 0x0000, 0x0000, 0x0000,
  0x0000, 0x0000, 0x0000, 0x0000, 0x0000, 0x39C7, 0x62EB, 0x5ACB, 0x4A69, 0x2944, 0x2945, 0x3165,
  0xB327, 0xBB47, 0xBB47, 0x92A6, 0x8245, 0x8265, 0x8265, 0x8265, 0x8265, 0x8265, 0xBB27, 0xCB87,
  0xC347, 0xDC4B, 0xFD4F, 0xF50E, 0xF52F, 0xFE97, 0xFED8, 0xFED8, 0xFDB2, 0xF54F, 0xF550, 0xF54F,
  0xF54F, 0xF54F, 0xF54F, 0xF54F, 0xF54F, 0xF54F, 0xF54F, 0xF54F, 0xF54F, 0xF52F, 0xFE55, 0xFED9,
  0xFED8, 0xFED8, 0xFED8, 0xFED8, 0xFED8, 0xFED8, 0xFED8, 0xFED9, 0xFE97, 0xFE35, 0xFE56, 0xFE14,
  0xF54F, 0xFD4F, 0xFD70, 0xEC8B, 0xE409, 0xE44A, 0xD3C8, 0xBB27, 0xBB47, 0xBB27, 0x9285, 0x8245,
  0x9285, 0x5983, 0x0000, 0x0000, 0x0000, 0x0000, 0x0000, 0x0000, 0x0000, 0x0000, 0x0000, 0x0000,
  0x0000, 0x0000, 0x0000, 0x0000, 0x0000, 0x0000, 0x0000, 0x0000, 0x0000, 0x0000, 0x0000, 0x0000,
  0x0000, 0x0000, 0x0000, 0x0000, 0x0000, 0x0000, 0x0000, 0x0000, 0x0000, 0x0000, 0x0000, 0x0000,
  0x0000, 0x0000, 0x0000, 0x0000, 0x0000, 0x0000, 0x0000, 0x0000, 0x0000, 0x0000, 0x0000, 0x0000,
  0x0000, 0x0000, 0x0000, 0x0000, 0x0000, 0x0000, 0x0000, 0x0000, 0x0000, 0x0000, 0x0000, 0x0000,
  0x0000, 0x0000, 0x0000, 0x0000, 0x0000, 0x0000, 0x0000, 0x0000, 0x39C7, 0x62EB, 0x5AEB, 0x4A69,
  0x2945, 0x2145, 0x3185, 0xBB47, 0xC367, 0xC367, 0x92A6, 0x7A45, 0x8265, 0x8265, 0x8A85, 0x8265,
  0x8265, 0xBB47, 0xD388, 0xCB47, 0xE46B, 0xFD6F, 0xF50E, 0xF54F, 0xFED8, 0xFED8, 0xFED8, 0xFDD2,
  0xF54F, 0xF570, 0xF550, 0xFD70, 0xFD70, 0xFD70, 0xFD70, 0xF54F, 0xF54F, 0xF54F, 0xF54F, 0xF54F,
  0xF52E, 0xFE55, 0xFEF9, 0xFED9, 0xFED9, 0xFED9, 0xFED9, 0xFEF9, 0xFED9, 0xFED9, 0xFED9, 0xFE97,
  0xFE56, 0xFE76, 0xFE14, 0xFD6F, 0xFD70, 0xFD70, 0xEC8C, 0xE42A, 0xEC4A, 0xDBE9, 0xBB27, 0xBB47,
  0xBB47, 0x8265, 0x8245, 0x9285, 0x5183, 0x0000, 0x0000, 0x0000, 0x0000, 0x0000, 0x0000, 0x0000,
  0x0000, 0x0000, 0x0000, 0x0000, 0x0000, 0x0000, 0x0000, 0x0000, 0x0000, 0x0000, 0x0000, 0x0000,
  0x0000, 0x0000, 0x0000, 0x0000, 0x0000, 0x0000, 0x0000, 0x0000, 0x0000, 0x0000, 0x0000, 0x0000,
  0x0000, 0x0000, 0x0000, 0x0000, 0x0000, 0x0000, 0x0000, 0x0000, 0x0000, 0x0000, 0x0000, 0x0000,
  0x0000, 0x0000, 0x0000, 0x0000, 0x0000, 0x0000, 0x0000, 0x0000, 0x0000, 0x0000, 0x0000, 0x0000,
  0x0000, 0x0000, 0x0000, 0x0000, 0x0000, 0x0000, 0x0000, 0x0000, 0x0000, 0x0000, 0x0000, 0x39E7,
  0x632C, 0x632C, 0x528A, 0x1082, 0x10A2, 0x18C3, 0x41A5, 0x51E6, 0x41A5, 0x8A86, 0xB326, 0xAB06,
  0xA2E6, 0x8265, 0x7A45, 0x7A45, 0x8A85, 0x9286, 0x8265, 0xB348, 0xEC6B, 0xDC09, 0xE46C, 0xFE34,
  0xFDD3, 0xFDD3, 0xFDB2, 0xF570, 0xFD70, 0xF52F, 0xD3C9, 0xD3C9, 0xCBA9, 0xE48C, 0xFD2E, 0xF50D,
  0xF52E, 0xF591, 0xFD70, 0xFD91, 0xFDD2, 0xFDF3, 0xFDD3, 0xFDD3, 0xFDD3, 0xFDD3, 0xFDD3, 0xFDD3,
  0xFDD2, 0xFDF3, 0xF591, 0xF54F, 0xF54F, 0xF50E, 0xEC6B, 0xE44A, 0xE44A, 0xCBA8, 0xBB47, 0xC367,
  0xAB07, 0x8A85, 0x8A85, 0x92A6, 0xC387, 0xC388, 0xDBE8, 0x8265, 0x0000, 0x0000, 0x0000, 0x0000,
  0x0000, 0x0000, 0x0000, 0x0000, 0x0000, 0x0000, 0x0000, 0x0000, 0x0000, 0x0000, 0x0000, 0x0000,
  0x0000, 0x0000, 0x0000, 0x0000, 0x0000, 0x0000, 0x0000, 0x0000, 0x0000, 0x0000, 0x0000, 0x0000,
  0x0000, 0x0000, 0x0000, 0x0000, 0x0000, 0x0000, 0x0000, 0x0000, 0x0000, 0x0000, 0x0000, 0x0000,
  0x0000, 0x0000, 0x0000, 0x0000, 0x0000, 0x0000, 0x0000, 0x0000, 0x0000, 0x0000, 0x0000, 0x0000,
  0x0000, 0x0000, 0x0000, 0x0000, 0x0000, 0x0000, 0x0000, 0x0000, 0x0000, 0x0000, 0x0000, 0x0000,
  0x0000, 0x0000, 0x4208, 0x6B4D, 0x6B4D, 0x4A69, 0x0841, 0x1082, 0x0861, 0x2104, 0x2145, 0x1904,
  0x8286, 0xC367, 0xBB27, 0xAB07, 0x7A45, 0x7A45, 0x7A45, 0x7225, 0x7A45, 0x6A04, 0xA2E6, 0xDBE9,
  0xD3C8, 0xDC2A, 0xF591, 0xF591, 0xF591, 0xF570, 0xF550, 0xF570, 0xED0F, 0xC347, 0xBB27, 0xBB06,
  0xDC2A, 0xFD0D, 0xF4ED, 0xF50E, 0xF591, 0xF591, 0xFD91, 0xF591, 0xF591, 0xF591, 0xF570, 0xF570,
  0xF570, 0xF570, 0xF570, 0xF570, 0xFD91, 0xF54F, 0xF4CC, 0xF4ED, 0xF4CD, 0xDBE9, 0xDBE9, 0xE3E9,
  0xBB47, 0xAAE6, 0xB306, 0x9AA6, 0x7A45, 0x7A45, 0x8265, 0xDBE9, 0xE409, 0xF44A, 0x92A6, 0x0000,
  0x0000, 0x0000, 0x0000, 0x0000, 0x0000, 0x0000, 0x0000, 0x0000, 0x0000, 0x0000, 0x0000, 0x0000,
  0x0000, 0x0000, 0x0000, 0x0000, 0x0000, 0x0000, 0x0000, 0x0000, 0x0000, 0x0000, 0x0000, 0x0000,
  0x0000, 0x0000, 0x0000, 0x0000, 0x0000, 0x0000, 0x0000, 0x0000, 0x0000, 0x0000, 0x0000, 0x0000,
  0x0000, 0x0000, 0x0000, 0x0000, 0x0000, 0x0000, 0x0000, 0x0000, 0x0000, 0x0000, 0x0000, 0x0000,
  0x0000, 0x0000, 0x0000, 0x0000, 0x0000, 0x0000, 0x0000, 0x0000, 0x0000, 0x0000, 0x0000, 0x0000,
  0x0000, 0x0000, 0x0000, 0x0000, 0x0000, 0x4208, 0x6B4D, 0x6B4D, 0x4A69, 0x0861, 0x1082, 0x10A2,
  0x2965, 0x2965, 0x2145, 0x9AC7, 0xCB67, 0xC367, 0xB327, 0x7225, 0x7A45, 0x7A45, 0x7A45, 0x7A45,
  0x7225, 0xAB27, 0xEC2A, 0xDBE9, 0xE42A, 0xFDF2, 0xFE13, 0xFE13, 0xFDB1, 0xFD90, 0xFDB1, 0xF52F,
  0xC367, 0xC367, 0xBB27, 0xE46B, 0xFD4E, 0xF50D, 0xFD2F, 0xFDD2, 0xFDD2, 0xFDD2, 0xFDD2, 0xFDD2,
  0xFDD2, 0xFDD2, 0xFDD2, 0xFDD2, 0xFDB2, 0xFDD2, 0xFDD2, 0xFDD2, 0xFD70, 0xF50D, 0xFD2E, 0xF4ED,
  0xE429, 0xE429, 0xEC29, 0xC367, 0xB306, 0xBB27, 0xA2C6, 0x7A45, 0x7A65, 0x8A85, 0xD3C8, 0xDBE8,
  0xEC29, 0x9285, 0x0000, 0x0000, 0x0000, 0x0000, 0x0000, 0x0000, 0x0000, 0x0000, 0x0000, 0x0000,
  0x0000, 0x0000, 0x0000, 0x0000, 0x0000, 0x0000, 0x0000, 0x0000, 0x0000, 0x0000, 0x0000, 0x0000,
  0x0000, 0x0000, 0x0000, 0x0000, 0x0000, 0x0000, 0x0000, 0x0000, 0x0000, 0x0000, 0x0000, 0x0000,
  0x0000, 0x0000, 0x0000, 0x0000, 0x0000, 0x0000, 0x0000, 0x0000, 0x0000, 0x0000, 0x0000, 0x0000,
  0x0000, 0x0000, 0x0000, 0x0000, 0x0000, 0x0000, 0x0000, 0x0000, 0x0000, 0x0000, 0x0000, 0x0000,
  0x0000, 0x0000, 0x0000, 0x0000, 0x0000, 0x0000, 0x0000, 0x0000, 0x4208, 0x6B4D, 0x6B4D, 0x4A69,
  0x0020, 0x0841, 0x0861, 0x18E3, 0x18E3, 0x18E4, 0x6225, 0x8266, 0x8266, 0x8A86, 0x8A86, 0x92A6,
  0x92A6, 0x8265, 0x7A45, 0x7A45, 0x92C6, 0xBB47, 0xB327, 0xB348, 0xC46D, 0xC46D, 0xC42C, 0xDC8C,
  0xE4AD, 0xE4AD, 0xDC6C, 0xC347, 0xC367, 0xC347, 0xD409, 0xE48B, 0xE44B, 0xE46B, 0xE4CD, 0xE4CD,
  0xE4AD, 0xE4CD, 0xE4CD, 0xE4CD, 0xE4CD, 0xE4CD, 0xE4CD, 0xE4AD, 0xE4AD, 0xE4AD, 0xE4CD, 0xE48C,
  0xE46B, 0xE46B, 0xDC2A, 0xC388, 0xC388, 0xC367, 0xA2E6, 0x9AA6, 0x9AC6, 0x9285, 0x7A45, 0x8265,
  0x8AA6, 0xE46B, 0xE46B, 0xF4CC, 0x9B07, 0x0000, 0x0000, 0x0000, 0x0000, 0x0000, 0x0000, 0x0000,
  0x0000, 0x0000, 0x0000, 0x0000, 0x0000, 0x0000, 0x0000, 0x0000, 0x0000, 0x0000, 0x0000, 0x0000,
  0x0000, 0x0000, 0x0000, 0x0000, 0x0000, 0x0000, 0x0000, 0x0000, 0x0000, 0x0000, 0x0000, 0x0000,
  0x0000, 0x0000, 0x0000, 0x0000, 0x0000, 0x0000, 0x0000, 0x0000, 0x0000, 0x0000, 0x0000, 0x0000,
  0x0000, 0x0000, 0x0000, 0x0000, 0x0000, 0x0000, 0x0000, 0x0000, 0x0000, 0x0000, 0x0000, 0x0000,
  0x0000, 0x0000, 0x0000, 0x0000, 0x0000, 0x0000, 0x0000, 0x0000, 0x0000, 0x0000, 0x0000, 0x4208,
  0x6B4D, 0x6B4D, 0x4A49, 0x0000, 0x0000, 0x0000, 0x0841, 0x0861, 0x0861, 0x18C3, 0x2125, 0x1925,
  0x3165, 0xB327, 0xB327, 0xBB27, 0x8A85, 0x7A45, 0x7A45, 0x7245, 0x7225, 0x7225, 0x7225, 0x7204,
  0x7204, 0x6A04, 0xAAE6, 0xC347, 0xBB26, 0xC347, 0xC367, 0xC367, 0xC367, 0xC347, 0xC347, 0xC347,
  0xC347, 0xC346, 0xC347, 0xC347, 0xC347, 0xC347, 0xC347, 0xC347, 0xC347, 0xC346, 0xC326, 0xBB26,
  0xBB26, 0xC326, 0xC347, 0xC347, 0xC347, 0xBB27, 0x8A85, 0x8A65, 0x8A65, 0x7A45, 0x7225, 0x7A45,
  0x7A45, 0x8A65, 0x8265, 0x8A86, 0xED2F, 0xFD90, 0xFDF2, 0x9BAB, 0x0000, 0x0000, 0x0000, 0x0000,
  0x0000, 0x0000, 0x0000, 0x0000, 0x0000, 0x0000, 0x0000, 0x0000, 0x0000, 0x0000, 0x0000, 0x0000,
  0x0000, 0x0000, 0x0000, 0x0000, 0x0000, 0x0000, 0x0000, 0x0000, 0x0000, 0x0000, 0x0000, 0x0000,
  0x0000, 0x0000, 0x0000, 0x0000, 0x0000, 0x0000, 0x0000, 0x0000, 0x0000, 0x0000, 0x0000, 0x0000,
  0x0000, 0x0000, 0x0000, 0x0000, 0x0000, 0x0000, 0x0000, 0x0000, 0x0000, 0x0000, 0x0000, 0x0000,
  0x0000, 0x0000, 0x0000, 0x0000, 0x0000, 0x0000, 0x0000, 0x0000, 0x0000, 0x0000, 0x0000, 0x0000,
  0x0000, 0x0000, 0x4208, 0x6B4D, 0x6B2C, 0x4A49, 0x0000, 0x0000, 0x0000, 0x0861, 0x1082, 0x0861,
  0x2103, 0x2965, 0x2124, 0x3965, 0xB307, 0xB307, 0xB307, 0x8265, 0x7A45, 0x7A45, 0x7A45, 0x7A45,
  0x7A45, 0x7A45, 0x7A65, 0x7A65, 0x7A45, 0xAB06, 0xCB67, 0xC367, 0xC367, 0xC367, 0xC367, 0xC367,
  0xCB67, 0xCB67, 0xC367, 0xC367, 0xC367, 0xC367, 0xC367, 0xC367, 0xC367, 0xC367, 0xC367, 0xC368,
  0xC367, 0xC367, 0xC367, 0xC367, 0xC367, 0xC367, 0xC367, 0xCB88, 0xC347, 0x9285, 0x9285, 0x9285,
  0x8265, 0x7A45, 0x7A45, 0x7A45, 0x8265, 0x8265, 0x8AA6, 0xED2F, 0xF570, 0xFDD1, 0x9B8B, 0x0000,
  0x0000, 0x0000, 0x0000, 0x0000, 0x0000, 0x0000, 0x0000, 0x0000, 0x0000, 0x0000, 0x0000, 0x0000,
  0x0000, 0x0000, 0x0000, 0x0000, 0x0000, 0x0000, 0x0000, 0x0000, 0x0000, 0x0000, 0x0000, 0x0000,
  0x0000, 0x0000, 0x0000, 0x0000, 0x0000, 0x0000, 0x0000, 0x0000, 0x0000, 0x0000, 0x0000, 0x0000,
  0x0000, 0x0000, 0x0000, 0x0000, 0x0000, 0x0000, 0x0000, 0x0000, 0x0000, 0x0000, 0x0000, 0x0000,
  0x0000, 0x0000, 0x0000, 0x0000, 0x0000, 0x0000, 0x0000, 0x0000, 0x0000, 0x0000, 0x0000, 0x0000,
  0x0000, 0x0000, 0x0000, 0x0000, 0x0000, 0x4208, 0x6B4D, 0x6B4C, 0x4A49, 0x0000, 0x0000, 0x0000,
  0x0861, 0x0861, 0x0861, 0x2104, 0x2945, 0x2124, 0x3985, 0xBB27, 0xBB27, 0xBB27, 0x8A85, 0x7A45,
  0x7A45, 0x7A45, 0x7A45, 0x7A45, 0x7A45, 0x7A45, 0x7A45, 0x7245, 0xAB07, 0xCB88, 0xC367, 0xC367,
  0xCB67, 0xCB67, 0xCB67, 0xCB67, 0xCB67, 0xCB67, 0xCB67, 0xCB67, 0xCB67, 0xCB67, 0xCB67, 0xCB67,
  0xCB67, 0xCB67, 0xCB88, 0xCB67, 0xC367, 0xC367, 0xC367, 0xC367, 0xC367, 0xCB67, 0xCB87, 0xC347,
  0x9285, 0x9285, 0x9285, 0x8265, 0x7A45, 0x7A45, 0x7A65, 0x8265, 0x8244, 0x8A85, 0xED4F, 0xF570,
  0xFDD1, 0x9BAB, 0x0000, 0x0000, 0x0000, 0x0000, 0x0000, 0x0000, 0x0000, 0x0000, 0x0000, 0x0000,
  0x0000, 0x0000, 0x0000, 0x0000, 0x0000, 0x0000, 0x0000, 0x0000, 0x0000, 0x0000, 0x0000, 0x0000,
  0x0000, 0x0000, 0x0000, 0x0000, 0x0000, 0x0000, 0x0000, 0x0000, 0x0000, 0x0000, 0x0000, 0x0000,
  0x0000, 0x0000, 0x0000, 0x0000, 0x0000, 0x0000, 0x0000, 0x0000, 0x0000, 0x0000, 0x0000, 0x0000,
  0x0000, 0x0000, 0x0000, 0x0000, 0x0000, 0x0000, 0x0000, 0x0000, 0x0000, 0x0000, 0x0000, 0x0000,
  0x0000, 0x0000, 0x0000, 0x0000, 0x0000, 0x0000, 0x0000, 0x0000, 0x4208, 0x6B4D, 0x632C, 0x528A,
  0x18E3, 0x2104, 0x18E3, 0x0020, 0x0000, 0x0000, 0x0020, 0x0020, 0x0020, 0x1881, 0x61E5, 0x61E4,
  0x61E5, 0x7A45, 0x7A45, 0x7A45, 0x7A45, 0x7A45, 0x7A45, 0x7A45, 0x7A45, 0x7A45, 0x7A45, 0x8A85,
  0x92A6, 0x92A6, 0x92A6, 0x92A6, 0x92A6, 0x92A6, 0x92A6, 0x92A6, 0x92A6, 0x92A6, 0x92A6, 0x92A6,
  0x92A6, 0x92A6, 0x92A6, 0x92A6, 0x92A6, 0x92A6, 0x92A6, 0x92A6, 0x92A6, 0x9285, 0x9285, 0x9285,
  0x92A6, 0x9285, 0x8A85, 0x8265, 0x8265, 0x8265, 0xA2E6, 0xB307, 0xAAE6, 0xBB89, 0xE571, 0xE571,
  0xE571, 0xF591, 0xF570, 0xFDF2, 0xA3AB, 0x0000, 0x0000, 0x0000, 0x0000, 0x0000, 0x0000, 0x0000,
  0x0000, 0x0000, 0x0000, 0x0000, 0x0000, 0x0000, 0x0000, 0x0000, 0x0000, 0x0000, 0x0000, 0x0000,
  0x0000, 0x0000, 0x0000, 0x0000, 0x0000, 0x0000, 0x0000, 0x0000, 0x0000, 0x0000, 0x0000, 0x0000,
  0x0000, 0x0000, 0x0000, 0x0000, 0x0000, 0x0000, 0x0000, 0x0000, 0x0000, 0x0000, 0x0000, 0x0000,
  0x0000, 0x0000, 0x0000, 0x0000, 0x0000, 0x0000, 0x0000, 0x0000, 0x0000, 0x0000, 0x0000, 0x0000,
  0x0000, 0x0000, 0x0000, 0x0000, 0x0000, 0x0000, 0x0000, 0x0000, 0x0000, 0x0000, 0x0000, 0x4208,
  0x6B4D, 0x6B2C, 0x52AA, 0x2104, 0x2124, 0x2124, 0x0020, 0x0000, 0x0000, 0x0000, 0x0000, 0x0000,
  0x0820, 0x4164, 0x4184, 0x4184, 0x7225, 0x7A45, 0x7A45, 0x7A45, 0x7A45, 0x7A45, 0x7A45, 0x7A45,
  0x7A45, 0x7A45, 0x7A45, 0x7A45, 0x7A45, 0x7A45, 0x7A45, 0x7A45, 0x7A45, 0x7A45, 0x7A45, 0x7A45,
  0x7A45, 0x7A45, 0x7A45, 0x8245, 0x7A45, 0x7A45, 0x7A45, 0x7A45, 0x8245, 0x7A45, 0x7A45, 0x7A45,
  0x7A45, 0x7A45, 0x7A45, 0x7A45, 0x7A45, 0x7A45, 0x7A45, 0x7A45, 0x7A45, 0xB327, 0xC347, 0xBB26,
  0xD42B, 0xFE96, 0xFE55, 0xFE75, 0xFDB1, 0xF570, 0xFDF2, 0xA3AB, 0x0000, 0x0000, 0x0000, 0x0000,
  0x0000, 0x0000, 0x0000, 0x0000, 0x0000, 0x0000, 0x0000, 0x0000, 0x0000, 0x0000, 0x0000, 0x0000,
  0x0000, 0x0000, 0x0000, 0x0000, 0x0000, 0x0000, 0x0000, 0x0000, 0x0000, 0x0000, 0x0000, 0x0000,
  0x0000, 0x0000, 0x0000, 0x0000, 0x0000, 0x0000, 0x0000, 0x0000, 0x0000, 0x0000, 0x0000, 0x0000,
  0x0000, 0x0000, 0x0000, 0x0000, 0x0000, 0x0000, 0x0000, 0x0000, 0x0000, 0x0000, 0x0000, 0x0000,
  0x0000, 0x0000, 0x0000, 0x0000, 0x0000, 0x0000, 0x0000, 0x0000, 0x0000, 0x0000, 0x0000, 0x0000,
  0x0000, 0x0000, 0x4208, 0x6B4D, 0x6B4C, 0x52AA, 0x2104, 0x2124, 0x2124, 0x0020, 0x0000, 0x0000,
  0x0000, 0x0000, 0x0000, 0x0820, 0x4984, 0x51A4, 0x4984, 0x7225, 0x8265, 0x8265, 0x8265, 0x8265,
  0x8265, 0x8A85, 0x8265, 0x8265, 0x8A85, 0x8A85, 0x8A85, 0x8A85, 0x8A85, 0x8A85, 0x8A85, 0x8A85,
  0x8A85, 0x8A85, 0x8A85, 0x8A85, 0x8A85, 0x8A85, 0x8A85, 0x8A85, 0x8A85, 0x8A85, 0x8265, 0x8265,
  0x8265, 0x8265, 0x8265, 0x8265, 0x8265, 0x8265, 0x8265, 0x8265, 0x8265, 0x7A45, 0x7A45, 0x7A45,
  0xAAE6, 0xBB06, 0xB2E5, 0xCBEA, 0xFE76, 0xFE35, 0xFE34, 0xFDB1, 0xF591, 0xFDF2, 0xA3AB, 0x0000,
  0x0000, 0x0000, 0x0000, 0x0000, 0x0000, 0x0000, 0x0000, 0x0000, 0x0000, 0x0000, 0x0000, 0x0000,
  0x0000, 0x0000, 0x0000, 0x0000, 0x0000, 0x0000, 0x0000, 0x0000, 0x0000, 0x0000, 0x0000, 0x0000,
  0x0000, 0x0000, 0x0000, 0x0000, 0x0000, 0x0000, 0x0000, 0x0000, 0x0000, 0x0000, 0x0000, 0x0000,
  0x0000, 0x0000, 0x0000, 0x0000, 0x0000, 0x0000, 0x0000, 0x0000, 0x0000, 0x0000, 0x0000, 0x0000,
  0x0000, 0x0000, 0x0000, 0x0000, 0x0000, 0x0000, 0x0000, 0x0000, 0x0000, 0x0000, 0x0000, 0x0000,
  0x0000, 0x0000, 0x0000, 0x0000, 0x0000, 0x41E8, 0x6B4D, 0x632C, 0x528A, 0x2104, 0x2124, 0x2124,
  0x0020, 0x0000, 0x0000, 0x0020, 0x0841, 0x0841, 0x1081, 0x49A5, 0x49A5, 0x41A5, 0x59C4, 0x61C4,
  0x59C4, 0x59C4, 0x59A3, 0x61C3, 0x61C4, 0x59A3, 0x59A3, 0x59C3, 0x59C3, 0x59A3, 0x59A3, 0x61C4,
  0x61C4, 0x61C4, 0x61C3, 0x61C3, 0x61A3, 0x59A3, 0x59A3, 0x61C3, 0x61C4, 0x61C3, 0x61E4, 0x61E4,
  0x61E4, 0x7225, 0x8265, 0x8265, 0x8265, 0x8265, 0x8265, 0x8265, 0x8265, 0x8265, 0x8265, 0x8265,
  0x8A85, 0x8A85, 0x8265, 0xC3CA, 0xD44C, 0xCC0A, 0xDCAD, 0xFE55, 0xFE55, 0xFE35, 0xFD90, 0xF550,
  0xFDD1, 0xA3AB, 0x0000, 0x0000, 0x0000, 0x0000, 0x0000, 0x0000, 0x0000, 0x0000, 0x0000, 0x0000,
  0x0000, 0x0000, 0x0000, 0x0000, 0x0000, 0x0000, 0x0000, 0x0000, 0x0000, 0x0000, 0x0000, 0x0000,
  0x0000, 0x0000, 0x0000, 0x0000, 0x0000, 0x0000, 0x0000, 0x0000, 0x0000, 0x0000, 0x0000, 0x0000,
  0x0000, 0x0000, 0x0000, 0x0000, 0x0000, 0x0000, 0x0000, 0x0000, 0x0000, 0x0000, 0x0000, 0x0000,
  0x0000, 0x0000, 0x0000, 0x0000, 0x0000, 0x0000, 0x0000, 0x0000, 0x0000, 0x0000, 0x0000, 0x0000,
  0x0000, 0x0000, 0x0000, 0x0000, 0x0000, 0x0000, 0x0000, 0x0000, 0x39C7, 0x62EC, 0x62CC, 0x526A,
  0x2104, 0x2124, 0x2124, 0x0020, 0x0000, 0x0000, 0x18C3, 0x2124, 0x2104, 0x2945, 0x39E7, 0x39C7,
  0x39E7, 0x1904, 0x1082, 0x10A3, 0x0861, 0x0000, 0x0000, 0x0000, 0x0000, 0x0000, 0x0000, 0x0000,
  0x0000, 0x0000, 0x0000, 0x0000, 0x0000, 0x0000, 0x0000, 0x0000, 0x0000, 0x0000, 0x0000, 0x0000,
  0x0000, 0x0041, 0x0882, 0x0041, 0x3923, 0x8A85, 0x8245, 0x8265, 0x8265, 0x8265, 0x8265, 0x8265,
  0x8265, 0x8265, 0x8265, 0xAB06, 0xAB06, 0xAAE6, 0xEDD3, 0xFE97, 0xFE56, 0xFE55, 0xFE55, 0xFE55,
  0xFE35, 0xF54F, 0xF50E, 0xFD6F, 0xA369, 0x0000, 0x0000, 0x0000, 0x0000, 0x0000, 0x0000, 0x0000,
  0x0000, 0x0000, 0x0000, 0x0000, 0x0000, 0x0000, 0x0000, 0x0000, 0x0000, 0x0000, 0x0000, 0x0000,
  0x0000, 0x0000, 0x0000, 0x0000, 0x0000, 0x0000, 0x0000, 0x0000, 0x0000, 0x0000, 0x0000, 0x0000,
  0x0000, 0x0000, 0x0000, 0x0000, 0x0000, 0x0000, 0x0000, 0x0000, 0x0000, 0x0000, 0x0000, 0x0000,
  0x0000, 0x0000, 0x0000, 0x0000, 0x0000, 0x0000, 0x0000, 0x0000, 0x0000, 0x0000, 0x0000, 0x0000,
  0x0000, 0x0000, 0x0000, 0x0000, 0x0000, 0x0000, 0x0000, 0x0000, 0x0000, 0x0000, 0x0000, 0x39C7,
  0x62EC, 0x62CC, 0x5249, 0x2124, 0x2124, 0x2124, 0x0020, 0x0000, 0x0000, 0x10A2, 0x2124, 0x2104,
  0x2124, 0x39C7, 0x39C7, 0x39E7, 0x2104, 0x18A2, 0x18C3, 0x0861, 0x0000, 0x0000, 0x0000, 0x0000,
  0x0000, 0x0000, 0x0000, 0x0000, 0x0000, 0x0000, 0x0000, 0x0000, 0x0000, 0x0000, 0x0000, 0x0000,
  0x0000, 0x0000, 0x0000, 0x0000, 0x0861, 0x1082, 0x0861, 0x3943, 0x8A65, 0x7A45, 0x8265, 0x8265,
  0x8265, 0x8265, 0x8265, 0x8265, 0x8265, 0x8A85, 0xAAE6, 0xAB06, 0xB306, 0xEDB2, 0xFE55, 0xFE35,
  0xFE55, 0xFE55, 0xFE55, 0xFE35, 0xF54F, 0xF50E, 0xFD8F, 0xA369, 0x0000, 0x0000, 0x0000, 0x0000,
  0x0000, 0x0000, 0x0000, 0x0000, 0x0000, 0x0000, 0x0000, 0x0000, 0x0000, 0x0000, 0x0000, 0x0000,
  0x0000, 0x0000, 0x0000, 0x0000, 0x0000, 0x0000, 0x0000, 0x0000, 0x0000, 0x0000, 0x0000, 0x0000,
  0x0000, 0x0000, 0x0000, 0x0000, 0x0000, 0x0000, 0x0000, 0x0000, 0x0000, 0x0000, 0x0000, 0x0000,
  0x0000, 0x0000, 0x0000, 0x0000, 0x0000, 0x0000, 0x0000, 0x0000, 0x0000, 0x0000, 0x0000, 0x0000,
  0x0000, 0x0000, 0x0000, 0x0000, 0x0000, 0x0000, 0x0000, 0x0000, 0x0000, 0x0000, 0x0000, 0x0000,
  0x0000, 0x0000, 0x41C7, 0x6B0D, 0x62EC, 0x5249, 0x18E3, 0x2124, 0x2104, 0x0020, 0x0000, 0x0000,
  0x18A2, 0x2124, 0x2104, 0x2924, 0x39A6, 0x39C7, 0x39C7, 0x2104, 0x10A2, 0x18C2, 0x1082, 0x0000,
  0x0000, 0x0000, 0x0000, 0x0000, 0x0000, 0x0000, 0x0000, 0x0000, 0x0000, 0x0000, 0x0000, 0x0000,
  0x0000, 0x0000, 0x0000, 0x0000, 0x0000, 0x0000, 0x0000, 0x0841, 0x0882, 0x0041, 0x3123, 0x8265,
  0x7A45, 0x7A45, 0x7A24, 0x7A24, 0x7A24, 0x7A24, 0x7A45, 0x7A45, 0x7A45, 0xAAE6, 0xAAE6, 0xAAE6,
  0xEDB2, 0xFE76, 0xFE55, 0xFE56, 0xFE55, 0xFE55, 0xFE55, 0xFD6F, 0xF52F, 0xFD90, 0xA38A, 0x0000,
  0x0000, 0x0000, 0x0000, 0x0000, 0x0000, 0x0000, 0x0000, 0x0000, 0x0000, 0x0000, 0x0000, 0x0000,
  0x0000, 0x0000, 0x0000, 0x0000, 0x0000, 0x0000, 0x0000, 0x0000, 0x0000, 0x0000, 0x0000, 0x0000,
  0x0000, 0x0000, 0x0000, 0x0000, 0x0000, 0x0000, 0x0000, 0x0000, 0x0000, 0x0000, 0x0000, 0x0000,
  0x0000, 0x0000, 0x0000, 0x0000, 0x0000, 0x0000, 0x0000, 0x0000, 0x0000, 0x0000, 0x0000, 0x0000,
  0x0000, 0x0000, 0x0000, 0x0000, 0x0000, 0x0000, 0x0000, 0x0000, 0x0000, 0x0000, 0x0000, 0x0000,
  0x0000, 0x0000, 0x0000, 0x0000, 0x0000, 0x2104, 0x39A7, 0x3165, 0x39C7, 0x4228, 0x4228, 0x4228,
  0x0841, 0x0000, 0x0000, 0x18C3, 0x2124, 0x2104, 0x2945, 0x52AA, 0x528A, 0x5AAA, 0x31A6, 0x20E3,
  0x2945, 0x2124, 0x10A2, 0x10A2, 0x10A2, 0x0020, 0x0000, 0x0000, 0x0000, 0x0000, 0x0000, 0x0000,
  0x0000, 0x0000, 0x0000, 0x0000, 0x0000, 0x0000, 0x0000, 0x0841, 0x0841, 0x0020, 0x4143, 0x61E4,
  0x5183, 0x7A25, 0xB306, 0xAAE6, 0xAAE6, 0xCCEF, 0xDD72, 0xDD92, 0xD510, 0xD44B, 0xD46C, 0xD46C,
  0xE4EE, 0xE4EE, 0xE4EE, 0xF591, 0xFDD2, 0xFDD2, 0xFDF3, 0xFE14, 0xFE14, 0xFE14, 0xE48C, 0xDC2A,
  0xEC6B, 0x9AE7, 0x0000, 0x0000, 0x0000, 0x0000, 0x0000, 0x0000, 0x0000, 0x0000, 0x0000, 0x0000,
  0x0000, 0x0000, 0x0000, 0x0000, 0x0000, 0x0000, 0x0000, 0x0000, 0x0000, 0x0000, 0x0000, 0x0000,
  0x0000, 0x0000, 0x0000, 0x0000, 0x0000, 0x0000, 0x0000, 0x0000, 0x0000, 0x0000, 0x0000, 0x0000,
  0x0000, 0x0000, 0x0000, 0x0000, 0x0000, 0x0000, 0x0000, 0x0000, 0x0000, 0x0000, 0x0000, 0x0000,
  0x0000, 0x0000, 0x0000, 0x0000, 0x0000, 0x0000, 0x0000, 0x0000, 0x0000, 0x0000, 0x0000, 0x0000,
  0x0000, 0x0000, 0x0000, 0x0000, 0x0000, 0x0000, 0x0000, 0x0000, 0x10A2, 0x2104, 0x18E3, 0x3186,
  0x5AAA, 0x52AA, 0x528A, 0x0841, 0x0000, 0x0000, 0x18C3, 0x2124, 0x2104, 0x2945, 0x5AEB, 0x5AEB,
  0x630C, 0x39C7, 0x2945, 0x2965, 0x2124, 0x18C3, 0x18E3, 0x18E3, 0x0020, 0x0000, 0x0000, 0x0000,
  0x0000, 0x0000, 0x0000, 0x0000, 0x0000, 0x0000, 0x0000, 0x0000, 0x0000, 0x0000, 0x1061, 0x1061,
  0x0861, 0x59C4, 0x8265, 0x7A45, 0x9AC6, 0xC347, 0xBB47, 0xBB27, 0xF5F4, 0xFED8, 0xFED8, 0xFE14,
  0xFD0E, 0xFD2E, 0xFD70, 0xFDB2, 0xFDB1, 0xFDB1, 0xFD91, 0xF570, 0xFD70, 0xFDB1, 0xFE14, 0xFE14,
  0xF5F3, 0xDBE9, 0xD3A8, 0xEC29, 0x92A6, 0x0000, 0x0000, 0x0000, 0x0000, 0x0000, 0x0000, 0x0000,
  0x0000, 0x0000, 0x0000, 0x0000, 0x0000, 0x0000, 0x0000, 0x0000, 0x0000, 0x0000, 0x0000, 0x0000,
  0x0000, 0x0000, 0x0000, 0x0000, 0x0000, 0x0000, 0x0000, 0x0000, 0x0000, 0x0000, 0x0000, 0x0000,
  0x0000, 0x0000, 0x0000, 0x0000, 0x0000, 0x0000, 0x0000, 0x0000, 0x0000, 0x0000, 0x0000, 0x0000,
  0x0000, 0x0000, 0x0000, 0x0000, 0x0000, 0x0000, 0x0000, 0x0000, 0x0000, 0x0000, 0x0000, 0x0000,
  0x0000, 0x0000, 0x0000, 0x0000, 0x0000, 0x0000, 0x0000, 0x0000, 0x0000, 0x0000, 0x0000, 0x18A2,
  0x2925, 0x2104, 0x3186, 0x52AA, 0x52AA, 0x528A, 0x0841, 0x0000, 0x0000, 0x18C3, 0x2124, 0x2104,
  0x2965, 0x5AEB, 0x5AEB, 0x5AEB, 0x31A6, 0x2124, 0x2944, 0x2104, 0x18C3, 0x18C3, 0x18C3, 0x0020,
  0x0000, 0x0000, 0x0000, 0x0000, 0x0000, 0x0000, 0x0000, 0x0000, 0x0000, 0x0000, 0x0000, 0x0000,
  0x0000, 0x0041, 0x0041, 0x0021, 0x4963, 0x7A24, 0x6A04, 0x8245, 0xB2E6, 0xB306, 0xAAC5, 0xEDD3,
  0xFED8, 0xFEB7, 0xFDF3, 0xFD2E, 0xFD4F, 0xFD4F, 0xFDD2, 0xFDB1, 0xFDB1, 0xFDB1, 0xFDB1, 0xFD91,
  0xFDD2, 0xFE14, 0xFE14, 0xF5F3, 0xDC0A, 0xDBE9, 0xEC4A, 0x92A6, 0x0000, 0x0000, 0x0000, 0x0000,
  0x0000, 0x0000, 0x0000, 0x0000, 0x0000, 0x0000, 0x0000, 0x0000, 0x0000, 0x0000, 0x0000, 0x0000,
  0x0000, 0x0000, 0x0000, 0x0000, 0x0000, 0x0000, 0x0000, 0x0000, 0x0000, 0x0000, 0x0000, 0x0000,
  0x0000, 0x0000, 0x0000, 0x0000, 0x0000, 0x0000, 0x0000, 0x0000, 0x0000, 0x0000, 0x0000, 0x0000,
  0x0000, 0x0000, 0x0000, 0x0000, 0x0000, 0x0000, 0x0000, 0x0000, 0x0000, 0x0000, 0x0000, 0x0000,
  0x0000, 0x0000, 0x0000, 0x0000, 0x0000, 0x0000, 0x0000, 0x0000, 0x0000, 0x0000, 0x0000, 0x0000,
  0x0000, 0x0000, 0x10A2, 0x2104, 0x18E3, 0x2965, 0x52AA, 0x52AA, 0x528A, 0x0841, 0x0000, 0x0000,
  0x18C3, 0x2124, 0x2104, 0x2965, 0x5ACB, 0x5ACB, 0x5AEB, 0x4A49, 0x39E8, 0x4228, 0x39C7, 0x18E3,
  0x18E3, 0x2104, 0x0861, 0x0840, 0x0820, 0x0020, 0x0020, 0x0020, 0x0841, 0x1881, 0x1881, 0x1881,
  0x1881, 0x1881, 0x1881, 0x20A1, 0x3102, 0x3102, 0x28C2, 0x7A66, 0xAB69, 0x92E7, 0xAB69, 0xD46D,
  0xCC2B, 0xCC2C, 0xE551, 0xED92, 0xEDB3, 0xDCEF, 0xCC2B, 0xD46C, 0xD44C, 0xED2F, 0xED4F, 0xED2F,
  0xF54F, 0xF54F, 0xF54F, 0xF570, 0xFDD3, 0xFDD2, 0xF5B2, 0xD3E9, 0xD3C8, 0xDBE9, 0x8A65, 0x0000,
  0x0000, 0x0000, 0x0000, 0x0000, 0x0000, 0x0000, 0x0000, 0x0000, 0x0000, 0x0000, 0x0000, 0x0000,
  0x0000, 0x0000, 0x0000, 0x0000, 0x0000, 0x0000, 0x0000, 0x0000, 0x0000, 0x0000, 0x0000, 0x0000,
  0x0000, 0x0000, 0x0000, 0x0000, 0x0000, 0x0000, 0x0000, 0x0000, 0x0000, 0x0000, 0x0000, 0x0000,
  0x0000, 0x0000, 0x0000, 0x0000, 0x0000, 0x0000, 0x0000, 0x0000, 0x0000, 0x0000, 0x0000, 0x0000,
  0x0000, 0x0000, 0x0000, 0x0000, 0x0000, 0x0000, 0x0000, 0x0000, 0x0000, 0x0000, 0x0000, 0x0000,
  0x0000, 0x0000, 0x0000, 0x0000, 0x0000, 0x0861, 0x18C3, 0x1082, 0x2925, 0x52AA, 0x52AA, 0x528A,
  0x0861, 0x0000, 0x0000, 0x10A2, 0x2104, 0x2104, 0x2945, 0x5A8A, 0x5A8A, 0x5A8A, 0x736E, 0x7BAF,
  0x7BD0, 0x632D, 0x2945, 0x2965, 0x2965, 0x18E3, 0x18C3, 0x18C3, 0x18C3, 0x18C3, 0x10C3, 0x20E3,
  0x6A04, 0x7204, 0x7204, 0x7224, 0x7225, 0x6A04, 0x7224, 0xAAE6, 0xAB06, 0xA2C5, 0xE4AD, 0xFD90,
  0xFD2F, 0xFDF3, 0xFF19, 0xFED8, 0xFF19, 0xD3EA, 0xC2E5, 0xCB67, 0xA2C6, 0x6A04, 0x6A04, 0x7A45,
  0xCBC9, 0xD3EA, 0xD40A, 0xDC2A, 0xE44A, 0xE44A, 0xEC8C, 0xFD4F, 0xFD70, 0xF54F, 0xB327, 0xAAE6,
  0xBB27, 0x7204, 0x0000, 0x0000, 0x0000, 0x0000, 0x0000, 0x0000, 0x0000, 0x0000, 0x0000, 0x0000,
  0x0000, 0x0000, 0x0000, 0x0000, 0x0000, 0x0000, 0x0000, 0x0000, 0x0000, 0x0000, 0x0000, 0x0000,
  0x0000, 0x0000, 0x0000, 0x0000, 0x0000, 0x0000, 0x0000, 0x0000, 0x0000, 0x0000, 0x0000, 0x0000,
  0x0000, 0x0000, 0x0000, 0x0000, 0x0000, 0x0000, 0x0000, 0x0000, 0x0000, 0x0000, 0x0000, 0x0000,
  0x0000, 0x0000, 0x0000, 0x0000, 0x0000, 0x0000, 0x0000, 0x0000, 0x0000, 0x0000, 0x0000, 0x0000,
  0x0000, 0x0000, 0x0000, 0x0000, 0x0000, 0x0000, 0x0000, 0x0000, 0x0861, 0x18C3, 0x1082, 0x2945,
  0x52AA, 0x528A, 0x528A, 0x0861, 0x0000, 0x0000, 0x10A2, 0x2104, 0x20E3, 0x2945, 0x5A8A, 0x5AAA,
  0x5AAA, 0x6B6E, 0x738F, 0x73AF, 0x630C, 0x2965, 0x2965, 0x2945, 0x18C3, 0x18C3, 0x18C3, 0x18C3,
  0x18C2, 0x10C3, 0x20E3, 0x61E4, 0x6A04, 0x6A04, 0x6A04, 0x6A04, 0x6A04, 0x6A04, 0xA2C6, 0xAB06,
  0xA2C6, 0xDC6C, 0xFD70, 0xF52F, 0xF5B2, 0xFEB8, 0xFE97, 0xFED8, 0xD42B, 0xC346, 0xCB88, 0xAB06,
  0x7225, 0x7225, 0x8286, 0xD40A, 0xD40A, 0xD40A, 0xDC4A, 0xE44B, 0xE42A, 0xECAC, 0xFD70, 0xFD70,
  0xF52F, 0xB327, 0xAAE6, 0xBB47, 0x7A04, 0x0000, 0x0000, 0x0000, 0x0000, 0x0000, 0x0000, 0x0000,
  0x0000, 0x0000, 0x0000, 0x0000, 0x0000, 0x0000, 0x0000, 0x0000, 0x0000, 0x0000, 0x0000, 0x0000,
  0x0000, 0x0000, 0x0000, 0x0000, 0x0000, 0x0000, 0x0000, 0x0000, 0x0000, 0x0000, 0x0000, 0x0000,
  0x0000, 0x0000, 0x0000, 0x0000, 0x0000, 0x0000, 0x0000, 0x0000, 0x0000, 0x0000, 0x0000, 0x0000,
  0x0000, 0x0000, 0x0000, 0x0000, 0x0000, 0x0000, 0x0000, 0x0000, 0x0000, 0x0000, 0x0000, 0x0000,
  0x0000, 0x0000, 0x0000, 0x0000, 0x0000, 0x0000, 0x0000, 0x0000, 0x0000, 0x0000, 0x0000, 0x0861,
  0x18C3, 0x1082, 0x2945, 0x5ACB, 0x52AA, 0x52AA, 0x0861, 0x0000, 0x0000, 0x10A2, 0x2124, 0x18E3,
  0x2945, 0x5AAB, 0x5AAA, 0x5A8A, 0x736E, 0x73AF, 0x7BAF, 0x630D, 0x2124, 0x2945, 0x2945, 0x18C3,
  0x18C3, 0x18C3, 0x10A2, 0x18C2, 0x10A2, 0x20E3, 0x69E4, 0x6A04, 0x6A04, 0x6A04, 0x69E4, 0x69E4,
  0x7225, 0xA2C6, 0xA2C6, 0x9A85, 0xDC8C, 0xFD90, 0xF52F, 0xFDD2, 0xFF19, 0xFEF9, 0xFF1A, 0xDC4B,
  0xCB46, 0xD3A8, 0xA2E6, 0x6A04, 0x7225, 0x8265, 0xD40A, 0xDC0A, 0xD40A, 0xE46B, 0xEC6B, 0xE44A,
  0xECCD, 0xFD90, 0xFD70, 0xF54F, 0xBB47, 0xAAE6, 0xC347, 0x7A04, 0x0000, 0x0000, 0x0000, 0x0000,
  0x0000, 0x0000, 0x0000, 0x0000, 0x0000, 0x0000, 0x0000, 0x0000, 0x0000, 0x0000, 0x0000, 0x0000,
  0x0000, 0x0000, 0x0000, 0x0000, 0x0000, 0x0000, 0x0000, 0x0000, 0x0000, 0x0000, 0x0000, 0x0000,
  0x0000, 0x0000, 0x0000, 0x0000, 0x0000, 0x0000, 0x0000, 0x0000, 0x0000, 0x0000, 0x0000, 0x0000,
  0x0000, 0x0000, 0x0000, 0x0000, 0x0000, 0x0000, 0x0000, 0x0000, 0x0000, 0x0000, 0x0000, 0x0000,
  0x0000, 0x0000, 0x0000, 0x0000, 0x0000, 0x0000, 0x0000, 0x0000, 0x0000, 0x0000, 0x0000, 0x0000,
  0x0000, 0x0000, 0x0861, 0x18C2, 0x10A2, 0x2104, 0x39C7, 0x39E7, 0x39C7, 0x0841, 0x0000, 0x0000,
  0x1061, 0x18C3, 0x10A2, 0x2104, 0x4A49, 0x4A49, 0x4A29, 0x632D, 0x6B6E, 0x6B4E, 0x6B2D, 0x528A,
  0x52AA, 0x52AB, 0x2965, 0x2124, 0x2124, 0x2124, 0x2124, 0x2124, 0x3144, 0x8245, 0x8245, 0x7A45,
  0x9285, 0xAB06, 0xA2E6, 0xB347, 0xDCAD, 0xDCAD, 0xDCAD, 0xECEE, 0xF50E, 0xF50D, 0xECED, 0xD44C,
  0xD46C, 0xDC8D, 0xA307, 0x92A5, 0x9AC6, 0x9AC6, 0x92A6, 0x9AA6, 0xA2C6, 0xBB47, 0xBB48, 0xBB47,
  0xBB47, 0xBB47, 0xBB47, 0xC3A9, 0xEC8B, 0xECAC, 0xE48C, 0x8A86, 0x8265, 0x92A6, 0x5983, 0x0000,
  0x0000, 0x0000, 0x0000, 0x0000, 0x0000, 0x0000, 0x0000, 0x0000, 0x0000, 0x0000, 0x0000, 0x0000,
  0x0000, 0x0000, 0x0000, 0x0000, 0x0000, 0x0000, 0x0000, 0x0000, 0x0000, 0x0000, 0x0000, 0x0000,
  0x0000, 0x0000, 0x0000, 0x0000, 0x0000, 0x0000, 0x0000, 0x0000, 0x0000, 0x0000, 0x0000, 0x0000,
  0x0000, 0x0000, 0x0000, 0x0000, 0x0000, 0x0000, 0x0000, 0x0000, 0x0000, 0x0000, 0x0000, 0x0000,
  0x0000, 0x0000, 0x0000, 0x0000, 0x0000, 0x0000, 0x0000, 0x0000, 0x0000, 0x0000, 0x0000, 0x0000,
  0x0000, 0x0000, 0x0000, 0x0000, 0x0000, 0x0861, 0x10A2, 0x10A2, 0x18C3, 0x2945, 0x2945, 0x2945,
  0x0020, 0x0000, 0x0000, 0x0841, 0x1082, 0x1081, 0x18C3, 0x4208, 0x4208, 0x41E8, 0x5AEC, 0x6B4D,
  0x632D, 0x632D, 0x6B2D, 0x6B4D, 0x632D, 0x3186, 0x2945, 0x2945, 0x2945, 0x2965, 0x2965, 0x3165,
  0x8265, 0x9285, 0x8A65, 0xA2E6, 0xCB87, 0xC367, 0xCBA8, 0xFD91, 0xFDB1, 0xFDD2, 0xF52E, 0xF4CC,
  0xF4ED, 0xE42A, 0xC306, 0xC326, 0xC326, 0x8A65, 0x7A45, 0x7A45, 0x92A5, 0xAB06, 0xAAE6, 0xAB06,
  0xAAE6, 0xAAE6, 0xAAE6, 0xA2C6, 0xA2C6, 0xA2C6, 0xB307, 0xE42A, 0xE42A, 0xDC09, 0x7A25, 0x7204,
  0x7A45, 0x4963, 0x0000, 0x0000, 0x0000, 0x0000, 0x0000, 0x0000, 0x0000, 0x0000, 0x0000, 0x0000,
  0x0000, 0x0000, 0x0000, 0x0000, 0x0000, 0x0000, 0x0000, 0x0000, 0x0000, 0x0000, 0x0000, 0x0000,
  0x0000, 0x0000, 0x0000, 0x0000, 0x0000, 0x0000, 0x0000, 0x0000, 0x0000, 0x0000, 0x0000, 0x0000,
  0x0000, 0x0000, 0x0000, 0x0000, 0x0000, 0x0000, 0x0000, 0x0000, 0x0000, 0x0000, 0x0000, 0x0000,
  0x0000, 0x0000, 0x0000, 0x0000, 0x0000, 0x0000, 0x0000, 0x0000, 0x0000, 0x0000, 0x0000, 0x0000,
  0x0000, 0x0000, 0x0000, 0x0000, 0x0000, 0x0000, 0x0000, 0x0000, 0x0861, 0x18C3, 0x10A2, 0x18E3,
  0x3186, 0x2965, 0x2965, 0x0020, 0x0000, 0x0000, 0x0861, 0x10A2, 0x1082, 0x18C3, 0x4208, 0x4228,
  0x4228, 0x630C, 0x6B4E, 0x6B4D, 0x6B4D, 0x6B2D, 0x6B2D, 0x632D, 0x3186, 0x2945, 0x2965, 0x2945,
  0x2945, 0x2145, 0x3185, 0x8A65, 0x8A65, 0x8265, 0xA2E6, 0xC347, 0xBB06, 0xCB88, 0xFD91, 0xFD91,
  0xFD91, 0xF52E, 0xF4ED, 0xFD0E, 0xEC8C, 0xCB67, 0xCB87, 0xCB67, 0x92A6, 0x8265, 0x8245, 0x9286,
  0xAAE6, 0xAAE6, 0xAAE6, 0xB306, 0xB307, 0xB306, 0xAAE6, 0xAAE6, 0xA2C6, 0xB347, 0xEC6A, 0xE44A,
  0xDC2A, 0x8265, 0x7A24, 0x8265, 0x5183, 0x0000, 0x0000, 0x0000, 0x0000, 0x0000, 0x0000, 0x0000,
  0x0000, 0x0000, 0x0000, 0x0000, 0x0000, 0x0000, 0x0000, 0x0000, 0x0000, 0x0000, 0x0000, 0x0000,
  0x0000, 0x0000, 0x0000, 0x0000, 0x0000, 0x0000, 0x0000, 0x0000, 0x0000, 0x0000, 0x0000, 0x0000,
  0x0000, 0x0000, 0x0000, 0x0000, 0x0000, 0x0000, 0x0000, 0x0000, 0x0000, 0x0000, 0x0000, 0x0000,
  0x0000, 0x0000, 0x0000, 0x0000, 0x0000, 0x0000, 0x0000, 0x0000, 0x0000, 0x0000, 0x0000, 0x0000,
  0x0000, 0x0000, 0x0000, 0x0000, 0x0000, 0x0000, 0x0000, 0x0000, 0x0000, 0x0000, 0x0000, 0x0861,
  0x10A2, 0x1082, 0x18C3, 0x2945, 0x2124, 0x2945, 0x0020, 0x0000, 0x0000, 0x0841, 0x1082, 0x0861,
  0x10A2, 0x39A7, 0x39C7, 0x39A7, 0x52AA, 0x5AEC, 0x5AEB, 0x5AEB, 0x630C, 0x630C, 0x5AEC, 0x3186,
  0x2945, 0x2965, 0x3985, 0x41A5, 0x3985, 0x49C5, 0x9285, 0x92A5, 0x9285, 0xB327, 0xD3A8, 0xCB88,
  0xD3E9, 0xFD90, 0xF570, 0xFD70, 0xECCD, 0xE46B, 0xE48C, 0xD40A, 0xAB07, 0xAB27, 0xAB27, 0x92A6,
  0x8A85, 0x8A85, 0x9AA6, 0xAB06, 0xAAE6, 0xAB06, 0xB306, 0xB306, 0xB306, 0xAAE6, 0xA2C6, 0x9AC6,
  0xB327, 0xD3E9, 0xD3E9, 0xCBE9, 0x7A45, 0x61C4, 0x6A04, 0x4142, 0x0000, 0x0000, 0x0000, 0x0000,
  0x0000, 0x0000, 0x0000, 0x0000, 0x0000, 0x0000, 0x0000, 0x0000, 0x0000, 0x0000, 0x0000, 0x0000,
  0x0000, 0x0000, 0x0000, 0x0000, 0x0000, 0x0000, 0x0000, 0x0000, 0x0000, 0x0000, 0x0000, 0x0000,
  0x0000, 0x0000, 0x0000, 0x0000, 0x0000, 0x0000, 0x0000, 0x0000, 0x0000, 0x0000, 0x0000, 0x0000,
  0x0000, 0x0000, 0x0000, 0x0000, 0x0000, 0x0000, 0x0000, 0x0000, 0x0000, 0x0000, 0x0000, 0x0000,
  0x0000, 0x0000, 0x0000, 0x0000, 0x0000, 0x0000, 0x0000, 0x0000, 0x0000, 0x0000, 0x0000, 0x0000,
  0x0000, 0x0000, 0x0000, 0x0000, 0x0000, 0x0020, 0x1082, 0x1082, 0x1082, 0x0000, 0x0000, 0x0000,
  0x0000, 0x0000, 0x0000, 0x0000, 0x1082, 0x1082, 0x1082, 0x2124, 0x2945, 0x2945, 0x3186, 0x4228,
  0x4208, 0x4208, 0x3185, 0x2965, 0x2145, 0x59E5, 0x8A65, 0x8265, 0x8265, 0xAAE6, 0xB307, 0xB306,
  0xCBE9, 0xF50D, 0xF4ED, 0xF50D, 0xF50E, 0xF4ED, 0xFD0E, 0xC3A9, 0x9A85, 0xA2A6, 0x7A66, 0x39C6,
  0x41C6, 0x41C6, 0x92A6, 0xAAE6, 0xA2E6, 0xAB06, 0xB307, 0xB327, 0xB327, 0xB307, 0xB307, 0xB307,
  0xA2C6, 0x8A85, 0x8A85, 0x8A85, 0x8245, 0x8245, 0x8A85, 0x30E2, 0x0000, 0x0020, 0x0000, 0x0000,
  0x0000, 0x0000, 0x0000, 0x0000, 0x0000, 0x0000, 0x0000, 0x0000, 0x0000, 0x0000, 0x0000, 0x0000,
  0x0000, 0x0000, 0x0000, 0x0000, 0x0000, 0x0000, 0x0000, 0x0000, 0x0000, 0x0000, 0x0000, 0x0000,
  0x0000, 0x0000, 0x0000, 0x0000, 0x0000, 0x0000, 0x0000, 0x0000, 0x0000, 0x0000, 0x0000, 0x0000,
  0x0000, 0x0000, 0x0000, 0x0000, 0x0000, 0x0000, 0x0000, 0x0000, 0x0000, 0x0000, 0x0000, 0x0000,
  0x0000, 0x0000, 0x0000, 0x0000, 0x0000, 0x0000, 0x0000, 0x0000, 0x0000, 0x0000, 0x0000, 0x0000,
  0x0000, 0x0000, 0x0000, 0x0000, 0x0000, 0x0000, 0x0000, 0x0000, 0x0020, 0x10A2, 0x1082, 0x1082,
  0x0000, 0x0000, 0x0000, 0x0000, 0x0000, 0x0000, 0x0000, 0x10A2, 0x10A2, 0x10A2, 0x2124, 0x2965,
  0x2945, 0x3186, 0x4228, 0x4208, 0x4208, 0x3186, 0x2965, 0x2145, 0x61E5, 0x8A65, 0x8245, 0x8265,
  0xB306, 0xBB27, 0xB2E6, 0xCBC9, 0xFD0E, 0xF50E, 0xF50E, 0xF50E, 0xF50E, 0xFD2E, 0xC389, 0x9A85,
  0xAAE6, 0x8266, 0x39C6, 0x49E6, 0x41E6, 0x92A6, 0xAAE6, 0xA2E6, 0xAB06, 0xBB27, 0xBB27, 0xBB27,
  0xB327, 0xB307, 0xB307, 0xA2C6, 0x8A85, 0x8A85, 0x8A65, 0x8265, 0x8265, 0x8A85, 0x28C1, 0x0000,
  0x0000, 0x0000, 0x0000, 0x0000, 0x0000, 0x0000, 0x0000, 0x0000, 0x0000, 0x0000, 0x0000, 0x0000,
  0x0000, 0x0000, 0x0000, 0x0000, 0x0000, 0x0000, 0x0000, 0x0000, 0x0000, 0x0000, 0x0000, 0x0000,
  0x0000, 0x0000, 0x0000, 0x0000, 0x0000, 0x0000, 0x0000, 0x0000, 0x0000, 0x0000, 0x0000, 0x0000,
  0x0000, 0x0000, 0x0000, 0x0000, 0x0000, 0x0000, 0x0000, 0x0000, 0x0000, 0x0000, 0x0000, 0x0000,
  0x0000, 0x0000, 0x0000, 0x0000, 0x0000, 0x0000, 0x0000, 0x0000, 0x0000, 0x0000, 0x0000, 0x0000,
  0x0000, 0x0000, 0x0000, 0x0000, 0x0000, 0x0000, 0x0000, 0x0000, 0x0000, 0x0000, 0x0000, 0x0020,
  0x10A2, 0x10A2, 0x1082, 0x0000, 0x0000, 0x0000, 0x0000, 0x0000, 0x0000, 0x0000, 0x1082, 0x10A2,
  0x10A2, 0x2124, 0x2965, 0x2945, 0x31A6, 0x4228, 0x4228, 0x4A49, 0x3186, 0x2965, 0x2965, 0x6A25,
  0x8A85, 0x8245, 0x8A85, 0xBB27, 0xBB27, 0xB306, 0xD40A, 0xFD2E, 0xF50E, 0xFD2E, 0xFD2E, 0xF52E,
  0xFD4E, 0xC3A9, 0x9AA5, 0xAAE6, 0x8266, 0x41C6, 0x49E6, 0x41E6, 0x9AC6, 0xB306, 0xAAE6, 0xB307,
  0xBB47, 0xBB47, 0xBB47, 0xBB27, 0xB327, 0xBB27, 0xA2C6, 0x8A85, 0x9285, 0x8A85, 0x8A65, 0x8265,
  0x9285, 0x30C1, 0x0000, 0x0000, 0x0000, 0x0000, 0x0000, 0x0000, 0x0000, 0x0000, 0x0000, 0x0000,
  0x0000, 0x0000, 0x0000, 0x0000, 0x0000, 0x0000, 0x0000, 0x0000, 0x0000, 0x0000, 0x0000, 0x0000,
  0x0000, 0x0000, 0x0000, 0x0000, 0x0000, 0x0000, 0x0000, 0x0000, 0x0000, 0x0000, 0x0000, 0x0000,
  0x0000, 0x0000, 0x0000, 0x0000, 0x0000, 0x0000, 0x0000, 0x0000, 0x0000, 0x0000, 0x0000, 0x0000,
  0x0000, 0x0000, 0x0000, 0x0000, 0x0000, 0x0000, 0x0000, 0x0000, 0x0000, 0x0000, 0x0000, 0x0000,
  0x0000, 0x0000, 0x0000, 0x0000, 0x0000, 0x0000, 0x0000, 0x0000, 0x0000, 0x0000, 0x0000, 0x0000,
  0x0000, 0x0000, 0x0000, 0x0020, 0x0020, 0x0020, 0x0000, 0x0000, 0x0000, 0x0000, 0x0000, 0x0000,
  0x0000, 0x0020, 0x0020, 0x0020, 0x0841, 0x0841, 0x0841, 0x0841, 0x0861, 0x0861, 0x0861, 0x0841,
  0x0841, 0x0841, 0x1061, 0x1881, 0x1861, 0x1881, 0x20A1, 0x20A1, 0x2081, 0x28C2, 0x3102, 0x3102,
  0x3102, 0x3102, 0x3102, 0x3102, 0x20C1, 0x2081, 0x2081, 0x1861, 0x0841, 0x0861, 0x0861, 0x1881,
  0x20A1, 0x2081, 0x20A1, 0x20A1, 0x20A1, 0x20A1, 0x20A1, 0x20A1, 0x20A1, 0x2081, 0x1881, 0x1881,
  0x1881, 0x1881, 0x1881, 0x1881, 0x0820, 0x0000, 0x0000, 0x0000, 0x0000, 0x0000, 0x0000, 0x0000,
  0x0000, 0x0000, 0x0000, 0x0000, 0x0000, 0x0000, 0x0000, 0x0000, 0x0000, 0x0000, 0x0000, 0x0000,
  0x0000, 0x0000, 0x0000, 0x0000, 0x0000, 0x0000, 0x0000, 0x0000, 0x0000, 0x0000, 0x0000, 0x0000,
  0x0000, 0x0000, 0x0000, 0x0000, 0x0000, 0x0000, 0x0000, 0x0000, 0x0000, 0x0000, 0x0000, 0x0000,
  0x0000, 0x0000, 0x0000, 0x0000, 0x0000, 0x0000, 0x0000, 0x0000, 0x0000, 0x0000, 0x0000, 0x0000,
  0x0000, 0x0000, 0x0000, 0x0000, 0x0000, 0x0000, 0x0000, 0x0000, 0x0000, 0x0000, 0x0000, 0x0000,
  0x0000, 0x0000, 0x0000, 0x0000, 0x0000, 0x0000, 0x0000, 0x0000, 0x0000, 0x0000, 0x0000, 0x0000,
  0x0000, 0x0000, 0x0000, 0x0000, 0x0000, 0x0000, 0x0000, 0x0000, 0x0000, 0x0000, 0x0000, 0x0000,
  0x0000, 0x0000, 0x0000, 0x0000, 0x0000, 0x0000, 0x0000, 0x0000, 0x0000, 0x0000, 0x0000, 0x0000,
  0x0000, 0x0000, 0x0000, 0x0000, 0x0000, 0x0000, 0x0000, 0x0000, 0x0000, 0x0000, 0x0000, 0x0000,
  0x0000, 0x0000, 0x0000, 0x0000, 0x0000, 0x0000, 0x0000, 0x0000, 0x0000, 0x0000, 0x0000, 0x0000,
  0x0000, 0x0000, 0x0000, 0x0000, 0x0000, 0x0000, 0x0000, 0x0000, 0x0000, 0x0000, 0x0000, 0x0000,
  0x0000, 0x0000, 0x0000, 0x0000, 0x0000, 0x0000, 0x0000, 0x0000, 0x0000, 0x0000, 0x0000, 0x0000,
  0x0000, 0x0000, 0x0000, 0x0000, 0x0000, 0x0000, 0x0000, 0x0000, 0x0000, 0x0000, 0x0000, 0x0000,
  0x0000, 0x0000, 0x0000, 0x0000, 0x0000, 0x0000, 0x0000, 0x0000, 0x0000, 0x0000, 0x0000, 0x0000,
  0x0000, 0x0000, 0x0000, 0x0000, 0x0000, 0x0000, 0x0000, 0x0000, 0x0000, 0x0000, 0x0000, 0x0000,
  0x0000, 0x0000, 0x0000, 0x0000, 0x0000, 0x0000, 0x0000, 0x0000, 0x0000, 0x0000, 0x0000, 0x0000,
  0x0000, 0x0000, 0x0000, 0x0000, 0x0000, 0x0000, 0x0000, 0x0000, 0x0000, 0x0000, 0x0000, 0x0000,
  0x0000, 0x0000, 0x0000, 0x0000, 0x0000, 0x0000, 0x0000, 0x0000, 0x0000, 0x0000, 0x0000, 0x0000,
  0x0000, 0x0000, 0x0000, 0x0000, 0x0000, 0x0000, 0x0000, 0x0000, 0x0000, 0x0000, 0x0000, 0x0000,
  0x0000, 0x0000, 0x0000, 0x0000, 0x0000, 0x0000, 0x0000, 0x0000, 0x0000, 0x0000, 0x0000, 0x0000,
  0x0000, 0x0000, 0x0000, 0x0000, 0x0000, 0x0000, 0x0000, 0x0000, 0x0000, 0x0000, 0x0000, 0x0000,
  0x0000, 0x0000, 0x0000, 0x0000, 0x0000, 0x0000, 0x0000, 0x0000, 0x0000, 0x0000, 0x0000, 0x0000,
  0x0000, 0x0000, 0x0000, 0x0000, 0x0000, 0x0000, 0x0000, 0x0000, 0x0000, 0x0000, 0x0000, 0x0000,
  0x0000, 0x0000, 0x0000, 0x0000, 0x0000, 0x0000, 0x0000, 0x0000, 0x0000, 0x0000, 0x0000, 0x0000,
  0x0000, 0x0000, 0x0000, 0x0000, 0x0000, 0x0000, 0x0000, 0x0000, 0x0000, 0x0000, 0x0000, 0x0000,
  0x0000, 0x0000, 0x0000, 0x0000, 0x0000, 0x0000, 0x0000, 0x0000, 0x0000, 0x0000, 0x0000, 0x0000,
  0x0000, 0x0000, 0x0000, 0x0000, 0x0000, 0x0000, 0x0000, 0x0000, 0x0000, 0x0000, 0x0000, 0x0000,
  0x0000, 0x0000, 0x0000, 0x0000, 0x0000, 0x0000, 0x0000, 0x0000, 0x0000, 0x0000, 0x0000, 0x0000,
  0x0000, 0x0000, 0x0000, 0x0000, 0x0000, 0x0000, 0x0000, 0x0000, 0x0000, 0x0000, 0x0000, 0x0000,
  0x0000, 0x0000, 0x0000, 0x0000, 0x0000, 0x0000, 0x0000, 0x0000, 0x0000, 0x0000, 0x0000, 0x0000,
  0x0000, 0x0000, 0x0000, 0x0000, 0x0000, 0x0000, 0x0000, 0x0000, 0x0000, 0x0000, 0x0000, 0x0000,
  0x0000, 0x0000, 0x0000, 0x0000, 0x0000, 0x0000, 0x0000, 0x0000, 0x0000, 0x0000, 0x0000, 0x0000,
  0x0000, 0x0000, 0x0000, 0x0000, 0x0000, 0x0000, 0x0000, 0x0000, 0x0000, 0x0000, 0x0000, 0x0000,
  0x0000, 0x0000, 0x0000, 0x0000, 0x0000, 0x0000, 0x0000, 0x0000, 0x0000, 0x0000, 0x0000, 0x0000,
  0x0000, 0x0000, 0x0000, 0x0000, 0x0000, 0x0000, 0x0000, 0x0000, 0x0000, 0x0000, 0x0000, 0x0000,
  0x0000, 0x0000, 0x0000, 0x0000, 0x0000, 0x0000, 0x0000, 0x0000, 0x0000, 0x0000, 0x0000, 0x0000,
  0x0000, 0x0000, 0x0000, 0x0000, 0x0000, 0x0000, 0x0000, 0x0000, 0x0000, 0x0000, 0x0000, 0x0000,
  0x0000, 0x0000, 0x0000, 0x0000, 0x0000, 0x0000, 0x0000, 0x0000, 0x0000, 0x0000, 0x0000, 0x0000,
  0x0000, 0x0000, 0x0000, 0x0000, 0x0000, 0x0000, 0x0000, 0x0000, 0x0000, 0x0000, 0x0000, 0x0000,
  0x0000, 0x0000, 0x0000, 0x0000, 0x0000, 0x0000, 0x0000, 0x0000, 0x0000, 0x0000, 0x0000, 0x0000,
  0x0000, 0x0000, 0x0000, 0x0000, 0x0000, 0x0000, 0x0000, 0x0000, 0x0000, 0x0000, 0x0000, 0x0000,
  0x0000, 0x0000, 0x0000, 0x0000, 0x0000, 0x0000, 0x0000, 0x0000, 0x0000, 0x0000, 0x0000, 0x0000,
  0x0000, 0x0000, 0x0000, 0x0000, 0x0000, 0x0000, 0x0000, 0x0000, 0x0000, 0x0000, 0x0000, 0x0000,
  0x0000, 0x0000, 0x0000, 0x0000, 0x0000, 0x0000, 0x0000, 0x0000, 0x0000, 0x0000, 0x0000, 0x0000,
  0x0000, 0x0000, 0x0000, 0x0000, 0x0000, 0x0000, 0x0000, 0x0000, 0x0000, 0x0000, 0x0000, 0x0000,
  0x0000, 0x0000, 0x0000, 0x0000, 0x0000, 0x0000, 0x0000, 0x0000, 0x0000, 0x0000, 0x0000, 0x0000,
  0x0000, 0x0000, 0x0000, 0x0000, 0x0000, 0x0000, 0x0000, 0x0000, 0x0000, 0x0000, 0x0000, 0x0000,
  0x0000, 0x0000, 0x0000, 0x0000, 0x0000, 0x0000, 0x0000, 0x0000, 0x0000, 0x0000, 0x0000, 0x0000,
  0x0000, 0x0000, 0x0000, 0x0000, 0x0000, 0x0000, 0x0000, 0x0000, 0x0000, 0x0000, 0x0000, 0x0000,
  0x0000, 0x0000, 0x0000, 0x0000, 0x0000, 0x0000, 0x0000, 0x0000, 0x0000, 0x0000, 0x0000, 0x0000,
  0x0000, 0x0000, 0x0000, 0x0000, 0x0000, 0x0000, 0x0000, 0x0000, 0x0000, 0x0000, 0x0000, 0x0000,
  0x0000, 0x0000, 0x0000, 0x0000, 0x0000, 0x0000, 0x0000, 0x0000, 0x0000, 0x0000, 0x0000, 0x0000,
  0x0000, 0x0000, 0x0000, 0x0000, 0x0000, 0x0000, 0x0000, 0x0000, 0x0000, 0x0000, 0x0000, 0x0000,
  0x0000, 0x0000, 0x0000, 0x0000, 0x0000, 0x0000, 0x0000, 0x0000, 0x0000, 0x0000, 0x0000, 0x0000,
  0x0000, 0x0000, 0x0000, 0x0000, 0x0000, 0x0000, 0x0000, 0x0000, 0x0000, 0x0000, 0x0000, 0x0000,
  0x0000, 0x0000, 0x0000, 0x0000, 0x0000, 0x0000, 0x0000, 0x0000, 0x0000, 0x0000, 0x0000, 0x0000,
  0x0000, 0x0000, 0x0000, 0x0000, 0x0000, 0x0000, 0x0000, 0x0000, 0x0000, 0x0000, 0x0000, 0x0000,
  0x0000, 0x0000, 0x0000, 0x0000, 0x0000, 0x0000, 0x0000, 0x0000, 0x0000, 0x0000, 0x0000, 0x0000,
  0x0000, 0x0000, 0x0000, 0x0000, 0x0000, 0x0000, 0x0000, 0x0000, 0x0000, 0x0000, 0x0000, 0x0000,
  0x0000, 0x0000, 0x0000, 0x0000, 0x0000, 0x0000, 0x0000, 0x0000, 0x0000, 0x0000, 0x0000, 0x0000,
  0x0000, 0x0000, 0x0000, 0x0000, 0x0000, 0x0000, 0x0000, 0x0000, 0x0000, 0x0000, 0x0000, 0x0000,
  0x0000, 0x0000, 0x0000, 0x0000, 0x0000, 0x0000, 0x0000, 0x0000, 0x0000, 0x0000, 0x0000, 0x0000,
  0x0000, 0x0000, 0x0000, 0x0000, 0x0000, 0x0000, 0x0000, 0x0000, 0x0000, 0x0000, 0x0000, 0x0000,
  0x0000, 0x0000, 0x0000, 0x0000, 0x0000, 0x0000, 0x0000, 0x0000, 0x0000, 0x0000, 0x0000, 0x0000,
  0x0000, 0x0000, 0x0000, 0x0000, 0x0000, 0x0000, 0x0000, 0x0000, 0x0000, 0x0000, 0x0000, 0x0000,
  0x0000, 0x0000, 0x0000, 0x0000, 0x0000, 0x0000, 0x0000, 0x0000, 0x0000, 0x0000, 0x0000, 0x0000,
  0x0000, 0x0000, 0x0000, 0x0000, 0x0000, 0x0000, 0x0000, 0x0000, 0x0000, 0x0000, 0x0000, 0x0000,
  0x0000, 0x0000, 0x0000, 0x0000, 0x0000, 0x0000, 0x0000, 0x0000, 0x0000, 0x0000, 0x0000, 0x0000,
  0x0000, 0x0000, 0x0000, 0x0000, 0x0000, 0x0000, 0x0000, 0x0000, 0x0000, 0x0000, 0x0000, 0x0000,
  0x0000, 0x0000, 0x0000, 0x0000, 0x0000, 0x0000, 0x0000, 0x0000, 0x0000
};

static const uint16_t WOLF_FACE_WAITING_LEFT[] PROGMEM = {
  0x0000, 0x0000, 0x0000, 0x0000, 0x0000, 0x0000, 0x0000, 0x0000, 0x0000, 0x0000, 0x0000, 0x0000,
  0x0000, 0x0000, 0x0000, 0x0000, 0x0000, 0x0000, 0x0000, 0x0000, 0x0000, 0x0000, 0x0000, 0x0000,
  0x0000, 0x0000, 0x0000, 0x0000, 0x0000, 0x0000, 0x0000, 0x0000, 0x0000, 0x0000, 0x0000, 0x0000,
  0x0000, 0x0000, 0x0000, 0x0000, 0x0000, 0x0000, 0x0000, 0x0000, 0x0000, 0x0000, 0x0000, 0x0000,
  0x0000, 0x0000, 0x0000, 0x0000, 0x0000, 0x0000, 0x0000, 0x0000, 0x0000, 0x0000, 0x0000, 0x0000,
  0x0000, 0x0000, 0x0000, 0x0000, 0x0000, 0x0000, 0x0000, 0x0000, 0x0000, 0x0000, 0x0000, 0x0000,
  0x0000, 0x0000, 0x0000, 0x0000, 0x0000, 0x0000, 0x0000, 0x0000, 0x0000, 0x0000, 0x0000, 0x0000,
  0x0000, 0x0000, 0x0000, 0x0000, 0x0000, 0x0000, 0x0000, 0x0000, 0x0000, 0x0000, 0x0000, 0x0000,
  0x0000, 0x0000, 0x0000, 0x0000, 0x0000, 0x0000, 0x0000, 0x0000, 0x0000, 0x0000, 0x0000, 0x0000,
  0x0000, 0x0000, 0x0000, 0x0000, 0x0000, 0x0000, 0x0000, 0x0000, 0x0000, 0x0000, 0x0000, 0x0000,
  0x0000, 0x0000, 0x0000, 0x0000, 0x0000, 0x0000, 0x0000, 0x0000, 0x0000, 0x0000, 0x0000, 0x0000,
  0x0000, 0x0000, 0x0000, 0x0000, 0x0000, 0x0000, 0x0000, 0x0000, 0x0000, 0x0000, 0x0000, 0x0000,
  0x0000, 0x0000, 0x0000, 0x0000, 0x0000, 0x0000, 0x0000, 0x0000, 0x0000, 0x0000, 0x0000, 0x0000,
  0x0000, 0x0000, 0x0000, 0x0000, 0x0000, 0x0000, 0x0000, 0x0000, 0x0000, 0x0000, 0x0000, 0x0000,
  0x0000, 0x0000, 0x0000, 0x0000, 0x0000, 0x0000, 0x0000, 0x0000, 0x0000, 0x0000, 0x0000, 0x0000,
  0x0000, 0x0000, 0x0000, 0x0000, 0x0000, 0x0000, 0x0000, 0x0000, 0x0000, 0x0000, 0x0000, 0x0000,
  0x0000, 0x0000, 0x0000, 0x0000, 0x0000, 0x0000, 0x0000, 0x0000, 0x0000, 0x0000, 0x0000, 0x0000,
  0x0000, 0x0000, 0x0000, 0x0000, 0x0000, 0x0000, 0x0000, 0x0000, 0x0000, 0x0000, 0x0000, 0x0000,
  0x0000, 0x0000, 0x0000, 0x0000, 0x0000, 0x0000, 0x0000, 0x0000, 0x0000, 0x0000, 0x0000, 0x0000,
  0x0000, 0x0000, 0x0000, 0x0000, 0x0000, 0x0000, 0x0000, 0x0000, 0x0000, 0x0000, 0x0000, 0x0000,
  0x0000, 0x0000, 0x0000, 0x0000, 0x0000, 0x0000, 0x0000, 0x0000, 0x0000, 0x0000, 0x0000, 0x0000,
  0x0000, 0x0000, 0x0000, 0x0000, 0x0000, 0x0000, 0x0000, 0x0000, 0x0000, 0x0000, 0x0000, 0x0000,
  0x0000, 0x0000, 0x0000, 0x0000, 0x0000, 0x0000, 0x0000, 0x0000, 0x0000, 0x0000, 0x0000, 0x0000,
  0x0000, 0x0000, 0x0000, 0x0000, 0x0000, 0x0000, 0x0000, 0x0000, 0x0000, 0x0000, 0x0000, 0x0000,
  0x0000, 0x0000, 0x0000, 0x0000, 0x0000, 0x0000, 0x0000, 0x0000, 0x0000, 0x0000, 0x0000, 0x0000,
  0x0000, 0x0000, 0x0000, 0x0000, 0x0000, 0x0000, 0x0000, 0x0000, 0x0000, 0x0000, 0x0000, 0x0000,
  0x0000, 0x0000, 0x0000, 0x0000, 0x0000, 0x0000, 0x0000, 0x0000, 0x0000, 0x0000, 0x0000, 0x0000,
  0x0000, 0x0000, 0x0000, 0x0000, 0x0000, 0x0000, 0x0000, 0x0000, 0x0000, 0x0000, 0x0000, 0x0000,
  0x0000, 0x0000, 0x0000, 0x0000, 0x0000, 0x0000, 0x0000, 0x0000, 0x0000, 0x0000, 0x0000, 0x0000,
  0x0000, 0x0000, 0x0000, 0x0000, 0x0000, 0x0000, 0x0000, 0x0000, 0x0000, 0x0000, 0x0000, 0x0000,
  0x0000, 0x0000, 0x0000, 0x0000, 0x0000, 0x0000, 0x0000, 0x0000, 0x0000, 0x0000, 0x0000, 0x0000,
  0x0000, 0x0000, 0x0000, 0x0000, 0x0000, 0x0000, 0x0000, 0x0000, 0x0000, 0x0000, 0x0000, 0x0000,
  0x0000, 0x0000, 0x0000, 0x0000, 0x0000, 0x0000, 0x0000, 0x0000, 0x0000, 0x0000, 0x0000, 0x0000,
  0x0000, 0x0000, 0x0000, 0x0000, 0x0000, 0x0000, 0x0000, 0x0000, 0x0000, 0x0000, 0x0000, 0x0000,
  0x0000, 0x0000, 0x0000, 0x0000, 0x0000, 0x0000, 0x0000, 0x0000, 0x0000, 0x0000, 0x0000, 0x0000,
  0x0000, 0x0000, 0x0000, 0x0000, 0x0000, 0x0000, 0x0000, 0x0000, 0x0000, 0x0000, 0x0000, 0x0000,
  0x0000, 0x0000, 0x0000, 0x0000, 0x0000, 0x0000, 0x0000, 0x0000, 0x0000, 0x0000, 0x0000, 0x0000,
  0x0000, 0x0000, 0x0000, 0x0000, 0x0000, 0x0000, 0x0000, 0x0000, 0x0000, 0x0000, 0x0000, 0x0000,
  0x0000, 0x0000, 0x0000, 0x0000, 0x0000, 0x0000, 0x0000, 0x0000, 0x0000, 0x0000, 0x0000, 0x0000,
  0x0000, 0x0000, 0x0000, 0x0000, 0x0000, 0x0000, 0x0000, 0x0000, 0x0000, 0x0000, 0x0000, 0x0000,
  0x0000, 0x0000, 0x0000, 0x0000, 0x0000, 0x0000, 0x0000, 0x0000, 0x0000, 0x0000, 0x0000, 0x0000,
  0x0000, 0x0000, 0x0000, 0x0000, 0x0000, 0x0000, 0x0000, 0x0000, 0x0000, 0x0000, 0x0000, 0x0000,
  0x0000, 0x0000, 0x0000, 0x0000, 0x0000, 0x0000, 0x0000, 0x0000, 0x0000, 0x0000, 0x0000, 0x0000,
  0x0000, 0x0000, 0x0000, 0x0000, 0x0000, 0x0000, 0x0000, 0x0000, 0x0000, 0x0000, 0x0000, 0x0000,
  0x0000, 0x0000, 0x0000, 0x0000, 0x0000, 0x0000, 0x0000, 0x0000, 0x0000, 0x0000, 0x0000, 0x0000,
  0x0000, 0x0000, 0x0000, 0x0000, 0x0000, 0x0000, 0x0000, 0x0000, 0x0000, 0x0000, 0x0000, 0x0000,
  0x0000, 0x0000, 0x0000, 0x0000, 0x0000, 0x0000, 0x0000, 0x0000, 0x0000, 0x0000, 0x0000, 0x0000,
  0x0000, 0x0000, 0x0000, 0x0000, 0x0000, 0x0000, 0x0000, 0x0000, 0x0000, 0x0000, 0x0000, 0x0000,
  0x0000, 0x0000, 0x0000, 0x0000, 0x0000, 0x0000, 0x0000, 0x0000, 0x0000, 0x0000, 0x0000, 0x0000,
  0x0000, 0x0000, 0x0000, 0x0000, 0x0000, 0x0000, 0x0000, 0x0000, 0x0000, 0x0000, 0x0000, 0x0000,
  0x0000, 0x0000, 0x0000, 0x0000, 0x0000, 0x0000, 0x0000, 0x0000, 0x0000, 0x0000, 0x0000, 0x0000,
  0x0000, 0x0000, 0x0000, 0x0000, 0x0000, 0x0000, 0x0000, 0x0000, 0x0000, 0x0000, 0x0000, 0x0000,
  0x0000, 0x0000, 0x0000, 0x0000, 0x0000, 0x0000, 0x0000, 0x0000, 0x0000, 0x0000, 0x0000, 0x0000,
  0x0000, 0x0000, 0x0000, 0x0000, 0x0000, 0x0000, 0x0000, 0x0000, 0x0000, 0x0000, 0x0000, 0x0000,
  0x0000, 0x0000, 0x0000, 0x0000, 0x0000, 0x0000, 0x0000, 0x0000, 0x0000, 0x0000, 0x0000, 0x0000,
  0x0000, 0x0000, 0x0000, 0x0000, 0x0000, 0x0000, 0x0000, 0x0000, 0x0000, 0x0000, 0x0000, 0x0000,
  0x0000, 0x0000, 0x0000, 0x0000, 0x0000, 0x0000, 0x0000, 0x0000, 0x0000, 0x0000, 0x0000, 0x0000,
  0x0000, 0x0000, 0x0000, 0x0000, 0x0000, 0x0000, 0x0000, 0x0000, 0x0000, 0x0000, 0x0000, 0x0000,
  0x0000, 0x0000, 0x0000, 0x0000, 0x0000, 0x0000, 0x0000, 0x0000, 0x0000, 0x0000, 0x0000, 0x0000,
  0x0000, 0x0000, 0x0000, 0x0000, 0x0000, 0x0000, 0x0000, 0x0000, 0x0000, 0x0000, 0x0000, 0x0000,
  0x0000, 0x0000, 0x0000, 0x0000, 0x0020, 0x0020, 0x0020, 0x0020, 0x0020, 0x0020, 0x0000, 0x0000,
  0x0000, 0x0000, 0x0000, 0x0000, 0x0000, 0x0000, 0x0000, 0x0000, 0x0000, 0x0000, 0x0000, 0x0000,
  0x0000, 0x0000, 0x0000, 0x0000, 0x0000, 0x0000, 0x0000, 0x0000, 0x0000, 0x0000, 0x0000, 0x0000,
  0x0000, 0x0000, 0x0000, 0x0000, 0x0000, 0x0000, 0x0000, 0x0000, 0x0000, 0x0000, 0x0000, 0x0000,
  0x0000, 0x0000, 0x0000, 0x0000, 0x0000, 0x0000, 0x0000, 0x0000, 0x0000, 0x0000, 0x0000, 0x0000,
  0x0000, 0x0000, 0x0000, 0x0000, 0x0000, 0x0000, 0x0000, 0x0000, 0x0000, 0x0000, 0x0000, 0x0000,
  0x0000, 0x0000, 0x0000, 0x0000, 0x0000, 0x0000, 0x0000, 0x0000, 0x0000, 0x0000, 0x0000, 0x0000,
  0x0000, 0x0000, 0x0000, 0x0000, 0x0000, 0x0000, 0x0000, 0x0000, 0x0000, 0x0000, 0x0000, 0x0000,
  0x0000, 0x0000, 0x0000, 0x0000, 0x0000, 0x0000, 0x0000, 0x0000, 0x0000, 0x0000, 0x0000, 0x0000,
  0x0000, 0x0000, 0x0000, 0x0000, 0x0000, 0x0000, 0x0000, 0x0000, 0x0000, 0x0000, 0x0000, 0x0000,
  0x0000, 0x0000, 0x0000, 0x0000, 0x0000, 0x0000, 0x0000, 0x0000, 0x0000, 0x0000, 0x0000, 0x0000,
  0x0000, 0x0000, 0x0000, 0x2945, 0x4208, 0x39C7, 0x4208, 0x52AA, 0x52AA, 0x52AA, 0x5AAB, 0x52AB,
  0x5ACB, 0x39C7, 0x18E3, 0x2104, 0x2104, 0x2104, 0x2104, 0x2104, 0x2104, 0x2104, 0x2104, 0x2104,
  0x2924, 0x7181, 0x79A1, 0x79A1, 0x79A1, 0x7981, 0x7981, 0x7981, 0x7981, 0x7981, 0x7981, 0x7981,
  0x7981, 0x7981, 0x7981, 0x7981, 0x7981, 0x7981, 0x7981, 0x7981, 0x79A1, 0x7181, 0x79A1, 0x5120,
  0x0000, 0x0000, 0x0000, 0x0000, 0x0000, 0x0000, 0x0000, 0x0000, 0x0000, 0x0000, 0x0000, 0x0000,
  0x0000, 0x0000, 0x0000, 0x0000, 0x0000, 0x0000, 0x0000, 0x0000, 0x0000, 0x0000, 0x0000, 0x0000,
  0x0000, 0x0000, 0x0000, 0x0000, 0x0000, 0x0000, 0x0000, 0x0000, 0x0000, 0x0000, 0x0000, 0x0000,
  0x0000, 0x0000, 0x0000, 0x0000, 0x0000, 0x0000, 0x0000, 0x0000, 0x0000, 0x0000, 0x0000, 0x0000,
  0x0000, 0x0000, 0x0000, 0x0000, 0x0000, 0x0000, 0x0000, 0x0000, 0x0000, 0x0000, 0x0000, 0x0000,
  0x0000, 0x0000, 0x0000, 0x0000, 0x0000, 0x0000, 0x0000, 0x0000, 0x0000, 0x0000, 0x0000, 0x0000,
  0x0000, 0x0000, 0x0000, 0x0000, 0x0000, 0x0000, 0x0000, 0x0000, 0x0000, 0x0000, 0x0000, 0x0000,
  0x0000, 0x0000, 0x0000, 0x0000, 0x0000, 0x0000, 0x31A6, 0x4A69, 0x4A48, 0x4A69, 0x630C, 0x630C,
  0x630C, 0x630C, 0x630C, 0x632C, 0x4208, 0x2124, 0x2945, 0x2945, 0x2944, 0x2945, 0x2945, 0x2945,
  0x2945, 0x2945, 0x2945, 0x3144, 0x81E2, 0x9201, 0x9201, 0x9201, 0x91E1, 0x91E1, 0x91E1, 0x91E1,
  0x91E1, 0x91E1, 0x91E1, 0x91E1, 0x91E1, 0x91E1, 0x91E1, 0x91E1, 0x91E1, 0x91E1, 0x9201, 0x91E1,
  0x91E1, 0x9A01, 0x6161, 0x0000, 0x0000, 0x0000, 0x0000, 0x0000, 0x0000, 0x0000, 0x0000, 0x0000,
  0x0000, 0x0000, 0x0000, 0x0000, 0x0000, 0x0000, 0x0000, 0x0000, 0x0000, 0x0000, 0x0000, 0x0000,
  0x0000, 0x0000, 0x0000, 0x0000, 0x0000, 0x0000, 0x0000, 0x0000, 0x0000, 0x0000, 0x0000, 0x0000,
  0x0000, 0x0000, 0x0000, 0x0000, 0x0000, 0x0000, 0x0000, 0x0000, 0x0000, 0x0000, 0x0000, 0x0000,
  0x0000, 0x0000, 0x0000, 0x0000, 0x0000, 0x0000, 0x0000, 0x0000, 0x0000, 0x0000, 0x0000, 0x0000,
  0x0000, 0x0000, 0x0000, 0x0000, 0x0000, 0x0000, 0x0000, 0x0000, 0x0000, 0x0000, 0x0000, 0x0000,
  0x0000, 0x0000, 0x0000, 0x0000, 0x0000, 0x0000, 0x0000, 0x0000, 0x0000, 0x0000, 0x0000, 0x0000,
  0x0000, 0x0000, 0x0000, 0x0000, 0x0000, 0x0000, 0x0000, 0x0000, 0x0000, 0x3186, 0x4A49, 0x4208,
  0x4A69, 0x632C, 0x632C, 0x632C, 0x632C, 0x630C, 0x6B4D, 0x4208, 0x1904, 0x2125, 0x2124, 0x2125,
  0x2125, 0x2124, 0x1925, 0x1925, 0x1925, 0x1905, 0x2124, 0x79C1, 0x89E1, 0x89C1, 0x89C1, 0x89C1,
  0x89C1, 0x89C1, 0x89C1, 0x89C1, 0x89C1, 0x89C1, 0x89C1, 0x89C1, 0x81C1, 0x89C1, 0x89C1, 0x89C1,
  0x89C1, 0x81C1, 0x81C1, 0x81A1, 0x89E1, 0x5100, 0x0000, 0x0000, 0x0000, 0x0000, 0x0000, 0x0000,
  0x0000, 0x0000, 0x0000, 0x0000, 0x0000, 0x0000, 0x0000, 0x0000, 0x0000, 0x0000, 0x0000, 0x0000,
  0x0000, 0x0000, 0x0000, 0x0000, 0x0000, 0x0000, 0x0000, 0x0000, 0x0000, 0x0000, 0x0000, 0x0000,
  0x0000, 0x0000, 0x0000, 0x0000, 0x0000, 0x0000, 0x0000, 0x0000, 0x0000, 0x0000, 0x0000, 0x0000,
  0x0000, 0x0000, 0x0000, 0x0000, 0x0000, 0x0000, 0x0000, 0x0000, 0x0000, 0x0000, 0x0000, 0x0000,
  0x0000, 0x0000, 0x0000, 0x0000, 0x0000, 0x0000, 0x0000, 0x0000, 0x0000, 0x0000, 0x0000, 0x0000,
  0x0000, 0x0000, 0x0000, 0x0000, 0x0000, 0x0000, 0x0000, 0x0000, 0x0000, 0x0000, 0x0000, 0x0000,
  0x0000, 0x0000, 0x0000, 0x0000, 0x0000, 0x0020, 0x2104, 0x2104, 0x2104, 0x2945, 0x2965, 0x2945,
  0x4A49, 0x52AA, 0x528A, 0x528A, 0x4A49, 0x4A49, 0x4A49, 0x4A49, 0x4A49, 0x4A49, 0x5206, 0x51C5,
  0x51C5, 0x51C5, 0x59C5, 0x51C5, 0x51C5, 0x7204, 0x8244, 0x7A24, 0x7A24, 0x7A45, 0xAA83, 0xAA83,
  0xBAA2, 0xC2C1, 0xC2A1, 0xC2A1, 0xC2A1, 0xC2A1, 0xC2A1, 0xC2A1, 0xC2A1, 0xC2A1, 0xC2A1, 0xC2A1,
  0xC2A1, 0xC2A1, 0xC2A1, 0xC2C1, 0xC2A1, 0xBAA1, 0xBAA1, 0xC2C1, 0xA261, 0x6980, 0x7160, 0x7180,
  0x6140, 0x5101, 0x5921, 0x40C0, 0x0000, 0x0000, 0x0000, 0x0000, 0x0000, 0x0000, 0x0000, 0x0000,
  0x0000, 0x0000, 0x0000, 0x0000, 0x0000, 0x0000, 0x0000, 0x0000, 0x0000, 0x0000, 0x0000, 0x0000,
  0x0000, 0x0000, 0x0000, 0x0000, 0x0000, 0x0000, 0x0000, 0x0000, 0x0000, 0x0000, 0x0000, 0x0000,
  0x0000, 0x0000, 0x0000, 0x0000, 0x0000, 0x0000, 0x0000, 0x0000, 0x0000, 0x0000, 0x0000, 0x0000,
  0x0000, 0x0000, 0x0000, 0x0000, 0x0000, 0x0000, 0x0000, 0x0000, 0x0000, 0x0000, 0x0000, 0x0000,
  0x0000, 0x0000, 0x0000, 0x0000, 0x0000, 0x0000, 0x0000, 0x0000, 0x0000, 0x0000, 0x0000, 0x0000,
  0x0000, 0x0000, 0x0000, 0x0000, 0x0000, 0x0000, 0x0000, 0x0000, 0x18C3, 0x6B4D, 0x632C, 0x6B4D,
  0x73AE, 0x73AF, 0x7BAF, 0x6B4D, 0x630C, 0x6B4D, 0x52AA, 0x2124, 0x2124, 0x2124, 0x2124, 0x2944,
  0x2125, 0x6A05, 0x9285, 0x8A65, 0x9285, 0x9A85, 0x9AA5, 0x9AA5, 0xE343, 0xFB82, 0xF382, 0xF383,
  0xE365, 0xDB65, 0xD365, 0xF3A3, 0xFBE1, 0xFBC1, 0xFBC1, 0xFBC1, 0xFBC1, 0xFBC1, 0xFBC1, 0xFBC1,
  0xFBC1, 0xFBC1, 0xFBC1, 0xFBC1, 0xFBC1, 0xFBC1, 0xFBE1, 0xFBC1, 0xFBC1, 0xFBE1, 0xFBC1, 0xFBE1,
  0xFBA1, 0xFB61, 0xFB81, 0xE302, 0xC282, 0xD2C3, 0x99E2, 0x0000, 0x0000, 0x0000, 0x0000, 0x0000,
  0x0000, 0x0000, 0x0000, 0x0000, 0x0000, 0x0000, 0x0000, 0x0000, 0x0000, 0x0000, 0x0000, 0x0000,
  0x0000, 0x0000, 0x0000, 0x0000, 0x0000, 0x0000, 0x0000, 0x0000, 0x0000, 0x0000, 0x0000, 0x0000,
  0x0000, 0x0000, 0x0000, 0x0000, 0x0000, 0x0000, 0x0000, 0x0000, 0x0000, 0x0000, 0x0000, 0x0000,
  0x0000, 0x0000, 0x0000, 0x0000, 0x0000, 0x0000, 0x0000, 0x0000, 0x0000, 0x0000, 0x0000, 0x0000,
  0x0000, 0x0000, 0x0000, 0x0000, 0x0000, 0x0000, 0x0000, 0x0000, 0x0000, 0x0000, 0x0000, 0x0000,
  0x0000, 0x0000, 0x0000, 0x0000, 0x0000, 0x0000, 0x0000, 0x0000, 0x0000, 0x0000, 0x0000, 0x18C3,
  0x632C, 0x630C, 0x630C, 0x6B6E, 0x736E, 0x736E, 0x632C, 0x630C, 0x632C, 0x52AA, 0x2945, 0x2965,
  0x2965, 0x2965, 0x2965, 0x2145, 0x61E5, 0x8A65, 0x8265, 0x8265, 0x9285, 0x9285, 0x9285, 0xD323,
  0xEB42, 0xE363, 0xE363, 0xD345, 0xD344, 0xD345, 0xE363, 0xFBA1, 0xFBA1, 0xFBA1, 0xFBA1, 0xFBA1,
  0xFBA1, 0xFBA1, 0xFBA1, 0xFBA1, 0xFBA1, 0xFBA1, 0xFBA1, 0xFBA1, 0xFBA1, 0xFBA1, 0xFBA1, 0xFBA1,
  0xFBA1, 0xFBA1, 0xFBA1, 0xF361, 0xF321, 0xF341, 0xCAC2, 0xB242, 0xC282, 0x89C1, 0x0000, 0x0000,
  0x0000, 0x0000, 0x0000, 0x0000, 0x0000, 0x0000, 0x0000, 0x0000, 0x0000, 0x0000, 0x0000, 0x0000,
  0x0000, 0x0000, 0x0000, 0x0000, 0x0000, 0x0000, 0x0000, 0x0000, 0x0000, 0x0000, 0x0000, 0x0000,
  0x0000, 0x0000, 0x0000, 0x0000, 0x0000, 0x0000, 0x0000, 0x0000, 0x0000, 0x0000, 0x0000, 0x0000,
  0x0000, 0x0000, 0x0000, 0x0000, 0x0000, 0x0000, 0x0000, 0x0000, 0x0000, 0x0000, 0x0000, 0x0000,
  0x0000, 0x0000, 0x0000, 0x0000, 0x0000, 0x0000, 0x0000, 0x0000, 0x0000, 0x0000, 0x0000, 0x0000,
  0x0000, 0x0000, 0x0000, 0x0000, 0x0000, 0x0000, 0x0000, 0x0000, 0x0000, 0x0000, 0x0000, 0x0000,
  0x0000, 0x0000, 0x18C3, 0x632C, 0x630B, 0x632C, 0x738E, 0x738E, 0x738E, 0x6B4D, 0x630C, 0x630C,
  0x528A, 0x2945, 0x2945, 0x2945, 0x2965, 0x3165, 0x2145, 0x6A05, 0x9285, 0x8A65, 0x8A65, 0x9A85,
  0x9A85, 0x9285, 0xDB23, 0xF382, 0xF382, 0xEB63, 0xDB45, 0xDB44, 0xD345, 0xEB83, 0xFBC1, 0xFBC1,
  0xFBC1, 0xFBC1, 0xFBC1, 0xFBC1, 0xFBC1, 0xFBE1, 0xFBE1, 0xFBC1, 0xFBC1, 0xFBC1, 0xFBC1, 0xFBE1,
  0xFBC1, 0xFBC1, 0xFBC1, 0xFBC1, 0xFBC1, 0xFBC1, 0xF361, 0xF341, 0xFB41, 0xD2C2, 0xB262, 0xC2A2,
  0x89E2, 0x0000, 0x0000, 0x0000, 0x0000, 0x0000, 0x0000, 0x0000, 0x0000, 0x0000, 0x0000, 0x0000,
  0x0000, 0x0000, 0x0000, 0x0000, 0x0000, 0x0000, 0x0000, 0x0000, 0x0000, 0x0000, 0x0000, 0x0000,
  0x0000, 0x0000, 0x0000, 0x0000, 0x0000, 0x0000, 0x0000, 0x0000, 0x0000, 0x0000, 0x0000, 0x0000,
  0x0000, 0x0000, 0x0000, 0x0000, 0x0000, 0x0000, 0x0000, 0x0000, 0x0000, 0x0000, 0x0000, 0x0000,
  0x0000, 0x0000, 0x0000, 0x0000, 0x0000, 0x0000, 0x0000, 0x0000, 0x0000, 0x0000, 0x0000, 0x0000,
  0x0000, 0x0000, 0x0000, 0x0000, 0x0000, 0x0000, 0x0000, 0x0000, 0x0000, 0x0000, 0x0000, 0x0000,
  0x0000, 0x0000, 0x31A6, 0x630C, 0x5ACB, 0x5AEB, 0x52AA, 0x528A, 0x52AA, 0x4A49, 0x4A49, 0x4A28,
  0x39C7, 0x3186, 0x3185, 0x3185, 0x2945, 0x2945, 0x2965, 0x7A25, 0x8265, 0x7225, 0xAAE5, 0xD345,
  0xC325, 0xCB25, 0xEB62, 0xEB81, 0xEB62, 0xF381, 0xFBA1, 0xFBA1, 0xFBA1, 0xF3A2, 0xF3A2, 0xF382,
  0xFC62, 0xFD82, 0xFD62, 0xFD62, 0xFD62, 0xFD62, 0xFD62, 0xFD62, 0xFD62, 0xFD62, 0xFD62, 0xFD62,
  0xFD62, 0xFD62, 0xFD62, 0xFD82, 0xFD82, 0xFD62, 0xFD62, 0xFD62, 0xFD62, 0xFD42, 0xFD42, 0xFD42,
  0xF462, 0xEBA1, 0xF3E2, 0xDB41, 0xA201, 0xA201, 0xAA21, 0x2880, 0x0000, 0x0000, 0x0000, 0x0000,
  0x0000, 0x0000, 0x0000, 0x0000, 0x0000, 0x0000, 0x0000, 0x0000, 0x0000, 0x0000, 0x0000, 0x0000,
  0x0000, 0x0000, 0x0000, 0x0000, 0x0000, 0x0000, 0x0000, 0x0000, 0x0000, 0x0000, 0x0000, 0x0000,
  0x0000, 0x0000, 0x0000, 0x0000, 0x0000, 0x0000, 0x0000, 0x0000, 0x0000, 0x0000, 0x0000, 0x0000,
  0x0000, 0x0000, 0x0000, 0x0000, 0x0000, 0x0000, 0x0000, 0x0000, 0x0000, 0x0000, 0x0000, 0x0000,
  0x0000, 0x0000, 0x0000, 0x0000, 0x0000, 0x0000, 0x0000, 0x0000, 0x0000, 0x0000, 0x0000, 0x0000,
  0x0000, 0x0000, 0x0000, 0x0000, 0x0000, 0x4A69, 0x83F0, 0x7BAF, 0x738E, 0x4A69, 0x528A, 0x528A,
  0x39E7, 0x39E7, 0x4207, 0x2965, 0x2124, 0x2124, 0x2924, 0x2945, 0x2945, 0x2965, 0x8245, 0x9285,
  0x8A65, 0xBB05, 0xDB65, 0xD345, 0xD365, 0xFBA1, 0xFBA1, 0xFBA1, 0xFBA1, 0xFBA1, 0xFBA1, 0xFBA1,
  0xFBA1, 0xFBC1, 0xFB81, 0xFCA2, 0xFDC3, 0xFDA3, 0xFDA3, 0xFDA3, 0xFDA3, 0xFDA3, 0xFDA3, 0xFDA3,
  0xFDA3, 0xFDA3, 0xFDA3, 0xFDA3, 0xFDA3, 0xFDA3, 0xFDA3, 0xFDA3, 0xFDA3, 0xFDC3, 0xFDC3, 0xFDA3,
  0xFDC3, 0xFDA3, 0xFDE3, 0xFCE2, 0xFC01, 0xFC21, 0xF3A1, 0xD2A2, 0xD2A2, 0xDAE2, 0x38C0, 0x0000,
  0x0000, 0x0000, 0x0000, 0x0000, 0x0000, 0x0000, 0x0000, 0x0000, 0x0000, 0x0000, 0x0000, 0x0000,
  0x0000, 0x0000, 0x0000, 0x0000, 0x0000, 0x0000, 0x0000, 0x0000, 0x0000, 0x0000, 0x0000, 0x0000,
  0x0000, 0x0000, 0x0000, 0x0000, 0x0000, 0x0000, 0x0000, 0x0000, 0x0000, 0x0000, 0x0000, 0x0000,
  0x0000, 0x0000, 0x0000, 0x0000, 0x0000, 0x0000, 0x0000, 0x0000, 0x0000, 0x0000, 0x0000, 0x0000,
  0x0000, 0x0000, 0x0000, 0x0000, 0x0000, 0x0000, 0x0000, 0x0000, 0x0000, 0x0000, 0x0000, 0x0000,
  0x0000, 0x0000, 0x0000, 0x0000, 0x0000, 0x0000, 0x0000, 0x0000, 0x4A49, 0x7BCF, 0x738E, 0x6B4D,
  0x5269, 0x528A, 0x528A, 0x4228, 0x4228, 0x4A49, 0x3186, 0x2124, 0x2945, 0x2945, 0x2125, 0x2125,
  0x2125, 0x7A45, 0x8A65, 0x7A45, 0xAAE5, 0xD365, 0xCB45, 0xCB45, 0xF382, 0xFBA1, 0xFBA1, 0xFBA1,
  0xFBA1, 0xFBA1, 0xFBA1, 0xFB81, 0xFB81, 0xFB61, 0xFC82, 0xFDC3, 0xFDA3, 0xFDA3, 0xFDA3, 0xFDA3,
  0xFDA3, 0xFDA3, 0xFDA3, 0xFDA3, 0xFDA3, 0xFDA3, 0xFDA3, 0xFDA3, 0xFDC3, 0xFDC3, 0xFDC3, 0xFDA3,
  0xFDA3, 0xFDA3, 0xFDA3, 0xFDA3, 0xFDA3, 0xFDC3, 0xFCC2, 0xFBE1, 0xFC01, 0xEB81, 0xC242, 0xCA62,
  0xD282, 0x3080, 0x0000, 0x0000, 0x0000, 0x0000, 0x0000, 0x0000, 0x0000, 0x0000, 0x0000, 0x0000,
  0x0000, 0x0000, 0x0000, 0x0000, 0x0000, 0x0000, 0x0000, 0x0000, 0x0000, 0x0000, 0x0000, 0x0000,
  0x0000, 0x0000, 0x0000, 0x0000, 0x0000, 0x0000, 0x0000, 0x0000, 0x0000, 0x0000, 0x0000, 0x0000,
  0x0000, 0x0000, 0x0000, 0x0000, 0x0000, 0x0000, 0x0000, 0x0000, 0x0000, 0x0000, 0x0000, 0x0000,
  0x0000, 0x0000, 0x0000, 0x0000, 0x0000, 0x0000, 0x0000, 0x0000, 0x0000, 0x0000, 0x0000, 0x0000,
  0x0000, 0x0000, 0x0000, 0x0000, 0x0000, 0x0000, 0x0000, 0x0000, 0x0000, 0x0000, 0x0000, 0x4A49,
  0x7BCF, 0x73AE, 0x6B6D, 0x528A, 0x528A, 0x528A, 0x2965, 0x2944, 0x2945, 0x2945, 0x2944, 0x2125,
  0x3165, 0x51C5, 0x49A5, 0x49C5, 0xA2C4, 0xB2E4, 0xAAE4, 0xCB44, 0xE384, 0xE363, 0xE364, 0xFBA2,
  0xFBA1, 0xFBA1, 0xFBA1, 0xFBA1, 0xFBA1, 0xFC42, 0xFCA2, 0xFCA2, 0xFC82, 0xFD22, 0xFDC3, 0xFDA3,
  0xFDA3, 0xFDA3, 0xFDA3, 0xFDA3, 0xFDA3, 0xFDA3, 0xFDA3, 0xFDA3, 0xFDA3, 0xFDA3, 0xFDA3, 0xFD43,
  0xFD22, 0xFD22, 0xFD63, 0xFDC3, 0xFDA3, 0xFDA3, 0xFDA3, 0xFDA3, 0xFDC3, 0xFD42, 0xFCE2, 0xFD02,
  0xF482, 0xDB62, 0xDB82, 0xDB82, 0x4941, 0x2081, 0x28C1, 0x1860, 0x0000, 0x0000, 0x0000, 0x0000,
  0x0000, 0x0000, 0x0000, 0x0000, 0x0000, 0x0000, 0x0000, 0x0000, 0x0000, 0x0000, 0x0000, 0x0000,
  0x0000, 0x0000, 0x0000, 0x0000, 0x0000, 0x0000, 0x0000, 0x0000, 0x0000, 0x0000, 0x0000, 0x0000,
  0x0000, 0x0000, 0x0000, 0x0000, 0x0000, 0x0000, 0x0000, 0x0000, 0x0000, 0x0000, 0x0000, 0x0000,
  0x0000, 0x0000, 0x0000, 0x0000, 0x0000, 0x0000, 0x0000, 0x0000, 0x0000, 0x0000, 0x0000, 0x0000,
  0x0000, 0x0000, 0x0000, 0x0000, 0x0000, 0x0000, 0x0000, 0x0000, 0x0000, 0x0000, 0x0000, 0x0000,
  0x0000, 0x0000, 0x4A49, 0x7BCF, 0x738E, 0x6B6D, 0x528A, 0x528A, 0x528A, 0x0841, 0x0000, 0x0000,
  0x18C3, 0x2945, 0x2124, 0x4184, 0x9285, 0x8A85, 0x8A85, 0xDB42, 0xFBC2, 0xFBA2, 0xFBA1, 0xFBA1,
  0xFBA1, 0xFBA1, 0xFBA1, 0xFBA1, 0xFBA1, 0xFBA1, 0xFBC1, 0xFBA1, 0xFD63, 0xFE03, 0xFDC3, 0xFDE3,
  0xFDC3, 0xFDC3, 0xFDC3, 0xFDC3, 0xFDC3, 0xFDA3, 0xFDA3, 0xFDC3, 0xFDC3, 0xFDC3, 0xFDA3, 0xFDC3,
  0xFDA3, 0xFDC3, 0xFC22, 0xFBA1, 0xFBA1, 0xFC82, 0xFDE3, 0xFDA3, 0xFDA3, 0xFDA3, 0xFDC3, 0xFDA3,
  0xFDC3, 0xFDC3, 0xFDC3, 0xFDA3, 0xFDA2, 0xFD82, 0xFDA2, 0xA344, 0x8245, 0x9AA5, 0x5983, 0x0000,
  0x0000, 0x0000, 0x0000, 0x0000, 0x0000, 0x0000, 0x0000, 0x0000, 0x0000, 0x0000, 0x0000, 0x0000,
  0x0000, 0x0000, 0x0000, 0x0000, 0x0000, 0x0000, 0x0000, 0x0000, 0x0000, 0x0000, 0x0000, 0x0000,
  0x0000, 0x0000, 0x0000, 0x0000, 0x0000, 0x0000, 0x0000, 0x0000, 0x0000, 0x0000, 0x0000, 0x0000,
  0x0000, 0x0000, 0x0000, 0x0000, 0x0000, 0x0000, 0x0000, 0x0000, 0x0000, 0x0000, 0x0000, 0x0000,
  0x0000, 0x0000, 0x0000, 0x0000, 0x0000, 0x0000, 0x0000, 0x0000, 0x0000, 0x0000, 0x0000, 0x0000,
  0x0000, 0x0000, 0x0000, 0x0000, 0x0000, 0x4A49, 0x7BCF, 0x738E, 0x6B6D, 0x528A, 0x528A, 0x528A,
  0x0861, 0x0000, 0x0000, 0x18C3, 0x2944, 0x2124, 0x4184, 0x8A65, 0x8A65, 0x8265, 0xDB43, 0xF382,
  0xF382, 0xFBA1, 0xFBA1, 0xFBA1, 0xFBA1, 0xFBA1, 0xFBA1, 0xFBA1, 0xFBA1, 0xFBC1, 0xFBA1, 0xFD42,
  0xFDC3, 0xFDA3, 0xFDA3, 0xFDA3, 0xFDC3, 0xFDC3, 0xFDA3, 0xFDA3, 0xFDA3, 0xFDA3, 0xFDA3, 0xFDA3,
  0xFDC3, 0xFDA3, 0xFDA3, 0xFDA3, 0xFDC3, 0xFC42, 0xFBC1, 0xFBA1, 0xFCA2, 0xFDC3, 0xFDA3, 0xFDA3,
  0xFDA3, 0xFDA3, 0xFDA3, 0xFDA3, 0xFDA3, 0xFDA3, 0xFDA3, 0xFD83, 0xFD62, 0xFD82, 0xAB44, 0x8245,
  0x9285, 0x5183, 0x0000, 0x0000, 0x0000, 0x0000, 0x0000, 0x0000, 0x0000, 0x0000, 0x0000, 0x0000,
  0x0000, 0x0000, 0x0000, 0x0000, 0x0000, 0x0000, 0x0000, 0x0000, 0x0000, 0x0000, 0x0000, 0x0000,
  0x0000, 0x0000, 0x0000, 0x0000, 0x0000, 0x0000, 0x0000, 0x0000, 0x0000, 0x0000, 0x0000, 0x0000,
  0x0000, 0x0000, 0x0000, 0x0000, 0x0000, 0x0000, 0x0000, 0x0000, 0x0000, 0x0000, 0x0000, 0x0000,
  0x0000, 0x0000, 0x0000, 0x0000, 0x0000, 0x0000, 0x0000, 0x0000, 0x0000, 0x0000, 0x0000, 0x0000,
  0x0000, 0x0000, 0x0000, 0x0000, 0x0000, 0x0000, 0x0000, 0x0000, 0x4A49, 0x7BEF, 0x738E, 0x6B4D,
  0x528A, 0x52AA, 0x52AA, 0x0861, 0x0000, 0x0000, 0x18C3, 0x2924, 0x2104, 0x4184, 0x8A65, 0x8A65,
  0x8265, 0xE342, 0xFB81, 0xFBA1, 0xFBC1, 0xFBA1, 0xFBA1, 0xFBA1, 0xFBA1, 0xFBA1, 0xFBA1, 0xFBA1,
  0xFBA1, 0xFBA1, 0xFD63, 0xFDE3, 0xFDC3, 0xFDC3, 0xFDC3, 0xFDC3, 0xFDC3, 0xFDC3, 0xFDC3, 0xFDC3,
  0xFDC3, 0xFDC3, 0xFDC3, 0xFDC3, 0xFDC3, 0xFDC3, 0xFDC3, 0xFDC3, 0xFC42, 0xFBC1, 0xFBA1, 0xFCC2,
  0xFE03, 0xFDC3, 0xFDE3, 0xFDE3, 0xFDC3, 0xFDE3, 0xFDC3, 0xFDA3, 0xFDA3, 0xFDA3, 0xFDA3, 0xFD83,
  0xFDA2, 0xA324, 0x7A05, 0x9285, 0x5983, 0x0000, 0x0000, 0x0000, 0x0000, 0x0000, 0x0000, 0x0000,
  0x0000, 0x0000, 0x0000, 0x0000, 0x0000, 0x0000, 0x0000, 0x0000, 0x0000, 0x0000, 0x0000, 0x0000,
  0x0000, 0x0000, 0x0000, 0x0000, 0x0000, 0x0000, 0x0000, 0x0000, 0x0000, 0x0000, 0x0000, 0x0000,
  0x0000, 0x0000, 0x0000, 0x0000, 0x0000, 0x0000, 0x0000, 0x0000, 0x0000, 0x0000, 0x0000, 0x0000,
  0x0000, 0x0000, 0x0000, 0x0000, 0x0000, 0x0000, 0x0000, 0x0000, 0x0000, 0x0000, 0x0000, 0x0000,
  0x0000, 0x0000, 0x0000, 0x0000, 0x0000, 0x0000, 0x0000, 0x0020, 0x39C7, 0x4208, 0x4228, 0x4A69,
  0x5AAA, 0x5AAA, 0x4A69, 0x39C7, 0x39C7, 0x39C7, 0x0841, 0x0000, 0x0000, 0x18C3, 0x2124, 0x1904,
  0x4164, 0x8A85, 0x8A65, 0x8A65, 0x9A84, 0xA2A4, 0x9AA4, 0xCB23, 0xFBC1, 0xFBA1, 0xFBA1, 0xFBA1,
  0xFBA1, 0xFBA1, 0xFBA1, 0xFBA1, 0xFBA1, 0xFBE1, 0xFC21, 0xFC21, 0xFC21, 0xFC01, 0xFC01, 0xFC01,
  0xFC01, 0xFC21, 0xFC21, 0xFC21, 0xFC01, 0xFC01, 0xFC21, 0xFC22, 0xFC22, 0xFC22, 0xFC22, 0xBB23,
  0xAAC4, 0xB2C4, 0xAB04, 0xAB64, 0xA364, 0xAB64, 0xEBA2, 0xEBC2, 0xEB82, 0xF4E2, 0xFDC3, 0xFDA3,
  0xFD83, 0xFCC2, 0xFCA2, 0xFCA2, 0xE4C3, 0xDCA3, 0xE503, 0xAB82, 0x48E0, 0x5121, 0x38C0, 0x0000,
  0x0000, 0x0000, 0x0000, 0x0000, 0x0000, 0x0000, 0x0000, 0x0000, 0x0000, 0x0000, 0x0000, 0x0000,
  0x0000, 0x0000, 0x0000, 0x0000, 0x0000, 0x0000, 0x0000, 0x0000, 0x0000, 0x0000, 0x0000, 0x0000,
  0x0000, 0x0000, 0x0000, 0x0000, 0x0000, 0x0000, 0x0000, 0x0000, 0x0000, 0x0000, 0x0000, 0x0000,
  0x0000, 0x0000, 0x0000, 0x0000, 0x0000, 0x0000, 0x0000, 0x0000, 0x0000, 0x0000, 0x0000, 0x0000,
  0x0000, 0x0000, 0x0000, 0x0000, 0x0000, 0x0000, 0x0000, 0x0000, 0x0000, 0x0000, 0x0841, 0x632C,
  0x6B6D, 0x6B6D, 0x528A, 0x4228, 0x4A69, 0x4249, 0x2965, 0x2965, 0x2965, 0x0020, 0x0000, 0x0000,
  0x18C3, 0x2124, 0x1904, 0x4164, 0x8A85, 0x8A65, 0x8A65, 0x8265, 0x8265, 0x7245, 0xBAE3, 0xFBA1,
  0xF382, 0xFBA1, 0xFBA1, 0xFBA1, 0xFBA1, 0xFBA1, 0xFBA1, 0xFBA1, 0xFB81, 0xFB81, 0xFB81, 0xFB81,
  0xFB81, 0xFB81, 0xFB81, 0xFB81, 0xFB81, 0xFB81, 0xFB81, 0xFB81, 0xFB81, 0xFB81, 0xFB81, 0xFB81,
  0xFB81, 0xFB81, 0xA284, 0x8A65, 0x9285, 0x8A45, 0x8225, 0x8245, 0x8A44, 0xDAC2, 0xE2E2, 0xDAA2,
  0xF482, 0xFDC3, 0xFD83, 0xFD42, 0xFC41, 0xFC41, 0xFC42, 0xFD62, 0xFDA2, 0xFDE2, 0xD442, 0x81A1,
  0x9A21, 0x7181, 0x0000, 0x0000, 0x0000, 0x0000, 0x0000, 0x0000, 0x0000, 0x0000, 0x0000, 0x0000,
  0x0000, 0x0000, 0x0000, 0x0000, 0x0000, 0x0000, 0x0000, 0x0000, 0x0000, 0x0000, 0x0000, 0x0000,
  0x0000, 0x0000, 0x0000, 0x0000, 0x0000, 0x0000, 0x0000, 0x0000, 0x0000, 0x0000, 0x0000, 0x0000,
  0x0000, 0x0000, 0x0000, 0x0000, 0x0000, 0x0000, 0x0000, 0x0000, 0x0000, 0x0000, 0x0000, 0x0000,
  0x0000, 0x0000, 0x0000, 0x0000, 0x0000, 0x0000, 0x0000, 0x0000, 0x0000, 0x0000, 0x0000, 0x0000,
  0x0000, 0x0841, 0x5AEB, 0x630C, 0x62EB, 0x528A, 0x4A69, 0x528A, 0x4228, 0x3186, 0x31A6, 0x3186,
  0x0020, 0x0000, 0x0000, 0x10A2, 0x2124, 0x18E4, 0x3964, 0x8A85, 0x8A65, 0x8A65, 0x8A65, 0x8A65,
  0x8265, 0xC303, 0xFBC1, 0xFBA1, 0xFBA1, 0xFBA1, 0xFBC1, 0xFBC1, 0xFBC1, 0xFBA1, 0xFBC1, 0xFBC1,
  0xFBC1, 0xFBC1, 0xFBC1, 0xFBC1, 0xFBC1, 0xFBA1, 0xFBA1, 0xFBA1, 0xFBA1, 0xFBC1, 0xFBA1, 0xFBA1,
  0xFBA1, 0xFBA1, 0xFBC1, 0xFBC1, 0xFBA1, 0xB2E4, 0x9A85, 0x9AA5, 0x92A5, 0x8A65, 0x8265, 0x9AA4,
  0xE302, 0xE302, 0xE2E2, 0xF4C2, 0xFDE3, 0xFDA3, 0xFD62, 0xFC62, 0xFC62, 0xFC62, 0xFD42, 0xFD83,
  0xFDA3, 0xD422, 0x7981, 0x89E1, 0x6961, 0x0000, 0x0000, 0x0000, 0x0000, 0x0000, 0x0000, 0x0000,
  0x0000, 0x0000, 0x0000, 0x0000, 0x0000, 0x0000, 0x0000, 0x0000, 0x0000, 0x0000, 0x0000, 0x0000,
  0x0000, 0x0000, 0x0000, 0x0000, 0x0000, 0x0000, 0x0000, 0x0000, 0x0000, 0x0000, 0x0000, 0x0000,
  0x0000, 0x0000, 0x0000, 0x0000, 0x0000, 0x0000, 0x0000, 0x0000, 0x0000, 0x0000, 0x0000, 0x0000,
  0x0000, 0x0000, 0x0000, 0x0000, 0x0000, 0x0000, 0x0000, 0x0000, 0x0000, 0x0000, 0x0000, 0x0000,
  0x0000, 0x0000, 0x0000, 0x0000, 0x0861, 0x738E, 0x738E, 0x73AE, 0x5AEB, 0x4A49, 0x4A69, 0x4208,
  0x2124, 0x2945, 0x2124, 0x0020, 0x0000, 0x0000, 0x2903, 0x3964, 0x3144, 0x51C4, 0x8A65, 0x8A65,
  0x8A65, 0x8A65, 0x8A65, 0x8265, 0xAAE4, 0xE362, 0xDB42, 0xDB62, 0xE362, 0xE362, 0xDB62, 0xDB62,
  0xDB62, 0xDB62, 0xDB62, 0xDB62, 0xDB62, 0xDB62, 0xDB62, 0xE362, 0xDB62, 0xE362, 0xF381, 0xF381,
  0xF381, 0xFBA1, 0xFBA1, 0xFBA1, 0xF3A2, 0xE362, 0xE362, 0xE363, 0x8A64, 0x7A04, 0x7A24, 0x8244,
  0x8A65, 0x8265, 0x9285, 0xCAE3, 0xCAE3, 0xCAA3, 0xEC43, 0xFD63, 0xFD23, 0xFCE2, 0xFC21, 0xFC42,
  0xFC42, 0xFD42, 0xFD83, 0xFDC3, 0xD442, 0x81A2, 0x9202, 0x71A1, 0x0000, 0x0000, 0x0000, 0x0000,
  0x0000, 0x0000, 0x0000, 0x0000, 0x0000, 0x0000, 0x0000, 0x0000, 0x0000, 0x0000, 0x0000, 0x0000,
  0x0000, 0x0000, 0x0000, 0x0000, 0x0000, 0x0000, 0x0000, 0x0000, 0x0000, 0x0000, 0x0000, 0x0000,
  0x0000, 0x0000, 0x0000, 0x0000, 0x0000, 0x0000, 0x0000, 0x0000, 0x0000, 0x0000, 0x0000, 0x0000,
  0x0000, 0x0000, 0x0000, 0x0000, 0x0000, 0x0000, 0x0000, 0x0000, 0x0000, 0x0000, 0x0000, 0x0000,
  0x0000, 0x0000, 0x0000, 0x0000, 0x0000, 0x0000, 0x0000, 0x10A2, 0xB575, 0xBDD6, 0xC5F7, 0x738E,
  0x4208, 0x528A, 0x39C7, 0x0000, 0x0000, 0x0000, 0x0000, 0x0000, 0x0000, 0x61A3, 0x8A85, 0x8265,
  0x8A65, 0x8265, 0x8A65, 0x8A65, 0x8A85, 0x8A65, 0x8A65, 0x8265, 0x8265, 0x8265, 0x8265, 0x8265,
  0x8265, 0x8265, 0x8265, 0x8265, 0x8265, 0x8265, 0x8265, 0x8265, 0x8265, 0x8265, 0x8265, 0x8265,
  0x9285, 0xD2C2, 0xD2C2, 0xCAA2, 0xF362, 0xFBC1, 0xFBC1, 0xD343, 0x7A45, 0x8265, 0x8245, 0x18C2,
  0x1082, 0x0862, 0x4163, 0x8A85, 0x8265, 0x8265, 0x8265, 0x8265, 0x7A65, 0xCAE3, 0xF342, 0xEB42,
  0xF362, 0xFBC1, 0xFBC1, 0xFBE1, 0xFD62, 0xFDA3, 0xFDC3, 0xD463, 0x8A24, 0x9A84, 0x79E3, 0x0000,
  0x0000, 0x0000, 0x0000, 0x0000, 0x0000, 0x0000, 0x0000, 0x0000, 0x0000, 0x0000, 0x0000, 0x0000,
  0x0000, 0x0000, 0x0000, 0x0000, 0x0000, 0x0000, 0x0000, 0x0000, 0x0000, 0x0000, 0x0000, 0x0000,
  0x0000, 0x0000, 0x0000, 0x0000, 0x0000, 0x0000, 0x0000, 0x0000, 0x0000, 0x0000, 0x0000, 0x0000,
  0x0000, 0x0000, 0x0000, 0x0000, 0x0000, 0x0000, 0x0000, 0x0000, 0x0000, 0x0000, 0x0000, 0x0000,
  0x0000, 0x0000, 0x0000, 0x0000, 0x0000, 0x0000, 0x0000, 0x0000, 0x0000, 0x0000, 0x10A2, 0xB575,
  0xBDB6, 0xBDD7, 0x738E, 0x4228, 0x528A, 0x39C7, 0x0000, 0x0000, 0x0000, 0x0000, 0x0000, 0x0000,
  0x59A3, 0x8A85, 0x8245, 0x8265, 0x8265, 0x8A65, 0x8A65, 0x8A85, 0x8A85, 0x8A65, 0x8A65, 0x8A65,
  0x8265, 0x8A65, 0x8A65, 0x8A65, 0x8A65, 0x8A65, 0x8A65, 0x8A65, 0x8A65, 0x8A65, 0x8A65, 0x8265,
  0x8A65, 0x8A65, 0x8265, 0x9A85, 0xD2C2, 0xD2C2, 0xD2C2, 0xF362, 0xFBA1, 0xFBA1, 0xD343, 0x8245,
  0x8265, 0x8265, 0x20E2, 0x1082, 0x0882, 0x4984, 0x8A85, 0x8265, 0x8265, 0x8265, 0x8A85, 0x8265,
  0xCB03, 0xF342, 0xEB42, 0xEB82, 0xFBC1, 0xFBC1, 0xFBE1, 0xFD62, 0xFDA3, 0xFDC3, 0xD463, 0x8A24,
  0x9A84, 0x79E3, 0x0000, 0x0000, 0x0000, 0x0000, 0x0000, 0x0000, 0x0000, 0x0000, 0x0000, 0x0000,
  0x0000, 0x0000, 0x0000, 0x0000, 0x0000, 0x0000, 0x0000, 0x0000, 0x0000, 0x0000, 0x0000, 0x0000,
  0x0000, 0x0000, 0x0000, 0x0000, 0x0000, 0x0000, 0x0000, 0x0000, 0x0000, 0x0000, 0x0000, 0x0000,
  0x0000, 0x0000, 0x0000, 0x0000, 0x0000, 0x0000, 0x0000, 0x0000, 0x0000, 0x0000, 0x0000, 0x0000,
  0x0000, 0x0000, 0x0000, 0x0000, 0x0000, 0x0000, 0x0000, 0x0000, 0x0000, 0x0000, 0x0000, 0x0000,
  0x0000, 0x10A2, 0xB5B6, 0xBDD6, 0xBDF7, 0x73AE, 0x4228, 0x52AA, 0x39C7, 0x0000, 0x0000, 0x0000,
  0x0000, 0x0000, 0x0000, 0x59A3, 0x8A85, 0x8265, 0x8265, 0x8A65, 0x8A65, 0x8A85, 0x8265, 0x8265,
  0x8265, 0x8265, 0x8265, 0x8265, 0x8265, 0x8A65, 0x8A65, 0x8A65, 0x8265, 0x8265, 0x8265, 0x8265,
  0x8265, 0x8265, 0x8265, 0x8265, 0x8A65, 0x8265, 0x9A85, 0xDAE2, 0xD2C2, 0xD2C2, 0xF381, 0xFBC1,
  0xFBC1, 0xD342, 0x7A45, 0x8265, 0x8245, 0x18C2, 0x0062, 0x0042, 0x4984, 0x8A85, 0x7A45, 0x8265,
  0x8265, 0x8A65, 0x7A65, 0xCB23, 0xFB62, 0xEB42, 0xF382, 0xFBC1, 0xFBC1, 0xFC02, 0xFD83, 0xFDA3,
  0xFDC3, 0xD463, 0x8A24, 0x9A84, 0x7A03, 0x0000, 0x0000, 0x0000, 0x0000, 0x0000, 0x0000, 0x0000,
  0x0000, 0x0000, 0x0000, 0x0000, 0x0000, 0x0000, 0x0000, 0x0000, 0x0000, 0x0000, 0x0000, 0x0000,
  0x0000, 0x0000, 0x0000, 0x0000, 0x0000, 0x0000, 0x0000, 0x0000, 0x0000, 0x0000, 0x0000, 0x0000,
  0x0000, 0x0000, 0x0000, 0x0000, 0x0000, 0x0000, 0x0000, 0x0000, 0x0000, 0x0000, 0x0000, 0x0000,
  0x0000, 0x0000, 0x0000, 0x0000, 0x0000, 0x0000, 0x0000, 0x0000, 0x0000, 0x0000, 0x0000, 0x0000,
  0x0000, 0x0000, 0x0000, 0x0000, 0x1082, 0x9CD3, 0xA514, 0xAD55, 0x738E, 0x4A49, 0x52AA, 0x39C7,
  0x0000, 0x0000, 0x0000, 0x30C1, 0x38E1, 0x38E1, 0x69E3, 0x8A65, 0x8265, 0x8A65, 0x8A65, 0x8A65,
  0x8A65, 0xAAE6, 0xB306, 0xB327, 0x9AC6, 0x8265, 0x8A65, 0x8265, 0x8265, 0x8A85, 0x8265, 0xA2E6,
  0xBB26, 0xB327, 0xB327, 0xB327, 0xB326, 0xB327, 0x9AC6, 0x8265, 0x8A85, 0x8A85, 0xA2A4, 0xA284,
  0xA284, 0xA2A4, 0x9AA3, 0x9AA3, 0x9AA4, 0xA2C6, 0xA2C6, 0xA2E6, 0xA282, 0xA261, 0xAA81, 0xAAA4,
  0xA2E6, 0xA2E6, 0xA2C6, 0x8265, 0x8265, 0x8265, 0x9AA4, 0xAAC4, 0xA2A4, 0xBB04, 0xFBA1, 0xFBA1,
  0xFBA2, 0xFD22, 0xFDA3, 0xFDC2, 0xD463, 0x8A24, 0x9A84, 0x7A03, 0x0000, 0x0000, 0x0000, 0x0000,
  0x0000, 0x0000, 0x0000, 0x0000, 0x0000, 0x0000, 0x0000, 0x0000, 0x0000, 0x0000, 0x0000, 0x0000,
  0x0000, 0x0000, 0x0000, 0x0000, 0x0000, 0x0000, 0x0000, 0x0000, 0x0000, 0x0000, 0x0000, 0x0000,
  0x0000, 0x0000, 0x0000, 0x0000, 0x0000, 0x0000, 0x0000, 0x0000, 0x0000, 0x0000, 0x0000, 0x0000,
  0x0000, 0x0000, 0x0000, 0x0000, 0x0000, 0x0000, 0x0000, 0x0000, 0x0000, 0x0000, 0x0000, 0x0000,
  0x0000, 0x0000, 0x0000, 0x0000, 0x0000, 0x0000, 0x0000, 0x0861, 0x8C71, 0x9492, 0x9CB3, 0x6B2D,
  0x4A49, 0x52AA, 0x39C7, 0x0000, 0x0000, 0x0820, 0x5142, 0x5962, 0x5962, 0x71E3, 0x8A65, 0x8A65,
  0x8A65, 0x8265, 0x8A65, 0x8265, 0xBB27, 0xCB67, 0xCB67, 0xAAE6, 0x8265, 0x8A65, 0x8A65, 0x8A65,
  0x8A85, 0x8265, 0xB306, 0xCB87, 0xCB67, 0xCB67, 0xCB67, 0xC367, 0xCB87, 0xA2E6, 0x8265, 0x8A85,
  0x8A65, 0x8A65, 0x8A85, 0x8A85, 0x7225, 0x6A04, 0x6A04, 0x8A85, 0xB326, 0xB306, 0xB327, 0xF363,
  0xFB81, 0xFBA2, 0xE364, 0xB327, 0xBB47, 0xB326, 0x8265, 0x8265, 0x8A65, 0x8265, 0x8265, 0x7A65,
  0xA2C5, 0xFBA1, 0xF381, 0xF361, 0xFD02, 0xFD83, 0xFDA2, 0xD443, 0x8A24, 0x9A84, 0x7A03, 0x0000,
  0x0000, 0x0000, 0x0000, 0x0000, 0x0000, 0x0000, 0x0000, 0x0000, 0x0000, 0x0000, 0x0000, 0x0000,
  0x0000, 0x0000, 0x0000, 0x0000, 0x0000, 0x0000, 0x0000, 0x0000, 0x0000, 0x0000, 0x0000, 0x0000,
  0x0000, 0x0000, 0x0000, 0x0000, 0x0000, 0x0000, 0x0000, 0x0000, 0x0000, 0x0000, 0x0000, 0x0000,
  0x0000, 0x0000, 0x0000, 0x0000, 0x0000, 0x0000, 0x0000, 0x0000, 0x0000, 0x0000, 0x0000, 0x0000,
  0x0000, 0x0000, 0x0000, 0x0000, 0x0000, 0x0000, 0x0000, 0x0000, 0x0000, 0x0000, 0x0861, 0x8C71,
  0x9492, 0x9CD3, 0x6B4D, 0x4A49, 0x52AA, 0x39C7, 0x0000, 0x0000, 0x0820, 0x5142, 0x5962, 0x5142,
  0x71E3, 0x8A85, 0x8A65, 0x8A65, 0x8265, 0x8A65, 0x8265, 0xBB27, 0xCB67, 0xCB67, 0xAAE6, 0x7A45,
  0x8265, 0x8265, 0x8265, 0x8265, 0x7A45, 0xB306, 0xCB67, 0xC367, 0xC367, 0xC367, 0xC367, 0xC367,
  0xA2E6, 0x8245, 0x8265, 0x8265, 0x8A65, 0x8A65, 0x8A65, 0x7A45, 0x7224, 0x7204, 0x8A65, 0xB306,
  0xAB06, 0xAB06, 0xE322, 0xEB41, 0xF341, 0xD323, 0xAB06, 0xB306, 0xAAE6, 0x8265, 0x8265, 0x8265,
  0x8265, 0x8A85, 0x8265, 0xA2C4, 0xFBA1, 0xFBA1, 0xFB81, 0xFD22, 0xFDA2, 0xFDC2, 0xD463, 0x8A25,
  0x9A85, 0x7A04, 0x0000, 0x0000, 0x0000, 0x0000, 0x0000, 0x0000, 0x0000, 0x0000, 0x0000, 0x0000,
  0x0000, 0x0000, 0x0000, 0x0000, 0x0000, 0x0000, 0x0000, 0x0000, 0x0000, 0x0000, 0x0000, 0x0000,
  0x0000, 0x0000, 0x0000, 0x0000, 0x0000, 0x0000, 0x0000, 0x0000, 0x0000, 0x0000, 0x0000, 0x0000,
  0x0000, 0x0000, 0x0000, 0x0000, 0x0000, 0x0000, 0x0000, 0x0000, 0x0000, 0x0000, 0x0000, 0x0000,
  0x0000, 0x0000, 0x0000, 0x0000, 0x0000, 0x0000, 0x0000, 0x0000, 0x0000, 0x0000, 0x0000, 0x0000,
  0x0000, 0x0861, 0x8C72, 0x94B3, 0x9CD3, 0x6B4D, 0x4A49, 0x52AA, 0x39C7, 0x0000, 0x0000, 0x0820,
  0x5962, 0x6182, 0x5962, 0x7204, 0x8A85, 0x8265, 0x8A65, 0x8265, 0x8A65, 0x8265, 0xAAE6, 0xB327,
  0xB327, 0xAB06, 0x92A6, 0x9AA6, 0x9AA6, 0x9AC6, 0x9AC6, 0x92A6, 0xBB27, 0xCB67, 0xC367, 0xC367,
  0xC367, 0xC367, 0xCB67, 0xAB06, 0x9AC6, 0x9AC6, 0x9AC6, 0x9AC6, 0x9AC6, 0x9AC6, 0x8A85, 0x8265,
  0x7A45, 0x9AC6, 0xC367, 0xBB47, 0xBB47, 0xEBA5, 0xF3C4, 0xF3C4, 0xE3C7, 0xCBC9, 0xCBC9, 0xBB68,
  0x92A6, 0x9AA6, 0x92A5, 0x8A85, 0x8265, 0x8265, 0x9AA4, 0xDB62, 0xDB42, 0xDB22, 0xF4A2, 0xFD02,
  0xFD22, 0xD403, 0x8A45, 0x9A85, 0x7A04, 0x0000, 0x0000, 0x0000, 0x0000, 0x0000, 0x0000, 0x0000,
  0x0000, 0x0000, 0x0000, 0x0000, 0x0000, 0x0000, 0x0000, 0x0000, 0x0000, 0x0000, 0x0000, 0x0000,
  0x0000, 0x0000, 0x0000, 0x0000, 0x0000, 0x0000, 0x0000, 0x0000, 0x0000, 0x0000, 0x0000, 0x0000,
  0x0000, 0x0000, 0x0000, 0x0000, 0x0000, 0x0000, 0x0000, 0x0000, 0x0000, 0x0000, 0x0000, 0x0000,
  0x0000, 0x0000, 0x0000, 0x0000, 0x0000, 0x0000, 0x0000, 0x0000, 0x0000, 0x0000, 0x0000, 0x0000,
  0x0000, 0x0000, 0x0000, 0x0000, 0x0862, 0x94B3, 0x9CF4, 0xA514, 0x6B4D, 0x4A28, 0x52AA, 0x39C7,
  0x0000, 0x0000, 0x0820, 0x7204, 0x7A24, 0x7A24, 0x8245, 0x8A65, 0x8A65, 0x8A65, 0x8265, 0x8265,
  0x8265, 0x7A45, 0x7A45, 0x7245, 0xA2E6, 0xCB67, 0xC347, 0xC367, 0xC367, 0xC367, 0xC367, 0xC367,
  0xCB67, 0xCB67, 0xCB67, 0xCB67, 0xCB67, 0xCB67, 0xCB67, 0xCB87, 0xCB67, 0xCB67, 0xCB67, 0xCB67,
  0xCB67, 0xBB47, 0xBB27, 0xBB27, 0xCB88, 0xEC6B, 0xE44A, 0xE44A, 0xF50E, 0xF52E, 0xF52E, 0xFD4F,
  0xFD70, 0xFD6F, 0xF50E, 0xD388, 0xCB67, 0xD367, 0x9AA5, 0x8245, 0x8265, 0x8265, 0x8265, 0x8265,
  0x8265, 0xD303, 0xEB42, 0xEB42, 0xCAE3, 0x8A65, 0x9A85, 0x7A04, 0x0000, 0x0000, 0x0000, 0x0000,
  0x0000, 0x0000, 0x0000, 0x0000, 0x0000, 0x0000, 0x0000, 0x0000, 0x0000, 0x0000, 0x0000, 0x0000,
  0x0000, 0x0000, 0x0000, 0x0000, 0x0000, 0x0000, 0x0000, 0x0000, 0x0000, 0x0000, 0x0000, 0x0000,
  0x0000, 0x0000, 0x0000, 0x0000, 0x0000, 0x0000, 0x0000, 0x0000, 0x0000, 0x0000, 0x0000, 0x0000,
  0x0000, 0x0000, 0x0000, 0x0000, 0x0000, 0x0000, 0x0000, 0x0000, 0x0000, 0x0000, 0x0000, 0x0000,
  0x0000, 0x0000, 0x0000, 0x0000, 0x0000, 0x0000, 0x0000, 0x1062, 0x94B3, 0x9CF3, 0xA4F4, 0x6B4D,
  0x4A28, 0x528A, 0x39C7, 0x0000, 0x0000, 0x0820, 0x7204, 0x7A24, 0x7224, 0x8245, 0x8A65, 0x8A65,
  0x8A65, 0x8265, 0x8265, 0x8265, 0x8265, 0x8265, 0x7A65, 0xA2E6, 0xC347, 0xBB47, 0xC347, 0xC347,
  0xC367, 0xBB47, 0xC367, 0xCB67, 0xCB67, 0xCB67, 0xCB67, 0xCB67, 0xCB67, 0xCB67, 0xCB67, 0xCB67,
  0xCB67, 0xCB67, 0xCB67, 0xC367, 0xBB47, 0xBB47, 0xB327, 0xC388, 0xEC6B, 0xE44A, 0xE44A, 0xF50D,
  0xF52E, 0xF52E, 0xF52F, 0xF54F, 0xFD4F, 0xF50E, 0xCB88, 0xCB67, 0xD388, 0x92A6, 0x8265, 0x8A65,
  0x8A65, 0x8A65, 0x8A65, 0x8265, 0xD303, 0xEB42, 0xEB62, 0xCAE3, 0x8A65, 0x9A85, 0x7A04, 0x0000,
  0x0000, 0x0000, 0x0000, 0x0000, 0x0000, 0x0000, 0x0000, 0x0000, 0x0000, 0x0000, 0x0000, 0x0000,
  0x0000, 0x0000, 0x0000, 0x0000, 0x0000, 0x0000, 0x0000, 0x0000, 0x0000, 0x0000, 0x0000, 0x0000,
  0x0000, 0x0000, 0x0000, 0x0000, 0x0000, 0x0000, 0x0000, 0x0000, 0x0000, 0x0000, 0x0000, 0x0000,
  0x0000, 0x0000, 0x0000, 0x0000, 0x0000, 0x0000, 0x0000, 0x0000, 0x0000, 0x0000, 0x0000, 0x0000,
  0x0000, 0x0000, 0x0000, 0x0000, 0x0000, 0x0000, 0x0000, 0x0000, 0x0000, 0x0000, 0x1082, 0x94B2,
  0x9CF3, 0xA4F4, 0x6B4D, 0x4228, 0x528A, 0x31A6, 0x0000, 0x0000, 0x0000, 0x71E4, 0x7A24, 0x7204,
  0x8245, 0x8A85, 0x8A65, 0x8A65, 0x8265, 0x8265, 0x8265, 0x8265, 0x7A65, 0x7A45, 0xA2E6, 0xC367,
  0xC347, 0xC367, 0xC367, 0xC367, 0xBB47, 0xC367, 0xCB67, 0xCB67, 0xCB67, 0xCB87, 0xCB67, 0xCB87,
  0xCB67, 0xCB67, 0xCB67, 0xCB67, 0xC367, 0xCB67, 0xCB67, 0xBB26, 0xB306, 0xB306, 0xC388, 0xEC4A,
  0xE44A, 0xE44A, 0xF50E, 0xF52F, 0xF52E, 0xF54F, 0xF54F, 0xFD70, 0xF50E, 0xCB67, 0xCB67, 0xCB67,
  0x9285, 0x7A45, 0x8245, 0x8265, 0x8A65, 0x8A65, 0x8265, 0xD323, 0xF362, 0xF362, 0xCB03, 0x8A65,
  0x9A85, 0x7A04, 0x0000, 0x0000, 0x0000, 0x0000, 0x0000, 0x0000, 0x0000, 0x0000, 0x0000, 0x0000,
  0x0000, 0x0000, 0x0000, 0x0000, 0x0000, 0x0000, 0x0000, 0x0000, 0x0000, 0x0000, 0x0000, 0x0000,
  0x0000, 0x0000, 0x0000, 0x0000, 0x0000, 0x0000, 0x0000, 0x0000, 0x0000, 0x0000, 0x0000, 0x0000,
  0x0000, 0x0000, 0x0000, 0x0000, 0x0000, 0x0000, 0x0000, 0x0000, 0x0000, 0x0000, 0x0000, 0x0000,
  0x0000, 0x0000, 0x0000, 0x0000, 0x0000, 0x0000, 0x0000, 0x0000, 0x0000, 0x0000, 0x0000, 0x0000,
  0x0000, 0x1082, 0x9CD3, 0xA4F4, 0xAD35, 0x6B6D, 0x4228, 0x4A6A, 0x4A07, 0x4942, 0x4142, 0x5163,
  0x8244, 0x8245, 0x8245, 0x8265, 0x8A65, 0x8265, 0x8265, 0x8A65, 0x8265, 0x8265, 0x8265, 0x8265,
  0x7A65, 0xAAE6, 0xCB67, 0xC347, 0xC367, 0xC367, 0xC367, 0xC367, 0xC367, 0xC367, 0xC367, 0xC367,
  0xC367, 0xCB67, 0xC367, 0xD3C8, 0xE42A, 0xE42A, 0xDC2A, 0xD3E9, 0xDBE9, 0xD3C9, 0xDC4B, 0xE4AD,
  0xE48C, 0xE4CD, 0xF50E, 0xF50E, 0xF50E, 0xF54F, 0xF54F, 0xF54F, 0xF54F, 0xF54F, 0xF54F, 0xF54F,
  0xECCD, 0xECAD, 0xECAC, 0xCC0A, 0xC388, 0xC388, 0xAB27, 0x8245, 0x8265, 0x8265, 0x9AA4, 0xAAC4,
  0xAAC4, 0x9AA4, 0x8A65, 0x9285, 0x71E4, 0x0000, 0x0000, 0x0000, 0x0000, 0x0000, 0x0000, 0x0000,
  0x0000, 0x0000, 0x0000, 0x0000, 0x0000, 0x0000, 0x0000, 0x0000, 0x0000, 0x0000, 0x0000, 0x0000,
  0x0000, 0x0000, 0x0000, 0x0000, 0x0000, 0x0000, 0x0000, 0x0000, 0x0000, 0x0000, 0x0000, 0x0000,
  0x0000, 0x0000, 0x0000, 0x0000, 0x0000, 0x0000, 0x0000, 0x0000, 0x0000, 0x0000, 0x0000, 0x0000,
  0x0000, 0x0000, 0x0000, 0x0000, 0x0000, 0x0000, 0x0000, 0x0000, 0x0000, 0x0000, 0x0000, 0x0000,
  0x0000, 0x0000, 0x0000, 0x0000, 0x1082, 0x9CD3, 0xA514, 0xAD35, 0x6B6D, 0x4228, 0x4A69, 0x5A68,
  0x8244, 0x7A45, 0x8245, 0x8265, 0x8265, 0x8265, 0x8265, 0x8265, 0x8265, 0x8A65, 0x8A85, 0x8A65,
  0x8A65, 0x8265, 0x8285, 0x8265, 0xAAE6, 0xCB67, 0xC347, 0xC367, 0xCB67, 0xC367, 0xC367, 0xC367,
  0xC367, 0xC367, 0xC367, 0xC367, 0xC367, 0xC347, 0xDBE9, 0xF4AC, 0xEC8B, 0xEC8B, 0xE44A, 0xE42A,
  0xDBE9, 0xF50E, 0xFDB1, 0xFD90, 0xFD90, 0xFD70, 0xFD70, 0xFD70, 0xF550, 0xF550, 0xF570, 0xF570,
  0xF570, 0xF54F, 0xF54F, 0xFD70, 0xFD70, 0xFD90, 0xF4ED, 0xEC4A, 0xF48B, 0xCBA9, 0x7A45, 0x8265,
  0x8265, 0x8265, 0x8265, 0x8265, 0x8265, 0x8A65, 0x8A85, 0x7204, 0x0000, 0x0000, 0x0000, 0x0000,
  0x0000, 0x0000, 0x0000, 0x0000, 0x0000, 0x0000, 0x0000, 0x0000, 0x0000, 0x0000, 0x0000, 0x0000,
  0x0000, 0x0000, 0x0000, 0x0000, 0x0000, 0x0000, 0x0000, 0x0000, 0x0000, 0x0000, 0x0000, 0x0000,
  0x0000, 0x0000, 0x0000, 0x0000, 0x0000, 0x0000, 0x0000, 0x0000, 0x0000, 0x0000, 0x0000, 0x0000,
  0x0000, 0x0000, 0x0000, 0x0000, 0x0000, 0x0000, 0x0000, 0x0000, 0x0000, 0x0000, 0x0000, 0x0000,
  0x0000, 0x0000, 0x0000, 0x0000, 0x0000, 0x0000, 0x0000, 0x1062, 0x9CD3, 0xA514, 0xAD35, 0x6B4D,
  0x4228, 0x4A6A, 0x5A48, 0x7204, 0x7224, 0x7224, 0x8265, 0x8265, 0x8265, 0x8265, 0x8265, 0x8265,
  0x8A65, 0x8265, 0x8265, 0x8265, 0x8265, 0x8265, 0x7A65, 0xAAE6, 0xCB67, 0xC347, 0xC367, 0xC367,
  0xC367, 0xC367, 0xC367, 0xC367, 0xC367, 0xC367, 0xC347, 0xC347, 0xBB47, 0xD3E9, 0xEC8B, 0xEC8B,
  0xEC6B, 0xE409, 0xDC09, 0xDBE9, 0xED0E, 0xFD90, 0xF570, 0xF570, 0xF570, 0xF570, 0xF570, 0xF550,
  0xF550, 0xF570, 0xF54F, 0xF54F, 0xF54F, 0xF54F, 0xF54F, 0xF54F, 0xFD70, 0xECAC, 0xE42A, 0xEC6B,
  0xC388, 0x7A45, 0x8265, 0x8265, 0x8A65, 0x8A65, 0x8A65, 0x8A65, 0x8A65, 0x9285, 0x7204, 0x0000,
  0x0000, 0x0000, 0x0000, 0x0000, 0x0000, 0x0000, 0x0000, 0x0000, 0x0000, 0x0000, 0x0000, 0x0000,
  0x0000, 0x0000, 0x0000, 0x0000, 0x0000, 0x0000, 0x0000, 0x0000, 0x0000, 0x0000, 0x0000, 0x0000,
  0x0000, 0x0000, 0x0000, 0x0000, 0x0000, 0x0000, 0x0000, 0x0000, 0x0000, 0x0000, 0x0000, 0x0000,
  0x0000, 0x0000, 0x0000, 0x0000, 0x0000, 0x0000, 0x0000, 0x0000, 0x0000, 0x0000, 0x0000, 0x0000,
  0x0000, 0x0000, 0x0000, 0x0000, 0x0000, 0x0000, 0x0000, 0x0000, 0x0000, 0x0000, 0x1062, 0x9CB3,
  0xA4F4, 0xAD15, 0x6B4D, 0x4A28, 0x4A6A, 0x5A68, 0x8A65, 0x8265, 0x8265, 0x8265, 0x8265, 0x8265,
  0x8265, 0x8265, 0x8265, 0x8A85, 0x92A5, 0x9AA5, 0x9AA5, 0x92A5, 0x92A5, 0x92A5, 0xB306, 0xCB67,
  0xC347, 0xC367, 0xC367, 0xC367, 0xC367, 0xC367, 0xC367, 0xC367, 0xC367, 0xCBA8, 0xCBA8, 0xCB88,
  0xDC2A, 0xF4CD, 0xF4CC, 0xF4CC, 0xEC6B, 0xE46B, 0xE46B, 0xF52E, 0xFD90, 0xF570, 0xF570, 0xF570,
  0xF570, 0xF570, 0xF570, 0xF570, 0xF570, 0xFD90, 0xFDB1, 0xFD91, 0xFD90, 0xFD70, 0xF570, 0xFD70,
  0xECCD, 0xE46B, 0xEC8B, 0xCBE9, 0x8A85, 0x92A6, 0x92A6, 0x8A85, 0x8A65, 0x8A65, 0x8A65, 0x8A65,
  0x9285, 0x7204, 0x0000, 0x0000, 0x0000, 0x0000, 0x0000, 0x0000, 0x0000, 0x0000, 0x0000, 0x0000,
  0x0000, 0x0000, 0x0000, 0x0000, 0x0000, 0x0000, 0x0000, 0x0000, 0x0000, 0x0000, 0x0000, 0x0000,
  0x0000, 0x0000, 0x0000, 0x0000, 0x0000, 0x0000, 0x0000, 0x0000, 0x0000, 0x0000, 0x0000, 0x0000,
  0x0000, 0x0000, 0x0000, 0x0000, 0x0000, 0x0000, 0x0000, 0x0000, 0x0000, 0x0000, 0x0000, 0x0000,
  0x0000, 0x0000, 0x0000, 0x0000, 0x0000, 0x0000, 0x0000, 0x0000, 0x0000, 0x0000, 0x0000, 0x0000,
  0x0000, 0x1062, 0x9CB3, 0xA4F4, 0xAD14, 0x6B4D, 0x4A28, 0x4A69, 0x72A8, 0xCB67, 0xC367, 0xC347,
  0x8A85, 0x8265, 0x8265, 0x8265, 0x8A65, 0x8265, 0x9285, 0xEB62, 0xEB62, 0xEB62, 0xE364, 0xDB65,
  0xDB64, 0xD366, 0xC367, 0xC347, 0xC347, 0xC367, 0xC367, 0xC367, 0xC367, 0xC367, 0xC347, 0xCBA8,
  0xEC8B, 0xEC8B, 0xEC6B, 0xF4ED, 0xFDB1, 0xFD91, 0xFD91, 0xFD91, 0xFD91, 0xFD91, 0xFD70, 0xFD70,
  0xF570, 0xF570, 0xF570, 0xF570, 0xF570, 0xF570, 0xFD70, 0xF54F, 0xFDF3, 0xFED8, 0xFEB8, 0xFE97,
  0xFDB2, 0xFDB1, 0xFDB2, 0xF54F, 0xF50E, 0xFD2F, 0xEC8C, 0xCB67, 0xCB87, 0xD3A8, 0xA2E6, 0x8265,
  0x8A65, 0x8265, 0x8265, 0x8A85, 0x69E4, 0x0000, 0x0000, 0x0000, 0x0000, 0x0000, 0x0000, 0x0000,
  0x0000, 0x0000, 0x0000, 0x0000, 0x0000, 0x0000, 0x0000, 0x0000, 0x0000, 0x0000, 0x0000, 0x0000,
  0x0000, 0x0000, 0x0000, 0x0000, 0x0000, 0x0000, 0x0000, 0x0000, 0x0000, 0x0000, 0x0000, 0x0000,
  0x0000, 0x0000, 0x0000, 0x0000, 0x0000, 0x0000, 0x0000, 0x0000, 0x0000, 0x0000, 0x0000, 0x0000,
  0x0000, 0x0000, 0x0000, 0x0000, 0x0000, 0x0000, 0x0000, 0x0000, 0x0000, 0x0000, 0x0000, 0x0000,
  0x0000, 0x0000, 0x0000, 0x0000, 0x0862, 0x9CB3, 0xA4F4, 0xAD14, 0x6B4D, 0x4A48, 0x4A6A, 0x72C9,
  0xCB67, 0xC347, 0xC347, 0x8A65, 0x8265, 0x8A65, 0x8A65, 0x8A65, 0x8265, 0x9285, 0xEB62, 0xEB62,
  0xEB62, 0xE364, 0xDB65, 0xDB65, 0xD366, 0xC367, 0xC367, 0xC367, 0xC367, 0xC367, 0xC367, 0xC367,
  0xCB67, 0xC347, 0xD3C8, 0xEC8B, 0xEC8B, 0xEC8B, 0xF50E, 0xFD91, 0xFD91, 0xFD91, 0xFD91, 0xFD91,
  0xFD90, 0xF590, 0xF570, 0xF570, 0xF570, 0xF570, 0xF570, 0xF570, 0xF570, 0xF570, 0xF54F, 0xF5F3,
  0xF6B8, 0xF6B8, 0xF697, 0xF591, 0xF591, 0xF591, 0xF54F, 0xF52E, 0xFD4F, 0xEC8C, 0xCB67, 0xCB87,
  0xD3A8, 0xA2E6, 0x8265, 0x8A65, 0x8265, 0x8265, 0x8A65, 0x69E4, 0x0000, 0x0000, 0x0000, 0x0000,
  0x0000, 0x0000, 0x0000, 0x0000, 0x0000, 0x0000, 0x0000, 0x0000, 0x0000, 0x0000, 0x0000, 0x0000,
  0x0000, 0x0000, 0x0000, 0x0000, 0x0000, 0x0000, 0x0000, 0x0000, 0x0000, 0x0000, 0x0000, 0x0000,
  0x0000, 0x0000, 0x0000, 0x0000, 0x0000, 0x0000, 0x0000, 0x0000, 0x0000, 0x0000, 0x0000, 0x0000,
  0x0000, 0x0000, 0x0000, 0x0000, 0x0000, 0x0000, 0x0000, 0x0000, 0x0000, 0x0000, 0x0000, 0x0000,
  0x0000, 0x0000, 0x0000, 0x0000, 0x0000, 0x0000, 0x0000, 0x1062, 0x9C93, 0xA4D3, 0xACF4, 0x6B4D,
  0x4A48, 0x4A6A, 0x72A9, 0xD387, 0xCB67, 0xC367, 0x8A85, 0x8265, 0x8A65, 0x8265, 0x8265, 0x8265,
  0x9285, 0xEB41, 0xEB41, 0xEB41, 0xE343, 0xDB44, 0xDB44, 0xD345, 0xC347, 0xC347, 0xC347, 0xC347,
  0xC347, 0xC347, 0xC347, 0xC347, 0xC346, 0xCBA8, 0xEC6B, 0xEC6B, 0xEC6A, 0xF4ED, 0xFD91, 0xFD90,
  0xFD91, 0xFD91, 0xFD91, 0xFD91, 0xFD91, 0xFDB1, 0xFD91, 0xFD91, 0xFD91, 0xFD91, 0xFDB1, 0xFDD1,
  0xFDD1, 0xFDB1, 0xFE54, 0xFF5A, 0xFF5A, 0xFEF8, 0xFE13, 0xFE13, 0xFE13, 0xFD70, 0xF52E, 0xFD4F,
  0xEC8C, 0xCB67, 0xD387, 0xD3A8, 0xA2E6, 0x8265, 0x8A65, 0x8265, 0x8265, 0x8A65, 0x69E4, 0x0000,
  0x0000, 0x0000, 0x0000, 0x0000, 0x0000, 0x0000, 0x0000, 0x0000, 0x0000, 0x0000, 0x0000, 0x0000,
  0x0000, 0x0000, 0x0000, 0x0000, 0x0000, 0x0000, 0x0000, 0x0000, 0x0000, 0x0000, 0x0000, 0x0000,
  0x0000, 0x0000, 0x0000, 0x0000, 0x0000, 0x0000, 0x0000, 0x0000, 0x0000, 0x0000, 0x0000, 0x0000,
  0x0000, 0x0000, 0x0000, 0x0000, 0x0000, 0x0000, 0x0000, 0x0000, 0x0000, 0x0000, 0x0000, 0x0000,
  0x0000, 0x0000, 0x0000, 0x0000, 0x0000, 0x0000, 0x0000, 0x0000, 0x0000, 0x0000, 0x1082, 0xA4F4,
  0xAD35, 0xB575, 0x738E, 0x4A28, 0x4A6A, 0x6288, 0xA2C6, 0x9AC6, 0x9AC6, 0x8A65, 0x8265, 0x8265,
  0x92A5, 0xA2C6, 0x9AA6, 0xA2E6, 0xEC69, 0xF489, 0xF489, 0xF48B, 0xEC8B, 0xEC8B, 0xEC8C, 0xE48C,
  0xE48C, 0xE48C, 0xE48C, 0xE48C, 0xE48C, 0xE48C, 0xE48C, 0xE48C, 0xECCD, 0xF591, 0xF591, 0xF570,
  0xF5B2, 0xFDD3, 0xFDD2, 0xFDD2, 0xFD91, 0xF570, 0xFD91, 0xF50E, 0xECAC, 0xECCD, 0xE46C, 0xCBEA,
  0xCC0A, 0xCC0A, 0x7287, 0x6226, 0x6226, 0x5A47, 0x5AA9, 0x5A89, 0x5A88, 0x6AA8, 0x6AA8, 0x6268,
  0xC44C, 0xFD90, 0xFD70, 0xECAD, 0xCB67, 0xD387, 0xD3A8, 0xA2E6, 0x8265, 0x8265, 0x8265, 0x8265,
  0x8A65, 0x69E4, 0x0000, 0x0000, 0x0000, 0x0000, 0x0000, 0x0000, 0x0000, 0x0000, 0x0000, 0x0000,
  0x0000, 0x0000, 0x0000, 0x0000, 0x0000, 0x0000, 0x0000, 0x0000, 0x0000, 0x0000, 0x0000, 0x0000,
  0x0000, 0x0000, 0x0000, 0x0000, 0x0000, 0x0000, 0x0000, 0x0000, 0x0000, 0x0000, 0x0000, 0x0000,
  0x0000, 0x0000, 0x0000, 0x0000, 0x0000, 0x0000, 0x0000, 0x0000, 0x0000, 0x0000, 0x0000, 0x0000,
  0x0000, 0x0000, 0x0000, 0x0000, 0x0000, 0x0000, 0x0000, 0x0000, 0x0000, 0x0000, 0x0000, 0x0000,
  0x0000, 0x1082, 0xAD55, 0xB596, 0xBDD6, 0x738E, 0x4A28, 0x4A8A, 0x6268, 0x8244, 0x8245, 0x8245,
  0x8265, 0x8265, 0x8265, 0xA2C6, 0xAAE6, 0xA2C6, 0xB327, 0xF52E, 0xF52F, 0xF52E, 0xF52F, 0xFD4F,
  0xFD4F, 0xFD4F, 0xFD4F, 0xFD4F, 0xFD4F, 0xFD4F, 0xFD4F, 0xFD4F, 0xFD4F, 0xFD70, 0xFD4F, 0xFD70,
  0xFE34, 0xFE34, 0xFE34, 0xFE14, 0xFE14, 0xFE14, 0xFDF3, 0xF570, 0xF570, 0xF570, 0xECAC, 0xE409,
  0xE44A, 0xCBA8, 0xAAC5, 0xAAE6, 0xAAC5, 0x0800, 0x0000, 0x0000, 0x0000, 0x0000, 0x0000, 0x0000,
  0x0861, 0x0861, 0x0021, 0x9BAB, 0xFDB1, 0xF570, 0xE4AD, 0xCB67, 0xCB87, 0xD3A8, 0xA2E6, 0x8245,
  0x8265, 0x8265, 0x8265, 0x8A85, 0x69E4, 0x0000, 0x0000, 0x0000, 0x0000, 0x0000, 0x0000, 0x0000,
  0x0000, 0x0000, 0x0000, 0x0000, 0x0000, 0x0000, 0x0000, 0x0000, 0x0000, 0x0000, 0x0000, 0x0000,
  0x0000, 0x0000, 0x0000, 0x0000, 0x0000, 0x0000, 0x0000, 0x0000, 0x0000, 0x0000, 0x0000, 0x0000,
  0x0000, 0x0000, 0x0000, 0x0000, 0x0000, 0x0000, 0x0000, 0x0000, 0x0000, 0x0000, 0x0000, 0x0000,
  0x0000, 0x0000, 0x0000, 0x0000, 0x0000, 0x0000, 0x0000, 0x0000, 0x0000, 0x0000, 0x0000, 0x0000,
  0x0000, 0x0000, 0x0000, 0x0000, 0x1082, 0xAD55, 0xB595, 0xB5B6, 0x73AE, 0x4A49, 0x4A8A, 0x5A68,
  0x8244, 0x8265, 0x8265, 0x8265, 0x8265, 0x8265, 0xAAE6, 0xBB27, 0xAAE6, 0xC368, 0xFD4F, 0xFD2E,
  0xFD2E, 0xFD4F, 0xFD4F, 0xFD4F, 0xFD4F, 0xFD4F, 0xFD4F, 0xFD4F, 0xF52E, 0xF52E, 0xF52E, 0xF52E,
  0xF52F, 0xF52E, 0xF54F, 0xFE14, 0xFE14, 0xFE14, 0xFE14, 0xFE14, 0xFE14, 0xFE13, 0xFDB1, 0xFD91,
  0xFDB1, 0xECAC, 0xEC4A, 0xEC8B, 0xDBE9, 0xBB27, 0xC347, 0xBB27, 0x1881, 0x0000, 0x0000, 0x0000,
  0x0000, 0x0000, 0x0020, 0x10A2, 0x18C3, 0x0862, 0xABCB, 0xFE12, 0xFDD2, 0xF50E, 0xCB67, 0xCB88,
  0xD3A8, 0xA2E6, 0x8245, 0x8265, 0x8265, 0x8265, 0x8A85, 0x69E4, 0x0000, 0x0000, 0x0000, 0x0000,
  0x0000, 0x0000, 0x0000, 0x0000, 0x0000, 0x0000, 0x0000, 0x0000, 0x0000, 0x0000, 0x0000, 0x0000,
  0x0000, 0x0000, 0x0000, 0x0000, 0x0000, 0x0000, 0x0000, 0x0000, 0x0000, 0x0000, 0x0000, 0x0000,
  0x0000, 0x0000, 0x0000, 0x0000, 0x0000, 0x0000, 0x0000, 0x0000, 0x0000, 0x0000, 0x0000, 0x0000,
  0x0000, 0x0000, 0x0000, 0x0000, 0x0000, 0x0000, 0x0000, 0x0000, 0x0000, 0x0000, 0x0000, 0x0000,
  0x0000, 0x0000, 0x0000, 0x0000, 0x0000, 0x0000, 0x0000, 0x10A2, 0xB575, 0xB596, 0xBDF7, 0x83CE,
  0x5A47, 0x5A89, 0x6A87, 0x9285, 0x9285, 0x9285, 0x8265, 0x8265, 0x8265, 0x7A24, 0x7A24, 0x7A24,
  0x8A65, 0xD44B, 0xDC4B, 0xD44B, 0xE48C, 0xECCD, 0xECCD, 0xECCD, 0xECCD, 0xECAC, 0xECCD, 0xFD70,
  0xFD70, 0xFD70, 0xFDB1, 0xF5B2, 0xFDD2, 0xFDD2, 0xFE34, 0xFE34, 0xFE34, 0xFE14, 0xFDF3, 0xFDF3,
  0xF5D3, 0xECEE, 0xECED, 0xED0E, 0xDC2B, 0xCB88, 0xD3E9, 0xB347, 0x8224, 0x8225, 0x8224, 0x1061,
  0x0000, 0x0020, 0x0820, 0x0840, 0x1041, 0x1061, 0x20C2, 0x28E3, 0x18A2, 0x7AE9, 0xBC6D, 0xB44D,
  0xB3CA, 0xCB67, 0xCB88, 0xD3A8, 0xA2E6, 0x8245, 0x8265, 0x8265, 0x8265, 0x8A85, 0x69E4, 0x0000,
  0x0000, 0x0000, 0x0000, 0x0000, 0x0000, 0x0000, 0x0000, 0x0000, 0x0000, 0x0000, 0x0000, 0x0000,
  0x0000, 0x0000, 0x0000, 0x0000, 0x0000, 0x0000, 0x0000, 0x0000, 0x0000, 0x0000, 0x0000, 0x0000,
  0x0000, 0x0000, 0x0000, 0x0000, 0x0000, 0x0000, 0x0000, 0x0000, 0x0000, 0x0000, 0x0000, 0x0000,
  0x0000, 0x0000, 0x0000, 0x0000, 0x0000, 0x0000, 0x0000, 0x0000, 0x0000, 0x0000, 0x0000, 0x0000,
  0x0000, 0x0000, 0x0000, 0x0000, 0x0000, 0x0000, 0x0000, 0x0000, 0x0000, 0x0000, 0x18E3, 0xBDD7,
  0xBDD7, 0xC638, 0x9BCC, 0x7A03, 0x7A45, 0x9285, 0xBB27, 0xB327, 0xB307, 0x7A45, 0x7224, 0x7A65,
  0x20A1, 0x0000, 0x0000, 0x1040, 0x8A44, 0x9265, 0x8A44, 0xBB26, 0xCB67, 0xCB47, 0xCB67, 0xCB67,
  0xCB46, 0xD3C9, 0xFE34, 0xFE14, 0xFDF3, 0xFEB7, 0xFEF9, 0xFEF9, 0xFED9, 0xFE35, 0xFE34, 0xFE35,
  0xFDD3, 0xFD91, 0xFDB2, 0xF52F, 0xCB46, 0xCB67, 0xD367, 0xA2A5, 0x8A65, 0x9AA5, 0x5183, 0x0000,
  0x0000, 0x0000, 0x0841, 0x0861, 0x0841, 0x20C2, 0x3923, 0x3103, 0x3923, 0x5183, 0x4963, 0x5183,
  0x2903, 0x0882, 0x0882, 0x4164, 0xD3A7, 0xCB87, 0xD3A8, 0xA2E6, 0x8245, 0x8265, 0x8265, 0x8265,
  0x8A65, 0x69E4, 0x0000, 0x0000, 0x0000, 0x0000, 0x0000, 0x0000, 0x0000, 0x0000, 0x0000, 0x0000,
  0x0000, 0x0000, 0x0000, 0x0000, 0x0000, 0x0000, 0x0000, 0x0000, 0x0000, 0x0000, 0x0000, 0x0000,
  0x0000, 0x0000, 0x0000, 0x0000, 0x0000, 0x0000, 0x0000, 0x0000, 0x0000, 0x0000, 0x0000, 0x0000,
  0x0000, 0x0000, 0x0000, 0x0000, 0x0000, 0x0000, 0x0000, 0x0000, 0x0000, 0x0000, 0x0000, 0x0000,
  0x0000, 0x0000, 0x0000, 0x0000, 0x0000, 0x0000, 0x0000, 0x0000, 0x0000, 0x0000, 0x0000, 0x0000,
  0x0000, 0x10A2, 0xBDD7, 0xBDF7, 0xC638, 0x93AC, 0x7A04, 0x7A65, 0x92A6, 0xBB27, 0xB306, 0xAB07,
  0x8265, 0x7A25, 0x8265, 0x30E2, 0x0000, 0x0000, 0x1880, 0x9AA5, 0x92A5, 0x92A5, 0xC367, 0xD387,
  0xD387, 0xD387, 0xCB88, 0xCB87, 0xD3E9, 0xFE14, 0xFE14, 0xFE14, 0xFE97, 0xFEF9, 0xFEF9, 0xFED8,
  0xFE35, 0xFE35, 0xFE35, 0xFDF3, 0xFDB1, 0xFDD2, 0xF550, 0xD387, 0xD387, 0xD388, 0xAB06, 0x9AA5,
  0xA2C6, 0x61A3, 0x0000, 0x0000, 0x0000, 0x0041, 0x0861, 0x0841, 0x18A2, 0x3102, 0x28E2, 0x3102,
  0x4963, 0x4963, 0x4963, 0x2903, 0x18C3, 0x10A3, 0x4184, 0xD3A7, 0xCB87, 0xD388, 0xA2C6, 0x8245,
  0x8265, 0x8265, 0x8245, 0x8A65, 0x69E4, 0x0000, 0x0000, 0x0000, 0x0000, 0x0000, 0x0000, 0x0000,
  0x0000, 0x0000, 0x0000, 0x0000, 0x0000, 0x0000, 0x0000, 0x0000, 0x0000, 0x0000, 0x0000, 0x0000,
  0x0000, 0x0000, 0x0000, 0x0000, 0x0000, 0x0000, 0x0000, 0x0000, 0x0000, 0x0000, 0x0000, 0x0000,
  0x0000, 0x0000, 0x0000, 0x0000, 0x0000, 0x0000, 0x0000, 0x0000, 0x0000, 0x0000, 0x0000, 0x0000,
  0x0000, 0x0000, 0x0000, 0x0000, 0x0000, 0x0000, 0x0000, 0x0000, 0x0000, 0x0000, 0x0000, 0x0000,
  0x0000, 0x18C3, 0x2945, 0x2124, 0x39E7, 0xBDD7, 0xBDD7, 0xBE18, 0x93AC, 0x7A24, 0x7A65, 0x92A5,
  0xBB27, 0xBB27, 0xB307, 0x6A04, 0x6A04, 0x7245, 0x28C1, 0x0000, 0x0000, 0x1061, 0x8A44, 0x8245,
  0x8245, 0xB306, 0xC327, 0xBB26, 0xC347, 0xCB88, 0xCB67, 0xCBA8, 0xF5B2, 0xF5F3, 0xF5D2, 0xFE76,
  0xFED8, 0xFED8, 0xFE97, 0xFE14, 0xFE14, 0xFE34, 0xF5D3, 0xF550, 0xF591, 0xED50, 0xCB67, 0xC347,
  0xCB87, 0xA2C6, 0x8224, 0x9285, 0x5163, 0x0000, 0x0000, 0x0000, 0x1081, 0x1881, 0x18A2, 0x3923,
  0x4143, 0x4143, 0x4983, 0x59A4, 0x61C4, 0x61C4, 0x4164, 0x2903, 0x20E3, 0x59E5, 0xDBE8, 0xD388,
  0xD388, 0xA2E6, 0x8265, 0x8A65, 0x8265, 0x8245, 0x8A65, 0x69E4, 0x0000, 0x0000, 0x0000, 0x0000,
  0x0000, 0x0000, 0x0000, 0x0000, 0x0000, 0x0000, 0x0000, 0x0000, 0x0000, 0x0000, 0x0000, 0x0000,
  0x0000, 0x0000, 0x0000, 0x0000, 0x0000, 0x0000, 0x0000, 0x0000, 0x0000, 0x0000, 0x0000, 0x0000,
  0x0000, 0x0000, 0x0000, 0x0000, 0x0000, 0x0000, 0x0000, 0x0000, 0x0000, 0x0000, 0x0000, 0x0000,
  0x0000, 0x0000, 0x0000, 0x0000, 0x0000, 0x0000, 0x0000, 0x0000, 0x0000, 0x0000, 0x0000, 0x0000,
  0x0000, 0x0000, 0x0000, 0x0000, 0x8410, 0xBDF7, 0xB596, 0xB5B6, 0xAD75, 0xAD55, 0xB5B6, 0x938B,
  0x8244, 0x8265, 0x92A5, 0xCB67, 0xCB67, 0xC347, 0x20C2, 0x1082, 0x18A2, 0x10A2, 0x10A2, 0x10A2,
  0x10A2, 0x0000, 0x0820, 0x0820, 0x0820, 0x1040, 0x0820, 0x5983, 0xB306, 0x9AA6, 0xAAE6, 0xD3A8,
  0xD3C8, 0xD387, 0xED50, 0xFE34, 0xFDF3, 0xFDF3, 0xF52F, 0xF50E, 0xFD6F, 0xE46B, 0xCB67, 0xD3A8,
  0xCB88, 0x9AA5, 0x9AA5, 0xA2C6, 0x3902, 0x0000, 0x0840, 0x0000, 0x0000, 0x0000, 0x0840, 0x8245,
  0x8245, 0x8245, 0xAB06, 0xCB67, 0xC347, 0xCBA8, 0xE46B, 0xE46B, 0xE48C, 0xCBA8, 0xB306, 0xB306,
  0xC388, 0xEC6B, 0xE44B, 0xF48B, 0xB347, 0x8245, 0x8A65, 0x8265, 0x8245, 0x8A65, 0x69E4, 0x0000,
  0x0000, 0x0000, 0x0000, 0x0000, 0x0000, 0x0000, 0x0000, 0x0000, 0x0000, 0x0000, 0x0000, 0x0000,
  0x0000, 0x0000, 0x0000, 0x0000, 0x0000, 0x0000, 0x0000, 0x0000, 0x0000, 0x0000, 0x0000, 0x0000,
  0x0000, 0x0000, 0x0000, 0x0000, 0x0000, 0x0000, 0x0000, 0x0000, 0x0000, 0x0000, 0x0000, 0x0000,
  0x0000, 0x0000, 0x0000, 0x0000, 0x0000, 0x0000, 0x0000, 0x0000, 0x0000, 0x0000, 0x0000, 0x0000,
  0x0000, 0x0000, 0x0000, 0x0000, 0x0000, 0x0000, 0x0000, 0x8410, 0xBDD7, 0xAD75, 0xB575, 0xAD75,
  0xAD55, 0xB5B6, 0x938B, 0x8224, 0x8265, 0x9AA6, 0xCB67, 0xCB67, 0xBB27, 0x20C2, 0x0882, 0x1082,
  0x10A2, 0x18C3, 0x18C3, 0x10A2, 0x0000, 0x0000, 0x0000, 0x0000, 0x0000, 0x0000, 0x5163, 0xAAE6,
  0x9AA5, 0xAB06, 0xCB87, 0xCB67, 0xCB47, 0xED50, 0xFE13, 0xF5D2, 0xF5B2, 0xF52E, 0xF50E, 0xFD2E,
  0xE44A, 0xCB67, 0xCB87, 0xC346, 0x9AA5, 0x9A85, 0x9AA5, 0x30C1, 0x0000, 0x0000, 0x0000, 0x0000,
  0x0000, 0x1040, 0x8A65, 0x9285, 0x8265, 0xAAE6, 0xD387, 0xCB67, 0xD3A8, 0xECAC, 0xEC8C, 0xECAC,
  0xD3C9, 0xBB27, 0xC347, 0xCB88, 0xEC6B, 0xEC6B, 0xF4AC, 0xB368, 0x8245, 0x8A65, 0x8265, 0x8265,
  0x8265, 0x69E4, 0x0000, 0x0000, 0x0000, 0x0000, 0x0000, 0x0000, 0x0000, 0x0000, 0x0000, 0x0000,
  0x0000, 0x0000, 0x0000, 0x0000, 0x0000, 0x0000, 0x0000, 0x0000, 0x0000, 0x0000, 0x0000, 0x0000,
  0x0000, 0x0000, 0x0000, 0x0000, 0x0000, 0x0000, 0x0000, 0x0000, 0x0000, 0x0000, 0x0000, 0x0000,
  0x0000, 0x0000, 0x0000, 0x0000, 0x0000, 0x0000, 0x0000, 0x0000, 0x0000, 0x0000, 0x0000, 0x0000,
  0x0000, 0x0000, 0x0000, 0x0000, 0x0000, 0x0000, 0x0000, 0x0000, 0x0000, 0x0000, 0x8410, 0xBDF7,
  0xB575, 0xB595, 0xAD75, 0xAD75, 0xB596, 0x936B, 0x8224, 0x8265, 0x9AC6, 0xDBA8, 0xD3A7, 0xCB67,
  0x18A2, 0x0862, 0x1082, 0x1082, 0x10A2, 0x10A3, 0x0882, 0x0000, 0x0000, 0x0000, 0x0000, 0x0000,
  0x0000, 0x5983, 0xBB47, 0xA2E6, 0xB306, 0xDBA8, 0xDBC8, 0xDBA7, 0xF550, 0xFE34, 0xFE14, 0xFDF3,
  0xFD2E, 0xFD4E, 0xFD4F, 0xE44A, 0xCB67, 0xD3A8, 0xCB67, 0x9AA5, 0x9AA5, 0xAAE6, 0x3902, 0x0000,
  0x0000, 0x0000, 0x0000, 0x0000, 0x0820, 0x8A44, 0x9285, 0x8A65, 0xBB47, 0xDBA7, 0xD387, 0xDBE9,
  0xECAC, 0xECAC, 0xF4CC, 0xCBA8, 0xBB26, 0xBB26, 0xC367, 0xEC8B, 0xEC8B, 0xF48B, 0xAB27, 0x8245,
  0x8A85, 0x8265, 0x8265, 0x8285, 0x69E4, 0x0000, 0x0000, 0x0000, 0x0000, 0x0000, 0x0000, 0x0000,
  0x0000, 0x0000, 0x0000, 0x0000, 0x0000, 0x0000, 0x0000, 0x0000, 0x0000, 0x0000, 0x0000, 0x0000,
  0x0000, 0x0000, 0x0000, 0x0000, 0x0000, 0x0000, 0x0000, 0x0000, 0x0000, 0x0000, 0x0000, 0x0000,
  0x0000, 0x0000, 0x0000, 0x0000, 0x0000, 0x0000, 0x0000, 0x0000, 0x0000, 0x0000, 0x0000, 0x0000,
  0x0000, 0x0000, 0x0000, 0x0000, 0x0000, 0x0000, 0x0000, 0x0000, 0x0000, 0x0000, 0x0000, 0x0000,
  0x0000, 0x8C71, 0xBDF7, 0xB596, 0xB5B6, 0xAD55, 0xA534, 0xAD76, 0x936A, 0x8224, 0x8A85, 0x7204,
  0x4102, 0x4102, 0x4122, 0x59A3, 0x59C4, 0x59C4, 0x59C4, 0x59A4, 0x59C4, 0x51A4, 0x20A2, 0x20A2,
  0x20C2, 0x1061, 0x0841, 0x0841, 0x1881, 0x30E2, 0x30C1, 0x30C1, 0x3902, 0x4122, 0x3902, 0x8286,
  0xA369, 0x9B49, 0x9B49, 0xD3E9, 0xDBE9, 0xE42A, 0xC368, 0x9AA5, 0xAB06, 0x9AA5, 0x30C1, 0x28C1,
  0x30E1, 0x1881, 0x0861, 0x0861, 0x1082, 0x20E3, 0x20E3, 0x2903, 0x4184, 0x4184, 0x4184, 0x59E5,
  0x6205, 0x59C5, 0x7246, 0xCB88, 0xD3C8, 0xCBA8, 0xE46B, 0xECAC, 0xE4AC, 0xECED, 0xF54F, 0xF52F,
  0xF54F, 0xC3C9, 0xAAE6, 0xBB27, 0x9AC6, 0x7A45, 0x8265, 0x7A45, 0x8224, 0x7A04, 0x8224, 0x1861,
  0x0000, 0x0000, 0x0000, 0x0000, 0x0000, 0x0000, 0x0000, 0x0000, 0x0000, 0x0000, 0x0000, 0x0000,
  0x0000, 0x0000, 0x0000, 0x0000, 0x0000, 0x0000, 0x0000, 0x0000, 0x0000, 0x0000, 0x0000, 0x0000,
  0x0000, 0x0000, 0x0000, 0x0000, 0x0000, 0x0000, 0x0000, 0x0000, 0x0000, 0x0000, 0x0000, 0x0000,
  0x0000, 0x0000, 0x0000, 0x0000, 0x0000, 0x0000, 0x0000, 0x0000, 0x0000, 0x0000, 0x0000, 0x0000,
  0x0000, 0x0000, 0x0000, 0x0000, 0x9491, 0xC5F7, 0xB5B6, 0xB5B6, 0xA535, 0xA514, 0xA556, 0x936B,
  0x8224, 0x8A85, 0x59A3, 0x0000, 0x0000, 0x0000, 0x7A24, 0x8245, 0x8245, 0x8245, 0x7A45, 0x7A45,
  0x7225, 0x3123, 0x3123, 0x3144, 0x18C2, 0x0881, 0x1082, 0x0841, 0x0000, 0x0000, 0x0000, 0x0000,
  0x0000, 0x0000, 0x5162, 0x7204, 0x69E4, 0x7A24, 0xCB67, 0xCB67, 0xD387, 0xBB47, 0x8A65, 0x9285,
  0x7A24, 0x0000, 0x0000, 0x0000, 0x0841, 0x10A2, 0x1082, 0x20E3, 0x3165, 0x3145, 0x3145, 0x2924,
  0x2924, 0x2924, 0x2924, 0x2924, 0x2124, 0x3944, 0xBB26, 0xC327, 0xBB26, 0xECCD, 0xFD6F, 0xFD4F,
  0xFD70, 0xFDB1, 0xFD91, 0xFDD2, 0xD42A, 0xBB26, 0xC367, 0xAAE6, 0x7A45, 0x7A45, 0x8A85, 0xDB87,
  0xDB87, 0xE3C8, 0x30C1, 0x0000, 0x0000, 0x0000, 0x0000, 0x0000, 0x0000, 0x0000, 0x0000, 0x0000,
  0x0000, 0x0000, 0x0000, 0x0000, 0x0000, 0x0000, 0x0000, 0x0000, 0x0000, 0x0000, 0x0000, 0x0000,
  0x0000, 0x0000, 0x0000, 0x0000, 0x0000, 0x0000, 0x0000, 0x0000, 0x0000, 0x0000, 0x0000, 0x0000,
  0x0000, 0x0000, 0x0000, 0x0000, 0x0000, 0x0000, 0x0000, 0x0000, 0x0000, 0x0000, 0x0000, 0x0000,
  0x0000, 0x0000, 0x0000, 0x0000, 0x0000, 0x0000, 0x0000, 0x8C71, 0xC5F7, 0xB5B6, 0xB5B6, 0xAD55,
  0xAD35, 0xAD96, 0x936B, 0x8224, 0x8A85, 0x59A3, 0x0000, 0x0000, 0x0000, 0x7A24, 0x8265, 0x8265,
  0x7A44, 0x7A24, 0x7A24, 0x69E4, 0x20A1, 0x20A1, 0x20A1, 0x0840, 0x0020, 0x0020, 0x0000, 0x0000,
  0x0000, 0x0000, 0x0000, 0x0000, 0x0000, 0x61C4, 0x8265, 0x7A25, 0x8265, 0xCB87, 0xD387, 0xD3A8,
  0xB306, 0x8A85, 0x9AA5, 0x7A24, 0x0000, 0x0000, 0x0000, 0x0861, 0x10A2, 0x1082, 0x20E3, 0x3145,
  0x2924, 0x2924, 0x20C3, 0x18C2, 0x18C2, 0x20C2, 0x28E2, 0x20C2, 0x3943, 0xCB67, 0xCB67, 0xCB47,
  0xECCD, 0xFD4F, 0xF52F, 0xF54F, 0xFD90, 0xFD90, 0xFDB1, 0xD40A, 0xBB26, 0xC347, 0xAAE6, 0x7A45,
  0x7A45, 0x8A85, 0xC347, 0xCB47, 0xCB67, 0x28A1, 0x0000, 0x0000, 0x0000, 0x0000, 0x0000, 0x0000,
  0x0000, 0x0000, 0x0000, 0x0000, 0x0000, 0x0000, 0x0000, 0x0000, 0x0000, 0x0000, 0x0000, 0x0000,
  0x0000, 0x0000, 0x0000, 0x0000, 0x0000, 0x0000, 0x0000, 0x0000, 0x0000, 0x0000, 0x0000, 0x0000,
  0x0000, 0x0000, 0x0000, 0x0000, 0x0000, 0x0000, 0x0000, 0x0000, 0x0000, 0x0000, 0x0000, 0x0000,
  0x0000, 0x0000, 0x0000, 0x0000, 0x0000, 0x0000, 0x0000, 0x0000, 0x0000, 0x0000, 0x8C71, 0xBDF7,
  0xB596, 0xB596, 0x8C72, 0x8C51, 0x8C92, 0x8B29, 0x8244, 0x8A85, 0x69E4, 0x38E2, 0x38E2, 0x4122,
  0x5183, 0x5163, 0x5163, 0x6205, 0x7267, 0x6A46, 0x72A8, 0x6AEB, 0x62CA, 0x6AEB, 0x4A49, 0x4208,
  0x4A49, 0x3985, 0x2081, 0x28A1, 0x20A1, 0x1860, 0x1040, 0x1040, 0x59A3, 0x7A24, 0x7204, 0x8265,
  0xDBE9, 0xDC09, 0xE42A, 0xCB88, 0xA2C5, 0xAAE6, 0x9285, 0x28A1, 0x28A1, 0x28A1, 0x1081, 0x0861,
  0x0841, 0x18C3, 0x41E7, 0x39C7, 0x4208, 0x738D, 0x73AE, 0x73AE, 0x738E, 0x736D, 0x736D, 0x7B6C,
  0x9AC7, 0x92C6, 0x92A6, 0xDC8C, 0xFD6F, 0xF52F, 0xF570, 0xFDD2, 0xFDD3, 0xFDF3, 0xD42B, 0xC346,
  0xCB67, 0xAB06, 0x7A45, 0x7A45, 0x8285, 0xD3E9, 0xDC0A, 0xDBE9, 0x30E2, 0x0000, 0x0000, 0x0000,
  0x0000, 0x0000, 0x0000, 0x0000, 0x0000, 0x0000, 0x0000, 0x0000, 0x0000, 0x0000, 0x0000, 0x0000,
  0x0000, 0x0000, 0x0000, 0x0000, 0x0000, 0x0000, 0x0000, 0x0000, 0x0000, 0x0000, 0x0000, 0x0000,
  0x0000, 0x0000, 0x0000, 0x0000, 0x0000, 0x0000, 0x0000, 0x0000, 0x0000, 0x0000, 0x0000, 0x0000,
  0x0000, 0x0000, 0x0000, 0x0000, 0x0000, 0x0000, 0x0000, 0x0000, 0x0000, 0x0000, 0x0000, 0x0000,
  0x0000, 0x9471, 0xBDD7, 0xB596, 0xAD55, 0x528A, 0x5269, 0x4A8A, 0x7266, 0x8A65, 0x8265, 0x9AC6,
  0xDBA8, 0xD387, 0xCB87, 0x1060, 0x0000, 0x0000, 0x31C8, 0x5B0D, 0x4A8B, 0x8431, 0xFFFF, 0xFFDF,
  0xFFDF, 0xEF7D, 0xE73C, 0xF79E, 0xC594, 0x71E3, 0x7A45, 0x7204, 0x5142, 0x5142, 0x5142, 0x5142,
  0x5982, 0x69E4, 0x8A86, 0xF4CC, 0xF4ED, 0xF4ED, 0xE46B, 0xCB67, 0xD387, 0xCB47, 0x9A64, 0x9264,
  0x9264, 0x2081, 0x0000, 0x0000, 0x2125, 0x630D, 0x52CC, 0x73CF, 0xFFFF, 0xFFFF, 0xFFFF, 0xFFDF,
  0xEF5D, 0xF77D, 0xDEDA, 0x31A6, 0x2945, 0x1925, 0xB40C, 0xFD90, 0xF52F, 0xFDB1, 0xFE97, 0xFE76,
  0xFEB7, 0xDC8D, 0xCB46, 0xD3A8, 0xAB06, 0x7A45, 0x7A45, 0x8AA6, 0xF52F, 0xFD4F, 0xFD6F, 0x3123,
  0x0000, 0x0000, 0x0000, 0x0000, 0x0000, 0x0000, 0x0000, 0x0000, 0x0000, 0x0000, 0x0000, 0x0000,
  0x0000, 0x0000, 0x0000, 0x0000, 0x0000, 0x0000, 0x0000, 0x0000, 0x0000, 0x0000, 0x0000, 0x0000,
  0x0000, 0x0000, 0x0000, 0x0000, 0x0000, 0x0000, 0x0000, 0x0000, 0x0000, 0x0000, 0x0000, 0x0000,
  0x0000, 0x0000, 0x0000, 0x0000, 0x0000, 0x0000, 0x0000, 0x0000, 0x0000, 0x0000, 0x0000, 0x0000,
  0x0000, 0x0000, 0x0000, 0x0000, 0x8C71, 0xBDD7, 0xB596, 0xAD55, 0x52AA, 0x528A, 0x52AA, 0x7287,
  0x8A65, 0x8265, 0x9AA6, 0xCB67, 0xCB67, 0xC367, 0x1881, 0x0000, 0x0000, 0x39E8, 0x630D, 0x528A,
  0x8410, 0xFFBE, 0xF77D, 0xF79E, 0xE73C, 0xDEDB, 0xEF3D, 0xC574, 0x71C3, 0x7A24, 0x7204, 0x5142,
  0x4922, 0x4922, 0x5962, 0x7204, 0x7A24, 0x8285, 0xECAC, 0xF4ED, 0xF4ED, 0xE42A, 0xCB46, 0xD387,
  0xCB87, 0x9264, 0x8A44, 0x9264, 0x28A1, 0x0000, 0x0000, 0x2125, 0x630D, 0x52AB, 0x738F, 0xF79D,
  0xF79E, 0xF79E, 0xEF5C, 0xDEDB, 0xE71C, 0xD679, 0x39C6, 0x3185, 0x2945, 0xBC2C, 0xFD90, 0xF52F,
  0xFDB1, 0xFE97, 0xFE56, 0xFEB7, 0xDC6C, 0xC326, 0xD3A8, 0xAB06, 0x7A45, 0x7A45, 0x8AA6, 0xF52E,
  0xF52E, 0xFD6F, 0x3123, 0x0000, 0x0000, 0x0000, 0x0000, 0x0000, 0x0000, 0x0000, 0x0000, 0x0000,
  0x0000, 0x0000, 0x0000, 0x0000, 0x0000, 0x0000, 0x0000, 0x0000, 0x0000, 0x0000, 0x0000, 0x0000,
  0x0000, 0x0000, 0x0000, 0x0000, 0x0000, 0x0000, 0x0000, 0x0000, 0x0000, 0x0000, 0x0000, 0x0000,
  0x0000, 0x0000, 0x0000, 0x0000, 0x0000, 0x0000, 0x0000, 0x0000, 0x0000, 0x0000, 0x0000, 0x0000,
  0x0000, 0x0000, 0x0000, 0x0000, 0x0000, 0x0000, 0x0000, 0x8C71, 0xBDD7, 0xB596, 0xAD55, 0x5ACB,
  0x52AA, 0x52CB, 0x7A87, 0x8A65, 0x8265, 0x9AA6, 0xCB87, 0xCB67, 0xC367, 0x1040, 0x0000, 0x0000,
  0x31A8, 0x52ED, 0x424A, 0x7BF1, 0xFFFF, 0xF7BF, 0xF7DF, 0xEF5D, 0xE71C, 0xEF9E, 0xBD94, 0x71C2,
  0x7224, 0x7A24, 0x5142, 0x4901, 0x4921, 0x61A3, 0x7A24, 0x7204, 0x8265, 0xECCC, 0xF4CC, 0xF4CC,
  0xE42A, 0xCB46, 0xD387, 0xC326, 0x8A44, 0x8A44, 0x9A84, 0x2081, 0x0000, 0x0000, 0x1905, 0x5B0D,
  0x4A8B, 0x6B6F, 0xF7BF, 0xF7DF, 0xF7FF, 0xEF9E, 0xE71C, 0xEF5D, 0xD6BA, 0x2965, 0x2124, 0x10E4,
  0xB40C, 0xFD90, 0xF52F, 0xFDB2, 0xFE97, 0xFE97, 0xFED8, 0xDC8C, 0xCB46, 0xD3A8, 0xAB06, 0x7A45,
  0x7A45, 0x92C6, 0xF54F, 0xFD70, 0xFD90, 0x3123, 0x0000, 0x0000, 0x0000, 0x0000, 0x0000, 0x0000,
  0x0000, 0x0000, 0x0000, 0x0000, 0x0000, 0x0000, 0x0000, 0x0000, 0x0000, 0x0000, 0x0000, 0x0000,
  0x0000, 0x0000, 0x0000, 0x0000, 0x0000, 0x0000, 0x0000, 0x0000, 0x0000, 0x0000, 0x0000, 0x0000,
  0x0000, 0x0000, 0x0000, 0x0000, 0x0000, 0x0000, 0x0000, 0x0000, 0x0000, 0x0000, 0x0000, 0x0000,
  0x0000, 0x0000, 0x0000, 0x0000, 0x0000, 0x0000, 0x0000, 0x0000, 0x0000, 0x0000, 0x9491, 0xBDD7,
  0xB596, 0xA534, 0x3186, 0x2944, 0x2965, 0x6205, 0x9285, 0x8265, 0x9AC6, 0xCB87, 0xCB67, 0xC367,
  0x69C4, 0x61A3, 0x6183, 0x9B6A, 0xBC8F, 0xB42D, 0xC4F0, 0xFE97, 0xF677, 0xF697, 0xF615, 0xEDD3,
  0xF635, 0xCCAE, 0x8A44, 0x9285, 0x9285, 0x8244, 0x7A24, 0x8244, 0x9AA5, 0xA2E6, 0x9AA6, 0xB348,
  0xF5B2, 0xF591, 0xF5B1, 0xF550, 0xECAC, 0xEC8C, 0xE44B, 0xBB26, 0xBB26, 0xBB26, 0x69C3, 0x5163,
  0x4922, 0x7AA7, 0xBC8F, 0xB44E, 0xC48F, 0xF655, 0xF656, 0xF655, 0xF635, 0xEE14, 0xF614, 0xEDF4,
  0xAC6F, 0xA42E, 0xA44E, 0xE571, 0xFDB1, 0xF5B1, 0xFDB2, 0xF5B1, 0xF5D2, 0xFDD2, 0xDC2B, 0xCB47,
  0xD3A8, 0xAAE6, 0x61C3, 0x69C3, 0x7224, 0xDC2A, 0xDC4B, 0xE44A, 0x30E2, 0x0000, 0x0000, 0x0000,
  0x0000, 0x0000, 0x0000, 0x0000, 0x0000, 0x0000, 0x0000, 0x0000, 0x0000, 0x0000, 0x0000, 0x0000,
  0x0000, 0x0000, 0x0000, 0x0000, 0x0000, 0x0000, 0x0000, 0x0000, 0x0000, 0x0000, 0x0000, 0x0000,
  0x0000, 0x0000, 0x0000, 0x0000, 0x0000, 0x0000, 0x0000, 0x0000, 0x0000, 0x0000, 0x0000, 0x0000,
  0x0000, 0x0000, 0x0000, 0x0000, 0x0000, 0x0000, 0x0000, 0x0000, 0x0000, 0x0000, 0x0000, 0x0000,
  0x0000, 0x9492, 0xBDB6, 0xB5B6, 0xA514, 0x10A2, 0x0861, 0x0861, 0x59A4, 0x9285, 0x8265, 0x9AC6,
  0xCB87, 0xCB67, 0xCB67, 0xBB47, 0xBB47, 0xBB26, 0xECAC, 0xFD90, 0xFD70, 0xFD70, 0xF570, 0xFD70,
  0xFD70, 0xF50E, 0xF4ED, 0xF50D, 0xDC4B, 0xA2C5, 0xA2C6, 0xA2C6, 0xAAE6, 0xAAE6, 0xA2E6, 0xBB27,
  0xCB67, 0xC347, 0xCBC9, 0xFE34, 0xFE34, 0xFE55, 0xFDF3, 0xFD4F, 0xFD70, 0xF54F, 0xD3C8, 0xD387,
  0xD387, 0xAAE6, 0x9AA6, 0x9265, 0xC3EA, 0xFDB0, 0xFD6F, 0xFD4F, 0xF52E, 0xF52E, 0xF52E, 0xFD2E,
  0xFD4F, 0xFD4E, 0xFD4F, 0xFE75, 0xFE75, 0xFE96, 0xFE14, 0xFDF3, 0xFE14, 0xFDB1, 0xF52E, 0xF52E,
  0xFD4F, 0xDC2A, 0xCB67, 0xD3A8, 0xA2C6, 0x5162, 0x5983, 0x69C3, 0xC346, 0xC346, 0xCB67, 0x28C1,
  0x0000, 0x0000, 0x0000, 0x0000, 0x0000, 0x0000, 0x0000, 0x0000, 0x0000, 0x0000, 0x0000, 0x0000,
  0x0000, 0x0000, 0x0000, 0x0000, 0x0000, 0x0000, 0x0000, 0x0000, 0x0000, 0x0000, 0x0000, 0x0000,
  0x0000, 0x0000, 0x0000, 0x0000, 0x0000, 0x0000, 0x0000, 0x0000, 0x0000, 0x0000, 0x0000, 0x0000,
  0x0000, 0x0000, 0x0000, 0x0000, 0x0000, 0x0000, 0x0000, 0x0000, 0x0000, 0x0000, 0x0000, 0x0000,
  0x0000, 0x0000, 0x0000, 0x0000, 0x9471, 0xBDB6, 0xB596, 0xA514, 0x18C3, 0x1082, 0x0882, 0x59C4,
  0x9285, 0x8245, 0x9AC6, 0xCB87, 0xCB67, 0xCB67, 0xB306, 0xAB06, 0xAAC5, 0xDC8C, 0xFD70, 0xF52F,
  0xF550, 0xF591, 0xF591, 0xFDB1, 0xF52F, 0xF50E, 0xF52E, 0xD42B, 0x9A85, 0xA2A5, 0x9AA5, 0xA2A5,
  0xA2C5, 0x9A85, 0xB306, 0xC367, 0xC347, 0xC388, 0xF5F3, 0xFE14, 0xFE34, 0xFDB1, 0xF52E, 0xFD6F,
  0xF52F, 0xCB67, 0xCB47, 0xCB67, 0x9AA5, 0x8A44, 0x8224, 0xB368, 0xFD70, 0xF52F, 0xF54F, 0xF54F,
  0xF54F, 0xF54F, 0xF54F, 0xF54F, 0xF54F, 0xF570, 0xF5F4, 0xF614, 0xF614, 0xFDF3, 0xFDD3, 0xFDF3,
  0xFDB1, 0xF52F, 0xF54F, 0xFD70, 0xDC0A, 0xC346, 0xD387, 0xA2C5, 0x5162, 0x5162, 0x69C3, 0xCB67,
  0xCB67, 0xD387, 0x28C1, 0x0000, 0x0000, 0x0000, 0x0000, 0x0000, 0x0000, 0x0000, 0x0000, 0x0000,
  0x0000, 0x0000, 0x0000, 0x0000, 0x0000, 0x0000, 0x0000, 0x0000, 0x0000, 0x0000, 0x0000, 0x0000,
  0x0000, 0x0000, 0x0000, 0x0000, 0x0000, 0x0000, 0x0000, 0x0000, 0x0000, 0x0000, 0x0000, 0x0000,
  0x0000, 0x0000, 0x0000, 0x0000, 0x0000, 0x0000, 0x0000, 0x0000, 0x0000, 0x0000, 0x0000, 0x0000,
  0x0000, 0x0000, 0x0000, 0x0000, 0x0000, 0x0000, 0x0000, 0x9491, 0xBDB6, 0xB596, 0xA514, 0x18C3,
  0x1082, 0x0882, 0x59C4, 0x9285, 0x8245, 0x9AA6, 0xCB87, 0xCB67, 0xCB87, 0xC388, 0xC368, 0xC388,
  0xE4EE, 0xFDB1, 0xF570, 0xF591, 0xFDB2, 0xFDB2, 0xFDB2, 0xF570, 0xF52E, 0xF54F, 0xDC8D, 0xB348,
  0xB389, 0xB368, 0xB348, 0xB327, 0xB347, 0xBB47, 0xC367, 0xC347, 0xCB88, 0xF634, 0xFE76, 0xFE55,
  0xFDB2, 0xFD70, 0xFDB1, 0xF550, 0xD3C9, 0xD3E9, 0xDC0A, 0xB368, 0xA328, 0xA328, 0xC40B, 0xFDB1,
  0xF570, 0xF590, 0xF5B1, 0xF5B1, 0xF5B1, 0xF5B1, 0xF5B2, 0xF5B1, 0xF5D2, 0xFE76, 0xFE76, 0xFE76,
  0xFE35, 0xFE14, 0xFE34, 0xFDD2, 0xF52F, 0xF54F, 0xFD70, 0xE44B, 0xD3A8, 0xDC2A, 0xBB68, 0x6A04,
  0x7204, 0x8265, 0xCB67, 0xCB67, 0xD387, 0x28C1, 0x0000, 0x0000, 0x0000, 0x0000, 0x0000, 0x0000,
  0x0000, 0x0000, 0x0000, 0x0000, 0x0000, 0x0000, 0x0000, 0x0000, 0x0000, 0x0000, 0x0000, 0x0000,
  0x0000, 0x0000, 0x0000, 0x0000, 0x0000, 0x0000, 0x0000, 0x0000, 0x0000, 0x0000, 0x0000, 0x0000,
  0x0000, 0x0000, 0x0000, 0x0000, 0x0000, 0x0000, 0x0000, 0x0000, 0x0000, 0x0000, 0x0000, 0x0000,
  0x0000, 0x0000, 0x0000, 0x0000, 0x0000, 0x0000, 0x0000, 0x0000, 0x0000, 0x0000, 0x9471, 0xBDB6,
  0xB596, 0xA514, 0x18C3, 0x1082, 0x0882, 0x59A4, 0x8A85, 0x8245, 0x9AA6, 0xD387, 0xCB67, 0xCBA8,
  0xF50E, 0xF52E, 0xF52E, 0xFE13, 0xFE55, 0xFE35, 0xFE55, 0xFE55, 0xFE35, 0xFE35, 0xFE14, 0xFE14,
  0xFE14, 0xFE14, 0xFE34, 0xFE14, 0xFE14, 0xF570, 0xF52E, 0xFD6F, 0xDC0A, 0xC347, 0xC347, 0xCBA9,
  0xFED9, 0xFEF9, 0xFEF9, 0xFE76, 0xFDF3, 0xFE14, 0xFDF3, 0xFDB2, 0xFDB2, 0xFDB2, 0xFE13, 0xFE34,
  0xFE34, 0xFE34, 0xFE34, 0xFE34, 0xFE34, 0xFF19, 0xF73A, 0xF73A, 0xF73A, 0xF73A, 0xFF3A, 0xFF3A,
  0xF73A, 0xF73A, 0xFF3A, 0xFF3A, 0xFF1A, 0xFF5B, 0xF696, 0xF52E, 0xF54F, 0xF54F, 0xFD4F, 0xFD70,
  0xFD70, 0xF52F, 0xF4ED, 0xF50E, 0xF4ED, 0xCB67, 0xCB67, 0xCB87, 0x28C1, 0x0000, 0x0000, 0x0000,
  0x0000, 0x0000, 0x0000, 0x0000, 0x0000, 0x0000, 0x0000, 0x0000, 0x0000, 0x0000, 0x0000, 0x0000,
  0x0000, 0x0000, 0x0000, 0x0000, 0x0000, 0x0000, 0x0000, 0x0000, 0x0000, 0x0000, 0x0000, 0x0000,
  0x0000, 0x0000, 0x0000, 0x0000, 0x0000, 0x0000, 0x0000, 0x0000, 0x0000, 0x0000, 0x0000, 0x0000,
  0x0000, 0x0000, 0x0000, 0x0000, 0x0000, 0x0000, 0x0000, 0x0000, 0x0000, 0x0000, 0x0000, 0x0000,
  0x0000, 0x8C71, 0xBDB6, 0xB596, 0xA514, 0x18C3, 0x1082, 0x0882, 0x59A4, 0x8A85, 0x8245, 0x9AA6,
  0xD387, 0xCB67, 0xCB88, 0xF50E, 0xF54F, 0xF50E, 0xF5D2, 0xFE55, 0xFE55, 0xFE55, 0xFE35, 0xFE35,
  0xFE35, 0xFE34, 0xFE14, 0xFE14, 0xFE14, 0xFE14, 0xFE14, 0xFE14, 0xF54F, 0xF52F, 0xFD70, 0xDC0A,
  0xC326, 0xC347, 0xCBC9, 0xF6D9, 0xFEF9, 0xFF1A, 0xFE97, 0xFE14, 0xFE14, 0xFE14, 0xFDD2, 0xFDD2,
  0xFD91, 0xFE14, 0xFE35, 0xFE34, 0xFE34, 0xFE34, 0xFE35, 0xFE35, 0xFF19, 0xF73A, 0xF71A, 0xF73A,
  0xF73A, 0xF73A, 0xF73A, 0xF73A, 0xF73A, 0xFF3A, 0xFF1A, 0xFF1A, 0xF73B, 0xFE96, 0xF52F, 0xF54F,
  0xF54F, 0xFD4F, 0xF54F, 0xF570, 0xF52F, 0xF50D, 0xF52E, 0xECCD, 0xCB88, 0xCB67, 0xCB87, 0x28C1,
  0x0000, 0x0000, 0x0000, 0x0000, 0x0000, 0x0000, 0x0000, 0x0000, 0x0000, 0x0000, 0x0000, 0x0000,
  0x0000, 0x0000, 0x0000, 0x0000, 0x0000, 0x0000, 0x0000, 0x0000, 0x0000, 0x0000, 0x0000, 0x0000,
  0x0000, 0x0000, 0x0000, 0x0000, 0x0000, 0x0000, 0x0000, 0x0000, 0x0000, 0x0000, 0x0000, 0x0000,
  0x0000, 0x0000, 0x0000, 0x0000, 0x0000, 0x0000, 0x0000, 0x0000, 0x0000, 0x0000, 0x0000, 0x0000,
  0x0000, 0x0000, 0x0000, 0x0000, 0x8C71, 0xB5B6, 0xB596, 0xA514, 0x10A3, 0x0882, 0x0882, 0x59C4,
  0x8A85, 0x7A45, 0x9AA6, 0xD387, 0xCB67, 0xCB88, 0xF52E, 0xF52F, 0xF50E, 0xF5D3, 0xFE56, 0xFE55,
  0xFE55, 0xFE55, 0xFE55, 0xFE55, 0xFE34, 0xFE14, 0xFE14, 0xFE14, 0xFE34, 0xFE35, 0xFE14, 0xFD70,
  0xFD6F, 0xFD70, 0xD40A, 0xC326, 0xC347, 0xCBC9, 0xF6D9, 0xFEF9, 0xFF1A, 0xFE97, 0xFE14, 0xFE14,
  0xFE14, 0xFDD2, 0xFDD2, 0xFDB2, 0xFE14, 0xFE35, 0xFE35, 0xFE35, 0xFE34, 0xFE34, 0xFE34, 0xFF19,
  0xF73A, 0xF71A, 0xF73A, 0xFF3A, 0xF73A, 0xF73A, 0xF73A, 0xF73A, 0xF73A, 0xF73A, 0xF73A, 0xFF5B,
  0xFE97, 0xF52F, 0xF570, 0xF570, 0xFD70, 0xFD70, 0xFD70, 0xFD4F, 0xFD2E, 0xFD2E, 0xF50D, 0xCB67,
  0xC347, 0xCB67, 0x28C1, 0x0000, 0x0000, 0x0000, 0x0000, 0x0000, 0x0000, 0x0000, 0x0000, 0x0000,
  0x0000, 0x0000, 0x0000, 0x0000, 0x0000, 0x0000, 0x0000, 0x0000, 0x0000, 0x0000, 0x0000, 0x0000,
  0x0000, 0x0000, 0x0000, 0x0000, 0x0000, 0x0000, 0x0000, 0x0000, 0x0000, 0x0000, 0x0000, 0x0000,
  0x0000, 0x0000, 0x0000, 0x0000, 0x0000, 0x0000, 0x0000, 0x0000, 0x0000, 0x0000, 0x0000, 0x0000,
  0x0000, 0x0000, 0x0000, 0x0000, 0x0000, 0x0000, 0x0000, 0x8C51, 0xB595, 0xAD55, 0xA4F3, 0x61E5,
  0x61C4, 0x61E4, 0x7225, 0x8265, 0x7A45, 0x9AA6, 0xCB87, 0xCB67, 0xCBA8, 0xF52F, 0xF54F, 0xF52E,
  0xFEB7, 0xFF3A, 0xF719, 0xF71A, 0xFF1A, 0xFF1A, 0xFF1A, 0xFEF9, 0xFED8, 0xFEF8, 0xF697, 0xFD90,
  0xFDB1, 0xF570, 0xDC2B, 0xDBE9, 0xDBE9, 0xCB88, 0xC347, 0xC346, 0xC3A9, 0xF6D9, 0xFEF9, 0xFF1A,
  0xFE97, 0xFE14, 0xFE34, 0xFDF3, 0xF54F, 0xF54F, 0xFD4F, 0xFD91, 0xFDB2, 0xFDB1, 0xFE35, 0xFEF9,
  0xFED8, 0xFED8, 0xFF1A, 0xF73A, 0xF73A, 0xF73A, 0xF73A, 0xF73A, 0xF73A, 0xF73A, 0xF73A, 0xF73A,
  0xFEB7, 0xFE55, 0xFE76, 0xFE14, 0xFD4F, 0xF570, 0xF570, 0xF4ED, 0xF4CD, 0xF4ED, 0xE48C, 0xC3A8,
  0xCBA8, 0xCBC9, 0xE4AC, 0xECAD, 0xECCD, 0x3103, 0x0000, 0x0000, 0x0000, 0x0000, 0x0000, 0x0000,
  0x0000, 0x0000, 0x0000, 0x0000, 0x0000, 0x0000, 0x0000, 0x0000, 0x0000, 0x0000, 0x0000, 0x0000,
  0x0000, 0x0000, 0x0000, 0x0000, 0x0000, 0x0000, 0x0000, 0x0000, 0x0000, 0x0000, 0x0000, 0x0000,
  0x0000, 0x0000, 0x0000, 0x0000, 0x0000, 0x0000, 0x0000, 0x0000, 0x0000, 0x0000, 0x0000, 0x0000,
  0x0000, 0x0000, 0x0000, 0x0000, 0x0000, 0x0000, 0x0000, 0x0000, 0x0000, 0x0000, 0x8430, 0xAD75,
  0xA534, 0xA4F3, 0x8AA6, 0x8A65, 0x8A65, 0x8265, 0x8265, 0x8245, 0x9AA6, 0xCB87, 0xCB67, 0xCBA8,
  0xF52F, 0xF54F, 0xF52F, 0xFED8, 0xF75B, 0xF73A, 0xF73B, 0xF73B, 0xFF3B, 0xFF3B, 0xF73A, 0xF73A,
  0xF73A, 0xF6D8, 0xF52E, 0xF52E, 0xF50E, 0xD387, 0xCB46, 0xCB67, 0xC367, 0xC367, 0xBB26, 0xC3A9,
  0xF6D9, 0xFF1A, 0xFF1A, 0xFE97, 0xFE14, 0xFE34, 0xFDF3, 0xF52E, 0xF52E, 0xF52E, 0xF54F, 0xF570,
  0xF54F, 0xFE55, 0xFF5B, 0xF71A, 0xF73A, 0xFF3A, 0xF71A, 0xF71A, 0xF73A, 0xF73A, 0xF73A, 0xF73A,
  0xF73A, 0xF73A, 0xF73B, 0xFE76, 0xFDF3, 0xFE14, 0xFDD2, 0xF54F, 0xF54F, 0xF54F, 0xECCC, 0xEC8B,
  0xF4CC, 0xDC0A, 0xAAE6, 0xB2E6, 0xBB47, 0xF54F, 0xFD70, 0xFDB1, 0x3144, 0x0000, 0x0000, 0x0000,
  0x0000, 0x0000, 0x0000, 0x0000, 0x0000, 0x0000, 0x0000, 0x0000, 0x0000, 0x0000, 0x0000, 0x0000,
  0x0000, 0x0000, 0x0000, 0x0000, 0x0000, 0x0000, 0x0000, 0x0000, 0x0000, 0x0000, 0x0000, 0x0000,
  0x0000, 0x0000, 0x0000, 0x0000, 0x0000, 0x0000, 0x0000, 0x0000, 0x0000, 0x0000, 0x0000, 0x0000,
  0x0000, 0x0000, 0x0000, 0x0000, 0x0000, 0x0000, 0x0000, 0x0000, 0x0000, 0x0000, 0x0000, 0x0000,
  0x0000, 0x8C51, 0xB575, 0xA535, 0xA513, 0x8286, 0x8245, 0x8245, 0x8265, 0x8265, 0x8265, 0x9AA6,
  0xCB87, 0xCB67, 0xCBA8, 0xF54F, 0xFD90, 0xFD4F, 0xFEB8, 0xF75B, 0xF73A, 0xFF3B, 0xFF3B, 0xF75B,
  0xF75B, 0xF75B, 0xF75A, 0xF75B, 0xFF19, 0xFD6F, 0xFD4F, 0xFD6F, 0xD3A8, 0xCB47, 0xCB67, 0xC347,
  0xBB47, 0xBB06, 0xC389, 0xF6F9, 0xFF1A, 0xFF1A, 0xFE97, 0xFE14, 0xFE34, 0xFDF3, 0xF52F, 0xF52F,
  0xF52E, 0xFD70, 0xFD91, 0xFD50, 0xFE76, 0xFF7C, 0xF73A, 0xF75B, 0xF73B, 0xF75B, 0xF73B, 0xF73A,
  0xF73A, 0xF73A, 0xF73A, 0xF73A, 0xF73A, 0xF73B, 0xFE76, 0xFE14, 0xFE35, 0xFDF3, 0xFD70, 0xFD90,
  0xFD70, 0xF4ED, 0xF4CC, 0xF4ED, 0xDC2A, 0xBB26, 0xBB27, 0xC368, 0xF54F, 0xFD70, 0xFD90, 0x3123,
  0x0000, 0x0000, 0x0000, 0x0000, 0x0000, 0x0000, 0x0000, 0x0000, 0x0000, 0x0000, 0x0000, 0x0000,
  0x0000, 0x0000, 0x0000, 0x0000, 0x0000, 0x0000, 0x0000, 0x0000, 0x0000, 0x0000, 0x0000, 0x0000,
  0x0000, 0x0000, 0x0000, 0x0000, 0x0000, 0x0000, 0x0000, 0x0000, 0x0000, 0x0000, 0x0000, 0x0000,
  0x0000, 0x0000, 0x0000, 0x0000, 0x0000, 0x0000, 0x0000, 0x0000, 0x0000, 0x0000, 0x0000, 0x0000,
  0x0000, 0x0000, 0x0000, 0x0000, 0x8410, 0xB575, 0xAD35, 0xA513, 0x92C6, 0x9285, 0x9AC6, 0x8A85,
  0x8265, 0x8265, 0x9AA6, 0xCB87, 0xCB67, 0xCB88, 0xE48C, 0xECAC, 0xE48C, 0xF6B7, 0xFF5B, 0xF73A,
  0xF73B, 0xFF19, 0xFEF9, 0xFF19, 0xFEB7, 0xF655, 0xFE75, 0xF614, 0xDC4B, 0xDC4B, 0xDC4B, 0xDBE9,
  0xDBE9, 0xDC09, 0xD3E9, 0xCBC9, 0xD3C8, 0xD46C, 0xF71A, 0xFF1A, 0xFF3A, 0xFE97, 0xFE14, 0xFE34,
  0xFDF3, 0xF52F, 0xF52E, 0xF52E, 0xF52E, 0xF50E, 0xF4ED, 0xF5B2, 0xF655, 0xF655, 0xF655, 0xFE96,
  0xFE97, 0xFE97, 0xFF19, 0xF73A, 0xF71A, 0xF73A, 0xF73A, 0xF73A, 0xF73B, 0xFE55, 0xFDB2, 0xFDD2,
  0xF591, 0xE4AC, 0xE48C, 0xE48C, 0xDC2A, 0xD40A, 0xDC0A, 0xC388, 0x9AC6, 0x9AA6, 0xA306, 0xECED,
  0xF4ED, 0xF4ED, 0x3103, 0x0000, 0x0000, 0x0000, 0x0000, 0x0000, 0x0000, 0x0000, 0x0000, 0x0000,
  0x0000, 0x0000, 0x0000, 0x0000, 0x0000, 0x0000, 0x0000, 0x0000, 0x0000, 0x0000, 0x0000, 0x0000,
  0x0000, 0x0000, 0x0000, 0x0000, 0x0000, 0x0000, 0x0000, 0x0000, 0x0000, 0x0000, 0x0000, 0x0000,
  0x0000, 0x0000, 0x0000, 0x0000, 0x0000, 0x0000, 0x0000, 0x0000, 0x0000, 0x0000, 0x0000, 0x0000,
  0x0000, 0x0000, 0x0000, 0x0000, 0x0000, 0x0000, 0x0000, 0x7BCF, 0xB596, 0xA534, 0xAD14, 0xAB27,
  0xB306, 0xB307, 0x9285, 0x8265, 0x8265, 0x9AA6, 0xCB87, 0xCB67, 0xCB67, 0xCB67, 0xCB67, 0xCB47,
  0xEE97, 0xFF5B, 0xF73A, 0xFF3B, 0xFEB8, 0xFE96, 0xFEB8, 0xFDD2, 0xF4ED, 0xFD2E, 0xEC8C, 0xAAC5,
  0xAAE6, 0xAAC6, 0xE44A, 0xEC8B, 0xEC8B, 0xECAC, 0xECAC, 0xEC8B, 0xF550, 0xFF3A, 0xF71A, 0xF73B,
  0xFE97, 0xFE14, 0xFE34, 0xFE13, 0xF52F, 0xF52E, 0xF52F, 0xEC8C, 0xE42A, 0xE44A, 0xEC6B, 0xF4ED,
  0xF4ED, 0xF4ED, 0xFD91, 0xFDB1, 0xFD91, 0xFEB7, 0xF73A, 0xF71A, 0xF73A, 0xF73A, 0xF73A, 0xF75A,
  0xF5F3, 0xF54F, 0xFD90, 0xED0E, 0xC346, 0xC326, 0xC347, 0xB306, 0xAB06, 0xB306, 0x9AA6, 0x6A04,
  0x7224, 0x7A65, 0xDC09, 0xE409, 0xE429, 0x30E2, 0x0000, 0x0000, 0x0000, 0x0000, 0x0000, 0x0000,
  0x0000, 0x0000, 0x0000, 0x0000, 0x0000, 0x0000, 0x0000, 0x0000, 0x0000, 0x0000, 0x0000, 0x0000,
  0x0000, 0x0000, 0x0000, 0x0000, 0x0000, 0x0000, 0x0000, 0x0000, 0x0000, 0x0000, 0x0000, 0x0000,
  0x0000, 0x0000, 0x0000, 0x0000, 0x0000, 0x0000, 0x0000, 0x0000, 0x0000, 0x0000, 0x0000, 0x0000,
  0x0000, 0x0000, 0x0000, 0x0000, 0x0000, 0x0000, 0x0000, 0x0000, 0x0000, 0x0000, 0x7BCF, 0xB5B6,
  0xAD55, 0xAD34, 0xAB27, 0xAAE6, 0xAAE6, 0x92A5, 0x8265, 0x8265, 0x9AC6, 0xD387, 0xCB67, 0xCB87,
  0xCB88, 0xCB87, 0xCB87, 0xF697, 0xFF5B, 0xF73A, 0xF73A, 0xFED8, 0xFEB7, 0xFED8, 0xFDF3, 0xF50E,
  0xFD4F, 0xECED, 0xB306, 0xB306, 0xB306, 0xE46B, 0xF4AB, 0xEC6B, 0xF4CC, 0xECCC, 0xEC8C, 0xF52F,
  0xFF5B, 0xFF5B, 0xFF7B, 0xFED8, 0xFE34, 0xFE55, 0xFE34, 0xFD4F, 0xFD4F, 0xFD4F, 0xECAC, 0xEC6A,
  0xEC6B, 0xECAC, 0xFD2E, 0xF50E, 0xF52E, 0xFDD2, 0xFDD2, 0xFDB1, 0xFED8, 0xF75A, 0xFF3A, 0xF73A,
  0xF73A, 0xF71A, 0xF73A, 0xF5F3, 0xF54F, 0xFDB1, 0xF52F, 0xCB67, 0xCB67, 0xCB67, 0xB327, 0xB327,
  0xBB27, 0xA2C6, 0x7224, 0x7225, 0x8265, 0xE409, 0xE42A, 0xEC4A, 0x30E2, 0x0000, 0x0000, 0x0000,
  0x0000, 0x0000, 0x0000, 0x0000, 0x0000, 0x0000, 0x0000, 0x0000, 0x0000, 0x0000, 0x0000, 0x0000,
  0x0000, 0x0000, 0x0000, 0x0000, 0x0000, 0x0000, 0x0000, 0x0000, 0x0000, 0x0000, 0x0000, 0x0000,
  0x0000, 0x0000, 0x0000, 0x0000, 0x0000, 0x0000, 0x0000, 0x0000, 0x0000, 0x0000, 0x0000, 0x0000,
  0x0000, 0x0000, 0x0000, 0x0000, 0x0000, 0x0000, 0x0000, 0x0000, 0x0000, 0x0000, 0x0000, 0x0000,
  0x0000, 0x7BAE, 0xAD75, 0xA514, 0xAD34, 0xB348, 0xAB06, 0xBB47, 0x9AC6, 0x8265, 0x8245, 0x9AC6,
  0xCB87, 0xC367, 0xC367, 0xCB67, 0xCB87, 0xCB67, 0xEE97, 0xFF5B, 0xF73A, 0xF73A, 0xFEB7, 0xF696,
  0xF697, 0xF5B1, 0xF50D, 0xF50E, 0xECCD, 0xB306, 0xAAE6, 0xB326, 0xDC4A, 0xE44A, 0xDC2A, 0xE46B,
  0xE48C, 0xDC4B, 0xDC8D, 0xEE98, 0xEE98, 0xE697, 0xE615, 0xEDD3, 0xEDD3, 0xE571, 0xE4CD, 0xE4ED,
  0xECEE, 0xE46B, 0xE44A, 0xE42A, 0xECAC, 0xF4ED, 0xF4ED, 0xF50E, 0xFDB1, 0xFDB1, 0xFD91, 0xFEB7,
  0xFF3A, 0xF6F9, 0xF719, 0xFF3A, 0xF71A, 0xF73A, 0xF5F3, 0xF54F, 0xFD70, 0xECEE, 0xC367, 0xCB67,
  0xC367, 0xB327, 0xB307, 0xB327, 0xA2C6, 0x7224, 0x7225, 0x8265, 0xDC09, 0xE42A, 0xE429, 0x30E2,
  0x0000, 0x0000, 0x0000, 0x0000, 0x0000, 0x0000, 0x0000, 0x0000, 0x0000, 0x0000, 0x0000, 0x0000,
  0x0000, 0x0000, 0x0000, 0x0000, 0x0000, 0x0000, 0x0000, 0x0000, 0x0000, 0x0000, 0x0000, 0x0000,
  0x0000, 0x0000, 0x0000, 0x0000, 0x0000, 0x0000, 0x0000, 0x0000, 0x0000, 0x0000, 0x0000, 0x0000,
  0x0000, 0x0000, 0x0000, 0x0000, 0x0000, 0x0000, 0x0000, 0x0000, 0x0000, 0x0000, 0x0000, 0x0000,
  0x0000, 0x0000, 0x0000, 0x0000, 0x4208, 0x632C, 0x5AEB, 0x6B2C, 0xE4AC, 0xECCC, 0xF50E, 0xAB48,
  0x7A24, 0x8265, 0x8265, 0x8A85, 0x8265, 0x8A85, 0xC347, 0xC367, 0xC326, 0xEE55, 0xFF5B, 0xF73A,
  0xF71A, 0xFD90, 0xF54F, 0xFD70, 0xE44B, 0xCB87, 0xD3A8, 0xCB87, 0x92A5, 0x8A85, 0x92A5, 0x8265,
  0x8265, 0x8265, 0x7A45, 0x7224, 0x7204, 0x7225, 0x7245, 0x7A45, 0x7225, 0x7245, 0x7A45, 0x7245,
  0x7225, 0x7A25, 0x7A45, 0x7A45, 0xAB06, 0xCB87, 0xC347, 0xCB88, 0xCB88, 0xCB87, 0xD3C9, 0xFD2E,
  0xFD2E, 0xF52E, 0xF54F, 0xF570, 0xF54F, 0xF5D2, 0xFF3A, 0xF71A, 0xFF3A, 0xF570, 0xECAC, 0xF4CD,
  0xDC4A, 0xBB47, 0xBB47, 0xBB47, 0xB327, 0xB327, 0xB327, 0x9AC6, 0x7204, 0x7224, 0x8265, 0xBB47,
  0xBB27, 0xBB27, 0x28A1, 0x0000, 0x0000, 0x0000, 0x0000, 0x0000, 0x0000, 0x0000, 0x0000, 0x0000,
  0x0000, 0x0000, 0x0000, 0x0000, 0x0000, 0x0000, 0x0000, 0x0000, 0x0000, 0x0000, 0x0000, 0x0000,
  0x0000, 0x0000, 0x0000, 0x0000, 0x0000, 0x0000, 0x0000, 0x0000, 0x0000, 0x0000, 0x0000, 0x0000,
  0x0000, 0x0000, 0x0000, 0x0000, 0x0000, 0x0000, 0x0000, 0x0000, 0x0000, 0x0000, 0x0000, 0x0000,
  0x0000, 0x0000, 0x0000, 0x0000, 0x0000, 0x0000, 0x0000, 0x39E7, 0x5AEB, 0x52AA, 0x62EB, 0xECED,
  0xF50D, 0xFD2E, 0xAB48, 0x7A24, 0x8265, 0x8265, 0x8265, 0x8245, 0x8265, 0xBB47, 0xC367, 0xC326,
  0xEE35, 0xFF5B, 0xF73A, 0xF6F9, 0xF56F, 0xF52F, 0xFD70, 0xE46B, 0xCB46, 0xD387, 0xC347, 0x8A65,
  0x9285, 0x8A85, 0x7A45, 0x8245, 0x8265, 0x7A24, 0x6A04, 0x7204, 0x7224, 0x7224, 0x7224, 0x7A25,
  0x7A25, 0x7225, 0x7225, 0x7A25, 0x7A45, 0x7A45, 0x7204, 0xAB06, 0xCB88, 0xC367, 0xC367, 0xC367,
  0xC367, 0xCBA8, 0xF52E, 0xF52E, 0xF52E, 0xF52E, 0xF52E, 0xF50E, 0xFDB1, 0xF73A, 0xF719, 0xFF3A,
  0xF54F, 0xEC8B, 0xF4CD, 0xDC2A, 0xBB27, 0xBB47, 0xBB47, 0xB327, 0xB327, 0xB327, 0x9AC6, 0x6A04,
  0x7224, 0x8245, 0xB306, 0xB306, 0xBB06, 0x28A1, 0x0000, 0x0000, 0x0000, 0x0000, 0x0000, 0x0000,
  0x0000, 0x0000, 0x0000, 0x0000, 0x0000, 0x0000, 0x0000, 0x0000, 0x0000, 0x0000, 0x0000, 0x0000,
  0x0000, 0x0000, 0x0000, 0x0000, 0x0000, 0x0000, 0x0000, 0x0000, 0x0000, 0x0000, 0x0000, 0x0000,
  0x0000, 0x0000, 0x0000, 0x0000, 0x0000, 0x0000, 0x0000, 0x0000, 0x0000, 0x0000, 0x0000, 0x0000,
  0x0000, 0x0000, 0x0000, 0x0000, 0x0000, 0x0000, 0x0000, 0x0000, 0x0000, 0x0000, 0x4208, 0x6B4C,
  0x5AEB, 0x734C, 0xF50E, 0xF50D, 0xFD6F, 0xAB68, 0x7A24, 0x8265, 0x8265, 0x8265, 0x8265, 0x8265,
  0xBB47, 0xC367, 0xC326, 0xEE76, 0xFF7B, 0xF73A, 0xF719, 0xFD70, 0xFD6F, 0xFDB0, 0xE46B, 0xCB67,
  0xD3A8, 0xCB67, 0x8A85, 0x9285, 0x8A85, 0x7A45, 0x7A45, 0x7A65, 0x7224, 0x69E4, 0x6A04, 0x7204,
  0x7224, 0x7225, 0x7225, 0x7224, 0x6A04, 0x6A04, 0x7204, 0x7204, 0x7204, 0x69E4, 0xAAE6, 0xCB67,
  0xC347, 0xC347, 0xC367, 0xC347, 0xCBA8, 0xFD4F, 0xFD6F, 0xFD4F, 0xF52E, 0xF52E, 0xF52E, 0xFDD2,
  0xF75B, 0xF71A, 0xFF5A, 0xF550, 0xEC8B, 0xF4CD, 0xDC2A, 0xBB27, 0xBB47, 0xBB47, 0xB327, 0xAB07,
  0xB327, 0xA2E6, 0x7225, 0x7225, 0x8265, 0xC347, 0xC347, 0xCB67, 0x28C1, 0x0000, 0x0000, 0x0000,
  0x0000, 0x0000, 0x0000, 0x0000, 0x0000, 0x0000, 0x0000, 0x0000, 0x0000, 0x0000, 0x0000, 0x0000,
  0x0000, 0x0000, 0x0000, 0x0000, 0x0000, 0x0000, 0x0000, 0x0000, 0x0000, 0x0000, 0x0000, 0x0000,
  0x0000, 0x0000, 0x0000, 0x0000, 0x0000, 0x0000, 0x0000, 0x0000, 0x0000, 0x0000, 0x0000, 0x0000,
  0x0000, 0x0000, 0x0000, 0x0000, 0x0000, 0x0000, 0x0000, 0x0000, 0x0000, 0x0000, 0x0000, 0x0000,
  0x0000, 0x2124, 0x31A6, 0x3186, 0x41C6, 0xD40A, 0xE44B, 0xE46B, 0xA307, 0x7A45, 0x8265, 0x8265,
  0x8265, 0x8265, 0x8265, 0xBB47, 0xC367, 0xC346, 0xEDD3, 0xFEF8, 0xF697, 0xF676, 0xED0E, 0xECCD,
  0xECEE, 0xCBC9, 0xAAE6, 0xB326, 0xAAE6, 0x92A5, 0x9285, 0x92A5, 0xAB06, 0xAB06, 0xAAE6, 0xA2E6,
  0xA2E6, 0xA2E6, 0xA2C6, 0xA2E6, 0xA2E6, 0xA2C6, 0xAB48, 0xC40A, 0xC3EA, 0xC3EA, 0xC40A, 0xC40A,
  0xC40B, 0xD44B, 0xE46B, 0xE46B, 0xDC4B, 0xDC09, 0xDC09, 0xDC4A, 0xE46B, 0xE44B, 0xDC4B, 0xF4ED,
  0xFD4E, 0xF52E, 0xF590, 0xFEB7, 0xFEB7, 0xFED8, 0xF54F, 0xECAC, 0xF4ED, 0xDC2A, 0xBB27, 0xC367,
  0xBB47, 0xBB47, 0xBB47, 0xC367, 0xAAE6, 0x69C3, 0x69E4, 0x7204, 0x69C4, 0x69C3, 0x69C4, 0x1860,
  0x0000, 0x0000, 0x0000, 0x0000, 0x0000, 0x0000, 0x0000, 0x0000, 0x0000, 0x0000, 0x0000, 0x0000,
  0x0000, 0x0000, 0x0000, 0x0000, 0x0000, 0x0000, 0x0000, 0x0000, 0x0000, 0x0000, 0x0000, 0x0000,
  0x0000, 0x0000, 0x0000, 0x0000, 0x0000, 0x0000, 0x0000, 0x0000, 0x0000, 0x0000, 0x0000, 0x0000,
  0x0000, 0x0000, 0x0000, 0x0000, 0x0000, 0x0000, 0x0000, 0x0000, 0x0000, 0x0000, 0x0000, 0x0000,
  0x0000, 0x0000, 0x0000, 0x0000, 0x0000, 0x0000, 0x0000, 0x0800, 0xBB06, 0xC347, 0xC346, 0x9AA5,
  0x8245, 0x8265, 0x8265, 0x8265, 0x8265, 0x8265, 0xBB47, 0xC367, 0xBB26, 0xED30, 0xFE34, 0xFE14,
  0xF5D3, 0xDC4A, 0xDC2A, 0xDC2A, 0xAB07, 0x8A65, 0x9285, 0x9285, 0x92A5, 0x9285, 0x9AC5, 0xCB87,
  0xCB67, 0xCB67, 0xCB87, 0xCB88, 0xCB87, 0xCB67, 0xCB67, 0xCB67, 0xC326, 0xE44B, 0xFD8F, 0xFD4F,
  0xFD6F, 0xFD70, 0xFD90, 0xFD90, 0xFD6F, 0xFD6F, 0xFD70, 0xFD4F, 0xF4ED, 0xF4ED, 0xECAC, 0xC347,
  0xC347, 0xC326, 0xECAC, 0xFD4E, 0xF50E, 0xFD70, 0xFE14, 0xFE14, 0xFE35, 0xF50E, 0xECAC, 0xF4ED,
  0xDC2A, 0xBB47, 0xC367, 0xC367, 0xCB87, 0xCB87, 0xD3A8, 0xAAE6, 0x5962, 0x61A3, 0x4942, 0x0000,
  0x0000, 0x0000, 0x0000, 0x0000, 0x0000, 0x0000, 0x0000, 0x0000, 0x0000, 0x0000, 0x0000, 0x0000,
  0x0000, 0x0000, 0x0000, 0x0000, 0x0000, 0x0000, 0x0000, 0x0000, 0x0000, 0x0000, 0x0000, 0x0000,
  0x0000, 0x0000, 0x0000, 0x0000, 0x0000, 0x0000, 0x0000, 0x0000, 0x0000, 0x0000, 0x0000, 0x0000,
  0x0000, 0x0000, 0x0000, 0x0000, 0x0000, 0x0000, 0x0000, 0x0000, 0x0000, 0x0000, 0x0000, 0x0000,
  0x0000, 0x0000, 0x0000, 0x0000, 0x0000, 0x0000, 0x0000, 0x0000, 0x0000, 0x0000, 0x1040, 0xC327,
  0xCB67, 0xCB67, 0x9AC6, 0x7A45, 0x8265, 0x8265, 0x8265, 0x8265, 0x8265, 0xBB47, 0xC367, 0xBB26,
  0xED50, 0xFE55, 0xFE34, 0xF5F3, 0xE44B, 0xDC2A, 0xE46B, 0xB347, 0x9285, 0x92A5, 0x9285, 0x9285,
  0x9285, 0x9AA5, 0xC347, 0xCB67, 0xCB67, 0xC367, 0xC367, 0xC367, 0xC347, 0xC347, 0xC347, 0xBB26,
  0xDC2A, 0xFD4F, 0xF50E, 0xF52E, 0xF54F, 0xF54F, 0xF54F, 0xF54F, 0xF54F, 0xF54F, 0xF50E, 0xF4CC,
  0xF4CD, 0xECAC, 0xCB87, 0xC367, 0xC347, 0xECAC, 0xFD4E, 0xF50E, 0xFD70, 0xFE35, 0xFE34, 0xFE35,
  0xF52E, 0xECAC, 0xF4ED, 0xDC4B, 0xBB47, 0xC367, 0xC367, 0xCB87, 0xCB88, 0xD3A8, 0xAAE6, 0x5982,
  0x69A3, 0x5162, 0x0000, 0x0000, 0x0000, 0x0000, 0x0000, 0x0000, 0x0000, 0x0000, 0x0000, 0x0000,
  0x0000, 0x0000, 0x0000, 0x0000, 0x0000, 0x0000, 0x0000, 0x0000, 0x0000, 0x0000, 0x0000, 0x0000,
  0x0000, 0x0000, 0x0000, 0x0000, 0x0000, 0x0000, 0x0000, 0x0000, 0x0000, 0x0000, 0x0000, 0x0000,
  0x0000, 0x0000, 0x0000, 0x0000, 0x0000, 0x0000, 0x0000, 0x0000, 0x0000, 0x0000, 0x0000, 0x0000,
  0x0000, 0x0000, 0x0000, 0x0000, 0x0000, 0x0000, 0x0000, 0x0000, 0x0000, 0x0000, 0x0000, 0x0000,
  0x0000, 0x1040, 0xC346, 0xCB67, 0xD387, 0xA2C6, 0x7A45, 0x8265, 0x8265, 0x8265, 0x8265, 0x8265,
  0xBB47, 0xC367, 0xBB26, 0xED50, 0xFE55, 0xFE34, 0xF5F3, 0xE44B, 0xDC2A, 0xE46B, 0xB347, 0x9285,
  0x92A5, 0x92A5, 0x9AA5, 0x92A5, 0x9AC6, 0xCB67, 0xCB88, 0xCB88, 0xCB88, 0xC367, 0xCB68, 0xC368,
  0xC367, 0xC367, 0xC347, 0xDC4B, 0xFD4F, 0xF52F, 0xFD4F, 0xFD4F, 0xF54F, 0xF54F, 0xFD70, 0xFD70,
  0xF570, 0xF52E, 0xF4CC, 0xF4ED, 0xECAC, 0xCB67, 0xC367, 0xC347, 0xECAC, 0xFD4F, 0xF52E, 0xFD70,
  0xFE35, 0xFE34, 0xFE35, 0xF52E, 0xECAC, 0xF4CD, 0xDC4A, 0xBB47, 0xC367, 0xC367, 0xCBA8, 0xCBA8,
  0xD3A8, 0xB306, 0x5982, 0x69A3, 0x5162, 0x0000, 0x0000, 0x0000, 0x0000, 0x0000, 0x0000, 0x0000,
  0x0000, 0x0000, 0x0000, 0x0000, 0x0000, 0x0000, 0x0000, 0x0000, 0x0000, 0x0000, 0x0000, 0x0000,
  0x0000, 0x0000, 0x0000, 0x0000, 0x0000, 0x0000, 0x0000, 0x0000, 0x0000, 0x0000, 0x0000, 0x0000,
  0x0000, 0x0000, 0x0000, 0x0000, 0x0000, 0x0000, 0x0000, 0x0000, 0x0000, 0x0000, 0x0000, 0x0000,
  0x0000, 0x0000, 0x0000, 0x0000, 0x0000, 0x0000, 0x0000, 0x0000, 0x0000, 0x0000, 0x0000, 0x0000,
  0x0000, 0x0000, 0x0000, 0x0000, 0x0840, 0x8267, 0x92A8, 0x8AA8, 0x8266, 0x8265, 0x8265, 0x8265,
  0x8265, 0x8265, 0x8265, 0xBB47, 0xC367, 0xC326, 0xED50, 0xFE55, 0xFE34, 0xF5F3, 0xDC4B, 0xDC4B,
  0xDC6B, 0xCBA8, 0xC347, 0xC326, 0xCBA8, 0xECED, 0xECCD, 0xECCD, 0xF50E, 0xF50E, 0xF4ED, 0xF570,
  0xF5D3, 0xF5D3, 0xF5B2, 0xF50F, 0xED0E, 0xECEE, 0xF614, 0xFEB7, 0xFE76, 0xFE96, 0xFE97, 0xFE97,
  0xFE97, 0xFE14, 0xFDD3, 0xFDF3, 0xF591, 0xF4ED, 0xF50E, 0xF4CD, 0xCB67, 0xC367, 0xC347, 0xECEE,
  0xFD91, 0xF570, 0xFDB1, 0xFE34, 0xFE14, 0xFE35, 0xD42B, 0xC347, 0xCB88, 0xC367, 0xC367, 0xC367,
  0xC367, 0xEC8B, 0xEC8C, 0xF4CC, 0xC3A9, 0x5962, 0x69C3, 0x5162, 0x0000, 0x0000, 0x0000, 0x0000,
  0x0000, 0x0000, 0x0000, 0x0000, 0x0000, 0x0000, 0x0000, 0x0000, 0x0000, 0x0000, 0x0000, 0x0000,
  0x0000, 0x0000, 0x0000, 0x0000, 0x0000, 0x0000, 0x0000, 0x0000, 0x0000, 0x0000, 0x0000, 0x0000,
  0x0000, 0x0000, 0x0000, 0x0000, 0x0000, 0x0000, 0x0000, 0x0000, 0x0000, 0x0000, 0x0000, 0x0000,
  0x0000, 0x0000, 0x0000, 0x0000, 0x0000, 0x0000, 0x0000, 0x0000, 0x0000, 0x0000, 0x0000, 0x0000,
  0x0000, 0x0000, 0x0000, 0x0000, 0x0000, 0x0000, 0x0000, 0x0820, 0x6207, 0x6A28, 0x6228, 0x7A46,
  0x8265, 0x8265, 0x8265, 0x8265, 0x7A45, 0x8265, 0xBB47, 0xC367, 0xC326, 0xED50, 0xFE55, 0xFE34,
  0xF5F3, 0xDC4B, 0xDC4B, 0xDC6B, 0xD3A8, 0xCB47, 0xCB47, 0xDC0A, 0xFD4E, 0xF50D, 0xF50E, 0xF54F,
  0xF54F, 0xF52F, 0xFDD2, 0xFE55, 0xFE34, 0xFE13, 0xFD70, 0xFD70, 0xF54F, 0xFE34, 0xFED8, 0xFEB8,
  0xFEB8, 0xFEB8, 0xFEB8, 0xFED8, 0xF635, 0xF5D3, 0xF5F4, 0xF5B2, 0xF4ED, 0xF50E, 0xECCD, 0xCB67,
  0xC367, 0xC347, 0xECEE, 0xFDB1, 0xF590, 0xFDB2, 0xFE34, 0xFE14, 0xFE55, 0xD3EA, 0xC326, 0xC367,
  0xC367, 0xC367, 0xC347, 0xC388, 0xF4CC, 0xF4CC, 0xFD0D, 0xC3C9, 0x5962, 0x69C3, 0x5162, 0x0000,
  0x0000, 0x0000, 0x0000, 0x0000, 0x0000, 0x0000, 0x0000, 0x0000, 0x0000, 0x0000, 0x0000, 0x0000,
  0x0000, 0x0000, 0x0000, 0x0000, 0x0000, 0x0000, 0x0000, 0x0000, 0x0000, 0x0000, 0x0000, 0x0000,
  0x0000, 0x0000, 0x0000, 0x0000, 0x0000, 0x0000, 0x0000, 0x0000, 0x0000, 0x0000, 0x0000, 0x0000,
  0x0000, 0x0000, 0x0000, 0x0000, 0x0000, 0x0000, 0x0000, 0x0000, 0x0000, 0x0000, 0x0000, 0x0000,
  0x0000, 0x0000, 0x0000, 0x0000, 0x0000, 0x0000, 0x0000, 0x0000, 0x0000, 0x0000, 0x0820, 0x6A27,
  0x7248, 0x7248, 0x7A66, 0x8265, 0x8265, 0x8265, 0x8265, 0x8265, 0x8265, 0xBB47, 0xC367, 0xC326,
  0xED50, 0xFE55, 0xFE34, 0xF5F3, 0xDC4B, 0xDC4B, 0xDC4B, 0xD3A8, 0xCB67, 0xCB67, 0xDC0A, 0xFD8F,
  0xFD6F, 0xFD6F, 0xFD70, 0xFD90, 0xFD6F, 0xFE14, 0xFE75, 0xFE55, 0xFE34, 0xFD90, 0xFD91, 0xFD70,
  0xFE76, 0xFF19, 0xFEF9, 0xFEF9, 0xFF19, 0xFEF9, 0xFEF9, 0xFE96, 0xFE54, 0xFE75, 0xFDF2, 0xFD6E,
  0xFD6F, 0xFD0E, 0xCB87, 0xCB67, 0xC347, 0xECEE, 0xFDB1, 0xF590, 0xFDB2, 0xFE34, 0xFE34, 0xFE55,
  0xD3EA, 0xC326, 0xC347, 0xC347, 0xC367, 0xC347, 0xC388, 0xECCC, 0xF4CC, 0xFD0D, 0xC3C9, 0x69A2,
  0x71E3, 0x5982, 0x0000, 0x0000, 0x0000, 0x0000, 0x0000, 0x0000, 0x0000, 0x0000, 0x0000, 0x0000,
  0x0000, 0x0000, 0x0000, 0x0000, 0x0000, 0x0000, 0x0000, 0x0000, 0x0000, 0x0000, 0x0000, 0x0000,
  0x0000, 0x0000, 0x0000, 0x0000, 0x0000, 0x0000, 0x0000, 0x0000, 0x0000, 0x0000, 0x0000, 0x0000,
  0x0000, 0x0000, 0x0000, 0x0000, 0x0000, 0x0000, 0x0000, 0x0000, 0x0000, 0x0000, 0x0000, 0x0000,
  0x0000, 0x0000, 0x0000, 0x0000, 0x0000, 0x0000, 0x0000, 0x0000, 0x0000, 0x0000, 0x0000, 0x0000,
  0x0000, 0x0820, 0x59C6, 0x59E7, 0x59E7, 0x7226, 0x8265, 0x8265, 0x8265, 0x7A65, 0x7A45, 0x8265,
  0xBB47, 0xC367, 0xBB26, 0xE550, 0xFE55, 0xFE34, 0xF5F3, 0xE44B, 0xDC4B, 0xE46B, 0xC388, 0xB306,
  0xB306, 0xAB27, 0x9B49, 0x9B49, 0x9B29, 0xBBEA, 0xC42B, 0xC3EB, 0xD48D, 0xE50F, 0xE50F, 0xE50F,
  0xE4AD, 0xE48C, 0xE48C, 0xE530, 0xE592, 0xE571, 0xE551, 0xCD11, 0xCD11, 0xD531, 0xAC2D, 0x9BCC,
  0x9BED, 0x9BAB, 0x9B28, 0x9B29, 0xA349, 0xCB67, 0xCB67, 0xC347, 0xECEE, 0xFDB1, 0xF590, 0xFDB2,
  0xFE34, 0xFE34, 0xFE35, 0xE48C, 0xD3E9, 0xD409, 0xD3C9, 0xC367, 0xC367, 0xCB88, 0xF4ED, 0xF4ED,
  0xFD4E, 0xC3EA, 0x4921, 0x5142, 0x4101, 0x0000, 0x0000, 0x0000, 0x0000, 0x0000, 0x0000, 0x0000,
  0x0000, 0x0000, 0x0000, 0x0000, 0x0000, 0x0000, 0x0000, 0x0000, 0x0000, 0x0000, 0x0000, 0x0000,
  0x0000, 0x0000, 0x0000, 0x0000, 0x0000, 0x0000, 0x0000, 0x0000, 0x0000, 0x0000, 0x0000, 0x0000,
  0x0000, 0x0000, 0x0000, 0x0000, 0x0000, 0x0000, 0x0000, 0x0000, 0x0000, 0x0000, 0x0000, 0x0000,
  0x0000, 0x0000, 0x0000, 0x0000, 0x0000, 0x0000, 0x0000, 0x0000, 0x0000, 0x0000, 0x0000, 0x0000,
  0x0000, 0x0000, 0x0000, 0x0000, 0x0000, 0x0841, 0x0841, 0x0021, 0x51A4, 0x8A85, 0x8265, 0x8265,
  0x7A45, 0x7A45, 0x7A45, 0xBB27, 0xC347, 0xBB06, 0xE530, 0xFE55, 0xFE34, 0xF5F3, 0xE46B, 0xE44B,
  0xE46B, 0xAB27, 0x8A65, 0x9AA5, 0x5163, 0x0000, 0x0000, 0x0000, 0x59C3, 0x7204, 0x61C4, 0x9A85,
  0xC326, 0xBB26, 0xBB26, 0xBB26, 0xBB26, 0xBB27, 0xBB26, 0xBB26, 0xC326, 0xB306, 0x8A44, 0x8224,
  0x9264, 0x28E2, 0x0000, 0x0020, 0x0000, 0x0000, 0x0000, 0x1040, 0xC347, 0xCB67, 0xC347, 0xECEE,
  0xFDB1, 0xFD90, 0xFDB2, 0xFE34, 0xFE34, 0xFE35, 0xF54F, 0xF4ED, 0xFD0E, 0xE46B, 0xCB67, 0xCB87,
  0xCBA8, 0xF50E, 0xF52F, 0xFDB0, 0xA3AA, 0x0000, 0x0000, 0x0000, 0x0000, 0x0000, 0x0000, 0x0000,
  0x0000, 0x0000, 0x0000, 0x0000, 0x0000, 0x0000, 0x0000, 0x0000, 0x0000, 0x0000, 0x0000, 0x0000,
  0x0000, 0x0000, 0x0000, 0x0000, 0x0000, 0x0000, 0x0000, 0x0000, 0x0000, 0x0000, 0x0000, 0x0000,
  0x0000, 0x0000, 0x0000, 0x0000, 0x0000, 0x0000, 0x0000, 0x0000, 0x0000, 0x0000, 0x0000, 0x0000,
  0x0000, 0x0000, 0x0000, 0x0000, 0x0000, 0x0000, 0x0000, 0x0000, 0x0000, 0x0000, 0x0000, 0x0000,
  0x0000, 0x0000, 0x0000, 0x0000, 0x0000, 0x0000, 0x0000, 0x0000, 0x0021, 0x0841, 0x0001, 0x5183,
  0x8A85, 0x7A45, 0x7A45, 0x7A45, 0x7A45, 0x7A65, 0xBB47, 0xC347, 0xBB26, 0xED50, 0xFE55, 0xFE35,
  0xFDF3, 0xE46B, 0xE44B, 0xE46B, 0xB327, 0x9285, 0xA2C6, 0x61A3, 0x0000, 0x0000, 0x0820, 0x61E4,
  0x7224, 0x7204, 0xAAE6, 0xC367, 0xC347, 0xC347, 0xC347, 0xC347, 0xC347, 0xC347, 0xC367, 0xC367,
  0xBB47, 0x9285, 0x8A65, 0x9285, 0x3923, 0x0861, 0x1082, 0x0841, 0x0000, 0x0000, 0x2081, 0xC367,
  0xCB67, 0xC347, 0xECEE, 0xFDB1, 0xFD91, 0xFDD2, 0xFE34, 0xFE34, 0xFE35, 0xF52F, 0xF4CC, 0xF4ED,
  0xE46B, 0xCB67, 0xCB67, 0xCB88, 0xF52E, 0xF54F, 0xFDB0, 0xA38A, 0x0000, 0x0000, 0x0000, 0x0000,
  0x0000, 0x0000, 0x0000, 0x0000, 0x0000, 0x0000, 0x0000, 0x0000, 0x0000, 0x0000, 0x0000, 0x0000,
  0x0000, 0x0000, 0x0000, 0x0000, 0x0000, 0x0000, 0x0000, 0x0000, 0x0000, 0x0000, 0x0000, 0x0000,
  0x0000, 0x0000, 0x0000, 0x0000, 0x0000, 0x0000, 0x0000, 0x0000, 0x0000, 0x0000, 0x0000, 0x0000,
  0x0000, 0x0000, 0x0000, 0x0000, 0x0000, 0x0000, 0x0000, 0x0000, 0x0000, 0x0000, 0x0000, 0x0000,
  0x0000, 0x0000, 0x0000, 0x0000, 0x0000, 0x0000, 0x0000, 0x0000, 0x0000, 0x0000, 0x0000, 0x0021,
  0x0841, 0x0001, 0x5183, 0x8A85, 0x8A65, 0x8285, 0x7A45, 0x7A45, 0x8265, 0xBB27, 0xBB47, 0xB306,
  0xE550, 0xFE55, 0xFE14, 0xF5F3, 0xE46B, 0xE44B, 0xE48C, 0xAB27, 0x8A45, 0xA2C6, 0x61A3, 0x0000,
  0x0000, 0x0000, 0x6205, 0x7A86, 0x7A66, 0xAB48, 0xC388, 0xC388, 0xC388, 0xC388, 0xC3A9, 0xC3A9,
  0xC3A9, 0xC3A9, 0xCBA9, 0xBB68, 0x92C6, 0x9AE7, 0x9AE7, 0x3943, 0x0882, 0x18E3, 0x1061, 0x0000,
  0x0000, 0x2081, 0xCB67, 0xCB67, 0xC347, 0xED0E, 0xFDB1, 0xFD91, 0xFDD2, 0xFE34, 0xFE34, 0xFE35,
  0xF52F, 0xF4ED, 0xF50E, 0xE48B, 0xCB87, 0xCB88, 0xD3A8, 0xF52E, 0xF52F, 0xFD8F, 0xA389, 0x0000,
  0x0000, 0x0000, 0x0000, 0x0000, 0x0000, 0x0000, 0x0000, 0x0000, 0x0000, 0x0000, 0x0000, 0x0000,
  0x0000, 0x0000, 0x0000, 0x0000, 0x0000, 0x0000, 0x0000, 0x0000, 0x0000, 0x0000, 0x0000, 0x0000,
  0x0000, 0x0000, 0x0000, 0x0000, 0x0000, 0x0000, 0x0000, 0x0000, 0x0000, 0x0000, 0x0000, 0x0000,
  0x0000, 0x0000, 0x0000, 0x0000, 0x0000, 0x0000, 0x0000, 0x0000, 0x0000, 0x0000, 0x0000, 0x0000,
  0x0000, 0x0000, 0x0000, 0x0000, 0x0000, 0x0000, 0x0000, 0x0000, 0x0000, 0x0000, 0x0000, 0x0000,
  0x0000, 0x0000, 0x0000, 0x0000, 0x0000, 0x7A24, 0xD387, 0xCB67, 0xB327, 0x7245, 0x7A45, 0x7A65,
  0x8265, 0x8A85, 0x8265, 0xB347, 0xD3E9, 0xCB88, 0xD3C9, 0xF4CD, 0xECAC, 0xF4ED, 0x8AC6, 0x69C4,
  0x7A45, 0x4942, 0x0000, 0x0000, 0x18C3, 0xC617, 0xCE18, 0xC5F7, 0xDEBA, 0xE71B, 0xE6FB, 0xE71B,
  0xEF3C, 0xEF3C, 0xEF3C, 0xEF3C, 0xEF3C, 0xEF3C, 0xEF1B, 0xD679, 0xD679, 0xD679, 0xA534, 0x94B2,
  0xA534, 0x5AEB, 0x0000, 0x0000, 0x1881, 0xC367, 0xCB67, 0xC347, 0xED0E, 0xFDB1, 0xFD91, 0xFDB2,
  0xFE34, 0xFE34, 0xFE35, 0xFD70, 0xF50E, 0xF52E, 0xF50E, 0xF4ED, 0xF50E, 0xF4ED, 0xD3C8, 0xCB87,
  0xDBC8, 0x8A65, 0x0000, 0x0000, 0x0000, 0x0000, 0x0000, 0x0000, 0x0000, 0x0000, 0x0000, 0x0000,
  0x0000, 0x0000, 0x0000, 0x0000, 0x0000, 0x0000, 0x0000, 0x0000, 0x0000, 0x0000, 0x0000, 0x0000,
  0x0000, 0x0000, 0x0000, 0x0000, 0x0000, 0x0000, 0x0000, 0x0000, 0x0000, 0x0000, 0x0000, 0x0000,
  0x0000, 0x0000, 0x0000, 0x0000, 0x0000, 0x0000, 0x0000, 0x0000, 0x0000, 0x0000, 0x0000, 0x0000,
  0x0000, 0x0000, 0x0000, 0x0000, 0x0000, 0x0000, 0x0000, 0x0000, 0x0000, 0x0000, 0x0000, 0x0000,
  0x0000, 0x0000, 0x0000, 0x0000, 0x0000, 0x0000, 0x0000, 0x0000, 0x8244, 0xDBC8, 0xD387, 0xB326,
  0x7A45, 0x7A45, 0x7A65, 0x7A65, 0x7A45, 0x7A45, 0xAB06, 0xCB67, 0xC346, 0xCB67, 0xF4CD, 0xF4ED,
  0xF4ED, 0x92C6, 0x61E4, 0x7225, 0x4943, 0x0000, 0x0000, 0x2104, 0xD679, 0xD679, 0xCE59, 0xDEFB,
  0xEF7D, 0xEF5D, 0xEF5D, 0xF79E, 0xF79E, 0xF79E, 0xF79E, 0xF79E, 0xF79E, 0xF79E, 0xDEDB, 0xD6BA,
  0xDEDB, 0xBDF7, 0xA534, 0xB5B6, 0x6B6D, 0x0000, 0x0000, 0x2081, 0xC367, 0xCB67, 0xC367, 0xECEE,
  0xFDB1, 0xFD91, 0xFDB2, 0xFE35, 0xFE35, 0xFE35, 0xFD70, 0xFD2E, 0xFD2E, 0xF52E, 0xFD2E, 0xFD2E,
  0xF50E, 0xCB88, 0xC347, 0xD3A7, 0x8A44, 0x0000, 0x0000, 0x0000, 0x0000, 0x0000, 0x0000, 0x0000,
  0x0000, 0x0000, 0x0000, 0x0000, 0x0000, 0x0000, 0x0000, 0x0000, 0x0000, 0x0000, 0x0000, 0x0000,
  0x0000, 0x0000, 0x0000, 0x0000, 0x0000, 0x0000, 0x0000, 0x0000, 0x0000, 0x0000, 0x0000, 0x0000,
  0x0000, 0x0000, 0x0000, 0x0000, 0x0000, 0x0000, 0x0000, 0x0000, 0x0000, 0x0000, 0x0000, 0x0000,
  0x0000, 0x0000, 0x0000, 0x0000, 0x0000, 0x0000, 0x0000, 0x0000, 0x0000, 0x0000, 0x0000, 0x0000,
  0x0000, 0x0000, 0x0000, 0x0000, 0x0000, 0x0000, 0x0000, 0x0000, 0x0000, 0x0000, 0x0000, 0x8244,
  0xDBA8, 0xCB87, 0xBB27, 0x7A45, 0x7A45, 0x7A65, 0x8265, 0x8265, 0x7A45, 0xB327, 0xCB87, 0xC347,
  0xCBA8, 0xF4CD, 0xF4CD, 0xF50D, 0x8AA6, 0x5983, 0x69E4, 0x3902, 0x0000, 0x0000, 0x10A3, 0xCE7A,
  0xCE9A, 0xCE79, 0xDF1C, 0xEF7E, 0xEF5D, 0xEF7E, 0xF7BF, 0xF7BF, 0xF7BF, 0xF7BF, 0xF7BF, 0xF7BF,
  0xEF9E, 0xD6DB, 0xD6DB, 0xDEFC, 0xB5D7, 0x9D14, 0xB5B6, 0x632D, 0x0000, 0x0000, 0x1020, 0xC347,
  0xC367, 0xC326, 0xECEE, 0xFDB1, 0xF590, 0xFDB2, 0xFE35, 0xFE35, 0xFE35, 0xFD70, 0xF52E, 0xF52E,
  0xF52E, 0xF50E, 0xF52E, 0xF4ED, 0xCB88, 0xCB67, 0xDBA8, 0x8A45, 0x0000, 0x0000, 0x0000, 0x0000,
  0x0000, 0x0000, 0x0000, 0x0000, 0x0000, 0x0000, 0x0000, 0x0000, 0x0000, 0x0000, 0x0000, 0x0000,
  0x0000, 0x0000, 0x0000, 0x0000, 0x0000, 0x0000, 0x0000, 0x0000, 0x0000, 0x0000, 0x0000, 0x0000,
  0x0000, 0x0000, 0x0000, 0x0000, 0x0000, 0x0000, 0x0000, 0x0000, 0x0000, 0x0000, 0x0000, 0x0000,
  0x0000, 0x0000, 0x0000, 0x0000, 0x0000, 0x0000, 0x0000, 0x0000, 0x0000, 0x0000, 0x0000, 0x0000,
  0x0000, 0x0000, 0x0000, 0x0000, 0x0000, 0x0000, 0x0000, 0x0000, 0x0000, 0x0000, 0x0000, 0x0000,
  0x0000, 0x0000, 0x8224, 0xD3A7, 0xCB67, 0xBB27, 0x7A45, 0x8265, 0x8265, 0x8265, 0x8265, 0x7A45,
  0xAB06, 0xCB67, 0xC347, 0xCB88, 0xF4ED, 0xF4ED, 0xF50D, 0xBBEA, 0xA348, 0xAB89, 0x8AC7, 0x61E5,
  0x61E5, 0x72A8, 0xE5D4, 0xE5D4, 0xE5D4, 0xEE36, 0xF656, 0xF656, 0xF676, 0xF697, 0xF697, 0xF697,
  0xF697, 0xF697, 0xF697, 0xF676, 0xE5D4, 0xE5F4, 0xE5F4, 0xD573, 0xCD52, 0xD593, 0xA40D, 0x61E5,
  0x61E5, 0x7246, 0xDC2A, 0xDC2A, 0xDC0A, 0xF52F, 0xFDB1, 0xF591, 0xFDB2, 0xFE35, 0xFE35, 0xFE35,
  0xFD70, 0xF52E, 0xF52E, 0xFD4F, 0xFD70, 0xFD70, 0xF550, 0xCBA8, 0xCB67, 0xDBC8, 0x8A65, 0x0000,
  0x0000, 0x0000, 0x0000, 0x0000, 0x0000, 0x0000, 0x0000, 0x0000, 0x0000, 0x0000, 0x0000, 0x0000,
  0x0000, 0x0000, 0x0000, 0x0000, 0x0000, 0x0000, 0x0000, 0x0000, 0x0000, 0x0000, 0x0000, 0x0000,
  0x0000, 0x0000, 0x0000, 0x0000, 0x0000, 0x0000, 0x0000, 0x0000, 0x0000, 0x0000, 0x0000, 0x0000,
  0x0000, 0x0000, 0x0000, 0x0000, 0x0000, 0x0000, 0x0000, 0x0000, 0x0000, 0x0000, 0x0000, 0x0000,
  0x0000, 0x0000, 0x0000, 0x0000, 0x0000, 0x0000, 0x0000, 0x0000, 0x0000, 0x0000, 0x0000, 0x0000,
  0x0000, 0x0000, 0x0000, 0x0000, 0x0000, 0x8224, 0xD387, 0xC367, 0xB327, 0x7A45, 0x8265, 0x8265,
  0x8265, 0x8265, 0x7A45, 0xA2E6, 0xC347, 0xBB47, 0xC368, 0xF4ED, 0xF50E, 0xF4ED, 0xFD6F, 0xFDB0,
  0xFDB0, 0xFD70, 0xFD2E, 0xFD2E, 0xFD2E, 0xFD0D, 0xFD0D, 0xFD0D, 0xF50D, 0xFD0D, 0xFD2E, 0xFD0E,
  0xFD2E, 0xFD2E, 0xFD2E, 0xFD2E, 0xFD2E, 0xFD2E, 0xF50E, 0xF4CC, 0xF4CC, 0xF4AB, 0xFD2E, 0xFD6F,
  0xFD4F, 0xFD4E, 0xFD0D, 0xFD0D, 0xFD2E, 0xFD2E, 0xFD4F, 0xFD4F, 0xFD70, 0xFDB1, 0xFD91, 0xFDD2,
  0xFE35, 0xFE35, 0xFE35, 0xF570, 0xF52E, 0xF52E, 0xFD70, 0xFDF3, 0xFE13, 0xF5D3, 0xD3A8, 0xCB67,
  0xDBC8, 0x8A65, 0x0000, 0x0000, 0x0000, 0x0000, 0x0000, 0x0000, 0x0000, 0x0000, 0x0000, 0x0000,
  0x0000, 0x0000, 0x0000, 0x0000, 0x0000, 0x0000, 0x0000, 0x0000, 0x0000, 0x0000, 0x0000, 0x0000,
  0x0000, 0x0000, 0x0000, 0x0000, 0x0000, 0x0000, 0x0000, 0x0000, 0x0000, 0x0000, 0x0000, 0x0000,
  0x0000, 0x0000, 0x0000, 0x0000, 0x0000, 0x0000, 0x0000, 0x0000, 0x0000, 0x0000, 0x0000, 0x0000,
  0x0000, 0x0000, 0x0000, 0x0000, 0x0000, 0x0000, 0x0000, 0x0000, 0x0000, 0x0000, 0x0000, 0x0000,
  0x0000, 0x0000, 0x0000, 0x0000, 0x0000, 0x0000, 0x0000, 0x0000, 0x7A24, 0xD387, 0xC367, 0xB306,
  0x8245, 0x8265, 0x8265, 0x8265, 0x8265, 0x7A45, 0xAAE6, 0xC347, 0xBB27, 0xC368, 0xF50D, 0xF50E,
  0xF50D, 0xF52F, 0xF550, 0xF570, 0xF52F, 0xECEE, 0xECEE, 0xECED, 0xF52E, 0xF52E, 0xF52E, 0xF52F,
  0xF54F, 0xF52F, 0xF54F, 0xFD70, 0xFD70, 0xFD70, 0xFD70, 0xF570, 0xF570, 0xF54F, 0xF4ED, 0xF4ED,
  0xF4ED, 0xF52F, 0xF550, 0xF550, 0xF52E, 0xECCC, 0xECCD, 0xF4CD, 0xF50E, 0xF52E, 0xF52E, 0xFD70,
  0xFD91, 0xFD91, 0xFDD2, 0xFE35, 0xFE35, 0xFE35, 0xF570, 0xF52E, 0xF52E, 0xFD70, 0xFDF3, 0xFDF3,
  0xF5D2, 0xD3A8, 0xCB67, 0xDBC8, 0x8A65, 0x0000, 0x0000, 0x0000, 0x0000, 0x0000, 0x0000, 0x0000,
  0x0000, 0x0000, 0x0000, 0x0000, 0x0000, 0x0000, 0x0000, 0x0000, 0x0000, 0x0000, 0x0000, 0x0000,
  0x0000, 0x0000, 0x0000, 0x0000, 0x0000, 0x0000, 0x0000, 0x0000, 0x0000, 0x0000, 0x0000, 0x0000,
  0x0000, 0x0000, 0x0000, 0x0000, 0x0000, 0x0000, 0x0000, 0x0000, 0x0000, 0x0000, 0x0000, 0x0000,
  0x0000, 0x0000, 0x0000, 0x0000, 0x0000, 0x0000, 0x0000, 0x0000, 0x0000, 0x0000, 0x0000, 0x0000,
  0x0000, 0x0000, 0x0000, 0x0000, 0x0000, 0x0000, 0x0000, 0x0000, 0x0000, 0x0000, 0x0000, 0x8224,
  0xDBA7, 0xCB67, 0xB306, 0x8245, 0x8265, 0x8265, 0x8265, 0x8265, 0x7A65, 0xAB06, 0xC347, 0xBB27,
  0xC388, 0xF50D, 0xF50D, 0xF4ED, 0xF54F, 0xFD70, 0xFD70, 0xF54F, 0xF50E, 0xED0E, 0xED0E, 0xF52E,
  0xF52E, 0xF52E, 0xFD4F, 0xF52F, 0xF52E, 0xF54F, 0xFD6F, 0xFD70, 0xFD70, 0xFD70, 0xFD70, 0xFD70,
  0xF54F, 0xF4ED, 0xF4ED, 0xF4CD, 0xF52F, 0xF550, 0xF54F, 0xF52E, 0xF4ED, 0xF4ED, 0xF4ED, 0xF52E,
  0xF52E, 0xF52E, 0xFD70, 0xFD91, 0xFD91, 0xFDD2, 0xFE35, 0xFE35, 0xFE35, 0xF570, 0xF52E, 0xF52E,
  0xFD70, 0xFE13, 0xFE13, 0xF5D2, 0xD3A8, 0xCB67, 0xDBC8, 0x8A65, 0x0000, 0x0000, 0x0000, 0x0000,
  0x0000, 0x0000, 0x0000, 0x0000, 0x0000, 0x0000, 0x0000, 0x0000, 0x0000, 0x0000, 0x0000, 0x0000,
  0x0000, 0x0000, 0x0000, 0x0000, 0x0000, 0x0000, 0x0000, 0x0000, 0x0000, 0x0000, 0x0000, 0x0000,
  0x0000, 0x0000, 0x0000, 0x0000, 0x0000, 0x0000, 0x0000, 0x0000, 0x0000, 0x0000, 0x0000, 0x0000,
  0x0000, 0x0000, 0x0000, 0x0000, 0x0000, 0x0000, 0x0000, 0x0000, 0x0000, 0x0000, 0x0000, 0x0000,
  0x0000, 0x0000, 0x0000, 0x0000, 0x0000, 0x0000, 0x0000, 0x0000, 0x0000, 0x0000, 0x0000, 0x0000,
  0x0000, 0x0000, 0x3123, 0x51E6, 0x41A5, 0x6A26, 0xC347, 0xBB47, 0xB327, 0x8265, 0x8265, 0x8265,
  0x8A85, 0x8A85, 0x8A85, 0x9AA6, 0xC368, 0xC388, 0xC388, 0xC388, 0xC388, 0xC388, 0xC388, 0xC368,
  0xC368, 0xBB68, 0xBB68, 0xC368, 0xBB68, 0xDBE9, 0xE42A, 0xE42A, 0xE42A, 0xE44A, 0xE44A, 0xE44A,
  0xE44A, 0xE42A, 0xE42A, 0xE42A, 0xE429, 0xE429, 0xE409, 0xECCC, 0xF52E, 0xF50E, 0xF52E, 0xF54F,
  0xF54F, 0xF570, 0xFDF3, 0xFE14, 0xFE13, 0xFE14, 0xFE14, 0xFE14, 0xFE13, 0xFDB2, 0xFDB2, 0xFDB2,
  0xF54F, 0xF52E, 0xF52E, 0xF52F, 0xF54F, 0xFD4F, 0xF52E, 0xD3A8, 0xCB67, 0xDBC8, 0x8A65, 0x0000,
  0x0000, 0x0000, 0x0000, 0x0000, 0x0000, 0x0000, 0x0000, 0x0000, 0x0000, 0x0000, 0x0000, 0x0000,
  0x0000, 0x0000, 0x0000, 0x0000, 0x0000, 0x0000, 0x0000, 0x0000, 0x0000, 0x0000, 0x0000, 0x0000,
  0x0000, 0x0000, 0x0000, 0x0000, 0x0000, 0x0000, 0x0000, 0x0000, 0x0000, 0x0000, 0x0000, 0x0000,
  0x0000, 0x0000, 0x0000, 0x0000, 0x0000, 0x0000, 0x0000, 0x0000, 0x0000, 0x0000, 0x0000, 0x0000,
  0x0000, 0x0000, 0x0000, 0x0000, 0x0000, 0x0000, 0x0000, 0x0000, 0x0000, 0x0000, 0x0000, 0x0000,
  0x0000, 0x0000, 0x0000, 0x0000, 0x0000, 0x18C3, 0x2965, 0x1925, 0x5A06, 0xD388, 0xC367, 0xC367,
  0x8265, 0x8265, 0x8265, 0x8265, 0x8245, 0x8245, 0x8265, 0xB306, 0xBB27, 0xBB27, 0xBB27, 0xBB27,
  0xBB26, 0xBB26, 0xB327, 0xB327, 0xB307, 0xB327, 0xB327, 0xB307, 0xCB88, 0xE409, 0xE3E9, 0xE3E9,
  0xE409, 0xE3E9, 0xE409, 0xE409, 0xE3E9, 0xE3E9, 0xE3E9, 0xE3E9, 0xE3E9, 0xDBE8, 0xECAC, 0xF50E,
  0xF50D, 0xF52E, 0xFD70, 0xF570, 0xFD91, 0xFE35, 0xFE35, 0xFE35, 0xFE35, 0xFE35, 0xFE35, 0xFE14,
  0xFD91, 0xFD91, 0xFDB1, 0xF54F, 0xF52E, 0xF52E, 0xF52E, 0xF50E, 0xF50E, 0xF50D, 0xCB88, 0xCB67,
  0xDBC8, 0x8A65, 0x0000, 0x0000, 0x0000, 0x0000, 0x0000, 0x0000, 0x0000, 0x0000, 0x0000, 0x0000,
  0x0000, 0x0000, 0x0000, 0x0000, 0x0000, 0x0000, 0x0000, 0x0000, 0x0000, 0x0000, 0x0000, 0x0000,
  0x0000, 0x0000, 0x0000, 0x0000, 0x0000, 0x0000, 0x0000, 0x0000, 0x0000, 0x0000, 0x0000, 0x0000,
  0x0000, 0x0000, 0x0000, 0x0000, 0x0000, 0x0000, 0x0000, 0x0000, 0x0000, 0x0000, 0x0000, 0x0000,
  0x0000, 0x0000, 0x0000, 0x0000, 0x0000, 0x0000, 0x0000, 0x0000, 0x0000, 0x0000, 0x0000, 0x0000,
  0x0000, 0x0000, 0x0000, 0x0000, 0x0000, 0x0000, 0x0000, 0x0000, 0x18E3, 0x3185, 0x2125, 0x59E5,
  0xD387, 0xCB67, 0xCB67, 0x8A65, 0x8245, 0x8245, 0x8265, 0x8265, 0x8245, 0x8A85, 0xBB47, 0xC347,
  0xBB47, 0xBB47, 0xBB47, 0xBB47, 0xBB27, 0xB327, 0xB327, 0xB306, 0xB306, 0xB306, 0xAAE6, 0xD3A8,
  0xE409, 0xE409, 0xE409, 0xE409, 0xE3E9, 0xE3E9, 0xE409, 0xE409, 0xE409, 0xE3E9, 0xE3E9, 0xE3E9,
  0xDBC8, 0xEC8C, 0xF50D, 0xF4ED, 0xF50E, 0xFD70, 0xFD4F, 0xFD70, 0xFE14, 0xFE34, 0xFE34, 0xFE35,
  0xFE35, 0xFE35, 0xFE14, 0xFD91, 0xFDB1, 0xF5B1, 0xFD4F, 0xFD2E, 0xF52F, 0xFD4F, 0xFD2E, 0xFD4E,
  0xF52E, 0xD3A8, 0xCB67, 0xDBC8, 0x8A65, 0x0000, 0x0000, 0x0000, 0x0000, 0x0000, 0x0000, 0x0000,
  0x0000, 0x0000, 0x0000, 0x0000, 0x0000, 0x0000, 0x0000, 0x0000, 0x0000, 0x0000, 0x0000, 0x0000,
  0x0000, 0x0000, 0x0000, 0x0000, 0x0000, 0x0000, 0x0000, 0x0000, 0x0000, 0x0000, 0x0000, 0x0000,
  0x0000, 0x0000, 0x0000, 0x0000, 0x0000, 0x0000, 0x0000, 0x0000, 0x0000, 0x0000, 0x0000, 0x0000,
  0x0000, 0x0000, 0x0000, 0x0000, 0x0000, 0x0000, 0x0000, 0x0000, 0x0000, 0x0000, 0x0000, 0x0000,
  0x0000, 0x0000, 0x0000, 0x0000, 0x0000, 0x0000, 0x0000, 0x0000, 0x0000, 0x0000, 0x0000, 0x2104,
  0x39C7, 0x2986, 0x5206, 0xAB07, 0xA2E7, 0xA2E6, 0x9285, 0x8A85, 0x8A85, 0x8265, 0x8265, 0x8265,
  0x8A65, 0xB306, 0xAB06, 0xAB06, 0xBB27, 0xBB47, 0xBB47, 0xC368, 0xC3A8, 0xC388, 0xC3A9, 0xC3EA,
  0xC3CA, 0xC3EB, 0xDC4B, 0xEC4A, 0xE44A, 0xE44A, 0xE44A, 0xE44A, 0xE44A, 0xE44A, 0xE44A, 0xE44A,
  0xE44A, 0xE44A, 0xE44A, 0xE42A, 0xF4EE, 0xFD90, 0xF570, 0xFD91, 0xFDD2, 0xFDD2, 0xFDD2, 0xFE55,
  0xFE55, 0xFE55, 0xFE55, 0xFE35, 0xFE35, 0xFE14, 0xFD91, 0xFD91, 0xFD91, 0xF52E, 0xF4ED, 0xF50D,
  0xECED, 0xE4AC, 0xE4AC, 0xE48C, 0xBB47, 0xBB27, 0xCB87, 0x7A24, 0x0000, 0x0000, 0x0000, 0x0000,
  0x0000, 0x0000, 0x0000, 0x0000, 0x0000, 0x0000, 0x0000, 0x0000, 0x0000, 0x0000, 0x0000, 0x0000,
  0x0000, 0x0000, 0x0000, 0x0000, 0x0000, 0x0000, 0x0000, 0x0000, 0x0000, 0x0000, 0x0000, 0x0000,
  0x0000, 0x0000, 0x0000, 0x0000, 0x0000, 0x0000, 0x0000, 0x0000, 0x0000, 0x0000, 0x0000, 0x0000,
  0x0000, 0x0000, 0x0000, 0x0000, 0x0000, 0x0000, 0x0000, 0x0000, 0x0000, 0x0000, 0x0000, 0x0000,
  0x0000, 0x0000, 0x0000, 0x0000, 0x0000, 0x0000, 0x0000, 0x0000, 0x0000, 0x0000, 0x0000, 0x0000,
  0x0000, 0x0000, 0x39C7, 0x630C, 0x5AEB, 0x4A49, 0x2124, 0x2145, 0x3165, 0xB307, 0xBB47, 0xBB47,
  0x92A6, 0x7A45, 0x8265, 0x8265, 0x8265, 0x8265, 0x8265, 0xBB27, 0xCB67, 0xC347, 0xE44B, 0xFD4F,
  0xF52E, 0xFD70, 0xFEB8, 0xFEB8, 0xFEF9, 0xFE13, 0xF52F, 0xFD50, 0xFD4F, 0xFD4F, 0xF54F, 0xF54F,
  0xFD4F, 0xFD4F, 0xF54F, 0xF54F, 0xF54F, 0xF54F, 0xF52F, 0xFE55, 0xFEF9, 0xFED8, 0xFED8, 0xFED9,
  0xFED9, 0xFED8, 0xFED8, 0xFED8, 0xFED9, 0xFE97, 0xFE35, 0xFE55, 0xFE14, 0xFD4F, 0xF54F, 0xFD6F,
  0xEC8B, 0xE409, 0xE42A, 0xD3A8, 0xB306, 0xB306, 0xB306, 0x8A85, 0x8245, 0x8A85, 0x5183, 0x0000,
  0x0000, 0x0000, 0x0000, 0x0000, 0x0000, 0x0000, 0x0000, 0x0000, 0x0000, 0x0000, 0x0000, 0x0000,
  0x0000, 0x0000, 0x0000, 0x0000, 0x0000, 0x0000, 0x0000, 0x0000, 0x0000, 0x0000, 0x0000, 0x0000,
  0x0000, 0x0000, 0x0000, 0x0000, 0x0000, 0x0000, 0x0000, 0x0000, 0x0000, 0x0000, 0x0000, 0x0000,
  0x0000, 0x0000, 0x0000, 0x0000, 0x0000, 0x0000, 0x0000, 0x0000, 0x0000, 0x0000, 0x0000, 0x0000,
  0x0000, 0x0000, 0x0000, 0x0000, 0x0000, 0x0000, 0x0000, 0x0000, 0x0000, 0x0000, 0x0000, 0x0000,
  0x0000, 0x0000, 0x0000, 0x0000, 0x0000, 0x39C7, 0x62EB, 0x5ACB, 0x4A69, 0x2944, 0x2945, 0x3165,
  0xB327, 0xBB47, 0xBB47, 0x92A6, 0x8245, 0x8265, 0x8265, 0x8265, 0x8265, 0x8265, 0xBB27, 0xCB87,
  0xC347, 0xDC4B, 0xFD4F, 0xF50E, 0xF52F, 0xFE97, 0xFED8, 0xFED8, 0xFDB2, 0xF54F, 0xF550, 0xF54F,
  0xF54F, 0xF54F, 0xF54F, 0xF54F, 0xF54F, 0xF54F, 0xF54F, 0xF54F, 0xF54F, 0xF52F, 0xFE55, 0xFED9,
  0xFED8, 0xFED8, 0xFED8, 0xFED8, 0xFED8, 0xFED8, 0xFED8, 0xFED9, 0xFE97, 0xFE35, 0xFE56, 0xFE14,
  0xF54F, 0xFD4F, 0xFD70, 0xEC8B, 0xE409, 0xE44A, 0xD3C8, 0xBB27, 0xBB47, 0xBB27, 0x9285, 0x8245,
  0x9285, 0x5983, 0x0000, 0x0000, 0x0000, 0x0000, 0x0000, 0x0000, 0x0000, 0x0000, 0x0000, 0x0000,
  0x0000, 0x0000, 0x0000, 0x0000, 0x0000, 0x0000, 0x0000, 0x0000, 0x0000, 0x0000, 0x0000, 0x0000,
  0x0000, 0x0000, 0x0000, 0x0000, 0x0000, 0x0000, 0x0000, 0x0000, 0x0000, 0x0000, 0x0000, 0x0000,
  0x0000, 0x0000, 0x0000, 0x0000, 0x0000, 0x0000, 0x0000, 0x0000, 0x0000, 0x0000, 0x0000, 0x0000,
  0x0000, 0x0000, 0x0000, 0x0000, 0x0000, 0x0000, 0x0000, 0x0000, 0x0000, 0x0000, 0x0000, 0x0000,
  0x0000, 0x0000, 0x0000, 0x0000, 0x0000, 0x0000, 0x0000, 0x0000, 0x39C7, 0x62EB, 0x5AEB, 0x4A69,
  0x2945, 0x2145, 0x3185, 0xBB47, 0xC367, 0xC367, 0x92A6, 0x7A45, 0x8265, 0x8265, 0x8A85, 0x8265,
  0x8265, 0xBB47, 0xD388, 0xCB47, 0xE46B, 0xFD6F, 0xF50E, 0xF54F, 0xFED8, 0xFED8, 0xFED8, 0xFDD2,
  0xF54F, 0xF570, 0xF550, 0xFD70, 0xFD70, 0xFD70, 0xFD70, 0xF54F, 0xF54F, 0xF54F, 0xF54F, 0xF54F,
  0xF52E, 0xFE55, 0xFEF9, 0xFED9, 0xFED9, 0xFED9, 0xFED9, 0xFEF9, 0xFED9, 0xFED9, 0xFED9, 0xFE97,
  0xFE56, 0xFE76, 0xFE14, 0xFD6F, 0xFD70, 0xFD70, 0xEC8C, 0xE42A, 0xEC4A, 0xDBE9, 0xBB27, 0xBB47,
  0xBB47, 0x8265, 0x8245, 0x9285, 0x5183, 0x0000, 0x0000, 0x0000, 0x0000, 0x0000, 0x0000, 0x0000,
  0x0000, 0x0000, 0x0000, 0x0000, 0x0000, 0x0000, 0x0000, 0x0000, 0x0000, 0x0000, 0x0000, 0x0000,
  0x0000, 0x0000, 0x0000, 0x0000, 0x0000, 0x0000, 0x0000, 0x0000, 0x0000, 0x0000, 0x0000, 0x0000,
  0x0000, 0x0000, 0x0000, 0x0000, 0x0000, 0x0000, 0x0000, 0x0000, 0x0000, 0x0000, 0x0000, 0x0000,
  0x0000, 0x0000, 0x0000, 0x0000, 0x0000, 0x0000, 0x0000, 0x0000, 0x0000, 0x0000, 0x0000, 0x0000,
  0x0000, 0x0000, 0x0000, 0x0000, 0x0000, 0x0000, 0x0000, 0x0000, 0x0000, 0x0000, 0x0000, 0x39E7,
  0x632C, 0x632C, 0x528A, 0x1082, 0x10A2, 0x18C3, 0x41A5, 0x51E6, 0x41A5, 0x8A86, 0xB326, 0xAB06,
  0xA2E6, 0x8265, 0x7A45, 0x7A45, 0x8A85, 0x9286, 0x8265, 0xB348, 0xEC6B, 0xDC09, 0xE46C, 0xFE34,
  0xFDD3, 0xFDD3, 0xFDB2, 0xF570, 0xFD70, 0xF52F, 0xD3C9, 0xD3C9, 0xCBA9, 0xE48C, 0xFD2E, 0xF50D,
  0xF52E, 0xF591, 0xFD70, 0xFD91, 0xFDD2, 0xFDF3, 0xFDD3, 0xFDD3, 0xFDD3, 0xFDD3, 0xFDD3, 0xFDD3,
  0xFDD2, 0xFDF3, 0xF591, 0xF54F, 0xF54F, 0xF50E, 0xEC6B, 0xE44A, 0xE44A, 0xCBA8, 0xBB47, 0xC367,
  0xAB07, 0x8A85, 0x8A85, 0x92A6, 0xC387, 0xC388, 0xDBE8, 0x8265, 0x0000, 0x0000, 0x0000, 0x0000,
  0x0000, 0x0000, 0x0000, 0x0000, 0x0000, 0x0000, 0x0000, 0x0000, 0x0000, 0x0000, 0x0000, 0x0000,
  0x0000, 0x0000, 0x0000, 0x0000, 0x0000, 0x0000, 0x0000, 0x0000, 0x0000, 0x0000, 0x0000, 0x0000,
  0x0000, 0x0000, 0x0000, 0x0000, 0x0000, 0x0000, 0x0000, 0x0000, 0x0000, 0x0000, 0x0000, 0x0000,
  0x0000, 0x0000, 0x0000, 0x0000, 0x0000, 0x0000, 0x0000, 0x0000, 0x0000, 0x0000, 0x0000, 0x0000,
  0x0000, 0x0000, 0x0000, 0x0000, 0x0000, 0x0000, 0x0000, 0x0000, 0x0000, 0x0000, 0x0000, 0x0000,
  0x0000, 0x0000, 0x4208, 0x6B4D, 0x6B4D, 0x4A69, 0x0841, 0x1082, 0x0861, 0x2104, 0x2145, 0x1904,
  0x8286, 0xC367, 0xBB27, 0xAB07, 0x7A45, 0x7A45, 0x7A45, 0x7225, 0x7A45, 0x6A04, 0xA2E6, 0xDBE9,
  0xD3C8, 0xDC2A, 0xF591, 0xF591, 0xF591, 0xF570, 0xF550, 0xF570, 0xED0F, 0xC347, 0xBB27, 0xBB06,
  0xDC2A, 0xFD0D, 0xF4ED, 0xF50E, 0xF591, 0xF591, 0xFD91, 0xF591, 0xF591, 0xF591, 0xF570, 0xF570,
  0xF570, 0xF570, 0xF570, 0xF570, 0xFD91, 0xF54F, 0xF4CC, 0xF4ED, 0xF4CD, 0xDBE9, 0xDBE9, 0xE3E9,
  0xBB47, 0xAAE6, 0xB306, 0x9AA6, 0x7A45, 0x7A45, 0x8265, 0xDBE9, 0xE409, 0xF44A, 0x92A6, 0x0000,
  0x0000, 0x0000, 0x0000, 0x0000, 0x0000, 0x0000, 0x0000, 0x0000, 0x0000, 0x0000, 0x0000, 0x0000,
  0x0000, 0x0000, 0x0000, 0x0000, 0x0000, 0x0000, 0x0000, 0x0000, 0x0000, 0x0000, 0x0000, 0x0000,
  0x0000, 0x0000, 0x0000, 0x0000, 0x0000, 0x0000, 0x0000, 0x0000, 0x0000, 0x0000, 0x0000, 0x0000,
  0x0000, 0x0000, 0x0000, 0x0000, 0x0000, 0x0000, 0x0000, 0x0000, 0x0000, 0x0000, 0x0000, 0x0000,
  0x0000, 0x0000, 0x0000, 0x0000, 0x0000, 0x0000, 0x0000, 0x0000, 0x0000, 0x0000, 0x0000, 0x0000,
  0x0000, 0x0000, 0x0000, 0x0000, 0x0000, 0x4208, 0x6B4D, 0x6B4D, 0x4A69, 0x0861, 0x1082, 0x10A2,
  0x2965, 0x2965, 0x2145, 0x9AC7, 0xCB67, 0xC367, 0xB327, 0x7225, 0x7A45, 0x7A45, 0x7A45, 0x7A45,
  0x7225, 0xAB27, 0xEC2A, 0xDBE9, 0xE42A, 0xFDF2, 0xFE13, 0xFE13, 0xFDB1, 0xFD90, 0xFDB1, 0xF52F,
  0xC367, 0xC367, 0xBB27, 0xE46B, 0xFD4E, 0xF50D, 0xFD2F, 0xFDD2, 0xFDD2, 0xFDD2, 0xFDD2, 0xFDD2,
  0xFDD2, 0xFDD2, 0xFDD2, 0xFDD2, 0xFDB2, 0xFDD2, 0xFDD2, 0xFDD2, 0xFD70, 0xF50D, 0xFD2E, 0xF4ED,
  0xE429, 0xE429, 0xEC29, 0xC367, 0xB306, 0xBB27, 0xA2C6, 0x7A45, 0x7A65, 0x8A85, 0xD3C8, 0xDBE8,
  0xEC29, 0x9285, 0x0000, 0x0000, 0x0000, 0x0000, 0x0000, 0x0000, 0x0000, 0x0000, 0x0000, 0x0000,
  0x0000, 0x0000, 0x0000, 0x0000, 0x0000, 0x0000, 0x0000, 0x0000, 0x0000, 0x0000, 0x0000, 0x0000,
  0x0000, 0x0000, 0x0000, 0x0000, 0x0000, 0x0000, 0x0000, 0x0000, 0x0000, 0x0000, 0x0000, 0x0000,
  0x0000, 0x0000, 0x0000, 0x0000, 0x0000, 0x0000, 0x0000, 0x0000, 0x0000, 0x0000, 0x0000, 0x0000,
  0x0000, 0x0000, 0x0000, 0x0000, 0x0000, 0x0000, 0x0000, 0x0000, 0x0000, 0x0000, 0x0000, 0x0000,
  0x0000, 0x0000, 0x0000, 0x0000, 0x0000, 0x0000, 0x0000, 0x0000, 0x4208, 0x6B4D, 0x6B4D, 0x4A69,
  0x0020, 0x0841, 0x0861, 0x18E3, 0x18E3, 0x18E4, 0x6225, 0x8266, 0x8266, 0x8A86, 0x8A86, 0x92A6,
  0x92A6, 0x8265, 0x7A45, 0x7A45, 0x92C6, 0xBB47, 0xB327, 0xB348, 0xC46D, 0xC46D, 0xC42C, 0xDC8C,
  0xE4AD, 0xE4AD, 0xDC6C, 0xC347, 0xC367, 0xC347, 0xD409, 0xE48B, 0xE44B, 0xE46B, 0xE4CD, 0xE4CD,
  0xE4AD, 0xE4CD, 0xE4CD, 0xE4CD, 0xE4CD, 0xE4CD, 0xE4CD, 0xE4AD, 0xE4AD, 0xE4AD, 0xE4CD, 0xE48C,
  0xE46B, 0xE46B, 0xDC2A, 0xC388, 0xC388, 0xC367, 0xA2E6, 0x9AA6, 0x9AC6, 0x9285, 0x7A45, 0x8265,
  0x8AA6, 0xE46B, 0xE46B, 0xF4CC, 0x9B07, 0x0000, 0x0000, 0x0000, 0x0000, 0x0000, 0x0000, 0x0000,
  0x0000, 0x0000, 0x0000, 0x0000, 0x0000, 0x0000, 0x0000, 0x0000, 0x0000, 0x0000, 0x0000, 0x0000,
  0x0000, 0x0000, 0x0000, 0x0000, 0x0000, 0x0000, 0x0000, 0x0000, 0x0000, 0x0000, 0x0000, 0x0000,
  0x0000, 0x0000, 0x0000, 0x0000, 0x0000, 0x0000, 0x0000, 0x0000, 0x0000, 0x0000, 0x0000, 0x0000,
  0x0000, 0x0000, 0x0000, 0x0000, 0x0000, 0x0000, 0x0000, 0x0000, 0x0000, 0x0000, 0x0000, 0x0000,
  0x0000, 0x0000, 0x0000, 0x0000, 0x0000, 0x0000, 0x0000, 0x0000, 0x0000, 0x0000, 0x0000, 0x4208,
  0x6B4D, 0x6B4D, 0x4A49, 0x0000, 0x0000, 0x0000, 0x0841, 0x0861, 0x0861, 0x18C3, 0x2125, 0x1925,
  0x3165, 0xB327, 0xB327, 0xBB27, 0x8A85, 0x7A45, 0x7A45, 0x7245, 0x7225, 0x7225, 0x7225, 0x7204,
  0x7204, 0x6A04, 0xAAE6, 0xC347, 0xBB26, 0xC347, 0xC367, 0xC367, 0xC367, 0xC347, 0xC347, 0xC347,
  0xC347, 0xC346, 0xC347, 0xC347, 0xC347, 0xC347, 0xC347, 0xC347, 0xC347, 0xC346, 0xC326, 0xBB26,
  0xBB26, 0xC326, 0xC347, 0xC347, 0xC347, 0xBB27, 0x8A85, 0x8A65, 0x8A65, 0x7A45, 0x7225, 0x7A45,
  0x7A45, 0x8A65, 0x8265, 0x8A86, 0xED2F, 0xFD90, 0xFDF2, 0x9BAB, 0x0000, 0x0000, 0x0000, 0x0000,
  0x0000, 0x0000, 0x0000, 0x0000, 0x0000, 0x0000, 0x0000, 0x0000, 0x0000, 0x0000, 0x0000, 0x0000,
  0x0000, 0x0000, 0x0000, 0x0000, 0x0000, 0x0000, 0x0000, 0x0000, 0x0000, 0x0000, 0x0000, 0x0000,
  0x0000, 0x0000, 0x0000, 0x0000, 0x0000, 0x0000, 0x0000, 0x0000, 0x0000, 0x0000, 0x0000, 0x0000,
  0x0000, 0x0000, 0x0000, 0x0000, 0x0000, 0x0000, 0x0000, 0x0000, 0x0000, 0x0000, 0x0000, 0x0000,
  0x0000, 0x0000, 0x0000, 0x0000, 0x0000, 0x0000, 0x0000, 0x0000, 0x0000, 0x0000, 0x0000, 0x0000,
  0x0000, 0x0000, 0x4208, 0x6B4D, 0x6B2C, 0x4A49, 0x0000, 0x0000, 0x0000, 0x0861, 0x1082, 0x0861,
  0x2103, 0x2965, 0x2124, 0x3965, 0xB307, 0xB307, 0xB307, 0x8265, 0x7A45, 0x7A45, 0x7A45, 0x7A45,
  0x7A45, 0x7A45, 0x7A65, 0x7A65, 0x7A45, 0xAB06, 0xCB67, 0xC367, 0xC367, 0xC367, 0xC367, 0xC367,
  0xCB67, 0xCB67, 0xC367, 0xC367, 0xC367, 0xC367, 0xC367, 0xC367, 0xC367, 0xC367, 0xC367, 0xC368,
  0xC367, 0xC367, 0xC367, 0xC367, 0xC367, 0xC367, 0xC367, 0xCB88, 0xC347, 0x9285, 0x9285, 0x9285,
  0x8265, 0x7A45, 0x7A45, 0x7A45, 0x8265, 0x8265, 0x8AA6, 0xED2F, 0xF570, 0xFDD1, 0x9B8B, 0x0000,
  0x0000, 0x0000, 0x0000, 0x0000, 0x0000, 0x0000, 0x0000, 0x0000, 0x0000, 0x0000, 0x0000, 0x0000,
  0x0000, 0x0000, 0x0000, 0x0000, 0x0000, 0x0000, 0x0000, 0x0000, 0x0000, 0x0000, 0x0000, 0x0000,
  0x0000, 0x0000, 0x0000, 0x0000, 0x0000, 0x0000, 0x0000, 0x0000, 0x0000, 0x0000, 0x0000, 0x0000,
  0x0000, 0x0000, 0x0000, 0x0000, 0x0000, 0x0000, 0x0000, 0x0000, 0x0000, 0x0000, 0x0000, 0x0000,
  0x0000, 0x0000, 0x0000, 0x0000, 0x0000, 0x0000, 0x0000, 0x0000, 0x0000, 0x0000, 0x0000, 0x0000,
  0x0000, 0x0000, 0x0000, 0x0000, 0x0000, 0x4208, 0x6B4D, 0x6B4C, 0x4A49, 0x0000, 0x0000, 0x0000,
  0x0861, 0x0861, 0x0861, 0x2104, 0x2945, 0x2124, 0x3985, 0xBB27, 0xBB27, 0xBB27, 0x8A85, 0x7A45,
  0x7A45, 0x7A45, 0x7A45, 0x7A45, 0x7A45, 0x7A45, 0x7A45, 0x7245, 0xAB07, 0xCB88, 0xC367, 0xC367,
  0xCB67, 0xCB67, 0xCB67, 0xCB67, 0xCB67, 0xCB67, 0xCB67, 0xCB67, 0xCB67, 0xCB67, 0xCB67, 0xCB67,
  0xCB67, 0xCB67, 0xCB88, 0xCB67, 0xC367, 0xC367, 0xC367, 0xC367, 0xC367, 0xCB67, 0xCB87, 0xC347,
  0x9285, 0x9285, 0x9285, 0x8265, 0x7A45, 0x7A45, 0x7A65, 0x8265, 0x8244, 0x8A85, 0xED4F, 0xF570,
  0xFDD1, 0x9BAB, 0x0000, 0x0000, 0x0000, 0x0000, 0x0000, 0x0000, 0x0000, 0x0000, 0x0000, 0x0000,
  0x0000, 0x0000, 0x0000, 0x0000, 0x0000, 0x0000, 0x0000, 0x0000, 0x0000, 0x0000, 0x0000, 0x0000,
  0x0000, 0x0000, 0x0000, 0x0000, 0x0000, 0x0000, 0x0000, 0x0000, 0x0000, 0x0000, 0x0000, 0x0000,
  0x0000, 0x0000, 0x0000, 0x0000, 0x0000, 0x0000, 0x0000, 0x0000, 0x0000, 0x0000, 0x0000, 0x0000,
  0x0000, 0x0000, 0x0000, 0x0000, 0x0000, 0x0000, 0x0000, 0x0000, 0x0000, 0x0000, 0x0000, 0x0000,
  0x0000, 0x0000, 0x0000, 0x0000, 0x0000, 0x0000, 0x0000, 0x0000, 0x4208, 0x6B4D, 0x632C, 0x528A,
  0x18E3, 0x2104, 0x18E3, 0x0020, 0x0000, 0x0000, 0x0020, 0x0020, 0x0020, 0x1881, 0x61E5, 0x61E4,
  0x61E5, 0x7A45, 0x7A45, 0x7A45, 0x7A45, 0x7A45, 0x7A45, 0x7A45, 0x7A45, 0x7A45, 0x7A45, 0x8A85,
  0x92A6, 0x92A6, 0x92A6, 0x92A6, 0x92A6, 0x92A6, 0x92A6, 0x92A6, 0x92A6, 0x92A6, 0x92A6, 0x92A6,
  0x92A6, 0x92A6, 0x92A6, 0x92A6, 0x92A6, 0x92A6, 0x92A6, 0x92A6, 0x92A6, 0x9285, 0x9285, 0x9285,
  0x92A6, 0x9285, 0x8A85, 0x8265, 0x8265, 0x8265, 0xA2E6, 0xB307, 0xAAE6, 0xBB89, 0xE571, 0xE571,
  0xE571, 0xF591, 0xF570, 0xFDF2, 0xA3AB, 0x0000, 0x0000, 0x0000, 0x0000, 0x0000, 0x0000, 0x0000,
  0x0000, 0x0000, 0x0000, 0x0000, 0x0000, 0x0000, 0x0000, 0x0000, 0x0000, 0x0000, 0x0000, 0x0000,
  0x0000, 0x0000, 0x0000, 0x0000, 0x0000, 0x0000, 0x0000, 0x0000, 0x0000, 0x0000, 0x0000, 0x0000,
  0x0000, 0x0000, 0x0000, 0x0000, 0x0000, 0x0000, 0x0000, 0x0000, 0x0000, 0x0000, 0x0000, 0x0000,
  0x0000, 0x0000, 0x0000, 0x0000, 0x0000, 0x0000, 0x0000, 0x0000, 0x0000, 0x0000, 0x0000, 0x0000,
  0x0000, 0x0000, 0x0000, 0x0000, 0x0000, 0x0000, 0x0000, 0x0000, 0x0000, 0x0000, 0x0000, 0x4208,
  0x6B4D, 0x6B2C, 0x52AA, 0x2104, 0x2124, 0x2124, 0x0020, 0x0000, 0x0000, 0x0000, 0x0000, 0x0000,
  0x0820, 0x4164, 0x4184, 0x4184, 0x7225, 0x7A45, 0x7A45, 0x7A45, 0x7A45, 0x7A45, 0x7A45, 0x7A45,
  0x7A45, 0x7A45, 0x7A45, 0x7A45, 0x7A45, 0x7A45, 0x7A45, 0x7A45, 0x7A45, 0x7A45, 0x7A45, 0x7A45,
  0x7A45, 0x7A45, 0x7A45, 0x8245, 0x7A45, 0x7A45, 0x7A45, 0x7A45, 0x8245, 0x7A45, 0x7A45, 0x7A45,
  0x7A45, 0x7A45, 0x7A45, 0x7A45, 0x7A45, 0x7A45, 0x7A45, 0x7A45, 0x7A45, 0xB327, 0xC347, 0xBB26,
  0xD42B, 0xFE96, 0xFE55, 0xFE75, 0xFDB1, 0xF570, 0xFDF2, 0xA3AB, 0x0000, 0x0000, 0x0000, 0x0000,
  0x0000, 0x0000, 0x0000, 0x0000, 0x0000, 0x0000, 0x0000, 0x0000, 0x0000, 0x0000, 0x0000, 0x0000,
  0x0000, 0x0000, 0x0000, 0x0000, 0x0000, 0x0000, 0x0000, 0x0000, 0x0000, 0x0000, 0x0000, 0x0000,
  0x0000, 0x0000, 0x0000, 0x0000, 0x0000, 0x0000, 0x0000, 0x0000, 0x0000, 0x0000, 0x0000, 0x0000,
  0x0000, 0x0000, 0x0000, 0x0000, 0x0000, 0x0000, 0x0000, 0x0000, 0x0000, 0x0000, 0x0000, 0x0000,
  0x0000, 0x0000, 0x0000, 0x0000, 0x0000, 0x0000, 0x0000, 0x0000, 0x0000, 0x0000, 0x0000, 0x0000,
  0x0000, 0x0000, 0x4208, 0x6B4D, 0x6B4C, 0x52AA, 0x2104, 0x2124, 0x2124, 0x0020, 0x0000, 0x0000,
  0x0000, 0x0000, 0x0000, 0x0820, 0x4984, 0x51A4, 0x4984, 0x7225, 0x8265, 0x8265, 0x8265, 0x8265,
  0x8265, 0x8A85, 0x8265, 0x8265, 0x8A85, 0x8A85, 0x8A85, 0x8A85, 0x8A85, 0x8A85, 0x8A85, 0x8A85,
  0x8A85, 0x8A85, 0x8A85, 0x8A85, 0x8A85, 0x8A85, 0x8A85, 0x8A85, 0x8A85, 0x8A85, 0x8265, 0x8265,
  0x8265, 0x8265, 0x8265, 0x8265, 0x8265, 0x8265, 0x8265, 0x8265, 0x8265, 0x7A45, 0x7A45, 0x7A45,
  0xAAE6, 0xBB06, 0xB2E5, 0xCBEA, 0xFE76, 0xFE35, 0xFE34, 0xFDB1, 0xF591, 0xFDF2, 0xA3AB, 0x0000,
  0x0000, 0x0000, 0x0000, 0x0000, 0x0000, 0x0000, 0x0000, 0x0000, 0x0000, 0x0000, 0x0000, 0x0000,
  0x0000, 0x0000, 0x0000, 0x0000, 0x0000, 0x0000, 0x0000, 0x0000, 0x0000, 0x0000, 0x0000, 0x0000,
  0x0000, 0x0000, 0x0000, 0x0000, 0x0000, 0x0000, 0x0000, 0x0000, 0x0000, 0x0000, 0x0000, 0x0000,
  0x0000, 0x0000, 0x0000, 0x0000, 0x0000, 0x0000, 0x0000, 0x0000, 0x0000, 0x0000, 0x0000, 0x0000,
  0x0000, 0x0000, 0x0000, 0x0000, 0x0000, 0x0000, 0x0000, 0x0000, 0x0000, 0x0000, 0x0000, 0x0000,
  0x0000, 0x0000, 0x0000, 0x0000, 0x0000, 0x41E8, 0x6B4D, 0x632C, 0x528A, 0x2104, 0x2124, 0x2124,
  0x0020, 0x0000, 0x0000, 0x0020, 0x0841, 0x0841, 0x1081, 0x49A5, 0x49A5, 0x41A5, 0x59C4, 0x61C4,
  0x59C4, 0x59C4, 0x59A3, 0x61C3, 0x61C4, 0x59A3, 0x59A3, 0x59C3, 0x59C3, 0x59A3, 0x59A3, 0x61C4,
  0x61C4, 0x61C4, 0x61C3, 0x61C3, 0x61A3, 0x59A3, 0x59A3, 0x61C3, 0x61C4, 0x61C3, 0x61E4, 0x61E4,
  0x61E4, 0x7225, 0x8265, 0x8265, 0x8265, 0x8265, 0x8265, 0x8265, 0x8265, 0x8265, 0x8265, 0x8265,
  0x8A85, 0x8A85, 0x8265, 0xC3CA, 0xD44C, 0xCC0A, 0xDCAD, 0xFE55, 0xFE55, 0xFE35, 0xFD90, 0xF550,
  0xFDD1, 0xA3AB, 0x0000, 0x0000, 0x0000, 0x0000, 0x0000, 0x0000, 0x0000, 0x0000, 0x0000, 0x0000,
  0x0000, 0x0000, 0x0000, 0x0000, 0x0000, 0x0000, 0x0000, 0x0000, 0x0000, 0x0000, 0x0000, 0x0000,
  0x0000, 0x0000, 0x0000, 0x0000, 0x0000, 0x0000, 0x0000, 0x0000, 0x0000, 0x0000, 0x0000, 0x0000,
  0x0000, 0x0000, 0x0000, 0x0000, 0x0000, 0x0000, 0x0000, 0x0000, 0x0000, 0x0000, 0x0000, 0x0000,
  0x0000, 0x0000, 0x0000, 0x0000, 0x0000, 0x0000, 0x0000, 0x0000, 0x0000, 0x0000, 0x0000, 0x0000,
  0x0000, 0x0000, 0x0000, 0x0000, 0x0000, 0x0000, 0x0000, 0x0000, 0x39C7, 0x62EC, 0x62CC, 0x526A,
  0x2104, 0x2124, 0x2124, 0x0020, 0x0000, 0x0000, 0x18C3, 0x2124, 0x2104, 0x2945, 0x39E7, 0x39C7,
  0x39E7, 0x1904, 0x1082, 0x10A3, 0x0861, 0x0000, 0x0000, 0x0000, 0x0000, 0x0000, 0x0000, 0x0000,
  0x0000, 0x0000, 0x0000, 0x0000, 0x0000, 0x0000, 0x0000, 0x0000, 0x0000, 0x0000, 0x0000, 0x0000,
  0x0000, 0x0041, 0x0882, 0x0041, 0x3923, 0x8A85, 0x8245, 0x8265, 0x8265, 0x8265, 0x8265, 0x8265,
  0x8265, 0x8265, 0x8265, 0xAB06, 0xAB06, 0xAAE6, 0xEDD3, 0xFE97, 0xFE56, 0xFE55, 0xFE55, 0xFE55,
  0xFE35, 0xF54F, 0xF50E, 0xFD6F, 0xA369, 0x0000, 0x0000, 0x0000, 0x0000, 0x0000, 0x0000, 0x0000,
  0x0000, 0x0000, 0x0000, 0x0000, 0x0000, 0x0000, 0x0000, 0x0000, 0x0000, 0x0000, 0x0000, 0x0000,
  0x0000, 0x0000, 0x0000, 0x0000, 0x0000, 0x0000, 0x0000, 0x0000, 0x0000, 0x0000, 0x0000, 0x0000,
  0x0000, 0x0000, 0x0000, 0x0000, 0x0000, 0x0000, 0x0000, 0x0000, 0x0000, 0x0000, 0x0000, 0x0000,
  0x0000, 0x0000, 0x0000, 0x0000, 0x0000, 0x0000, 0x0000, 0x0000, 0x0000, 0x0000, 0x0000, 0x0000,
  0x0000, 0x0000, 0x0000, 0x0000, 0x0000, 0x0000, 0x0000, 0x0000, 0x0000, 0x0000, 0x0000, 0x39C7,
  0x62EC, 0x62CC, 0x5249, 0x2124, 0x2124, 0x2124, 0x0020, 0x0000, 0x0000, 0x10A2, 0x2124, 0x2104,
  0x2124, 0x39C7, 0x39C7, 0x39E7, 0x2104, 0x18A2, 0x18C3, 0x0861, 0x0000, 0x0000, 0x0000, 0x0000,
  0x0000, 0x0000, 0x0000, 0x0000, 0x0000, 0x0000, 0x0000, 0x0000, 0x0000, 0x0000, 0x0000, 0x0000,
  0x0000, 0x0000, 0x0000, 0x0000, 0x0861, 0x1082, 0x0861, 0x3943, 0x8A65, 0x7A45, 0x8265, 0x8265,
  0x8265, 0x8265, 0x8265, 0x8265, 0x8265, 0x8A85, 0xAAE6, 0xAB06, 0xB306, 0xEDB2, 0xFE55, 0xFE35,
  0xFE55, 0xFE55, 0xFE55, 0xFE35, 0xF54F, 0xF50E, 0xFD8F, 0xA369, 0x0000, 0x0000, 0x0000, 0x0000,
  0x0000, 0x0000, 0x0000, 0x0000, 0x0000, 0x0000, 0x0000, 0x0000, 0x0000, 0x0000, 0x0000, 0x0000,
  0x0000, 0x0000, 0x0000, 0x0000, 0x0000, 0x0000, 0x0000, 0x0000, 0x0000, 0x0000, 0x0000, 0x0000,
  0x0000, 0x0000, 0x0000, 0x0000, 0x0000, 0x0000, 0x0000, 0x0000, 0x0000, 0x0000, 0x0000, 0x0000,
  0x0000, 0x0000, 0x0000, 0x0000, 0x0000, 0x0000, 0x0000, 0x0000, 0x0000, 0x0000, 0x0000, 0x0000,
  0x0000, 0x0000, 0x0000, 0x0000, 0x0000, 0x0000, 0x0000, 0x0000, 0x0000, 0x0000, 0x0000, 0x0000,
  0x0000, 0x0000, 0x41C7, 0x6B0D, 0x62EC, 0x5249, 0x18E3, 0x2124, 0x2104, 0x0020, 0x0000, 0x0000,
  0x18A2, 0x2124, 0x2104, 0x2924, 0x39A6, 0x39C7, 0x39C7, 0x2104, 0x10A2, 0x18C2, 0x1082, 0x0000,
  0x0000, 0x0000, 0x0000, 0x0000, 0x0000, 0x0000, 0x0000, 0x0000, 0x0000, 0x0000, 0x0000, 0x0000,
  0x0000, 0x0000, 0x0000, 0x0000, 0x0000, 0x0000, 0x0000, 0x0841, 0x0882, 0x0041, 0x3123, 0x8265,
  0x7A45, 0x7A45, 0x7A24, 0x7A24, 0x7A24, 0x7A24, 0x7A45, 0x7A45, 0x7A45, 0xAAE6, 0xAAE6, 0xAAE6,
  0xEDB2, 0xFE76, 0xFE55, 0xFE56, 0xFE55, 0xFE55, 0xFE55, 0xFD6F, 0xF52F, 0xFD90, 0xA38A, 0x0000,
  0x0000, 0x0000, 0x0000, 0x0000, 0x0000, 0x0000, 0x0000, 0x0000, 0x0000, 0x0000, 0x0000, 0x0000,
  0x0000, 0x0000, 0x0000, 0x0000, 0x0000, 0x0000, 0x0000, 0x0000, 0x0000, 0x0000, 0x0000, 0x0000,
  0x0000, 0x0000, 0x0000, 0x0000, 0x0000, 0x0000, 0x0000, 0x0000, 0x0000, 0x0000, 0x0000, 0x0000,
  0x0000, 0x0000, 0x0000, 0x0000, 0x0000, 0x0000, 0x0000, 0x0000, 0x0000, 0x0000, 0x0000, 0x0000,
  0x0000, 0x0000, 0x0000, 0x0000, 0x0000, 0x0000, 0x0000, 0x0000, 0x0000, 0x0000, 0x0000, 0x0000,
  0x0000, 0x0000, 0x0000, 0x0000, 0x0000, 0x2104, 0x39A7, 0x3165, 0x39C7, 0x4228, 0x4228, 0x4228,
  0x0841, 0x0000, 0x0000, 0x18C3, 0x2124, 0x2104, 0x2945, 0x52AA, 0x528A, 0x5AAA, 0x31A6, 0x20E3,
  0x2945, 0x2124, 0x10A2, 0x10A2, 0x10A2, 0x0020, 0x0000, 0x0000, 0x0000, 0x0000, 0x0000, 0x0000,
  0x0000, 0x0000, 0x0000, 0x0000, 0x0000, 0x0000, 0x0000, 0x0841, 0x0841, 0x0020, 0x4143, 0x61E4,
  0x5183, 0x7A25, 0xB306, 0xAAE6, 0xAAE6, 0xCCEF, 0xDD72, 0xDD92, 0xD510, 0xD44B, 0xD46C, 0xD46C,
  0xE4EE, 0xE4EE, 0xE4EE, 0xF591, 0xFDD2, 0xFDD2, 0xFDF3, 0xFE14, 0xFE14, 0xFE14, 0xE48C, 0xDC2A,
  0xEC6B, 0x9AE7, 0x0000, 0x0000, 0x0000, 0x0000, 0x0000, 0x0000, 0x0000, 0x0000, 0x0000, 0x0000,
  0x0000, 0x0000, 0x0000, 0x0000, 0x0000, 0x0000, 0x0000, 0x0000, 0x0000, 0x0000, 0x0000, 0x0000,
  0x0000, 0x0000, 0x0000, 0x0000, 0x0000, 0x0000, 0x0000, 0x0000, 0x0000, 0x0000, 0x0000, 0x0000,
  0x0000, 0x0000, 0x0000, 0x0000, 0x0000, 0x0000, 0x0000, 0x0000, 0x0000, 0x0000, 0x0000, 0x0000,
  0x0000, 0x0000, 0x0000, 0x0000, 0x0000, 0x0000, 0x0000, 0x0000, 0x0000, 0x0000, 0x0000, 0x0000,
  0x0000, 0x0000, 0x0000, 0x0000, 0x0000, 0x0000, 0x0000, 0x0000, 0x10A2, 0x2104, 0x18E3, 0x3186,
  0x5AAA, 0x52AA, 0x528A, 0x0841, 0x0000, 0x0000, 0x18C3, 0x2124, 0x2104, 0x2945, 0x5AEB, 0x5AEB,
  0x630C, 0x39C7, 0x2945, 0x2965, 0x2124, 0x18C3, 0x18E3, 0x18E3, 0x0020, 0x0000, 0x0000, 0x0000,
  0x0000, 0x0000, 0x0000, 0x0000, 0x0000, 0x0000, 0x0000, 0x0000, 0x0000, 0x0000, 0x1061, 0x1061,
  0x0861, 0x59C4, 0x8265, 0x7A45, 0x9AC6, 0xC347, 0xBB47, 0xBB27, 0xF5F4, 0xFED8, 0xFED8, 0xFE14,
  0xFD0E, 0xFD2E, 0xFD70, 0xFDB2, 0xFDB1, 0xFDB1, 0xFD91, 0xF570, 0xFD70, 0xFDB1, 0xFE14, 0xFE14,
  0xF5F3, 0xDBE9, 0xD3A8, 0xEC29, 0x92A6, 0x0000, 0x0000, 0x0000, 0x0000, 0x0000, 0x0000, 0x0000,
  0x0000, 0x0000, 0x0000, 0x0000, 0x0000, 0x0000, 0x0000, 0x0000, 0x0000, 0x0000, 0x0000, 0x0000,
  0x0000, 0x0000, 0x0000, 0x0000, 0x0000, 0x0000, 0x0000, 0x0000, 0x0000, 0x0000, 0x0000, 0x0000,
  0x0000, 0x0000, 0x0000, 0x0000, 0x0000, 0x0000, 0x0000, 0x0000, 0x0000, 0x0000, 0x0000, 0x0000,
  0x0000, 0x0000, 0x0000, 0x0000, 0x0000, 0x0000, 0x0000, 0x0000, 0x0000, 0x0000, 0x0000, 0x0000,
  0x0000, 0x0000, 0x0000, 0x0000, 0x0000, 0x0000, 0x0000, 0x0000, 0x0000, 0x0000, 0x0000, 0x18A2,
  0x2925, 0x2104, 0x3186, 0x52AA, 0x52AA, 0x528A, 0x0841, 0x0000, 0x0000, 0x18C3, 0x2124, 0x2104,
  0x2965, 0x5AEB, 0x5AEB, 0x5AEB, 0x31A6, 0x2124, 0x2944, 0x2104, 0x18C3, 0x18C3, 0x18C3, 0x0020,
  0x0000, 0x0000, 0x0000, 0x0000, 0x0000, 0x0000, 0x0000, 0x0000, 0x0000, 0x0000, 0x0000, 0x0000,
  0x0000, 0x0041, 0x0041, 0x0021, 0x4963, 0x7A24, 0x6A04, 0x8245, 0xB2E6, 0xB306, 0xAAC5, 0xEDD3,
  0xFED8, 0xFEB7, 0xFDF3, 0xFD2E, 0xFD4F, 0xFD4F, 0xFDD2, 0xFDB1, 0xFDB1, 0xFDB1, 0xFDB1, 0xFD91,
  0xFDD2, 0xFE14, 0xFE14, 0xF5F3, 0xDC0A, 0xDBE9, 0xEC4A, 0x92A6, 0x0000, 0x0000, 0x0000, 0x0000,
  0x0000, 0x0000, 0x0000, 0x0000, 0x0000, 0x0000, 0x0000, 0x0000, 0x0000, 0x0000, 0x0000, 0x0000,
  0x0000, 0x0000, 0x0000, 0x0000, 0x0000, 0x0000, 0x0000, 0x0000, 0x0000, 0x0000, 0x0000, 0x0000,
  0x0000, 0x0000, 0x0000, 0x0000, 0x0000, 0x0000, 0x0000, 0x0000, 0x0000, 0x0000, 0x0000, 0x0000,
  0x0000, 0x0000, 0x0000, 0x0000, 0x0000, 0x0000, 0x0000, 0x0000, 0x0000, 0x0000, 0x0000, 0x0000,
  0x0000, 0x0000, 0x0000, 0x0000, 0x0000, 0x0000, 0x0000, 0x0000, 0x0000, 0x0000, 0x0000, 0x0000,
  0x0000, 0x0000, 0x10A2, 0x2104, 0x18E3, 0x2965, 0x52AA, 0x52AA, 0x528A, 0x0841, 0x0000, 0x0000,
  0x18C3, 0x2124, 0x2104, 0x2965, 0x5ACB, 0x5ACB, 0x5AEB, 0x4A49, 0x39E8, 0x4228, 0x39C7, 0x18E3,
  0x18E3, 0x2104, 0x0861, 0x0840, 0x0820, 0x0020, 0x0020, 0x0020, 0x0841, 0x1881, 0x1881, 0x1881,
  0x1881, 0x1881, 0x1881, 0x20A1, 0x3102, 0x3102, 0x28C2, 0x7A66, 0xAB69, 0x92E7, 0xAB69, 0xD46D,
  0xCC2B, 0xCC2C, 0xE551, 0xED92, 0xEDB3, 0xDCEF, 0xCC2B, 0xD46C, 0xD44C, 0xED2F, 0xED4F, 0xED2F,
  0xF54F, 0xF54F, 0xF54F, 0xF570, 0xFDD3, 0xFDD2, 0xF5B2, 0xD3E9, 0xD3C8, 0xDBE9, 0x8A65, 0x0000,
  0x0000, 0x0000, 0x0000, 0x0000, 0x0000, 0x0000, 0x0000, 0x0000, 0x0000, 0x0000, 0x0000, 0x0000,
  0x0000, 0x0000, 0x0000, 0x0000, 0x0000, 0x0000, 0x0000, 0x0000, 0x0000, 0x0000, 0x0000, 0x0000,
  0x0000, 0x0000, 0x0000, 0x0000, 0x0000, 0x0000, 0x0000, 0x0000, 0x0000, 0x0000, 0x0000, 0x0000,
  0x0000, 0x0000, 0x0000, 0x0000, 0x0000, 0x0000, 0x0000, 0x0000, 0x0000, 0x0000, 0x0000, 0x0000,
  0x0000, 0x0000, 0x0000, 0x0000, 0x0000, 0x0000, 0x0000, 0x0000, 0x0000, 0x0000, 0x0000, 0x0000,
  0x0000, 0x0000, 0x0000, 0x0000, 0x0000, 0x0861, 0x18C3, 0x1082, 0x2925, 0x52AA, 0x52AA, 0x528A,
  0x0861, 0x0000, 0x0000, 0x10A2, 0x2104, 0x2104, 0x2945, 0x5A8A, 0x5A8A, 0x5A8A, 0x736E, 0x7BAF,
  0x7BD0, 0x632D, 0x2945, 0x2965, 0x2965, 0x18E3, 0x18C3, 0x18C3, 0x18C3, 0x18C3, 0x10C3, 0x20E3,
  0x6A04, 0x7204, 0x7204, 0x7224, 0x7225, 0x6A04, 0x7224, 0xAAE6, 0xAB06, 0xA2C5, 0xE4AD, 0xFD90,
  0xFD2F, 0xFDF3, 0xFF19, 0xFED8, 0xFF19, 0xD3EA, 0xC2E5, 0xCB67, 0xA2C6, 0x6A04, 0x6A04, 0x7A45,
  0xCBC9, 0xD3EA, 0xD40A, 0xDC2A, 0xE44A, 0xE44A, 0xEC8C, 0xFD4F, 0xFD70, 0xF54F, 0xB327, 0xAAE6,
  0xBB27, 0x7204, 0x0000, 0x0000, 0x0000, 0x0000, 0x0000, 0x0000, 0x0000, 0x0000, 0x0000, 0x0000,
  0x0000, 0x0000, 0x0000, 0x0000, 0x0000, 0x0000, 0x0000, 0x0000, 0x0000, 0x0000, 0x0000, 0x0000,
  0x0000, 0x0000, 0x0000, 0x0000, 0x0000, 0x0000, 0x0000, 0x0000, 0x0000, 0x0000, 0x0000, 0x0000,
  0x0000, 0x0000, 0x0000, 0x0000, 0x0000, 0x0000, 0x0000, 0x0000, 0x0000, 0x0000, 0x0000, 0x0000,
  0x0000, 0x0000, 0x0000, 0x0000, 0x0000, 0x0000, 0x0000, 0x0000, 0x0000, 0x0000, 0x0000, 0x0000,
  0x0000, 0x0000, 0x0000, 0x0000, 0x0000, 0x0000, 0x0000, 0x0000, 0x0861, 0x18C3, 0x1082, 0x2945,
  0x52AA, 0x528A, 0x528A, 0x0861, 0x0000, 0x0000, 0x10A2, 0x2104, 0x20E3, 0x2945, 0x5A8A, 0x5AAA,
  0x5AAA, 0x6B6E, 0x738F, 0x73AF, 0x630C, 0x2965, 0x2965, 0x2945, 0x18C3, 0x18C3, 0x18C3, 0x18C3,
  0x18C2, 0x10C3, 0x20E3, 0x61E4, 0x6A04, 0x6A04, 0x6A04, 0x6A04, 0x6A04, 0x6A04, 0xA2C6, 0xAB06,
  0xA2C6, 0xDC6C, 0xFD70, 0xF52F, 0xF5B2, 0xFEB8, 0xFE97, 0xFED8, 0xD42B, 0xC346, 0xCB88, 0xAB06,
  0x7225, 0x7225, 0x8286, 0xD40A, 0xD40A, 0xD40A, 0xDC4A, 0xE44B, 0xE42A, 0xECAC, 0xFD70, 0xFD70,
  0xF52F, 0xB327, 0xAAE6, 0xBB47, 0x7A04, 0x0000, 0x0000, 0x0000, 0x0000, 0x0000, 0x0000, 0x0000,
  0x0000, 0x0000, 0x0000, 0x0000, 0x0000, 0x0000, 0x0000, 0x0000, 0x0000, 0x0000, 0x0000, 0x0000,
  0x0000, 0x0000, 0x0000, 0x0000, 0x0000, 0x0000, 0x0000, 0x0000, 0x0000, 0x0000, 0x0000, 0x0000,
  0x0000, 0x0000, 0x0000, 0x0000, 0x0000, 0x0000, 0x0000, 0x0000, 0x0000, 0x0000, 0x0000, 0x0000,
  0x0000, 0x0000, 0x0000, 0x0000, 0x0000, 0x0000, 0x0000, 0x0000, 0x0000, 0x0000, 0x0000, 0x0000,
  0x0000, 0x0000, 0x0000, 0x0000, 0x0000, 0x0000, 0x0000, 0x0000, 0x0000, 0x0000, 0x0000, 0x0861,
  0x18C3, 0x1082, 0x2945, 0x5ACB, 0x52AA, 0x52AA, 0x0861, 0x0000, 0x0000, 0x10A2, 0x2124, 0x18E3,
  0x2945, 0x5AAB, 0x5AAA, 0x5A8A, 0x736E, 0x73AF, 0x7BAF, 0x630D, 0x2124, 0x2945, 0x2945, 0x18C3,
  0x18C3, 0x18C3, 0x10A2, 0x18C2, 0x10A2, 0x20E3, 0x69E4, 0x6A04, 0x6A04, 0x6A04, 0x69E4, 0x69E4,
  0x7225, 0xA2C6, 0xA2C6, 0x9A85, 0xDC8C, 0xFD90, 0xF52F, 0xFDD2, 0xFF19, 0xFEF9, 0xFF1A, 0xDC4B,
  0xCB46, 0xD3A8, 0xA2E6, 0x6A04, 0x7225, 0x8265, 0xD40A, 0xDC0A, 0xD40A, 0xE46B, 0xEC6B, 0xE44A,
  0xECCD, 0xFD90, 0xFD70, 0xF54F, 0xBB47, 0xAAE6, 0xC347, 0x7A04, 0x0000, 0x0000, 0x0000, 0x0000,
  0x0000, 0x0000, 0x0000, 0x0000, 0x0000, 0x0000, 0x0000, 0x0000, 0x0000, 0x0000, 0x0000, 0x0000,
  0x0000, 0x0000, 0x0000, 0x0000, 0x0000, 0x0000, 0x0000, 0x0000, 0x0000, 0x0000, 0x0000, 0x0000,
  0x0000, 0x0000, 0x0000, 0x0000, 0x0000, 0x0000, 0x0000, 0x0000, 0x0000, 0x0000, 0x0000, 0x0000,
  0x0000, 0x0000, 0x0000, 0x0000, 0x0000, 0x0000, 0x0000, 0x0000, 0x0000, 0x0000, 0x0000, 0x0000,
  0x0000, 0x0000, 0x0000, 0x0000, 0x0000, 0x0000, 0x0000, 0x0000, 0x0000, 0x0000, 0x0000, 0x0000,
  0x0000, 0x0000, 0x0861, 0x18C2, 0x10A2, 0x2104, 0x39C7, 0x39E7, 0x39C7, 0x0841, 0x0000, 0x0000,
  0x1061, 0x18C3, 0x10A2, 0x2104, 0x4A49, 0x4A49, 0x4A29, 0x632D, 0x6B6E, 0x6B4E, 0x6B2D, 0x528A,
  0x52AA, 0x52AB, 0x2965, 0x2124, 0x2124, 0x2124, 0x2124, 0x2124, 0x3144, 0x8245, 0x8245, 0x7A45,
  0x9285, 0xAB06, 0xA2E6, 0xB347, 0xDCAD, 0xDCAD, 0xDCAD, 0xECEE, 0xF50E, 0xF50D, 0xECED, 0xD44C,
  0xD46C, 0xDC8D, 0xA307, 0x92A5, 0x9AC6, 0x9AC6, 0x92A6, 0x9AA6, 0xA2C6, 0xBB47, 0xBB48, 0xBB47,
  0xBB47, 0xBB47, 0xBB47, 0xC3A9, 0xEC8B, 0xECAC, 0xE48C, 0x8A86, 0x8265, 0x92A6, 0x5983, 0x0000,
  0x0000, 0x0000, 0x0000, 0x0000, 0x0000, 0x0000, 0x0000, 0x0000, 0x0000, 0x0000, 0x0000, 0x0000,
  0x0000, 0x0000, 0x0000, 0x0000, 0x0000, 0x0000, 0x0000, 0x0000, 0x0000, 0x0000, 0x0000, 0x0000,
  0x0000, 0x0000, 0x0000, 0x0000, 0x0000, 0x0000, 0x0000, 0x0000, 0x0000, 0x0000, 0x0000, 0x0000,
  0x0000, 0x0000, 0x0000, 0x0000, 0x0000, 0x0000, 0x0000, 0x0000, 0x0000, 0x0000, 0x0000, 0x0000,
  0x0000, 0x0000, 0x0000, 0x0000, 0x0000, 0x0000, 0x0000, 0x0000, 0x0000, 0x0000, 0x0000, 0x0000,
  0x0000, 0x0000, 0x0000, 0x0000, 0x0000, 0x0861, 0x10A2, 0x10A2, 0x18C3, 0x2945, 0x2945, 0x2945,
  0x0020, 0x0000, 0x0000, 0x0841, 0x1082, 0x1081, 0x18C3, 0x4208, 0x4208, 0x41E8, 0x5AEC, 0x6B4D,
  0x632D, 0x632D, 0x6B2D, 0x6B4D, 0x632D, 0x3186, 0x2945, 0x2945, 0x2945, 0x2965, 0x2965, 0x3165,
  0x8265, 0x9285, 0x8A65, 0xA2E6, 0xCB87, 0xC367, 0xCBA8, 0xFD91, 0xFDB1, 0xFDD2, 0xF52E, 0xF4CC,
  0xF4ED, 0xE42A, 0xC306, 0xC326, 0xC326, 0x8A65, 0x7A45, 0x7A45, 0x92A5, 0xAB06, 0xAAE6, 0xAB06,
  0xAAE6, 0xAAE6, 0xAAE6, 0xA2C6, 0xA2C6, 0xA2C6, 0xB307, 0xE42A, 0xE42A, 0xDC09, 0x7A25, 0x7204,
  0x7A45, 0x4963, 0x0000, 0x0000, 0x0000, 0x0000, 0x0000, 0x0000, 0x0000, 0x0000, 0x0000, 0x0000,
  0x0000, 0x0000, 0x0000, 0x0000, 0x0000, 0x0000, 0x0000, 0x0000, 0x0000, 0x0000, 0x0000, 0x0000,
  0x0000, 0x0000, 0x0000, 0x0000, 0x0000, 0x0000, 0x0000, 0x0000, 0x0000, 0x0000, 0x0000, 0x0000,
  0x0000, 0x0000, 0x0000, 0x0000, 0x0000, 0x0000, 0x0000, 0x0000, 0x0000, 0x0000, 0x0000, 0x0000,
  0x0000, 0x0000, 0x0000, 0x0000, 0x0000, 0x0000, 0x0000, 0x0000, 0x0000, 0x0000, 0x0000, 0x0000,
  0x0000, 0x0000, 0x0000, 0x0000, 0x0000, 0x0000, 0x0000, 0x0000, 0x0861, 0x18C3, 0x10A2, 0x18E3,
  0x3186, 0x2965, 0x2965, 0x0020, 0x0000, 0x0000, 0x0861, 0x10A2, 0x1082, 0x18C3, 0x4208, 0x4228,
  0x4228, 0x630C, 0x6B4E, 0x6B4D, 0x6B4D, 0x6B2D, 0x6B2D, 0x632D, 0x3186, 0x2945, 0x2965, 0x2945,
  0x2945, 0x2145, 0x3185, 0x8A65, 0x8A65, 0x8265, 0xA2E6, 0xC347, 0xBB06, 0xCB88, 0xFD91, 0xFD91,
  0xFD91, 0xF52E, 0xF4ED, 0xFD0E, 0xEC8C, 0xCB67, 0xCB87, 0xCB67, 0x92A6, 0x8265, 0x8245, 0x9286,
  0xAAE6, 0xAAE6, 0xAAE6, 0xB306, 0xB307, 0xB306, 0xAAE6, 0xAAE6, 0xA2C6, 0xB347, 0xEC6A, 0xE44A,
  0xDC2A, 0x8265, 0x7A24, 0x8265, 0x5183, 0x0000, 0x0000, 0x0000, 0x0000, 0x0000, 0x0000, 0x0000,
  0x0000, 0x0000, 0x0000, 0x0000, 0x0000, 0x0000, 0x0000, 0x0000, 0x0000, 0x0000, 0x0000, 0x0000,
  0x0000, 0x0000, 0x0000, 0x0000, 0x0000, 0x0000, 0x0000, 0x0000, 0x0000, 0x0000, 0x0000, 0x0000,
  0x0000, 0x0000, 0x0000, 0x0000, 0x0000, 0x0000, 0x0000, 0x0000, 0x0000, 0x0000, 0x0000, 0x0000,
  0x0000, 0x0000, 0x0000, 0x0000, 0x0000, 0x0000, 0x0000, 0x0000, 0x0000, 0x0000, 0x0000, 0x0000,
  0x0000, 0x0000, 0x0000, 0x0000, 0x0000, 0x0000, 0x0000, 0x0000, 0x0000, 0x0000, 0x0000, 0x0861,
  0x10A2, 0x1082, 0x18C3, 0x2945, 0x2124, 0x2945, 0x0020, 0x0000, 0x0000, 0x0841, 0x1082, 0x0861,
  0x10A2, 0x39A7, 0x39C7, 0x39A7, 0x52AA, 0x5AEC, 0x5AEB, 0x5AEB, 0x630C, 0x630C, 0x5AEC, 0x3186,
  0x2945, 0x2965, 0x3985, 0x41A5, 0x3985, 0x49C5, 0x9285, 0x92A5, 0x9285, 0xB327, 0xD3A8, 0xCB88,
  0xD3E9, 0xFD90, 0xF570, 0xFD70, 0xECCD, 0xE46B, 0xE48C, 0xD40A, 0xAB07, 0xAB27, 0xAB27, 0x92A6,
  0x8A85, 0x8A85, 0x9AA6, 0xAB06, 0xAAE6, 0xAB06, 0xB306, 0xB306, 0xB306, 0xAAE6, 0xA2C6, 0x9AC6,
  0xB327, 0xD3E9, 0xD3E9, 0xCBE9, 0x7A45, 0x61C4, 0x6A04, 0x4142, 0x0000, 0x0000, 0x0000, 0x0000,
  0x0000, 0x0000, 0x0000, 0x0000, 0x0000, 0x0000, 0x0000, 0x0000, 0x0000, 0x0000, 0x0000, 0x0000,
  0x0000, 0x0000, 0x0000, 0x0000, 0x0000, 0x0000, 0x0000, 0x0000, 0x0000, 0x0000, 0x0000, 0x0000,
  0x0000, 0x0000, 0x0000, 0x0000, 0x0000, 0x0000, 0x0000, 0x0000, 0x0000, 0x0000, 0x0000, 0x0000,
  0x0000, 0x0000, 0x0000, 0x0000, 0x0000, 0x0000, 0x0000, 0x0000, 0x0000, 0x0000, 0x0000, 0x0000,
  0x0000, 0x0000, 0x0000, 0x0000, 0x0000, 0x0000, 0x0000, 0x0000, 0x0000, 0x0000, 0x0000, 0x0000,
  0x0000, 0x0000, 0x0000, 0x0000, 0x0000, 0x0020, 0x1082, 0x1082, 0x1082, 0x0000, 0x0000, 0x0000,
  0x0000, 0x0000, 0x0000, 0x0000, 0x1082, 0x1082, 0x1082, 0x2124, 0x2945, 0x2945, 0x3186, 0x4228,
  0x4208, 0x4208, 0x3185, 0x2965, 0x2145, 0x59E5, 0x8A65, 0x8265, 0x8265, 0xAAE6, 0xB307, 0xB306,
  0xCBE9, 0xF50D, 0xF4ED, 0xF50D, 0xF50E, 0xF4ED, 0xFD0E, 0xC3A9, 0x9A85, 0xA2A6, 0x7A66, 0x39C6,
  0x41C6, 0x41C6, 0x92A6, 0xAAE6, 0xA2E6, 0xAB06, 0xB307, 0xB327, 0xB327, 0xB307, 0xB307, 0xB307,
  0xA2C6, 0x8A85, 0x8A85, 0x8A85, 0x8245, 0x8245, 0x8A85, 0x30E2, 0x0000, 0x0020, 0x0000, 0x0000,
  0x0000, 0x0000, 0x0000, 0x0000, 0x0000, 0x0000, 0x0000, 0x0000, 0x0000, 0x0000, 0x0000, 0x0000,
  0x0000, 0x0000, 0x0000, 0x0000, 0x0000, 0x0000, 0x0000, 0x0000, 0x0000, 0x0000, 0x0000, 0x0000,
  0x0000, 0x0000, 0x0000, 0x0000, 0x0000, 0x0000, 0x0000, 0x0000, 0x0000, 0x0000, 0x0000, 0x0000,
  0x0000, 0x0000, 0x0000, 0x0000, 0x0000, 0x0000, 0x0000, 0x0000, 0x0000, 0x0000, 0x0000, 0x0000,
  0x0000, 0x0000, 0x0000, 0x0000, 0x0000, 0x0000, 0x0000, 0x0000, 0x0000, 0x0000, 0x0000, 0x0000,
  0x0000, 0x0000, 0x0000, 0x0000, 0x0000, 0x0000, 0x0000, 0x0000, 0x0020, 0x10A2, 0x1082, 0x1082,
  0x0000, 0x0000, 0x0000, 0x0000, 0x0000, 0x0000, 0x0000, 0x10A2, 0x10A2, 0x10A2, 0x2124, 0x2965,
  0x2945, 0x3186, 0x4228, 0x4208, 0x4208, 0x3186, 0x2965, 0x2145, 0x61E5, 0x8A65, 0x8245, 0x8265,
  0xB306, 0xBB27, 0xB2E6, 0xCBC9, 0xFD0E, 0xF50E, 0xF50E, 0xF50E, 0xF50E, 0xFD2E, 0xC389, 0x9A85,
  0xAAE6, 0x8266, 0x39C6, 0x49E6, 0x41E6, 0x92A6, 0xAAE6, 0xA2E6, 0xAB06, 0xBB27, 0xBB27, 0xBB27,
  0xB327, 0xB307, 0xB307, 0xA2C6, 0x8A85, 0x8A85, 0x8A65, 0x8265, 0x8265, 0x8A85, 0x28C1, 0x0000,
  0x0000, 0x0000, 0x0000, 0x0000, 0x0000, 0x0000, 0x0000, 0x0000, 0x0000, 0x0000, 0x0000, 0x0000,
  0x0000, 0x0000, 0x0000, 0x0000, 0x0000, 0x0000, 0x0000, 0x0000, 0x0000, 0x0000, 0x0000, 0x0000,
  0x0000, 0x0000, 0x0000, 0x0000, 0x0000, 0x0000, 0x0000, 0x0000, 0x0000, 0x0000, 0x0000, 0x0000,
  0x0000, 0x0000, 0x0000, 0x0000, 0x0000, 0x0000, 0x0000, 0x0000, 0x0000, 0x0000, 0x0000, 0x0000,
  0x0000, 0x0000, 0x0000, 0x0000, 0x0000, 0x0000, 0x0000, 0x0000, 0x0000, 0x0000, 0x0000, 0x0000,
  0x0000, 0x0000, 0x0000, 0x0000, 0x0000, 0x0000, 0x0000, 0x0000, 0x0000, 0x0000, 0x0000, 0x0020,
  0x10A2, 0x10A2, 0x1082, 0x0000, 0x0000, 0x0000, 0x0000, 0x0000, 0x0000, 0x0000, 0x1082, 0x10A2,
  0x10A2, 0x2124, 0x2965, 0x2945, 0x31A6, 0x4228, 0x4228, 0x4A49, 0x3186, 0x2965, 0x2965, 0x6A25,
  0x8A85, 0x8245, 0x8A85, 0xBB27, 0xBB27, 0xB306, 0xD40A, 0xFD2E, 0xF50E, 0xFD2E, 0xFD2E, 0xF52E,
  0xFD4E, 0xC3A9, 0x9AA5, 0xAAE6, 0x8266, 0x41C6, 0x49E6, 0x41E6, 0x9AC6, 0xB306, 0xAAE6, 0xB307,
  0xBB47, 0xBB47, 0xBB47, 0xBB27, 0xB327, 0xBB27, 0xA2C6, 0x8A85, 0x9285, 0x8A85, 0x8A65, 0x8265,
  0x9285, 0x30C1, 0x0000, 0x0000, 0x0000, 0x0000, 0x0000, 0x0000, 0x0000, 0x0000, 0x0000, 0x0000,
  0x0000, 0x0000, 0x0000, 0x0000, 0x0000, 0x0000, 0x0000, 0x0000, 0x0000, 0x0000, 0x0000, 0x0000,
  0x0000, 0x0000, 0x0000, 0x0000, 0x0000, 0x0000, 0x0000, 0x0000, 0x0000, 0x0000, 0x0000, 0x0000,
  0x0000, 0x0000, 0x0000, 0x0000, 0x0000, 0x0000, 0x0000, 0x0000, 0x0000, 0x0000, 0x0000, 0x0000,
  0x0000, 0x0000, 0x0000, 0x0000, 0x0000, 0x0000, 0x0000, 0x0000, 0x0000, 0x0000, 0x0000, 0x0000,
  0x0000, 0x0000, 0x0000, 0x0000, 0x0000, 0x0000, 0x0000, 0x0000, 0x0000, 0x0000, 0x0000, 0x0000,
  0x0000, 0x0000, 0x0000, 0x0020, 0x0020, 0x0020, 0x0000, 0x0000, 0x0000, 0x0000, 0x0000, 0x0000,
  0x0000, 0x0020, 0x0020, 0x0020, 0x0841, 0x0841, 0x0841, 0x0841, 0x0861, 0x0861, 0x0861, 0x0841,
  0x0841, 0x0841, 0x1061, 0x1881, 0x1861, 0x1881, 0x20A1, 0x20A1, 0x2081, 0x28C2, 0x3102, 0x3102,
  0x3102, 0x3102, 0x3102, 0x3102, 0x20C1, 0x2081, 0x2081, 0x1861, 0x0841, 0x0861, 0x0861, 0x1881,
  0x20A1, 0x2081, 0x20A1, 0x20A1, 0x20A1, 0x20A1, 0x20A1, 0x20A1, 0x20A1, 0x2081, 0x1881, 0x1881,
  0x1881, 0x1881, 0x1881, 0x1881, 0x0820, 0x0000, 0x0000, 0x0000, 0x0000, 0x0000, 0x0000, 0x0000,
  0x0000, 0x0000, 0x0000, 0x0000, 0x0000, 0x0000, 0x0000, 0x0000, 0x0000, 0x0000, 0x0000, 0x0000,
  0x0000, 0x0000, 0x0000, 0x0000, 0x0000, 0x0000, 0x0000, 0x0000, 0x0000, 0x0000, 0x0000, 0x0000,
  0x0000, 0x0000, 0x0000, 0x0000, 0x0000, 0x0000, 0x0000, 0x0000, 0x0000, 0x0000, 0x0000, 0x0000,
  0x0000, 0x0000, 0x0000, 0x0000, 0x0000, 0x0000, 0x0000, 0x0000, 0x0000, 0x0000, 0x0000, 0x0000,
  0x0000, 0x0000, 0x0000, 0x0000, 0x0000, 0x0000, 0x0000, 0x0000, 0x0000, 0x0000, 0x0000, 0x0000,
  0x0000, 0x0000, 0x0000, 0x0000, 0x0000, 0x0000, 0x0000, 0x0000, 0x0000, 0x0000, 0x0000, 0x0000,
  0x0000, 0x0000, 0x0000, 0x0000, 0x0000, 0x0000, 0x0000, 0x0000, 0x0000, 0x0000, 0x0000, 0x0000,
  0x0000, 0x0000, 0x0000, 0x0000, 0x0000, 0x0000, 0x0000, 0x0000, 0x0000, 0x0000, 0x0000, 0x0000,
  0x0000, 0x0000, 0x0000, 0x0000, 0x0000, 0x0000, 0x0000, 0x0000, 0x0000, 0x0000, 0x0000, 0x0000,
  0x0000, 0x0000, 0x0000, 0x0000, 0x0000, 0x0000, 0x0000, 0x0000, 0x0000, 0x0000, 0x0000, 0x0000,
  0x0000, 0x0000, 0x0000, 0x0000, 0x0000, 0x0000, 0x0000, 0x0000, 0x0000, 0x0000, 0x0000, 0x0000,
  0x0000, 0x0000, 0x0000, 0x0000, 0x0000, 0x0000, 0x0000, 0x0000, 0x0000, 0x0000, 0x0000, 0x0000,
  0x0000, 0x0000, 0x0000, 0x0000, 0x0000, 0x0000, 0x0000, 0x0000, 0x0000, 0x0000, 0x0000, 0x0000,
  0x0000, 0x0000, 0x0000, 0x0000, 0x0000, 0x0000, 0x0000, 0x0000, 0x0000, 0x0000, 0x0000, 0x0000,
  0x0000, 0x0000, 0x0000, 0x0000, 0x0000, 0x0000, 0x0000, 0x0000, 0x0000, 0x0000, 0x0000, 0x0000,
  0x0000, 0x0000, 0x0000, 0x0000, 0x0000, 0x0000, 0x0000, 0x0000, 0x0000, 0x0000, 0x0000, 0x0000,
  0x0000, 0x0000, 0x0000, 0x0000, 0x0000, 0x0000, 0x0000, 0x0000, 0x0000, 0x0000, 0x0000, 0x0000,
  0x0000, 0x0000, 0x0000, 0x0000, 0x0000, 0x0000, 0x0000, 0x0000, 0x0000, 0x0000, 0x0000, 0x0000,
  0x0000, 0x0000, 0x0000, 0x0000, 0x0000, 0x0000, 0x0000, 0x0000, 0x0000, 0x0000, 0x0000, 0x0000,
  0x0000, 0x0000, 0x0000, 0x0000, 0x0000, 0x0000, 0x0000, 0x0000, 0x0000, 0x0000, 0x0000, 0x0000,
  0x0000, 0x0000, 0x0000, 0x0000, 0x0000, 0x0000, 0x0000, 0x0000, 0x0000, 0x0000, 0x0000, 0x0000,
  0x0000, 0x0000, 0x0000, 0x0000, 0x0000, 0x0000, 0x0000, 0x0000, 0x0000, 0x0000, 0x0000, 0x0000,
  0x0000, 0x0000, 0x0000, 0x0000, 0x0000, 0x0000, 0x0000, 0x0000, 0x0000, 0x0000, 0x0000, 0x0000,
  0x0000, 0x0000, 0x0000, 0x0000, 0x0000, 0x0000, 0x0000, 0x0000, 0x0000, 0x0000, 0x0000, 0x0000,
  0x0000, 0x0000, 0x0000, 0x0000, 0x0000, 0x0000, 0x0000, 0x0000, 0x0000, 0x0000, 0x0000, 0x0000,
  0x0000, 0x0000, 0x0000, 0x0000, 0x0000, 0x0000, 0x0000, 0x0000, 0x0000, 0x0000, 0x0000, 0x0000,
  0x0000, 0x0000, 0x0000, 0x0000, 0x0000, 0x0000, 0x0000, 0x0000, 0x0000, 0x0000, 0x0000, 0x0000,
  0x0000, 0x0000, 0x0000, 0x0000, 0x0000, 0x0000, 0x0000, 0x0000, 0x0000, 0x0000, 0x0000, 0x0000,
  0x0000, 0x0000, 0x0000, 0x0000, 0x0000, 0x0000, 0x0000, 0x0000, 0x0000, 0x0000, 0x0000, 0x0000,
  0x0000, 0x0000, 0x0000, 0x0000, 0x0000, 0x0000, 0x0000, 0x0000, 0x0000, 0x0000, 0x0000, 0x0000,
  0x0000, 0x0000, 0x0000, 0x0000, 0x0000, 0x0000, 0x0000, 0x0000, 0x0000, 0x0000, 0x0000, 0x0000,
  0x0000, 0x0000, 0x0000, 0x0000, 0x0000, 0x0000, 0x0000, 0x0000, 0x0000, 0x0000, 0x0000, 0x0000,
  0x0000, 0x0000, 0x0000, 0x0000, 0x0000, 0x0000, 0x0000, 0x0000, 0x0000, 0x0000, 0x0000, 0x0000,
  0x0000, 0x0000, 0x0000, 0x0000, 0x0000, 0x0000, 0x0000, 0x0000, 0x0000, 0x0000, 0x0000, 0x0000,
  0x0000, 0x0000, 0x0000, 0x0000, 0x0000, 0x0000, 0x0000, 0x0000, 0x0000, 0x0000, 0x0000, 0x0000,
  0x0000, 0x0000, 0x0000, 0x0000, 0x0000, 0x0000, 0x0000, 0x0000, 0x0000, 0x0000, 0x0000, 0x0000,
  0x0000, 0x0000, 0x0000, 0x0000, 0x0000, 0x0000, 0x0000, 0x0000, 0x0000, 0x0000, 0x0000, 0x0000,
  0x0000, 0x0000, 0x0000, 0x0000, 0x0000, 0x0000, 0x0000, 0x0000, 0x0000, 0x0000, 0x0000, 0x0000,
  0x0000, 0x0000, 0x0000, 0x0000, 0x0000, 0x0000, 0x0000, 0x0000, 0x0000, 0x0000, 0x0000, 0x0000,
  0x0000, 0x0000, 0x0000, 0x0000, 0x0000, 0x0000, 0x0000, 0x0000, 0x0000, 0x0000, 0x0000, 0x0000,
  0x0000, 0x0000, 0x0000, 0x0000, 0x0000, 0x0000, 0x0000, 0x0000, 0x0000, 0x0000, 0x0000, 0x0000,
  0x0000, 0x0000, 0x0000, 0x0000, 0x0000, 0x0000, 0x0000, 0x0000, 0x0000, 0x0000, 0x0000, 0x0000,
  0x0000, 0x0000, 0x0000, 0x0000, 0x0000, 0x0000, 0x0000, 0x0000, 0x0000, 0x0000, 0x0000, 0x0000,
  0x0000, 0x0000, 0x0000, 0x0000, 0x0000, 0x0000, 0x0000, 0x0000, 0x0000, 0x0000, 0x0000, 0x0000,
  0x0000, 0x0000, 0x0000, 0x0000, 0x0000, 0x0000, 0x0000, 0x0000, 0x0000, 0x0000, 0x0000, 0x0000,
  0x0000, 0x0000, 0x0000, 0x0000, 0x0000, 0x0000, 0x0000, 0x0000, 0x0000, 0x0000, 0x0000, 0x0000,
  0x0000, 0x0000, 0x0000, 0x0000, 0x0000, 0x0000, 0x0000, 0x0000, 0x0000, 0x0000, 0x0000, 0x0000,
  0x0000, 0x0000, 0x0000, 0x0000, 0x0000, 0x0000, 0x0000, 0x0000, 0x0000, 0x0000, 0x0000, 0x0000,
  0x0000, 0x0000, 0x0000, 0x0000, 0x0000, 0x0000, 0x0000, 0x0000, 0x0000, 0x0000, 0x0000, 0x0000,
  0x0000, 0x0000, 0x0000, 0x0000, 0x0000, 0x0000, 0x0000, 0x0000, 0x0000, 0x0000, 0x0000, 0x0000,
  0x0000, 0x0000, 0x0000, 0x0000, 0x0000, 0x0000, 0x0000, 0x0000, 0x0000, 0x0000, 0x0000, 0x0000,
  0x0000, 0x0000, 0x0000, 0x0000, 0x0000, 0x0000, 0x0000, 0x0000, 0x0000, 0x0000, 0x0000, 0x0000,
  0x0000, 0x0000, 0x0000, 0x0000, 0x0000, 0x0000, 0x0000, 0x0000, 0x0000, 0x0000, 0x0000, 0x0000,
  0x0000, 0x0000, 0x0000, 0x0000, 0x0000, 0x0000, 0x0000, 0x0000, 0x0000, 0x0000, 0x0000, 0x0000,
  0x0000, 0x0000, 0x0000, 0x0000, 0x0000, 0x0000, 0x0000, 0x0000, 0x0000, 0x0000, 0x0000, 0x0000,
  0x0000, 0x0000, 0x0000, 0x0000, 0x0000, 0x0000, 0x0000, 0x0000, 0x0000, 0x0000, 0x0000, 0x0000,
  0x0000, 0x0000, 0x0000, 0x0000, 0x0000, 0x0000, 0x0000, 0x0000, 0x0000, 0x0000, 0x0000, 0x0000,
  0x0000, 0x0000, 0x0000, 0x0000, 0x0000, 0x0000, 0x0000, 0x0000, 0x0000, 0x0000, 0x0000, 0x0000,
  0x0000, 0x0000, 0x0000, 0x0000, 0x0000, 0x0000, 0x0000, 0x0000, 0x0000, 0x0000, 0x0000, 0x0000,
  0x0000, 0x0000, 0x0000, 0x0000, 0x0000, 0x0000, 0x0000, 0x0000, 0x0000, 0x0000, 0x0000, 0x0000,
  0x0000, 0x0000, 0x0000, 0x0000, 0x0000, 0x0000, 0x0000, 0x0000, 0x0000, 0x0000, 0x0000, 0x0000,
  0x0000, 0x0000, 0x0000, 0x0000, 0x0000, 0x0000, 0x0000, 0x0000, 0x0000, 0x0000, 0x0000, 0x0000,
  0x0000, 0x0000, 0x0000, 0x0000, 0x0000, 0x0000, 0x0000, 0x0000, 0x0000, 0x0000, 0x0000, 0x0000,
  0x0000, 0x0000, 0x0000, 0x0000, 0x0000, 0x0000, 0x0000, 0x0000, 0x0000, 0x0000, 0x0000, 0x0000,
  0x0000, 0x0000, 0x0000, 0x0000, 0x0000, 0x0000, 0x0000, 0x0000, 0x0000, 0x0000, 0x0000, 0x0000,
  0x0000, 0x0000, 0x0000, 0x0000, 0x0000, 0x0000, 0x0000, 0x0000, 0x0000, 0x0000, 0x0000, 0x0000,
  0x0000, 0x0000, 0x0000, 0x0000, 0x0000, 0x0000, 0x0000, 0x0000, 0x0000, 0x0000, 0x0000, 0x0000,
  0x0000, 0x0000, 0x0000, 0x0000, 0x0000, 0x0000, 0x0000, 0x0000, 0x0000, 0x0000, 0x0000, 0x0000,
  0x0000, 0x0000, 0x0000, 0x0000, 0x0000, 0x0000, 0x0000, 0x0000, 0x0000, 0x0000, 0x0000, 0x0000,
  0x0000, 0x0000, 0x0000, 0x0000, 0x0000, 0x0000, 0x0000, 0x0000, 0x0000
};

static const uint16_t WOLF_FACE_WAITING_RIGHT[] PROGMEM = {
  0x0000, 0x0000, 0x0000, 0x0000, 0x0000, 0x0000, 0x0000, 0x0000, 0x0000, 0x0000, 0x0000, 0x0000,
  0x0000, 0x0000, 0x0000, 0x0000, 0x0000, 0x0000, 0x0000, 0x0000, 0x0000, 0x0000, 0x0000, 0x0000,
  0x0000, 0x0000, 0x0000, 0x0000, 0x0000, 0x0000, 0x0000, 0x0000, 0x0000, 0x0000, 0x0000, 0x0000,
  0x0000, 0x0000, 0x0000, 0x0000, 0x0000, 0x0000, 0x0000, 0x0000, 0x0000, 0x0000, 0x0000, 0x0000,
  0x0000, 0x0000, 0x0000, 0x0000, 0x0000, 0x0000, 0x0000, 0x0000, 0x0000, 0x0000, 0x0000, 0x0000,
  0x0000, 0x0000, 0x0000, 0x0000, 0x0000, 0x0000, 0x0000, 0x0000, 0x0000, 0x0000, 0x0000, 0x0000,
  0x0000, 0x0000, 0x0000, 0x0000, 0x0000, 0x0000, 0x0000, 0x0000, 0x0000, 0x0000, 0x0000, 0x0000,
  0x0000, 0x0000, 0x0000, 0x0000, 0x0000, 0x0000, 0x0000, 0x0000, 0x0000, 0x0000, 0x0000, 0x0000,
  0x0000, 0x0000, 0x0000, 0x0000, 0x0000, 0x0000, 0x0000, 0x0000, 0x0000, 0x0000, 0x0000, 0x0000,
  0x0000, 0x0000, 0x0000, 0x0000, 0x0000, 0x0000, 0x0000, 0x0000, 0x0000, 0x0000, 0x0000, 0x0000,
  0x0000, 0x0000, 0x0000, 0x0000, 0x0000, 0x0000, 0x0000, 0x0000, 0x0000, 0x0000, 0x0000, 0x0000,
  0x0000, 0x0000, 0x0000, 0x0000, 0x0000, 0x0000, 0x0000, 0x0000, 0x0000, 0x0000, 0x0000, 0x0000,
  0x0000, 0x0000, 0x0000, 0x0000, 0x0000, 0x0000, 0x0000, 0x0000, 0x0000, 0x0000, 0x0000, 0x0000,
  0x0000, 0x0000, 0x0000, 0x0000, 0x0000, 0x0000, 0x0000, 0x0000, 0x0000, 0x0000, 0x0000, 0x0000,
  0x0000, 0x0000, 0x0000, 0x0000, 0x0000, 0x0000, 0x0000, 0x0000, 0x0000, 0x0000, 0x0000, 0x0000,
  0x0000, 0x0000, 0x0000, 0x0000, 0x0000, 0x0000, 0x0000, 0x0000, 0x0000, 0x0000, 0x0000, 0x0000,
  0x0000, 0x0000, 0x0000, 0x0000, 0x0000, 0x0000, 0x0000, 0x0000, 0x0000, 0x0000, 0x0000, 0x0000,
  0x0000, 0x0000, 0x0000, 0x0000, 0x0000, 0x0000, 0x0000, 0x0000, 0x0000, 0x0000, 0x0000, 0x0000,
  0x0000, 0x0000, 0x0000, 0x0000, 0x0000, 0x0000, 0x0000, 0x0000, 0x0000, 0x0000, 0x0000, 0x0000,
  0x0000, 0x0000, 0x0000, 0x0000, 0x0000, 0x0000, 0x0000, 0x0000, 0x0000, 0x0000, 0x0000, 0x0000,
  0x0000, 0x0000, 0x0000, 0x0000, 0x0000, 0x0000, 0x0000, 0x0000, 0x0000, 0x0000, 0x0000, 0x0000,
  0x0000, 0x0000, 0x0000, 0x0000, 0x0000, 0x0000, 0x0000, 0x0000, 0x0000, 0x0000, 0x0000, 0x0000,
  0x0000, 0x0000, 0x0000, 0x0000, 0x0000, 0x0000, 0x0000, 0x0000, 0x0000, 0x0000, 0x0000, 0x0000,
  0x0000, 0x0000, 0x0000, 0x0000, 0x0000, 0x0000, 0x0000, 0x0000, 0x0000, 0x0000, 0x0000, 0x0000,
  0x0000, 0x0000, 0x0000, 0x0000, 0x0000, 0x0000, 0x0000, 0x0000, 0x0000, 0x0000, 0x0000, 0x0000,
  0x0000, 0x0000, 0x0000, 0x0000, 0x0000, 0x0000, 0x0000, 0x0000, 0x0000, 0x0000, 0x0000, 0x0000,
  0x0000, 0x0000, 0x0000, 0x0000, 0x0000, 0x0000, 0x0000, 0x0000, 0x0000, 0x0000, 0x0000, 0x0000,
  0x0000, 0x0000, 0x0000, 0x0000, 0x0000, 0x0000, 0x0000, 0x0000, 0x0000, 0x0000, 0x0000, 0x0000,
  0x0000, 0x0000, 0x0000, 0x0000, 0x0000, 0x0000, 0x0000, 0x0000, 0x0000, 0x0000, 0x0000, 0x0000,
  0x0000, 0x0000, 0x0000, 0x0000, 0x0000, 0x0000, 0x0000, 0x0000, 0x0000, 0x0000, 0x0000, 0x0000,
  0x0000, 0x0000, 0x0000, 0x0000, 0x0000, 0x0000, 0x0000, 0x0000, 0x0000, 0x0000, 0x0000, 0x0000,
  0x0000, 0x0000, 0x0000, 0x0000, 0x0000, 0x0000, 0x0000, 0x0000, 0x0000, 0x0000, 0x0000, 0x0000,
  0x0000, 0x0000, 0x0000, 0x0000, 0x0000, 0x0000, 0x0000, 0x0000, 0x0000, 0x0000, 0x0000, 0x0000,
  0x0000, 0x0000, 0x0000, 0x0000, 0x0000, 0x0000, 0x0000, 0x0000, 0x0000, 0x0000, 0x0000, 0x0000,
  0x0000, 0x0000, 0x0000, 0x0000, 0x0000, 0x0000, 0x0000, 0x0000, 0x0000, 0x0000, 0x0000, 0x0000,
  0x0000, 0x0000, 0x0000, 0x0000, 0x0000, 0x0000, 0x0000, 0x0000, 0x0000, 0x0000, 0x0000, 0x0000,
  0x0000, 0x0000, 0x0000, 0x0000, 0x0000, 0x0000, 0x0000, 0x0000, 0x0000, 0x0000, 0x0000, 0x0000,
  0x0000, 0x0000, 0x0000, 0x0000, 0x0000, 0x0000, 0x0000, 0x0000, 0x0000, 0x0000, 0x0000, 0x0000,
  0x0000, 0x0000, 0x0000, 0x0000, 0x0000, 0x0000, 0x0000, 0x0000, 0x0000, 0x0000, 0x0000, 0x0000,
  0x0000, 0x0000, 0x0000, 0x0000, 0x0000, 0x0000, 0x0000, 0x0000, 0x0000, 0x0000, 0x0000, 0x0000,
  0x0000, 0x0000, 0x0000, 0x0000, 0x0000, 0x0000, 0x0000, 0x0000, 0x0000, 0x0000, 0x0000, 0x0000,
  0x0000, 0x0000, 0x0000, 0x0000, 0x0000, 0x0000, 0x0000, 0x0000, 0x0000, 0x0000, 0x0000, 0x0000,
  0x0000, 0x0000, 0x0000, 0x0000, 0x0000, 0x0000, 0x0000, 0x0000, 0x0000, 0x0000, 0x0000, 0x0000,
  0x0000, 0x0000, 0x0000, 0x0000, 0x0000, 0x0000, 0x0000, 0x0000, 0x0000, 0x0000, 0x0000, 0x0000,
  0x0000, 0x0000, 0x0000, 0x0000, 0x0000, 0x0000, 0x0000, 0x0000, 0x0000, 0x0000, 0x0000, 0x0000,
  0x0000, 0x0000, 0x0000, 0x0000, 0x0000, 0x0000, 0x0000, 0x0000, 0x0000, 0x0000, 0x0000, 0x0000,
  0x0000, 0x0000, 0x0000, 0x0000, 0x0000, 0x0000, 0x0000, 0x0000, 0x0000, 0x0000, 0x0000, 0x0000,
  0x0000, 0x0000, 0x0000, 0x0000, 0x0000, 0x0000, 0x0000, 0x0000, 0x0000, 0x0000, 0x0000, 0x0000,
  0x0000, 0x0000, 0x0000, 0x0020, 0x31A6, 0x39C7, 0x39A7, 0x31A6, 0x39E7, 0x4228, 0x4228, 0x4228,
  0x4228, 0x4228, 0x4228, 0x4A49, 0x2965, 0x2104, 0x2104, 0x2104, 0x2104, 0x2104, 0x2104, 0x2104,
  0x2104, 0x2104, 0x2124, 0x2104, 0x4984, 0x59C4, 0x59C4, 0x59C4, 0x59C4, 0x59C4, 0x59C4, 0x59C4,
  0x59E4, 0x59E4, 0x59C4, 0x59C4, 0x59C4, 0x59C4, 0x59C4, 0x59C4, 0x59C4, 0x59C4, 0x59C4, 0x59C4,
  0x59C4, 0x59C4, 0x59C4, 0x59C4, 0x59C4, 0x59E4, 0x1061, 0x0000, 0x0000, 0x0000, 0x0000, 0x0000,
  0x0000, 0x0000, 0x0000, 0x0000, 0x0000, 0x0000, 0x0000, 0x0000, 0x0000, 0x0000, 0x0000, 0x0000,
  0x0000, 0x0000, 0x0000, 0x0000, 0x0000, 0x0000, 0x0000, 0x0000, 0x0000, 0x0000, 0x0000, 0x0000,
  0x0000, 0x0000, 0x0000, 0x0000, 0x0000, 0x0000, 0x0000, 0x0000, 0x0000, 0x0000, 0x0000, 0x0000,
  0x0000, 0x0000, 0x0000, 0x0000, 0x0000, 0x0000, 0x0000, 0x0000, 0x0000, 0x0000, 0x0000, 0x0000,
  0x0000, 0x0000, 0x0000, 0x0000, 0x0000, 0x0000, 0x0000, 0x0000, 0x0000, 0x0000, 0x0000, 0x0000,
  0x0000, 0x0000, 0x0000, 0x0000, 0x0000, 0x0000, 0x0000, 0x0000, 0x0000, 0x0000, 0x0000, 0x0000,
  0x0000, 0x0000, 0x0000, 0x0000, 0x0000, 0x0000, 0x0841, 0x52AA, 0x5ACB, 0x5ACB, 0x5ACA, 0x632C,
  0x6B6D, 0x6B6D, 0x6B6D, 0x6B6D, 0x6B6D, 0x6B6D, 0x738E, 0x4A69, 0x31A6, 0x39C7, 0x39C7, 0x39C7,
  0x39C7, 0x39C7, 0x39C7, 0x39C7, 0x39C7, 0x39C7, 0x31C7, 0x7287, 0x92E7, 0x92E7, 0x92E7, 0x92E7,
  0x92E7, 0x92E7, 0x92E7, 0x92E7, 0x92E7, 0x92E7, 0x92E7, 0x92E7, 0x92E7, 0x92E7, 0x92E7, 0x92E7,
  0x92E7, 0x92E7, 0x92E7, 0x92E7, 0x92E7, 0x92E7, 0x92E7, 0x92E7, 0x9307, 0x20A1, 0x0000, 0x0000,
  0x0000, 0x0000, 0x0000, 0x0000, 0x0000, 0x0000, 0x0000, 0x0000, 0x0000, 0x0000, 0x0000, 0x0000,
  0x0000, 0x0000, 0x0000, 0x0000, 0x0000, 0x0000, 0x0000, 0x0000, 0x0000, 0x0000, 0x0000, 0x0000,
  0x0000, 0x0000, 0x0000, 0x0000, 0x0000, 0x0000, 0x0000, 0x0000, 0x0000, 0x0000, 0x0000, 0x0000,
  0x0000, 0x0000, 0x0000, 0x0000, 0x0000, 0x0000, 0x0000, 0x0000, 0x0000, 0x0000, 0x0000, 0x0000,
  0x0000, 0x0000, 0x0000, 0x0000, 0x0000, 0x0000, 0x0000, 0x0000, 0x0000, 0x0000, 0x0000, 0x0000,
  0x0000, 0x0000, 0x0000, 0x0000, 0x0000, 0x0000, 0x0000, 0x0000, 0x0000, 0x0000, 0x0000, 0x0000,
  0x0000, 0x0000, 0x0000, 0x0000, 0x0000, 0x0000, 0x0000, 0x0000, 0x0000, 0x0841, 0x528A, 0x52AA,
  0x52AA, 0x52AA, 0x630C, 0x632C, 0x632C, 0x632C, 0x632C, 0x632C, 0x632C, 0x6B4D, 0x4228, 0x31A6,
  0x39C6, 0x31A6, 0x31A6, 0x31A6, 0x31A6, 0x31A6, 0x39A6, 0x39C6, 0x39C7, 0x31A6, 0x6A46, 0x8AC7,
  0x8AC7, 0x8AC7, 0x8AC7, 0x8AC7, 0x8AC7, 0x8AC7, 0x8AC7, 0x8AC7, 0x8AC7, 0x8AC7, 0x8AC7, 0x8AC7,
  0x8AC7, 0x8AC7, 0x8AC7, 0x8AC7, 0x8AC7, 0x8AC7, 0x8AC7, 0x8AC7, 0x8AC7, 0x8AC7, 0x8AC7, 0x8AC7,
  0x20A1, 0x0000, 0x0000, 0x0000, 0x0000, 0x0000, 0x0000, 0x0000, 0x0000, 0x0000, 0x0000, 0x0000,
  0x0000, 0x0000, 0x0000, 0x0000, 0x0000, 0x0000, 0x0000, 0x0000, 0x0000, 0x0000, 0x0000, 0x0000,
  0x0000, 0x0000, 0x0000, 0x0000, 0x0000, 0x0000, 0x0000, 0x0000, 0x0000, 0x0000, 0x0000, 0x0000,
  0x0000, 0x0000, 0x0000, 0x0000, 0x0000, 0x0000, 0x0000, 0x0000, 0x0000, 0x0000, 0x0000, 0x0000,
  0x0000, 0x0000, 0x0000, 0x0000, 0x0000, 0x0000, 0x0000, 0x0000, 0x0000, 0x0000, 0x0000, 0x0000,
  0x0000, 0x0000, 0x0000, 0x0000, 0x0000, 0x0000, 0x0000, 0x0000, 0x0000, 0x0000, 0x0000, 0x0000,
  0x0000, 0x0000, 0x0000, 0x0000, 0x0000, 0x0000, 0x0000, 0x0000, 0x0000, 0x0000, 0x0000, 0x0000,
  0x0000, 0x528A, 0x52AA, 0x52AA, 0x52AA, 0x632C, 0x6B6D, 0x6B4D, 0x6B6D, 0x6B6D, 0x6B6D, 0x6B6D,
  0x738D, 0x4A49, 0x31A6, 0x31A7, 0x31A6, 0x31A7, 0x31A7, 0x31A6, 0x31A7, 0x31A7, 0x31A7, 0x31A7,
  0x29A7, 0x6247, 0x8AC7, 0x82C7, 0x82C7, 0x82C7, 0x82C7, 0x82C7, 0x82C7, 0x82C7, 0x82C7, 0x82C7,
  0x82C7, 0x82C7, 0x82C7, 0x82C7, 0x82C7, 0x82A7, 0x82A7, 0x82C7, 0x82C7, 0x82C7, 0x82C7, 0x82C7,
  0x82C7, 0x82A7, 0x8AC8, 0x1081, 0x0000, 0x0000, 0x0000, 0x0000, 0x0000, 0x0000, 0x0000, 0x0000,
  0x0000, 0x0000, 0x0000, 0x0000, 0x0000, 0x0000, 0x0000, 0x0000, 0x0000, 0x0000, 0x0000, 0x0000,
  0x0000, 0x0000, 0x0000, 0x0000, 0x0000, 0x0000, 0x0000, 0x0000, 0x0000, 0x0000, 0x0000, 0x0000,
  0x0000, 0x0000, 0x0000, 0x0000, 0x0000, 0x0000, 0x0000, 0x0000, 0x0000, 0x0000, 0x0000, 0x0000,
  0x0000, 0x0000, 0x0000, 0x0000, 0x0000, 0x0000, 0x0000, 0x0000, 0x0000, 0x0000, 0x0000, 0x0000,
  0x0000, 0x0000, 0x0000, 0x0000, 0x0000, 0x0000, 0x0000, 0x0000, 0x0000, 0x0000, 0x0000, 0x0000,
  0x0000, 0x0000, 0x0000, 0x0000, 0x0000, 0x0000, 0x0000, 0x0000, 0x0000, 0x0000, 0x0000, 0x0020,
  0x4228, 0x4A69, 0x4A69, 0x528A, 0x6B6D, 0x6B6D, 0x6B6D, 0x6B6D, 0x52AA, 0x4A49, 0x4A49, 0x4A49,
  0x4A49, 0x4A49, 0x4A49, 0x4A49, 0x5A47, 0x6A47, 0x6247, 0x6A67, 0x7267, 0x6A67, 0x6A67, 0x7287,
  0x9308, 0x9307, 0x92E7, 0x9328, 0xB367, 0xC387, 0xBB67, 0xBB87, 0xCB85, 0xD383, 0xD384, 0xD384,
  0xD384, 0xD384, 0xD384, 0xD364, 0xD364, 0xD364, 0xD364, 0xD364, 0xD363, 0xD364, 0xD364, 0xD363,
  0xD363, 0xD364, 0xD364, 0xD384, 0xD384, 0xD384, 0x9263, 0x7204, 0x7A24, 0x7A24, 0x7204, 0x71E4,
  0x69E4, 0x7A04, 0x28A1, 0x0000, 0x0000, 0x0000, 0x0000, 0x0000, 0x0000, 0x0000, 0x0000, 0x0000,
  0x0000, 0x0000, 0x0000, 0x0000, 0x0000, 0x0000, 0x0000, 0x0000, 0x0000, 0x0000, 0x0000, 0x0000,
  0x0000, 0x0000, 0x0000, 0x0000, 0x0000, 0x0000, 0x0000, 0x0000, 0x0000, 0x0000, 0x0000, 0x0000,
  0x0000, 0x0000, 0x0000, 0x0000, 0x0000, 0x0000, 0x0000, 0x0000, 0x0000, 0x0000, 0x0000, 0x0000,
  0x0000, 0x0000, 0x0000, 0x0000, 0x0000, 0x0000, 0x0000, 0x0000, 0x0000, 0x0000, 0x0000, 0x0000,
  0x0000, 0x0000, 0x0000, 0x0000, 0x0000, 0x0000, 0x0000, 0x0000, 0x0000, 0x0000, 0x0000, 0x0000,
  0x0000, 0x0000, 0x0861, 0x7BCF, 0x840F, 0x83EF, 0x83EF, 0x7BCF, 0x7BCF, 0x7BCF, 0x7BEF, 0x4A69,
  0x3185, 0x31A6, 0x31A6, 0x31A6, 0x31A6, 0x31A6, 0x31A6, 0x6247, 0x8AC7, 0x82A7, 0x8AC7, 0x92E7,
  0x92E7, 0x9AE7, 0x92E7, 0xCBA8, 0xDBE8, 0xD3E8, 0xDBE9, 0xE3E7, 0xE3E7, 0xE3E7, 0xE3E8, 0xFC03,
  0xFBE1, 0xFBE1, 0xFBE1, 0xFC01, 0xFBE1, 0xFBE1, 0xFBE1, 0xFBE1, 0xFBE1, 0xFBE1, 0xFBE1, 0xFBE1,
  0xFBE1, 0xFBE1, 0xFBE1, 0xFBE1, 0xFBE1, 0xFBE1, 0xFBE1, 0xFBE1, 0xFBE1, 0xEBC5, 0xCB87, 0xCB87,
  0xCB87, 0xBB46, 0xB326, 0xBB26, 0xC346, 0x4102, 0x0000, 0x0000, 0x0000, 0x0000, 0x0000, 0x0000,
  0x0000, 0x0000, 0x0000, 0x0000, 0x0000, 0x0000, 0x0000, 0x0000, 0x0000, 0x0000, 0x0000, 0x0000,
  0x0000, 0x0000, 0x0000, 0x0000, 0x0000, 0x0000, 0x0000, 0x0000, 0x0000, 0x0000, 0x0000, 0x0000,
  0x0000, 0x0000, 0x0000, 0x0000, 0x0000, 0x0000, 0x0000, 0x0000, 0x0000, 0x0000, 0x0000, 0x0000,
  0x0000, 0x0000, 0x0000, 0x0000, 0x0000, 0x0000, 0x0000, 0x0000, 0x0000, 0x0000, 0x0000, 0x0000,
  0x0000, 0x0000, 0x0000, 0x0000, 0x0000, 0x0000, 0x0000, 0x0000, 0x0000, 0x0000, 0x0000, 0x0000,
  0x0000, 0x0000, 0x0000, 0x0000, 0x0000, 0x0861, 0x738D, 0x7BCF, 0x73AE, 0x7BAE, 0x7BCE, 0x7BAE,
  0x73AE, 0x7BCF, 0x5289, 0x31A6, 0x39C7, 0x39C7, 0x39C7, 0x39C7, 0x39C7, 0x31C7, 0x6247, 0x82A7,
  0x82A7, 0x82A7, 0x8AC7, 0x92E7, 0x92E7, 0x8AC7, 0xBB68, 0xD3C8, 0xCBC8, 0xCBC8, 0xDBC7, 0xE3E7,
  0xE3E7, 0xDBE8, 0xF3E3, 0xFBE1, 0xFBE2, 0xFBE2, 0xFBE2, 0xFBE2, 0xFBE2, 0xFBE2, 0xFBE2, 0xFBE2,
  0xFBE2, 0xFBE2, 0xFBE2, 0xFBE2, 0xFBE2, 0xFBE2, 0xFBE2, 0xFBE2, 0xFBE2, 0xFBE2, 0xFBE2, 0xFBE1,
  0xDBA4, 0xBB47, 0xBB66, 0xC366, 0xAB06, 0xAB06, 0xAB06, 0xB326, 0x4102, 0x0000, 0x0000, 0x0000,
  0x0000, 0x0000, 0x0000, 0x0000, 0x0000, 0x0000, 0x0000, 0x0000, 0x0000, 0x0000, 0x0000, 0x0000,
  0x0000, 0x0000, 0x0000, 0x0000, 0x0000, 0x0000, 0x0000, 0x0000, 0x0000, 0x0000, 0x0000, 0x0000,
  0x0000, 0x0000, 0x0000, 0x0000, 0x0000, 0x0000, 0x0000, 0x0000, 0x0000, 0x0000, 0x0000, 0x0000,
  0x0000, 0x0000, 0x0000, 0x0000, 0x0000, 0x0000, 0x0000, 0x0000, 0x0000, 0x0000, 0x0000, 0x0000,
  0x0000, 0x0000, 0x0000, 0x0000, 0x0000, 0x0000, 0x0000, 0x0000, 0x0000, 0x0000, 0x0000, 0x0000,
  0x0000, 0x0000, 0x0000, 0x0000, 0x0000, 0x0000, 0x0000, 0x0000, 0x0020, 0x73AE, 0x7BEF, 0x7BCF,
  0x7BEF, 0x7BCF, 0x7BCF, 0x7BCF, 0x7BEF, 0x528A, 0x3186, 0x39C7, 0x39C7, 0x31C7, 0x31A7, 0x31A6,
  0x31A7, 0x6247, 0x82A7, 0x7AA7, 0x82A7, 0x8AC7, 0x8AC7, 0x8AC7, 0x8AC7, 0xBB88, 0xD3E9, 0xCBC9,
  0xCBC9, 0xDBE8, 0xDBE7, 0xE3E8, 0xDBE8, 0xF3C4, 0xFBC1, 0xFBC2, 0xFBC1, 0xFBC1, 0xFBC1, 0xFBC1,
  0xFBC1, 0xFBC1, 0xFBC1, 0xFBC1, 0xFBC2, 0xFBC1, 0xFBC2, 0xFBC2, 0xFBC1, 0xFBC1, 0xFBC1, 0xFBC1,
  0xFBC1, 0xFBC1, 0xFBC1, 0xDB64, 0xB327, 0xBB27, 0xBB47, 0xAB06, 0xAAE6, 0xA2E6, 0xB327, 0x3902,
  0x0000, 0x0000, 0x0000, 0x0000, 0x0000, 0x0000, 0x0000, 0x0000, 0x0000, 0x0000, 0x0000, 0x0000,
  0x0000, 0x0000, 0x0000, 0x0000, 0x0000, 0x0000, 0x0000, 0x0000, 0x0000, 0x0000, 0x0000, 0x0000,
  0x0000, 0x0000, 0x0000, 0x0000, 0x0000, 0x0000, 0x0000, 0x0000, 0x0000, 0x0000, 0x0000, 0x0000,
  0x0000, 0x0000, 0x0000, 0x0000, 0x0000, 0x0000, 0x0000, 0x0000, 0x0000, 0x0000, 0x0000, 0x0000,
  0x0000, 0x0000, 0x0000, 0x0000, 0x0000, 0x0000, 0x0000, 0x0000, 0x0000, 0x0000, 0x0000, 0x0000,
  0x0000, 0x0000, 0x0000, 0x0000, 0x0000, 0x0000, 0x0000, 0x0020, 0x4A4A, 0x528A, 0x526A, 0x528A,
  0x630C, 0x62EB, 0x630C, 0x630C, 0x6B4C, 0x6B4C, 0x632C, 0x6B4C, 0x4A49, 0x3186, 0x39C7, 0x31A6,
  0x5207, 0x6A67, 0x6A67, 0x6A67, 0xA327, 0xBB67, 0xBB67, 0xBB67, 0xCB65, 0xD364, 0xD364, 0xD384,
  0xE3C4, 0xEBE4, 0xEBC4, 0xEBE4, 0xF3E4, 0xF3E4, 0xF3E4, 0xF3C4, 0xFCC3, 0xFD43, 0xFD43, 0xFD43,
  0xFD43, 0xFD43, 0xFD43, 0xFD43, 0xFD43, 0xFD43, 0xFD43, 0xFD43, 0xFD43, 0xFD43, 0xFD43, 0xFD43,
  0xFD43, 0xFD43, 0xFD43, 0xFD43, 0xFD43, 0xFD43, 0xF524, 0xE525, 0xED25, 0xE525, 0xE464, 0xE3E3,
  0xDBE3, 0xE403, 0x9AA3, 0x7A03, 0x8203, 0x8223, 0x2080, 0x0000, 0x0000, 0x0000, 0x0000, 0x0000,
  0x0000, 0x0000, 0x0000, 0x0000, 0x0000, 0x0000, 0x0000, 0x0000, 0x0000, 0x0000, 0x0000, 0x0000,
  0x0000, 0x0000, 0x0000, 0x0000, 0x0000, 0x0000, 0x0000, 0x0000, 0x0000, 0x0000, 0x0000, 0x0000,
  0x0000, 0x0000, 0x0000, 0x0000, 0x0000, 0x0000, 0x0000, 0x0000, 0x0000, 0x0000, 0x0000, 0x0000,
  0x0000, 0x0000, 0x0000, 0x0000, 0x0000, 0x0000, 0x0000, 0x0000, 0x0000, 0x0000, 0x0000, 0x0000,
  0x0000, 0x0000, 0x0000, 0x0000, 0x0000, 0x0000, 0x0000, 0x0000, 0x0000, 0x0000, 0x0841, 0x83D0,
  0x8C31, 0x8C11, 0x83F0, 0x528A, 0x528A, 0x528A, 0x528A, 0x5AEB, 0x5AEB, 0x5ACB, 0x5AEB, 0x4208,
  0x3186, 0x39A6, 0x31A7, 0x6A67, 0x8AE7, 0x82C7, 0x8AC7, 0xCBA7, 0xE3E8, 0xDBE8, 0xDBE8, 0xF3E4,
  0xFBE2, 0xFBE3, 0xFBE3, 0xFBE2, 0xFBC1, 0xFBC1, 0xFBC1, 0xFBE1, 0xFBE1, 0xFBE1, 0xFBC1, 0xFD63,
  0xFE44, 0xFE04, 0xFE24, 0xFE24, 0xFE24, 0xFE24, 0xFE24, 0xFE24, 0xFE24, 0xFE24, 0xFE24, 0xFE24,
  0xFE24, 0xFE24, 0xFE24, 0xFE24, 0xFE24, 0xFE24, 0xFE24, 0xFE24, 0xFE24, 0xFE44, 0xFE44, 0xFE44,
  0xFE64, 0xFD62, 0xFCC1, 0xFCE1, 0xFCE1, 0xDBC4, 0xCB46, 0xCB45, 0xD386, 0x30C1, 0x0000, 0x0000,
  0x0000, 0x0000, 0x0000, 0x0000, 0x0000, 0x0000, 0x0000, 0x0000, 0x0000, 0x0000, 0x0000, 0x0000,
  0x0000, 0x0000, 0x0000, 0x0000, 0x0000, 0x0000, 0x0000, 0x0000, 0x0000, 0x0000, 0x0000, 0x0000,
  0x0000, 0x0000, 0x0000, 0x0000, 0x0000, 0x0000, 0x0000, 0x0000, 0x0000, 0x0000, 0x0000, 0x0000,
  0x0000, 0x0000, 0x0000, 0x0000, 0x0000, 0x0000, 0x0000, 0x0000, 0x0000, 0x0000, 0x0000, 0x0000,
  0x0000, 0x0000, 0x0000, 0x0000, 0x0000, 0x0000, 0x0000, 0x0000, 0x0000, 0x0000, 0x0000, 0x0000,
  0x0000, 0x0841, 0x738F, 0x83D0, 0x83D0, 0x7BAF, 0x52AA, 0x52AA, 0x52AA, 0x52AA, 0x5AEB, 0x5AEB,
  0x5AEB, 0x630B, 0x4228, 0x3186, 0x39C6, 0x31A7, 0x6247, 0x82C7, 0x82C7, 0x82C7, 0xC387, 0xDBC8,
  0xD3C8, 0xD3E8, 0xF3E4, 0xFBC3, 0xF3E3, 0xF3E3, 0xFBE2, 0xFBE2, 0xFBE2, 0xFBE2, 0xFBE2, 0xFBE2,
  0xFBE2, 0xFBC2, 0xFD63, 0xFE24, 0xFE04, 0xFE04, 0xFE04, 0xFE04, 0xFE04, 0xFE04, 0xFE04, 0xFE04,
  0xFE04, 0xFE04, 0xFE04, 0xFE04, 0xFE04, 0xFE04, 0xFE04, 0xFE04, 0xFE04, 0xFE04, 0xFE04, 0xFE04,
  0xFE24, 0xFE24, 0xFE24, 0xFE24, 0xFD42, 0xFCE2, 0xFD02, 0xFD02, 0xCBA4, 0xBB05, 0xC345, 0xC345,
  0x28C1, 0x0000, 0x0000, 0x0000, 0x0000, 0x0000, 0x0000, 0x0000, 0x0000, 0x0000, 0x0000, 0x0000,
  0x0000, 0x0000, 0x0000, 0x0000, 0x0000, 0x0000, 0x0000, 0x0000, 0x0000, 0x0000, 0x0000, 0x0000,
  0x0000, 0x0000, 0x0000, 0x0000, 0x0000, 0x0000, 0x0000, 0x0000, 0x0000, 0x0000, 0x0000, 0x0000,
  0x0000, 0x0000, 0x0000, 0x0000, 0x0000, 0x0000, 0x0000, 0x0000, 0x0000, 0x0000, 0x0000, 0x0000,
  0x0000, 0x0000, 0x0000, 0x0000, 0x0000, 0x0000, 0x0000, 0x0000, 0x0000, 0x0000, 0x0000, 0x0000,
  0x0000, 0x0000, 0x0000, 0x0000, 0x0841, 0x7B8F, 0x83F0, 0x83F0, 0x7BCF, 0x52AA, 0x528A, 0x52AA,
  0x52AA, 0x630B, 0x630C, 0x630B, 0x6B2C, 0x4228, 0x2966, 0x31A7, 0x31A7, 0x6247, 0x82C7, 0x82C7,
  0x7AC7, 0xC388, 0xDBE8, 0xD3C8, 0xD3E8, 0xF3C4, 0xFBE3, 0xF3E3, 0xF3C3, 0xFBE2, 0xFBC1, 0xFBE2,
  0xFBE2, 0xFBC1, 0xFBC1, 0xFBC1, 0xFB81, 0xFD43, 0xFE24, 0xFE04, 0xFE04, 0xFE04, 0xFE04, 0xFE04,
  0xFE04, 0xFE04, 0xFE04, 0xFE04, 0xFE04, 0xFE04, 0xFE24, 0xFE44, 0xFE45, 0xFE45, 0xFE44, 0xFE24,
  0xFE04, 0xFE04, 0xFE04, 0xFE44, 0xFE44, 0xFE44, 0xFE65, 0xFD43, 0xFCC2, 0xFCE2, 0xFD02, 0xCB84,
  0xBB06, 0xBB25, 0xC326, 0x28A1, 0x0000, 0x0000, 0x0000, 0x0000, 0x0000, 0x0000, 0x0000, 0x0000,
  0x0000, 0x0000, 0x0000, 0x0000, 0x0000, 0x0000, 0x0000, 0x0000, 0x0000, 0x0000, 0x0000, 0x0000,
  0x0000, 0x0000, 0x0000, 0x0000, 0x0000, 0x0000, 0x0000, 0x0000, 0x0000, 0x0000, 0x0000, 0x0000,
  0x0000, 0x0000, 0x0000, 0x0000, 0x0000, 0x0000, 0x0000, 0x0000, 0x0000, 0x0000, 0x0000, 0x0000,
  0x0000, 0x0000, 0x0000, 0x0000, 0x0000, 0x0000, 0x0000, 0x0000, 0x0000, 0x0000, 0x0000, 0x0000,
  0x0000, 0x0000, 0x0000, 0x0000, 0x0000, 0x0000, 0x0000, 0x0861, 0x7BAF, 0x83F0, 0x83F0, 0x7BAF,
  0x5ACB, 0x52AA, 0x5AAA, 0x52AA, 0x31A6, 0x3186, 0x31A6, 0x3186, 0x4A06, 0x6247, 0x6247, 0x6267,
  0x9307, 0xAB48, 0xA328, 0xA328, 0xE3C5, 0xF3E4, 0xEBE4, 0xEBC4, 0xF3E3, 0xFBE2, 0xFBE2, 0xFBE2,
  0xFBE2, 0xFBE2, 0xFBE2, 0xFBC2, 0xFCE3, 0xFD43, 0xFD43, 0xFD23, 0xFDC4, 0xFE24, 0xFE04, 0xFE04,
  0xFE04, 0xFE04, 0xFE04, 0xFE04, 0xFE04, 0xFE04, 0xFE04, 0xFE04, 0xFE24, 0xFD63, 0xFCA2, 0xFCC3,
  0xFCC3, 0xFCE3, 0xFE04, 0xFE24, 0xFE04, 0xFE24, 0xFD83, 0xFD43, 0xFD63, 0xFD43, 0xFD83, 0xFDC3,
  0xFDC3, 0xFDE3, 0xECA3, 0xE444, 0xE464, 0xEC84, 0x7A64, 0x51A4, 0x59C4, 0x61E4, 0x1060, 0x0000,
  0x0000, 0x0000, 0x0000, 0x0000, 0x0000, 0x0000, 0x0000, 0x0000, 0x0000, 0x0000, 0x0000, 0x0000,
  0x0000, 0x0000, 0x0000, 0x0000, 0x0000, 0x0000, 0x0000, 0x0000, 0x0000, 0x0000, 0x0000, 0x0000,
  0x0000, 0x0000, 0x0000, 0x0000, 0x0000, 0x0000, 0x0000, 0x0000, 0x0000, 0x0000, 0x0000, 0x0000,
  0x0000, 0x0000, 0x0000, 0x0000, 0x0000, 0x0000, 0x0000, 0x0000, 0x0000, 0x0000, 0x0000, 0x0000,
  0x0000, 0x0000, 0x0000, 0x0000, 0x0000, 0x0000, 0x0000, 0x0000, 0x0000, 0x0000, 0x1062, 0x7BB0,
  0x83D0, 0x83F0, 0x83D0, 0x5ACB, 0x5ACA, 0x5ACB, 0x528A, 0x10A2, 0x1082, 0x10A2, 0x0861, 0x51C5,
  0x92E7, 0x82A7, 0x82A7, 0xB347, 0xC388, 0xBB88, 0xBB88, 0xF3C3, 0xFBE1, 0xFBE1, 0xFBE1, 0xFBE2,
  0xFBE2, 0xFBE2, 0xFBE2, 0xFBE2, 0xFBE2, 0xFBE2, 0xFBC2, 0xFDA4, 0xFE64, 0xFE24, 0xFE44, 0xFE24,
  0xFE24, 0xFE24, 0xFE24, 0xFE04, 0xFE04, 0xFE04, 0xFE04, 0xFE04, 0xFE04, 0xFE04, 0xFE04, 0xFE24,
  0xFCE3, 0xFB61, 0xFBC1, 0xFBA1, 0xFBE2, 0xFDE4, 0xFE24, 0xFE04, 0xFE24, 0xFD02, 0xFCA1, 0xFCC2,
  0xFC61, 0xFD84, 0xFE85, 0xFE45, 0xFE65, 0xFD83, 0xFD43, 0xFD63, 0xFD63, 0xA366, 0x8AC7, 0x92E7,
  0x92E7, 0x18A1, 0x0000, 0x0000, 0x0000, 0x0000, 0x0000, 0x0000, 0x0000, 0x0000, 0x0000, 0x0000,
  0x0000, 0x0000, 0x0000, 0x0000, 0x0000, 0x0000, 0x0000, 0x0000, 0x0000, 0x0000, 0x0000, 0x0000,
  0x0000, 0x0000, 0x0000, 0x0000, 0x0000, 0x0000, 0x0000, 0x0000, 0x0000, 0x0000, 0x0000, 0x0000,
  0x0000, 0x0000, 0x0000, 0x0000, 0x0000, 0x0000, 0x0000, 0x0000, 0x0000, 0x0000, 0x0000, 0x0000,
  0x0000, 0x0000, 0x0000, 0x0000, 0x0000, 0x0000, 0x0000, 0x0000, 0x0000, 0x0000, 0x0000, 0x0000,
  0x0000, 0x1062, 0x7B8F, 0x83D0, 0x83F0, 0x7BCF, 0x5ACB, 0x52AA, 0x5AAA, 0x528A, 0x18E3, 0x10A2,
  0x18C2, 0x10A2, 0x51C5, 0x82C7, 0x82A7, 0x7AA7, 0xAB27, 0xBB88, 0xBB88, 0xB368, 0xEBC3, 0xFBE2,
  0xFBC2, 0xFBE2, 0xFBE2, 0xFBE2, 0xFBE2, 0xFBE2, 0xFBE2, 0xFBE2, 0xFBE2, 0xFBC2, 0xFD84, 0xFE24,
  0xFE04, 0xFE04, 0xFE24, 0xFE24, 0xFE04, 0xFE04, 0xFE04, 0xFE04, 0xFE04, 0xFE04, 0xFE04, 0xFE04,
  0xFE04, 0xFE04, 0xFE24, 0xFD03, 0xFBA1, 0xFBE2, 0xFBE2, 0xFC02, 0xFDC4, 0xFE04, 0xFE04, 0xFE04,
  0xFD22, 0xFCC2, 0xFCE2, 0xFC82, 0xFD84, 0xFE65, 0xFE45, 0xFE45, 0xFD63, 0xFD03, 0xFD23, 0xFD43,
  0xA346, 0x82A7, 0x8AC6, 0x8AA7, 0x1881, 0x0000, 0x0000, 0x0000, 0x0000, 0x0000, 0x0000, 0x0000,
  0x0000, 0x0000, 0x0000, 0x0000, 0x0000, 0x0000, 0x0000, 0x0000, 0x0000, 0x0000, 0x0000, 0x0000,
  0x0000, 0x0000, 0x0000, 0x0000, 0x0000, 0x0000, 0x0000, 0x0000, 0x0000, 0x0000, 0x0000, 0x0000,
  0x0000, 0x0000, 0x0000, 0x0000, 0x0000, 0x0000, 0x0000, 0x0000, 0x0000, 0x0000, 0x0000, 0x0000,
  0x0000, 0x0000, 0x0000, 0x0000, 0x0000, 0x0000, 0x0000, 0x0000, 0x0000, 0x0000, 0x0000, 0x0000,
  0x0000, 0x0000, 0x0000, 0x0000, 0x0821, 0x83D0, 0x83F1, 0x83F1, 0x83D0, 0x5AEB, 0x5ACB, 0x5AEB,
  0x52AA, 0x18C3, 0x10A2, 0x18A2, 0x1082, 0x51C5, 0x8AC7, 0x82A7, 0x82A7, 0xAB47, 0xC3A8, 0xBB88,
  0xBB88, 0xF3E3, 0xFC01, 0xFBE1, 0xFC01, 0xFBE1, 0xFBE1, 0xFBE1, 0xFBE1, 0xFBE2, 0xFBE2, 0xFC02,
  0xFCA2, 0xFE04, 0xFE65, 0xFE64, 0xFE65, 0xFE45, 0xFE45, 0xFE45, 0xFE45, 0xFE44, 0xFE44, 0xFE44,
  0xFE44, 0xFE24, 0xFE24, 0xFE24, 0xFE24, 0xFE44, 0xFD23, 0xFBC1, 0xFC01, 0xFBE1, 0xFC21, 0xFE23,
  0xFE64, 0xFE44, 0xFE64, 0xFD42, 0xFCE1, 0xFD02, 0xFCA1, 0xFDA4, 0xFE85, 0xFE65, 0xFE85, 0xFDA4,
  0xFD43, 0xFD43, 0xFD63, 0x9B46, 0x7A87, 0x82A7, 0x8AA7, 0x1881, 0x0000, 0x0000, 0x0000, 0x0000,
  0x0000, 0x0000, 0x0000, 0x0000, 0x0000, 0x0000, 0x0000, 0x0000, 0x0000, 0x0000, 0x0000, 0x0000,
  0x0000, 0x0000, 0x0000, 0x0000, 0x0000, 0x0000, 0x0000, 0x0000, 0x0000, 0x0000, 0x0000, 0x0000,
  0x0000, 0x0000, 0x0000, 0x0000, 0x0000, 0x0000, 0x0000, 0x0000, 0x0000, 0x0000, 0x0000, 0x0000,
  0x0000, 0x0000, 0x0000, 0x0000, 0x0000, 0x0000, 0x0000, 0x0000, 0x0000, 0x0000, 0x0000, 0x0000,
  0x0000, 0x0000, 0x0000, 0x0841, 0x4228, 0x4208, 0x4208, 0x4228, 0x6B4D, 0x738E, 0x736E, 0x6B2D,
  0x4A49, 0x4228, 0x4228, 0x4207, 0x18C3, 0x10A2, 0x18A2, 0x1082, 0x49C5, 0x7AC8, 0x7288, 0x7288,
  0x9B27, 0xA327, 0xA327, 0xA348, 0xBB65, 0xC364, 0xC365, 0xBB65, 0xE3C5, 0xF405, 0xEBE5, 0xEBE5,
  0xF3E3, 0xFBE3, 0xF403, 0xFC43, 0xFCC3, 0xFD03, 0xFCE3, 0xFCE3, 0xFCE3, 0xFCE3, 0xFCE3, 0xFCE3,
  0xFCE3, 0xFCE3, 0xFCE3, 0xFCE3, 0xFCE3, 0xFCE3, 0xFCE3, 0xFCE3, 0xFCE3, 0xE444, 0xCB64, 0xD384,
  0xD384, 0xCB84, 0xCC45, 0xCC85, 0xCC85, 0xCC65, 0xD445, 0xE445, 0xDC45, 0xDC05, 0xF4E4, 0xFDA3,
  0xFD83, 0xFDA3, 0xFCC3, 0xFC62, 0xFC82, 0xFC82, 0xD384, 0xBB24, 0xC344, 0xCB64, 0x28A0, 0x0000,
  0x0000, 0x0000, 0x0000, 0x0000, 0x0000, 0x0000, 0x0000, 0x0000, 0x0000, 0x0000, 0x0000, 0x0000,
  0x0000, 0x0000, 0x0000, 0x0000, 0x0000, 0x0000, 0x0000, 0x0000, 0x0000, 0x0000, 0x0000, 0x0000,
  0x0000, 0x0000, 0x0000, 0x0000, 0x0000, 0x0000, 0x0000, 0x0000, 0x0000, 0x0000, 0x0000, 0x0000,
  0x0000, 0x0000, 0x0000, 0x0000, 0x0000, 0x0000, 0x0000, 0x0000, 0x0000, 0x0000, 0x0000, 0x0000,
  0x0000, 0x0000, 0x0000, 0x0000, 0x0000, 0x0000, 0x1082, 0x7BEF, 0x83F0, 0x8410, 0x7BEF, 0x5AEB,
  0x5ACB, 0x5AEB, 0x5ACB, 0x31A6, 0x3186, 0x3185, 0x2965, 0x10A2, 0x10A2, 0x10A2, 0x1082, 0x41C6,
  0x6AA9, 0x6289, 0x6289, 0x82A7, 0x8AC7, 0x8AC7, 0x8AC7, 0x82A7, 0x82A7, 0x82C7, 0x82A7, 0xCBA8,
  0xE408, 0xDBE8, 0xDBE8, 0xEBE5, 0xF3E4, 0xF3E4, 0xF3C4, 0xF3A3, 0xFBA2, 0xFBA3, 0xF3A3, 0xFBA2,
  0xFBA1, 0xFBA1, 0xFBA1, 0xFBA1, 0xFBA1, 0xFBA1, 0xFBA1, 0xFBA1, 0xFBC2, 0xFBA1, 0xFBA1, 0xFBC1,
  0xD364, 0x9AE7, 0xA307, 0xA307, 0x9AE7, 0x92A7, 0x92A7, 0x9AC7, 0x92A7, 0xB348, 0xC389, 0xBB89,
  0xBB69, 0xE445, 0xFCE1, 0xFCC2, 0xFCC2, 0xFBE2, 0xFB82, 0xFBA1, 0xFBA1, 0xFBC1, 0xFBE1, 0xFBE1,
  0xFBE1, 0x30C0, 0x0000, 0x0000, 0x0000, 0x0000, 0x0000, 0x0000, 0x0000, 0x0000, 0x0000, 0x0000,
  0x0000, 0x0000, 0x0000, 0x0000, 0x0000, 0x0000, 0x0000, 0x0000, 0x0000, 0x0000, 0x0000, 0x0000,
  0x0000, 0x0000, 0x0000, 0x0000, 0x0000, 0x0000, 0x0000, 0x0000, 0x0000, 0x0000, 0x0000, 0x0000,
  0x0000, 0x0000, 0x0000, 0x0000, 0x0000, 0x0000, 0x0000, 0x0000, 0x0000, 0x0000, 0x0000, 0x0000,
  0x0000, 0x0000, 0x0000, 0x0000, 0x0000, 0x0000, 0x0000, 0x0000, 0x0000, 0x1082, 0x73AE, 0x7BCF,
  0x7BEF, 0x73AE, 0x5AEB, 0x5AEB, 0x630B, 0x5ACB, 0x31A6, 0x3186, 0x3186, 0x3186, 0x10A2, 0x10A2,
  0x18C2, 0x1082, 0x41C6, 0x6AA9, 0x6288, 0x6A89, 0x82C7, 0x8AC7, 0x8AC7, 0x8AC7, 0x8AC7, 0x8AC7,
  0x8AC7, 0x8AC7, 0xCBA7, 0xE3E7, 0xDBE7, 0xDBE8, 0xEBC5, 0xF3C4, 0xF3E4, 0xF3E4, 0xF3E3, 0xF3E3,
  0xF3E3, 0xF3E3, 0xFBE2, 0xFBE2, 0xFBE2, 0xFBE2, 0xFBE2, 0xFBE2, 0xFBE2, 0xFBE2, 0xFBE2, 0xFBE2,
  0xFBE2, 0xFBE2, 0xFC01, 0xD384, 0xA307, 0xAB27, 0xA307, 0xA307, 0x9B07, 0x9B07, 0x9B07, 0x9B07,
  0xB368, 0xC3A8, 0xC3A8, 0xBB89, 0xE465, 0xFD02, 0xFCE2, 0xFCE2, 0xFC02, 0xFBC2, 0xFBC2, 0xFBC2,
  0xFBC2, 0xFBC2, 0xFBC2, 0xFBC2, 0x30C0, 0x0000, 0x0000, 0x0000, 0x0000, 0x0000, 0x0000, 0x0000,
  0x0000, 0x0000, 0x0000, 0x0000, 0x0000, 0x0000, 0x0000, 0x0000, 0x0000, 0x0000, 0x0000, 0x0000,
  0x0000, 0x0000, 0x0000, 0x0000, 0x0000, 0x0000, 0x0000, 0x0000, 0x0000, 0x0000, 0x0000, 0x0000,
  0x0000, 0x0000, 0x0000, 0x0000, 0x0000, 0x0000, 0x0000, 0x0000, 0x0000, 0x0000, 0x0000, 0x0000,
  0x0000, 0x0000, 0x0000, 0x0000, 0x0000, 0x0000, 0x0000, 0x0000, 0x0000, 0x0000, 0x0000, 0x0000,
  0x1082, 0x73AE, 0x73AE, 0x73AE, 0x738E, 0x62EB, 0x5AEB, 0x62EB, 0x5ACA, 0x31A6, 0x31A6, 0x31A6,
  0x3186, 0x18C3, 0x10A2, 0x18C2, 0x1082, 0x41C6, 0x6AA9, 0x6289, 0x6289, 0x82C7, 0x8AC7, 0x8AC7,
  0x8AC7, 0x8AC7, 0x8AC7, 0x8AC7, 0x8AC7, 0xD3C7, 0xEC07, 0xE3E7, 0xE3E7, 0xF3E4, 0xFBE3, 0xFBE4,
  0xFC04, 0xFBE2, 0xFBE2, 0xFC02, 0xFC03, 0xFC02, 0xFC01, 0xFC01, 0xFC01, 0xFC01, 0xFC01, 0xFC01,
  0xFC01, 0xFC01, 0xFBE1, 0xFBE1, 0xFBE1, 0xFBE1, 0xD384, 0xAB07, 0xAB27, 0xB327, 0xAB07, 0x9AE7,
  0x9AE7, 0x9AE7, 0x92E7, 0xBB88, 0xCBA8, 0xCBA8, 0xC389, 0xE464, 0xFD21, 0xFD02, 0xFD02, 0xFC22,
  0xFBA2, 0xFBC2, 0xFBC2, 0xFBC2, 0xFBC2, 0xFBC2, 0xFBE2, 0x30C0, 0x0000, 0x0000, 0x0000, 0x0000,
  0x0000, 0x0000, 0x0000, 0x0000, 0x0000, 0x0000, 0x0000, 0x0000, 0x0000, 0x0000, 0x0000, 0x0000,
  0x0000, 0x0000, 0x0000, 0x0000, 0x0000, 0x0000, 0x0000, 0x0000, 0x0000, 0x0000, 0x0000, 0x0000,
  0x0000, 0x0000, 0x0000, 0x0000, 0x0000, 0x0000, 0x0000, 0x0000, 0x0000, 0x0000, 0x0000, 0x0000,
  0x0000, 0x0000, 0x0000, 0x0000, 0x0000, 0x0000, 0x0000, 0x0000, 0x0000, 0x0000, 0x0000, 0x0000,
  0x0000, 0x0000, 0x0000, 0x18C3, 0xA4F3, 0x9CF3, 0xA513, 0x94B2, 0x5ACB, 0x5ACA, 0x5ACB, 0x52AA,
  0x2945, 0x2104, 0x2124, 0x2124, 0x18C3, 0x10A2, 0x18A2, 0x1082, 0x51E6, 0x7AC8, 0x72A8, 0x7AA8,
  0x82C7, 0x8AC7, 0x8AC7, 0x8AC7, 0x8AC7, 0x8AC7, 0x8AC7, 0x8AC7, 0xAB47, 0xBB67, 0xB347, 0xB347,
  0xBB46, 0xC365, 0xC365, 0xC365, 0xC365, 0xC365, 0xC365, 0xC365, 0xC364, 0xC364, 0xC364, 0xC364,
  0xCB64, 0xCB64, 0xCB64, 0xCB64, 0xC364, 0xDB83, 0xFBE2, 0xF3C2, 0xFC02, 0xAB24, 0x6247, 0x7266,
  0x7267, 0x7A87, 0x92E7, 0x92E7, 0x92E7, 0x92E7, 0xA327, 0xAB48, 0xAB47, 0xA328, 0xD3E6, 0xF484,
  0xEC65, 0xEC65, 0xF404, 0xFBC2, 0xFBC2, 0xF3C3, 0xFBC2, 0xFBC2, 0xFBC2, 0xFBE2, 0x30C0, 0x0000,
  0x0000, 0x0000, 0x0000, 0x0000, 0x0000, 0x0000, 0x0000, 0x0000, 0x0000, 0x0000, 0x0000, 0x0000,
  0x0000, 0x0000, 0x0000, 0x0000, 0x0000, 0x0000, 0x0000, 0x0000, 0x0000, 0x0000, 0x0000, 0x0000,
  0x0000, 0x0000, 0x0000, 0x0000, 0x0000, 0x0000, 0x0000, 0x0000, 0x0000, 0x0000, 0x0000, 0x0000,
  0x0000, 0x0000, 0x0000, 0x0000, 0x0000, 0x0000, 0x0000, 0x0000, 0x0000, 0x0000, 0x0000, 0x0000,
  0x0000, 0x0000, 0x0000, 0x0000, 0x0000, 0x0000, 0x18E3, 0xCE58, 0xCE59, 0xD699, 0xBDF7, 0x52AA,
  0x528A, 0x52AA, 0x4A69, 0x10A2, 0x1082, 0x10A2, 0x10A2, 0x10A2, 0x10A2, 0x18A2, 0x10A2, 0x59E5,
  0x92E7, 0x8AC7, 0x8AC7, 0x8AC7, 0x8AC7, 0x8AC7, 0x8AC7, 0x8AC7, 0x8AE7, 0x8AE7, 0x8AE7, 0x8AC7,
  0x82C7, 0x82A7, 0x82C7, 0x82C7, 0x82C7, 0x82C7, 0x82C7, 0x82A7, 0x82A7, 0x82C7, 0x82C7, 0x82C7,
  0x82C7, 0x82C7, 0x82C7, 0x82C7, 0x82C7, 0x82C7, 0x8AC7, 0x7AA7, 0xB345, 0xFBE2, 0xF3C3, 0xFC03,
  0x82A5, 0x2166, 0x31A6, 0x2986, 0x49E7, 0x92E7, 0x8AC7, 0x92E7, 0x92E7, 0x8AC7, 0x8AC7, 0x8AC7,
  0x82C7, 0xBB68, 0xE3C8, 0xDBC8, 0xDBE9, 0xE3C6, 0xF3C3, 0xF3C3, 0xF3C3, 0xFBC2, 0xFBC2, 0xFBC2,
  0xFBE2, 0x30C0, 0x0000, 0x0000, 0x0000, 0x0000, 0x0000, 0x0000, 0x0000, 0x0000, 0x0000, 0x0000,
  0x0000, 0x0000, 0x0000, 0x0000, 0x0000, 0x0000, 0x0000, 0x0000, 0x0000, 0x0000, 0x0000, 0x0000,
  0x0000, 0x0000, 0x0000, 0x0000, 0x0000, 0x0000, 0x0000, 0x0000, 0x0000, 0x0000, 0x0000, 0x0000,
  0x0000, 0x0000, 0x0000, 0x0000, 0x0000, 0x0000, 0x0000, 0x0000, 0x0000, 0x0000, 0x0000, 0x0000,
  0x0000, 0x0000, 0x0000, 0x0000, 0x0000, 0x0000, 0x0000, 0x0000, 0x0000, 0x18E3, 0xC618, 0xC638,
  0xCE59, 0xB5B6, 0x52AA, 0x52AA, 0x5AAA, 0x4A69, 0x10A2, 0x10A2, 0x10A2, 0x10A2, 0x10A2, 0x18C2,
  0x18C3, 0x10A2, 0x59E5, 0x92E7, 0x8AC7, 0x8AC7, 0x8AC7, 0x8AC7, 0x8AC7, 0x8AC7, 0x8AE7, 0x8AE7,
  0x8AE7, 0x8AE7, 0x8AE7, 0x8AE7, 0x8AE7, 0x8AE7, 0x8AE7, 0x8AE7, 0x8AE7, 0x8AE7, 0x8AE7, 0x92E7,
  0x92E7, 0x92E7, 0x92E7, 0x92E7, 0x92E7, 0x8AE7, 0x92E7, 0x92E7, 0x92E7, 0x92E7, 0x8AE7, 0xBB45,
  0xFBE2, 0xF3C3, 0xFC03, 0x8AA5, 0x2986, 0x41C6, 0x39A6, 0x5207, 0x92E7, 0x92E7, 0x92E7, 0x92E7,
  0x8AE7, 0x8AE7, 0x92E7, 0x8AC7, 0xBB67, 0xE3E8, 0xDBE8, 0xDC08, 0xE3C6, 0xF3C3, 0xF3C3, 0xF3C3,
  0xFBC3, 0xFBC2, 0xFBC2, 0xFBE2, 0x30C0, 0x0000, 0x0000, 0x0000, 0x0000, 0x0000, 0x0000, 0x0000,
  0x0000, 0x0000, 0x0000, 0x0000, 0x0000, 0x0000, 0x0000, 0x0000, 0x0000, 0x0000, 0x0000, 0x0000,
  0x0000, 0x0000, 0x0000, 0x0000, 0x0000, 0x0000, 0x0000, 0x0000, 0x0000, 0x0000, 0x0000, 0x0000,
  0x0000, 0x0000, 0x0000, 0x0000, 0x0000, 0x0000, 0x0000, 0x0000, 0x0000, 0x0000, 0x0000, 0x0000,
  0x0000, 0x0000, 0x0000, 0x0000, 0x0000, 0x0000, 0x0000, 0x0000, 0x0000, 0x0000, 0x0000, 0x0000,
  0x18E3, 0xC618, 0xC638, 0xCE59, 0xB5B6, 0x52AA, 0x52AA, 0x5ACA, 0x528A, 0x18C3, 0x10A2, 0x10A2,
  0x10A2, 0x1082, 0x0882, 0x10A2, 0x0862, 0x59E5, 0x92E7, 0x8AC7, 0x8AC7, 0x8AC7, 0x8AC7, 0x8AC7,
  0x8AE7, 0x8AC7, 0x8AC7, 0x8AC7, 0x8AC7, 0x8AE7, 0x8AE7, 0x8AC7, 0x8AC7, 0x8AE7, 0x8AE7, 0x8AE7,
  0x8AE7, 0x8AC7, 0x8AC7, 0x8AC7, 0x8AC7, 0x8AC7, 0x8AC7, 0x8AC7, 0x8AE7, 0x8AE7, 0x8AE7, 0x8AE7,
  0x92E7, 0x8AE8, 0xC365, 0xFC02, 0xFBE2, 0xFC22, 0x8285, 0x1967, 0x29A6, 0x2187, 0x41E7, 0x92E7,
  0x8AC7, 0x8AC7, 0x8AC7, 0x8AC7, 0x8AE7, 0x8AE7, 0x82C7, 0xBB88, 0xEC28, 0xE408, 0xE408, 0xEBE6,
  0xFBC3, 0xF3C3, 0xF3C3, 0xFBE3, 0xFBE2, 0xFBC2, 0xFBE2, 0x30C0, 0x0000, 0x0000, 0x0000, 0x0000,
  0x0000, 0x0000, 0x0000, 0x0000, 0x0000, 0x0000, 0x0000, 0x0000, 0x0000, 0x0000, 0x0000, 0x0000,
  0x0000, 0x0000, 0x0000, 0x0000, 0x0000, 0x0000, 0x0000, 0x0000, 0x0000, 0x0000, 0x0000, 0x0000,
  0x0000, 0x0000, 0x0000, 0x0000, 0x0000, 0x0000, 0x0000, 0x0000, 0x0000, 0x0000, 0x0000, 0x0000,
  0x0000, 0x0000, 0x0000, 0x0000, 0x0000, 0x0000, 0x0000, 0x0000, 0x0000, 0x0000, 0x0000, 0x0000,
  0x0000, 0x0000, 0x0000, 0x18E3, 0xC618, 0xCE38, 0xCE59, 0xBDB6, 0x52AA, 0x52AA, 0x5ACB, 0x4A69,
  0x1082, 0x0861, 0x0861, 0x0841, 0x3943, 0x49A5, 0x49A4, 0x4184, 0x7266, 0x92E7, 0x8AC7, 0x8AC7,
  0x8AC7, 0x8AC7, 0x8AE7, 0x8AC7, 0xA328, 0xA348, 0xA348, 0xA348, 0x92E7, 0x8AC7, 0x8AE7, 0x8AE7,
  0x8AE7, 0x8AE7, 0x8AE7, 0x8AE7, 0xA328, 0xAB48, 0xA348, 0xAB48, 0xA348, 0xAB48, 0x9B08, 0x8AC7,
  0x8AE7, 0x8AE7, 0x8AE7, 0x92E7, 0x8AE8, 0xB346, 0xD3A5, 0xD385, 0xD3A5, 0xA305, 0x82A5, 0x8AA5,
  0x8AA5, 0x8AC6, 0xAB48, 0xAB48, 0xA328, 0xAB48, 0xA328, 0x8AE7, 0x8AC7, 0x8AC7, 0xAB27, 0xC387,
  0xBB67, 0xB368, 0xD3A6, 0xF3E4, 0xF3C4, 0xF3C5, 0xFBE3, 0xFBC2, 0xFBC2, 0xFBE2, 0x30C0, 0x0000,
  0x0000, 0x0000, 0x0000, 0x0000, 0x0000, 0x0000, 0x0000, 0x0000, 0x0000, 0x0000, 0x0000, 0x0000,
  0x0000, 0x0000, 0x0000, 0x0000, 0x0000, 0x0000, 0x0000, 0x0000, 0x0000, 0x0000, 0x0000, 0x0000,
  0x0000, 0x0000, 0x0000, 0x0000, 0x0000, 0x0000, 0x0000, 0x0000, 0x0000, 0x0000, 0x0000, 0x0000,
  0x0000, 0x0000, 0x0000, 0x0000, 0x0000, 0x0000, 0x0000, 0x0000, 0x0000, 0x0000, 0x0000, 0x0000,
  0x0000, 0x0000, 0x0000, 0x0000, 0x0000, 0x0000, 0x18E3, 0xC618, 0xCE19, 0xCE39, 0xBD97, 0x5AAA,
  0x52AA, 0x5ACB, 0x4A69, 0x0000, 0x0000, 0x0000, 0x0000, 0x6A05, 0x9B08, 0x92E7, 0x92E7, 0x92E7,
  0x8AC7, 0x8AC7, 0x8AC7, 0x8AC7, 0x8AC7, 0x8AE7, 0x8AC7, 0xBB88, 0xCBC9, 0xC3C9, 0xCBC9, 0x9B08,
  0x8AC7, 0x8AE7, 0x8AE7, 0x8AE7, 0x8AE7, 0x92E7, 0x8AE7, 0xBBA9, 0xD3E9, 0xCBC9, 0xCBE9, 0xCBE9,
  0xD40A, 0xB368, 0x8AC7, 0x8AE7, 0x8AE7, 0x8AE7, 0x92E7, 0x92E7, 0x9B28, 0x9B28, 0x9B28, 0x9308,
  0xC386, 0xFC04, 0xFBE4, 0xFC04, 0xEBE6, 0xC3C9, 0xCBC9, 0xC3C9, 0xCBC9, 0xBBA9, 0x8AC7, 0x8AC7,
  0x8AC7, 0x8AC7, 0x82C7, 0x8AC7, 0x82C7, 0xBB66, 0xEBE5, 0xE3C6, 0xEBC6, 0xF3C3, 0xFBC2, 0xFBC2,
  0xFBE2, 0x30C0, 0x0000, 0x0000, 0x0000, 0x0000, 0x0000, 0x0000, 0x0000, 0x0000, 0x0000, 0x0000,
  0x0000, 0x0000, 0x0000, 0x0000, 0x0000, 0x0000, 0x0000, 0x0000, 0x0000, 0x0000, 0x0000, 0x0000,
  0x0000, 0x0000, 0x0000, 0x0000, 0x0000, 0x0000, 0x0000, 0x0000, 0x0000, 0x0000, 0x0000, 0x0000,
  0x0000, 0x0000, 0x0000, 0x0000, 0x0000, 0x0000, 0x0000, 0x0000, 0x0000, 0x0000, 0x0000, 0x0000,
  0x0000, 0x0000, 0x0000, 0x0000, 0x0000, 0x0000, 0x0000, 0x0000, 0x0000, 0x18E3, 0xC618, 0xCE19,
  0xCE39, 0xBDB7, 0x5AAA, 0x52AA, 0x5ACB, 0x4A69, 0x0020, 0x0000, 0x0000, 0x0000, 0x6205, 0x92E7,
  0x8AC7, 0x8AC7, 0x8AC7, 0x8AC7, 0x8AC7, 0x8AC7, 0x8AC7, 0x8AE7, 0x8AE7, 0x8AC7, 0xB388, 0xC3C9,
  0xC3A9, 0xC3C9, 0x9B08, 0x8AE7, 0x8AE7, 0x92E7, 0x92E7, 0x92E7, 0x92E7, 0x8AE7, 0xBB88, 0xCBC9,
  0xCBC9, 0xCBC9, 0xCBC9, 0xCBE9, 0xAB68, 0x8AC7, 0x8AE7, 0x8AE7, 0x92E7, 0x92E7, 0x92E7, 0x9B08,
  0xA328, 0xA328, 0x9B28, 0xC366, 0xF3E4, 0xEBC5, 0xF3C4, 0xDBC6, 0xC3C9, 0xC3C9, 0xC3C9, 0xC3C9,
  0xB388, 0x8AC7, 0x8AC7, 0x8AC7, 0x8AC7, 0x8AE7, 0x92E7, 0x8AC7, 0xBB66, 0xEBC5, 0xE3C6, 0xEBC6,
  0xF3C3, 0xFBC2, 0xFBC2, 0xFBE2, 0x30C0, 0x0000, 0x0000, 0x0000, 0x0000, 0x0000, 0x0000, 0x0000,
  0x0000, 0x0000, 0x0000, 0x0000, 0x0000, 0x0000, 0x0000, 0x0000, 0x0000, 0x0000, 0x0000, 0x0000,
  0x0000, 0x0000, 0x0000, 0x0000, 0x0000, 0x0000, 0x0000, 0x0000, 0x0000, 0x0000, 0x0000, 0x0000,
  0x0000, 0x0000, 0x0000, 0x0000, 0x0000, 0x0000, 0x0000, 0x0000, 0x0000, 0x0000, 0x0000, 0x0000,
  0x0000, 0x0000, 0x0000, 0x0000, 0x0000, 0x0000, 0x0000, 0x0000, 0x0000, 0x0000, 0x0000, 0x0000,
  0x18E3, 0xC5F8, 0xCE19, 0xCE39, 0xBD97, 0x5AAA, 0x52AA, 0x5ACB, 0x4A69, 0x0020, 0x0000, 0x0000,
  0x0000, 0x61E5, 0x9307, 0x8AC7, 0x8AC7, 0x8AC7, 0x8AC7, 0x8AC7, 0x8AC7, 0x8AC7, 0x8AC7, 0x8AE7,
  0x8AC7, 0xBB88, 0xCBC9, 0xC3C9, 0xCBC9, 0x9307, 0x82C7, 0x8AC7, 0x8AC7, 0x8AC7, 0x8AC7, 0x8AC7,
  0x8AC7, 0xBB89, 0xCBE9, 0xCBC9, 0xCBC9, 0xCBC9, 0xD3E9, 0xAB68, 0x82C7, 0x8AC7, 0x8AC7, 0x8AE7,
  0x8AE7, 0x8AC7, 0x9B08, 0xA328, 0xA328, 0x9308, 0xC366, 0xF3C3, 0xEBA4, 0xF3C3, 0xDBA6, 0xBBA9,
  0xC3A8, 0xC3A8, 0xC3A8, 0xB389, 0x8AC7, 0x82A7, 0x8AC7, 0x8AC7, 0x8AC7, 0x8AE7, 0x82C7, 0xC366,
  0xFC05, 0xEBE5, 0xF3E6, 0xFBE3, 0xFBE2, 0xFBE2, 0xFC02, 0x30C0, 0x0000, 0x0000, 0x0000, 0x0000,
  0x0000, 0x0000, 0x0000, 0x0000, 0x0000, 0x0000, 0x0000, 0x0000, 0x0000, 0x0000, 0x0000, 0x0000,
  0x0000, 0x0000, 0x0000, 0x0000, 0x0000, 0x0000, 0x0000, 0x0000, 0x0000, 0x0000, 0x0000, 0x0000,
  0x0000, 0x0000, 0x0000, 0x0000, 0x0000, 0x0000, 0x0000, 0x0000, 0x0000, 0x0000, 0x0000, 0x0000,
  0x0000, 0x0000, 0x0000, 0x0000, 0x0000, 0x0000, 0x0000, 0x0000, 0x0000, 0x0000, 0x0000, 0x0000,
  0x0000, 0x0000, 0x0000, 0x18C3, 0xC5F8, 0xCE19, 0xCE39, 0xBD97, 0x5ACA, 0x52AA, 0x5ACB, 0x5289,
  0x0841, 0x0841, 0x0841, 0x0840, 0x7246, 0x92E7, 0x8AC7, 0x8AC7, 0x8AC7, 0x8AC7, 0x8AC7, 0x8AC7,
  0x8AC7, 0x8AC7, 0x8AC7, 0x8AC7, 0xA348, 0xAB68, 0xAB68, 0xAB68, 0xAB48, 0xAB48, 0xAB48, 0xAB48,
  0xAB68, 0xAB68, 0xAB68, 0xAB48, 0xC3A9, 0xCBE9, 0xCBC9, 0xCBC9, 0xCBC9, 0xCBE9, 0xBBA9, 0xA348,
  0xAB48, 0xA348, 0xA348, 0xA348, 0xA348, 0xB389, 0xBBA9, 0xBBA9, 0xB3A9, 0xD44A, 0xF4AA, 0xF48A,
  0xF489, 0xEC8B, 0xDC8C, 0xDC8C, 0xDC8C, 0xDC8C, 0xC3EA, 0xAB27, 0xAB48, 0xAB48, 0x92E7, 0x8AC7,
  0x8AE7, 0x8AC7, 0xAB27, 0xC366, 0xBB66, 0xC366, 0xC365, 0xCB64, 0xCB64, 0xCB84, 0x28A1, 0x0000,
  0x0000, 0x0000, 0x0000, 0x0000, 0x0000, 0x0000, 0x0000, 0x0000, 0x0000, 0x0000, 0x0000, 0x0000,
  0x0000, 0x0000, 0x0000, 0x0000, 0x0000, 0x0000, 0x0000, 0x0000, 0x0000, 0x0000, 0x0000, 0x0000,
  0x0000, 0x0000, 0x0000, 0x0000, 0x0000, 0x0000, 0x0000, 0x0000, 0x0000, 0x0000, 0x0000, 0x0000,
  0x0000, 0x0000, 0x0000, 0x0000, 0x0000, 0x0000, 0x0000, 0x0000, 0x0000, 0x0000, 0x0000, 0x0000,
  0x0000, 0x0000, 0x0000, 0x0000, 0x0000, 0x0000, 0x18C3, 0xC5F8, 0xCE18, 0xCE39, 0xBD96, 0x5AAA,
  0x52AA, 0x5ACB, 0x4A69, 0x10A2, 0x1082, 0x1082, 0x18C2, 0x8AA7, 0x8AC7, 0x8AC7, 0x8AC7, 0x8AC7,
  0x8AC7, 0x8AC7, 0x8AC7, 0x8AE7, 0x8AE7, 0x8AC7, 0x8AC7, 0x8AC7, 0x8AC7, 0x8AC7, 0x8AC7, 0xC3A9,
  0xD40A, 0xD3E9, 0xD3E9, 0xD3EA, 0xD3EA, 0xCBEA, 0xCBE9, 0xCBE9, 0xCBC9, 0xCBC9, 0xCBE9, 0xCBE9,
  0xCBE9, 0xCBE9, 0xCBE9, 0xC3C9, 0xC3C9, 0xC3C9, 0xC3C9, 0xC3C9, 0xD42A, 0xDC4B, 0xD42A, 0xDC6B,
  0xF54F, 0xF591, 0xF591, 0xF591, 0xF590, 0xFD90, 0xFD90, 0xFD90, 0xFDB0, 0xDC8C, 0xCBC9, 0xD40A,
  0xD40A, 0x9B07, 0x8AC7, 0x8AE7, 0x8AE7, 0x8AC7, 0x82C7, 0x82C7, 0x8AC7, 0x82C7, 0x82C7, 0x82C7,
  0x8AC7, 0x1881, 0x0000, 0x0000, 0x0000, 0x0000, 0x0000, 0x0000, 0x0000, 0x0000, 0x0000, 0x0000,
  0x0000, 0x0000, 0x0000, 0x0000, 0x0000, 0x0000, 0x0000, 0x0000, 0x0000, 0x0000, 0x0000, 0x0000,
  0x0000, 0x0000, 0x0000, 0x0000, 0x0000, 0x0000, 0x0000, 0x0000, 0x0000, 0x0000, 0x0000, 0x0000,
  0x0000, 0x0000, 0x0000, 0x0000, 0x0000, 0x0000, 0x0000, 0x0000, 0x0000, 0x0000, 0x0000, 0x0000,
  0x0000, 0x0000, 0x0000, 0x0000, 0x0000, 0x0000, 0x0000, 0x0000, 0x0000, 0x18C3, 0xC5F8, 0xCE18,
  0xCE39, 0xBD96, 0x5AAA, 0x52AA, 0x5ACB, 0x4A69, 0x10A2, 0x1082, 0x1082, 0x18C2, 0x82A6, 0x8AE7,
  0x8AC7, 0x8AC7, 0x8AC7, 0x8AC7, 0x8AC7, 0x8AC7, 0x8AE7, 0x8AE7, 0x8AE7, 0x8AE7, 0x8AC7, 0x8AE7,
  0x8AE7, 0x8AC7, 0xBBA9, 0xCBE9, 0xCBE9, 0xCBE9, 0xCBE9, 0xCBE9, 0xCBE9, 0xCBE9, 0xCBE9, 0xCBE9,
  0xCBE9, 0xCBE9, 0xCBE9, 0xCBE9, 0xCBE9, 0xC3C9, 0xC3C9, 0xC3C9, 0xC3C9, 0xC3C9, 0xC3A9, 0xCC0A,
  0xD44B, 0xD42B, 0xDC4B, 0xED2F, 0xF570, 0xF570, 0xF570, 0xF570, 0xF570, 0xF570, 0xF570, 0xF570,
  0xE4AD, 0xCBC9, 0xCBE9, 0xCC0A, 0x9B28, 0x8AC7, 0x8AE7, 0x8AE7, 0x8AC7, 0x8AC7, 0x8AE7, 0x8AE7,
  0x92E7, 0x92E7, 0x8AC7, 0x92E7, 0x1881, 0x0000, 0x0000, 0x0000, 0x0000, 0x0000, 0x0000, 0x0000,
  0x0000, 0x0000, 0x0000, 0x0000, 0x0000, 0x0000, 0x0000, 0x0000, 0x0000, 0x0000, 0x0000, 0x0000,
  0x0000, 0x0000, 0x0000, 0x0000, 0x0000, 0x0000, 0x0000, 0x0000, 0x0000, 0x0000, 0x0000, 0x0000,
  0x0000, 0x0000, 0x0000, 0x0000, 0x0000, 0x0000, 0x0000, 0x0000, 0x0000, 0x0000, 0x0000, 0x0000,
  0x0000, 0x0000, 0x0000, 0x0000, 0x0000, 0x0000, 0x0000, 0x0000, 0x0000, 0x0000, 0x0000, 0x0000,
  0x18C3, 0xC5F8, 0xCE18, 0xCE39, 0xBD97, 0x5AAA, 0x52AA, 0x5ACB, 0x4A69, 0x0882, 0x0861, 0x0861,
  0x10A2, 0x82A7, 0x8AE7, 0x8AC7, 0x8AC7, 0x8AC7, 0x8AE7, 0x8AE7, 0x8AE7, 0x8AE7, 0x8AE7, 0x8AE7,
  0x8AE7, 0x8AC7, 0x8AC7, 0x8AE7, 0x8AC7, 0xBBA9, 0xCBE9, 0xCBE9, 0xCBE9, 0xCBE9, 0xCBE9, 0xCBE9,
  0xCBE9, 0xCBE9, 0xCBC9, 0xCBE9, 0xCBE9, 0xCBC9, 0xCBC9, 0xC3C9, 0xC3C9, 0xC3A9, 0xC3A9, 0xC3A9,
  0xC3A9, 0xC3A9, 0xCBE9, 0xD40A, 0xD40A, 0xDC6B, 0xF54F, 0xF570, 0xF570, 0xF570, 0xF570, 0xF56F,
  0xF56F, 0xF56F, 0xFD90, 0xDC8C, 0xC3A8, 0xCBE9, 0xCC0A, 0x9B07, 0x82A7, 0x8AC7, 0x8AC7, 0x8AC7,
  0x8AC7, 0x8AC7, 0x8AC7, 0x8AE7, 0x8AC7, 0x8AC7, 0x92E7, 0x1881, 0x0000, 0x0000, 0x0000, 0x0000,
  0x0000, 0x0000, 0x0000, 0x0000, 0x0000, 0x0000, 0x0000, 0x0000, 0x0000, 0x0000, 0x0000, 0x0000,
  0x0000, 0x0000, 0x0000, 0x0000, 0x0000, 0x0000, 0x0000, 0x0000, 0x0000, 0x0000, 0x0000, 0x0000,
  0x0000, 0x0000, 0x0000, 0x0000, 0x0000, 0x0000, 0x0000, 0x0000, 0x0000, 0x0000, 0x0000, 0x0000,
  0x0000, 0x0000, 0x0000, 0x0000, 0x0000, 0x0000, 0x0000, 0x0000, 0x0000, 0x0000, 0x0000, 0x0000,
  0x0000, 0x0000, 0x0000, 0x18C3, 0xC5F8, 0xCE18, 0xCE39, 0xBD96, 0x52AA, 0x52AA, 0x52CB, 0x528A,
  0x49A5, 0x49A4, 0x4184, 0x51C4, 0x8AC7, 0x8AC7, 0x8AC7, 0x8AC7, 0x8AC7, 0x8AE7, 0x8AE7, 0x8AE7,
  0x8AE7, 0x8AE7, 0x8AE7, 0x8AE7, 0x8AC7, 0x8AE7, 0x8AE7, 0x8AC7, 0xBBA9, 0xCBE9, 0xCBE9, 0xCBE9,
  0xCBE9, 0xCBE9, 0xCBE9, 0xCBE9, 0xCBE9, 0xCBE9, 0xCBC9, 0xD42A, 0xDC6C, 0xDC8C, 0xDC8C, 0xDC6C,
  0xDC6C, 0xD46C, 0xD46C, 0xD46C, 0xD46C, 0xE4CE, 0xE50F, 0xE4EF, 0xED2F, 0xF5B1, 0xF5B2, 0xF5B2,
  0xF5B2, 0xF5B2, 0xF5B2, 0xF5B2, 0xF5B2, 0xFDD2, 0xED30, 0xDCCE, 0xE4CD, 0xE48C, 0xB368, 0xA348,
  0xAB48, 0xAB68, 0x92E7, 0x8AC7, 0x8AC7, 0x8AC7, 0x8AC7, 0x8AC7, 0x8AC7, 0x92E7, 0x1881, 0x0000,
  0x0000, 0x0000, 0x0000, 0x0000, 0x0000, 0x0000, 0x0000, 0x0000, 0x0000, 0x0000, 0x0000, 0x0000,
  0x0000, 0x0000, 0x0000, 0x0000, 0x0000, 0x0000, 0x0000, 0x0000, 0x0000, 0x0000, 0x0000, 0x0000,
  0x0000, 0x0000, 0x0000, 0x0000, 0x0000, 0x0000, 0x0000, 0x0000, 0x0000, 0x0000, 0x0000, 0x0000,
  0x0000, 0x0000, 0x0000, 0x0000, 0x0000, 0x0000, 0x0000, 0x0000, 0x0000, 0x0000, 0x0000, 0x0000,
  0x0000, 0x0000, 0x0000, 0x0000, 0x0000, 0x0000, 0x18C3, 0xC5F8, 0xCE18, 0xCE39, 0xBD97, 0x52AA,
  0x52AA, 0x52AA, 0x5ACA, 0x92E7, 0x92E7, 0x92E7, 0x92E7, 0x8AC7, 0x8AC7, 0x8AC7, 0x8AE7, 0x8AE7,
  0x8AE7, 0x8AE7, 0x8AE7, 0x8AE7, 0x8AE7, 0x8AE7, 0x8AE7, 0x8AE7, 0x8AE7, 0x8AE7, 0x8AE7, 0xBBA9,
  0xCBE9, 0xCBE9, 0xCBE9, 0xCBE9, 0xCBE9, 0xCBE9, 0xCBE9, 0xCBE9, 0xCBE9, 0xCBC9, 0xDC6B, 0xF54E,
  0xF54F, 0xF54F, 0xF54F, 0xF54F, 0xED4F, 0xED4F, 0xED4F, 0xED2F, 0xFDF3, 0xFE34, 0xFE14, 0xFE14,
  0xFE14, 0xFDF4, 0xFDF4, 0xFDF4, 0xFDF4, 0xFE15, 0xFE14, 0xFE14, 0xFDF4, 0xFE14, 0xFE35, 0xF591,
  0xF56F, 0xD42B, 0xCBC9, 0xD3E9, 0xD40A, 0x9B28, 0x8AA7, 0x8AC7, 0x8AC7, 0x8AC7, 0x8AC7, 0x8AC7,
  0x92E7, 0x1881, 0x0000, 0x0000, 0x0000, 0x0000, 0x0000, 0x0000, 0x0000, 0x0000, 0x0000, 0x0000,
  0x0000, 0x0000, 0x0000, 0x0000, 0x0000, 0x0000, 0x0000, 0x0000, 0x0000, 0x0000, 0x0000, 0x0000,
  0x0000, 0x0000, 0x0000, 0x0000, 0x0000, 0x0000, 0x0000, 0x0000, 0x0000, 0x0000, 0x0000, 0x0000,
  0x0000, 0x0000, 0x0000, 0x0000, 0x0000, 0x0000, 0x0000, 0x0000, 0x0000, 0x0000, 0x0000, 0x0000,
  0x0000, 0x0000, 0x0000, 0x0000, 0x0000, 0x0000, 0x0000, 0x0000, 0x0000, 0x18C3, 0xC5F8, 0xCE18,
  0xCE19, 0xBD97, 0x5AAA, 0x52AA, 0x52AA, 0x5AAA, 0x8AC7, 0x8AC7, 0x8AC7, 0x8AC7, 0x8AC7, 0x8AE7,
  0x8AC7, 0x8AC7, 0x8AE7, 0x8AE7, 0x8AE7, 0x8AE7, 0x8AE7, 0x92E7, 0x8AE7, 0x8AE7, 0x8AE7, 0x8AE7,
  0x8AE7, 0x8AE7, 0xBBA9, 0xCBE9, 0xCBE9, 0xCBE9, 0xCBE9, 0xCBE9, 0xCBE9, 0xCBE9, 0xCBE9, 0xCBEA,
  0xCBC9, 0xDC4B, 0xF52E, 0xF52F, 0xF54F, 0xF54F, 0xED4F, 0xED2F, 0xED2F, 0xED2F, 0xED2F, 0xF5D3,
  0xF5F4, 0xF5F3, 0xF5F3, 0xF5F4, 0xFDF4, 0xF5F4, 0xFDF4, 0xF5F4, 0xFE14, 0xFE14, 0xF614, 0xF614,
  0xFE14, 0xF5F4, 0xF570, 0xF56F, 0xD42B, 0xCBC9, 0xCBE9, 0xCBEA, 0x9B08, 0x8AA7, 0x8AC7, 0x8AC7,
  0x8AC7, 0x8AC7, 0x8AC7, 0x92E7, 0x1881, 0x0000, 0x0000, 0x0000, 0x0000, 0x0000, 0x0000, 0x0000,
  0x0000, 0x0000, 0x0000, 0x0000, 0x0000, 0x0000, 0x0000, 0x0000, 0x0000, 0x0000, 0x0000, 0x0000,
  0x0000, 0x0000, 0x0000, 0x0000, 0x0000, 0x0000, 0x0000, 0x0000, 0x0000, 0x0000, 0x0000, 0x0000,
  0x0000, 0x0000, 0x0000, 0x0000, 0x0000, 0x0000, 0x0000, 0x0000, 0x0000, 0x0000, 0x0000, 0x0000,
  0x0000, 0x0000, 0x0000, 0x0000, 0x0000, 0x0000, 0x0000, 0x0000, 0x0000, 0x0000, 0x0000, 0x0000,
  0x18E3, 0xC5F8, 0xCE18, 0xCE19, 0xBD97, 0x5AAA, 0x52AA, 0x52AA, 0x5AAA, 0x82C7, 0x8AC7, 0x8AC7,
  0x8AC7, 0x8AC7, 0x8AC7, 0x8AE7, 0x8AE7, 0x8AE7, 0x8AE7, 0x8AE7, 0x8AE7, 0x82C7, 0x82C7, 0x82C7,
  0x82C8, 0x8AC7, 0x8AC7, 0x8AC7, 0x8AC7, 0xBBA9, 0xD3E9, 0xCBE9, 0xCBE9, 0xCBE9, 0xCBE9, 0xCBE9,
  0xCBE9, 0xCBE9, 0xCBC9, 0xC3A9, 0xD44B, 0xF52E, 0xF52E, 0xF52E, 0xF52E, 0xED2E, 0xED2E, 0xED2E,
  0xED2E, 0xED2F, 0xF5F3, 0xFE14, 0xFE14, 0xFE14, 0xF5F4, 0xFDF4, 0xFDF4, 0xF5F3, 0xF5F4, 0xFDF4,
  0xFDF4, 0xFDF4, 0xFDF4, 0xFDF3, 0xFDF3, 0xF590, 0xF56F, 0xD40A, 0xCBA8, 0xCBC9, 0xD3E9, 0x9B07,
  0x82A7, 0x8AC7, 0x8AC7, 0x8AC7, 0x8AC7, 0x8AC7, 0x92E7, 0x1881, 0x0000, 0x0000, 0x0000, 0x0000,
  0x0000, 0x0000, 0x0000, 0x0000, 0x0000, 0x0000, 0x0000, 0x0000, 0x0000, 0x0000, 0x0000, 0x0000,
  0x0000, 0x0000, 0x0000, 0x0000, 0x0000, 0x0000, 0x0000, 0x0000, 0x0000, 0x0000, 0x0000, 0x0000,
  0x0000, 0x0000, 0x0000, 0x0000, 0x0000, 0x0000, 0x0000, 0x0000, 0x0000, 0x0000, 0x0000, 0x0000,
  0x0000, 0x0000, 0x0000, 0x0000, 0x0000, 0x0000, 0x0000, 0x0000, 0x0000, 0x0000, 0x0000, 0x0000,
  0x0000, 0x0000, 0x0000, 0x18E3, 0xC618, 0xCE18, 0xCE39, 0xB596, 0x52AA, 0x5AAA, 0x52AA, 0x62CA,
  0xA348, 0xAB48, 0xAB48, 0xAB48, 0x8AE7, 0x8AC7, 0x8AE7, 0x8AC7, 0x8AC7, 0x8AE7, 0x8AE7, 0x8AE7,
  0xB325, 0xC345, 0xBB45, 0xBB45, 0xB347, 0xAB48, 0xAB68, 0xAB68, 0xC3C9, 0xCBE9, 0xCBE9, 0xCBE9,
  0xCBE9, 0xCBE9, 0xCBE9, 0xD40A, 0xDC8C, 0xDC8C, 0xDC6C, 0xE4CD, 0xF590, 0xF591, 0xF591, 0xF591,
  0xF591, 0xF591, 0xF591, 0xF591, 0xF591, 0xF5F3, 0xF614, 0xF5F4, 0xF5F4, 0xF5F4, 0xFDF4, 0xFE15,
  0xFE56, 0xFE77, 0xFE98, 0xFE98, 0xFE98, 0xF697, 0xF697, 0xFE98, 0xF614, 0xF5B2, 0xE4AD, 0xDC8C,
  0xDCAC, 0xE4CD, 0xA348, 0x82A6, 0x8AC7, 0x8AC7, 0x8AC7, 0x8AC7, 0x8AC7, 0x92E7, 0x1881, 0x0000,
  0x0000, 0x0000, 0x0000, 0x0000, 0x0000, 0x0000, 0x0000, 0x0000, 0x0000, 0x0000, 0x0000, 0x0000,
  0x0000, 0x0000, 0x0000, 0x0000, 0x0000, 0x0000, 0x0000, 0x0000, 0x0000, 0x0000, 0x0000, 0x0000,
  0x0000, 0x0000, 0x0000, 0x0000, 0x0000, 0x0000, 0x0000, 0x0000, 0x0000, 0x0000, 0x0000, 0x0000,
  0x0000, 0x0000, 0x0000, 0x0000, 0x0000, 0x0000, 0x0000, 0x0000, 0x0000, 0x0000, 0x0000, 0x0000,
  0x0000, 0x0000, 0x0000, 0x0000, 0x0000, 0x0000, 0x18E3, 0xC618, 0xC638, 0xCE59, 0xB5B6, 0x5ACB,
  0x5AAA, 0x52AB, 0x62EA, 0xCBE9, 0xD3E9, 0xD3E9, 0xCBE9, 0x92E7, 0x8AC7, 0x8AC7, 0x8AC7, 0x8AE7,
  0x8AE7, 0x8AE7, 0x8AE7, 0xEBA3, 0xFBE1, 0xFBE1, 0xFBE1, 0xDBE7, 0xCBEA, 0xD3E9, 0xD3E9, 0xCBE9,
  0xCBE9, 0xCBE9, 0xCBE9, 0xCBE9, 0xCBE9, 0xCBE9, 0xD44B, 0xF54F, 0xFDB1, 0xFD90, 0xFD6F, 0xFDD3,
  0xFE14, 0xFE14, 0xFE14, 0xFE14, 0xFE14, 0xFE14, 0xFE14, 0xFE14, 0xF614, 0xF614, 0xF5F4, 0xF614,
  0xF614, 0xFDF4, 0xFE56, 0xFEB8, 0xFEFA, 0xF75C, 0xF73C, 0xF73C, 0xF73C, 0xF73C, 0xF73C, 0xF677,
  0xF635, 0xFDB1, 0xFD70, 0xFD90, 0xFDB0, 0xAB89, 0x82A6, 0x8AC7, 0x8AC7, 0x8AC7, 0x8AC7, 0x8AC7,
  0x92E7, 0x1881, 0x0000, 0x0000, 0x0000, 0x0000, 0x0000, 0x0000, 0x0000, 0x0000, 0x0000, 0x0000,
  0x0000, 0x0000, 0x0000, 0x0000, 0x0000, 0x0000, 0x0000, 0x0000, 0x0000, 0x0000, 0x0000, 0x0000,
  0x0000, 0x0000, 0x0000, 0x0000, 0x0000, 0x0000, 0x0000, 0x0000, 0x0000, 0x0000, 0x0000, 0x0000,
  0x0000, 0x0000, 0x0000, 0x0000, 0x0000, 0x0000, 0x0000, 0x0000, 0x0000, 0x0000, 0x0000, 0x0000,
  0x0000, 0x0000, 0x0000, 0x0000, 0x0000, 0x0000, 0x0000, 0x0000, 0x0000, 0x18E3, 0xC618, 0xC638,
  0xCE59, 0xB5B6, 0x5ACB, 0x5ACA, 0x52CB, 0x62EA, 0xC3C9, 0xCBC9, 0xCBE9, 0xC3C9, 0x92E7, 0x8AC7,
  0x8AC7, 0x8AC7, 0x8AC7, 0x8AE7, 0x8AE7, 0x8AE7, 0xE3A3, 0xFBE2, 0xFBE2, 0xFBC2, 0xD3E7, 0xCBEA,
  0xCBE9, 0xCBE9, 0xCBE9, 0xCBE9, 0xCBE9, 0xCBE9, 0xCBE9, 0xCBEA, 0xCBE9, 0xD42B, 0xE4AC, 0xE4AB,
  0xE4AC, 0xECED, 0xF5D2, 0xFDF4, 0xFDF3, 0xFDF4, 0xFDF4, 0xF5F3, 0xF5F3, 0xF5F3, 0xF5F3, 0xF5F3,
  0xF5F3, 0xF5F3, 0xF5F4, 0xF5F4, 0xF5D3, 0xF635, 0xF698, 0xF6D9, 0xF71B, 0xF71B, 0xF71B, 0xF71B,
  0xF71B, 0xF71B, 0xF636, 0xF615, 0xF590, 0xF54F, 0xF56F, 0xFD90, 0xAB89, 0x82A6, 0x8AE7, 0x8AC7,
  0x8AC7, 0x8AC7, 0x8AE7, 0x92E7, 0x1881, 0x0000, 0x0000, 0x0000, 0x0000, 0x0000, 0x0000, 0x0000,
  0x0000, 0x0000, 0x0000, 0x0000, 0x0000, 0x0000, 0x0000, 0x0000, 0x0000, 0x0000, 0x0000, 0x0000,
  0x0000, 0x0000, 0x0000, 0x0000, 0x0000, 0x0000, 0x0000, 0x0000, 0x0000, 0x0000, 0x0000, 0x0000,
  0x0000, 0x0000, 0x0000, 0x0000, 0x0000, 0x0000, 0x0000, 0x0000, 0x0000, 0x0000, 0x0000, 0x0000,
  0x0000, 0x0000, 0x0000, 0x0000, 0x0000, 0x0000, 0x0000, 0x0000, 0x0000, 0x0000, 0x0000, 0x0000,
  0x18E3, 0xC618, 0xC638, 0xCE59, 0xB5B6, 0x5ACB, 0x5ACA, 0x52CB, 0x62EB, 0xCBEA, 0xD3E9, 0xD3E9,
  0xCBE9, 0x92E7, 0x8AC7, 0x8AC7, 0x8AC7, 0x8AC7, 0x8AE7, 0x8AE7, 0x8AE7, 0xE382, 0xFBC1, 0xFBC1,
  0xFBC0, 0xD3C7, 0xC3C9, 0xCBC9, 0xCBC9, 0xCBC9, 0xCBC9, 0xCBC9, 0xCBC9, 0xCBC9, 0xCBC9, 0xCBC9,
  0xCBA9, 0xE48B, 0xECCC, 0xE4AC, 0xED2E, 0xFDD3, 0xFDF4, 0xFDF4, 0xFDF4, 0xFE14, 0xFE34, 0xFE14,
  0xFE14, 0xFE14, 0xFE34, 0xFE35, 0xFE35, 0xFE35, 0xFE55, 0xFE35, 0xFE76, 0xFF1A, 0xFF5B, 0xFF9D,
  0xFF9D, 0xFF9D, 0xFF9D, 0xFF7D, 0xFF7D, 0xFEB7, 0xFE76, 0xFDB1, 0xF56F, 0xF56F, 0xFD90, 0xAB89,
  0x8286, 0x8AC7, 0x8AC7, 0x8AC7, 0x8AC7, 0x8AC7, 0x92E7, 0x1881, 0x0000, 0x0000, 0x0000, 0x0000,
  0x0000, 0x0000, 0x0000, 0x0000, 0x0000, 0x0000, 0x0000, 0x0000, 0x0000, 0x0000, 0x0000, 0x0000,
  0x0000, 0x0000, 0x0000, 0x0000, 0x0000, 0x0000, 0x0000, 0x0000, 0x0000, 0x0000, 0x0000, 0x0000,
  0x0000, 0x0000, 0x0000, 0x0000, 0x0000, 0x0000, 0x0000, 0x0000, 0x0000, 0x0000, 0x0000, 0x0000,
  0x0000, 0x0000, 0x0000, 0x0000, 0x0000, 0x0000, 0x0000, 0x0000, 0x0000, 0x0000, 0x0000, 0x0000,
  0x0000, 0x0000, 0x0000, 0x18E3, 0xC618, 0xC638, 0xCE59, 0xB5B6, 0x5ACB, 0x5ACB, 0x5ACB, 0x62EB,
  0xAB68, 0xB368, 0xB368, 0xAB68, 0x8AE7, 0x8AC7, 0x8AC7, 0x8AC7, 0x8AC7, 0x8AE7, 0x8AE7, 0x8AC7,
  0xE427, 0xFC87, 0xFC67, 0xFC87, 0xE46A, 0xDC6C, 0xDC8C, 0xDC8C, 0xDC8C, 0xDC6C, 0xDC8C, 0xDC6C,
  0xDCAD, 0xDCAE, 0xDCCE, 0xDCCD, 0xED50, 0xF5B1, 0xF591, 0xF591, 0xFDF3, 0xFE14, 0xFDF4, 0xFE14,
  0xF5B2, 0xE530, 0xED30, 0xED30, 0xED30, 0xD4CF, 0xCCAF, 0xCCAF, 0xCCCF, 0xB44E, 0x9BCD, 0xA40E,
  0x9C50, 0xA4B1, 0xAD13, 0xAD13, 0xAD13, 0xAD13, 0xAD13, 0xAD13, 0xACB0, 0xA42E, 0xE50F, 0xFD8F,
  0xF56F, 0xFD90, 0xB3AA, 0x9AE7, 0xA328, 0xA348, 0x92E7, 0x8AC7, 0x8AC7, 0x92E7, 0x1881, 0x0000,
  0x0000, 0x0000, 0x0000, 0x0000, 0x0000, 0x0000, 0x0000, 0x0000, 0x0000, 0x0000, 0x0000, 0x0000,
  0x0000, 0x0000, 0x0000, 0x0000, 0x0000, 0x0000, 0x0000, 0x0000, 0x0000, 0x0000, 0x0000, 0x0000,
  0x0000, 0x0000, 0x0000, 0x0000, 0x0000, 0x0000, 0x0000, 0x0000, 0x0000, 0x0000, 0x0000, 0x0000,
  0x0000, 0x0000, 0x0000, 0x0000, 0x0000, 0x0000, 0x0000, 0x0000, 0x0000, 0x0000, 0x0000, 0x0000,
  0x0000, 0x0000, 0x0000, 0x0000, 0x0000, 0x0000, 0x18E3, 0xC638, 0xCE38, 0xCE59, 0xBDB7, 0x62CB,
  0x5ACB, 0x5ACB, 0x62CA, 0x82C7, 0x8AC7, 0x8AC7, 0x8AC7, 0x8AC7, 0x8AC7, 0x8AC7, 0x8AC7, 0x8AC7,
  0x8AE7, 0x8AE7, 0x8AC7, 0xE4EE, 0xFD90, 0xF590, 0xF590, 0xFD90, 0xFD70, 0xFD6F, 0xFD90, 0xFD90,
  0xFD6F, 0xFD6F, 0xFD6F, 0xFE13, 0xFE35, 0xFE14, 0xFE35, 0xFE14, 0xFDF4, 0xFE14, 0xFE14, 0xFE14,
  0xFE14, 0xF5F4, 0xFE35, 0xE50F, 0xCBA8, 0xD409, 0xCBE9, 0xD3E9, 0x9AE7, 0x8286, 0x82A6, 0x92E7,
  0x3943, 0x0021, 0x0861, 0x0020, 0x10C3, 0x2965, 0x2945, 0x2945, 0x2965, 0x2965, 0x2965, 0x3186,
  0x2145, 0xBC4D, 0xFDB0, 0xF54F, 0xFD90, 0xD42A, 0xC388, 0xC3C9, 0xC3C9, 0x9B07, 0x8AC7, 0x8AC7,
  0x92E7, 0x1881, 0x0000, 0x0000, 0x0000, 0x0000, 0x0000, 0x0000, 0x0000, 0x0000, 0x0000, 0x0000,
  0x0000, 0x0000, 0x0000, 0x0000, 0x0000, 0x0000, 0x0000, 0x0000, 0x0000, 0x0000, 0x0000, 0x0000,
  0x0000, 0x0000, 0x0000, 0x0000, 0x0000, 0x0000, 0x0000, 0x0000, 0x0000, 0x0000, 0x0000, 0x0000,
  0x0000, 0x0000, 0x0000, 0x0000, 0x0000, 0x0000, 0x0000, 0x0000, 0x0000, 0x0000, 0x0000, 0x0000,
  0x0000, 0x0000, 0x0000, 0x0000, 0x0000, 0x0000, 0x0000, 0x0000, 0x0000, 0x18E3, 0xC638, 0xCE38,
  0xCE59, 0xBDD7, 0x62CB, 0x5ACB, 0x5ACB, 0x62CA, 0x8AE7, 0x8AE7, 0x8AE7, 0x8AE7, 0x8AC7, 0x8AC7,
  0x8AC7, 0x8AC7, 0x8AC7, 0x8AC7, 0x8AC7, 0x8AC7, 0xDCCD, 0xFD6F, 0xF54F, 0xF54F, 0xF54F, 0xF56F,
  0xF56F, 0xF56F, 0xF56F, 0xF54F, 0xF56F, 0xF54F, 0xF5D2, 0xFDF4, 0xF5F4, 0xF5F4, 0xFDF4, 0xFDF4,
  0xFDF4, 0xFDF4, 0xFDF4, 0xF5F4, 0xF5F4, 0xFE14, 0xE4EF, 0xCBE9, 0xD40A, 0xCC0A, 0xD42A, 0xA348,
  0x8AC7, 0x8AE7, 0x9308, 0x49A5, 0x10A2, 0x18C3, 0x18A2, 0x2945, 0x39C7, 0x39C7, 0x39C7, 0x39C7,
  0x39E7, 0x39C7, 0x41E7, 0x39C7, 0xBC6D, 0xFD90, 0xF54F, 0xF56F, 0xCC0A, 0xBBA8, 0xC3C9, 0xC3A9,
  0x9B07, 0x8AC7, 0x8AE7, 0x92E7, 0x1881, 0x0000, 0x0000, 0x0000, 0x0000, 0x0000, 0x0000, 0x0000,
  0x0000, 0x0000, 0x0000, 0x0000, 0x0000, 0x0000, 0x0000, 0x0000, 0x0000, 0x0000, 0x0000, 0x0000,
  0x0000, 0x0000, 0x0000, 0x0000, 0x0000, 0x0000, 0x0000, 0x0000, 0x0000, 0x0000, 0x0000, 0x0000,
  0x0000, 0x0000, 0x0000, 0x0000, 0x0000, 0x0000, 0x0000, 0x0000, 0x0000, 0x0000, 0x0000, 0x0000,
  0x0000, 0x0000, 0x0000, 0x0000, 0x0000, 0x0000, 0x0000, 0x0000, 0x0000, 0x0000, 0x0000, 0x0000,
  0x10A2, 0xC638, 0xCE59, 0xCE59, 0xBDB7, 0x5ACB, 0x5ACB, 0x5ACB, 0x62CB, 0x82C7, 0x8AC7, 0x8AC7,
  0x8AC7, 0x92E7, 0x92E7, 0x92E7, 0x92E7, 0x9307, 0x9307, 0x9307, 0x92E7, 0xED2E, 0xFDD0, 0xFDB0,
  0xFDB0, 0xFD90, 0xFD90, 0xFD90, 0xFD90, 0xFD90, 0xFD90, 0xFD90, 0xFD90, 0xFDD3, 0xFDF4, 0xFDF4,
  0xFDF4, 0xFE14, 0xFE14, 0xFE14, 0xFE14, 0xFE14, 0xFE35, 0xFE14, 0xFE35, 0xED30, 0xD409, 0xD42A,
  0xD42A, 0xDC4A, 0xAB69, 0x92E7, 0x9307, 0xA348, 0x49C5, 0x0861, 0x10A2, 0x1082, 0x1904, 0x31A6,
  0x31A6, 0x31A7, 0x31A6, 0x2986, 0x29A6, 0x31A6, 0x2166, 0xC48D, 0xFDD0, 0xFD8F, 0xFDB0, 0xD42B,
  0xBB88, 0xC3C9, 0xC3C9, 0x9B08, 0x8AC7, 0x8AC7, 0x92E7, 0x1881, 0x0000, 0x0000, 0x0000, 0x0000,
  0x0000, 0x0000, 0x0000, 0x0000, 0x0000, 0x0000, 0x0000, 0x0000, 0x0000, 0x0000, 0x0000, 0x0000,
  0x0000, 0x0000, 0x0000, 0x0000, 0x0000, 0x0000, 0x0000, 0x0000, 0x0000, 0x0000, 0x0000, 0x0000,
  0x0000, 0x0000, 0x0000, 0x0000, 0x0000, 0x0000, 0x0000, 0x0000, 0x0000, 0x0000, 0x0000, 0x0000,
  0x0000, 0x0000, 0x0000, 0x0000, 0x0000, 0x0000, 0x0000, 0x0000, 0x0000, 0x0000, 0x0000, 0x0020,
  0x3186, 0x31A6, 0x3186, 0x4228, 0xC638, 0xC638, 0xCE59, 0xBDB6, 0x72C9, 0x72C9, 0x6ACA, 0x72E9,
  0xA328, 0xA328, 0xA348, 0xA348, 0x7287, 0x6A67, 0x7287, 0x7287, 0x6226, 0x6225, 0x6205, 0x6226,
  0xA3CB, 0xB42C, 0xB42C, 0xB42C, 0xD48D, 0xECED, 0xE4ED, 0xE4ED, 0xECED, 0xECED, 0xE4ED, 0xE4CD,
  0xF5B2, 0xFE14, 0xF5F3, 0xF5F4, 0xF5D3, 0xFDD2, 0xFDD2, 0xFDD2, 0xED71, 0xED50, 0xED30, 0xED51,
  0xCC6D, 0xB368, 0xBBA9, 0xBBA9, 0xBBC9, 0x7266, 0x51A4, 0x59E5, 0x6205, 0x3123, 0x18E3, 0x2924,
  0x20E3, 0x3164, 0x5A27, 0x5227, 0x5207, 0x5A27, 0x6A87, 0x6A67, 0x7288, 0x6247, 0x93AB, 0xC48E,
  0xBC4D, 0xBC6E, 0xC40A, 0xC3A8, 0xC3C9, 0xC3C9, 0x9B08, 0x8AC7, 0x8AC7, 0x92E7, 0x1881, 0x0000,
  0x0000, 0x0000, 0x0000, 0x0000, 0x0000, 0x0000, 0x0000, 0x0000, 0x0000, 0x0000, 0x0000, 0x0000,
  0x0000, 0x0000, 0x0000, 0x0000, 0x0000, 0x0000, 0x0000, 0x0000, 0x0000, 0x0000, 0x0000, 0x0000,
  0x0000, 0x0000, 0x0000, 0x0000, 0x0000, 0x0000, 0x0000, 0x0000, 0x0000, 0x0000, 0x0000, 0x0000,
  0x0000, 0x0000, 0x0000, 0x0000, 0x0000, 0x0000, 0x0000, 0x0000, 0x0000, 0x0000, 0x0000, 0x0000,
  0x0000, 0x0000, 0x0841, 0x7BEF, 0x8C51, 0x8430, 0x9492, 0xC618, 0xC618, 0xC638, 0xBDB5, 0x92E7,
  0x92C7, 0x8AC7, 0x92E7, 0xCBE9, 0xD3E9, 0xD409, 0xC3EA, 0x41C7, 0x3186, 0x31A6, 0x39A7, 0x10A3,
  0x0882, 0x10A2, 0x10A2, 0x2125, 0x2966, 0x2986, 0x2146, 0x9308, 0xD3E9, 0xC3A9, 0xCBC9, 0xCBC9,
  0xCBC9, 0xC3C9, 0xC3A8, 0xED91, 0xFE14, 0xF5F3, 0xF5F3, 0xF590, 0xF54F, 0xF54F, 0xFD6F, 0xDC4B,
  0xC3A8, 0xCBC9, 0xCBE9, 0x9B07, 0x82A7, 0x8AC7, 0x8AC7, 0x8AE7, 0x20A1, 0x0000, 0x0000, 0x0000,
  0x18C3, 0x41E7, 0x41C6, 0x39C7, 0x6247, 0x92E7, 0x92E7, 0x8AC7, 0x9B28, 0xD40A, 0xD3E9, 0xDC0A,
  0xC3EA, 0x4A49, 0x4249, 0x4249, 0x3A29, 0x9329, 0xCBC9, 0xC3C9, 0xC3E9, 0x9B07, 0x8AC7, 0x8AC7,
  0x92E7, 0x1881, 0x0000, 0x0000, 0x0000, 0x0000, 0x0000, 0x0000, 0x0000, 0x0000, 0x0000, 0x0000,
  0x0000, 0x0000, 0x0000, 0x0000, 0x0000, 0x0000, 0x0000, 0x0000, 0x0000, 0x0000, 0x0000, 0x0000,
  0x0000, 0x0000, 0x0000, 0x0000, 0x0000, 0x0000, 0x0000, 0x0000, 0x0000, 0x0000, 0x0000, 0x0000,
  0x0000, 0x0000, 0x0000, 0x0000, 0x0000, 0x0000, 0x0000, 0x0000, 0x0000, 0x0000, 0x0000, 0x0000,
  0x0000, 0x0000, 0x0000, 0x0000, 0x0000, 0x0841, 0x73AE, 0x8410, 0x7BEF, 0x8430, 0xC618, 0xC618,
  0xC638, 0xBDB6, 0x8AE7, 0x8AC7, 0x8AC7, 0x92E7, 0xCBE9, 0xCBE9, 0xCBE9, 0xC3C9, 0x41C7, 0x39C6,
  0x41C7, 0x39A6, 0x18E3, 0x18A2, 0x18C2, 0x18C2, 0x3165, 0x39A6, 0x39A6, 0x31A6, 0x9B49, 0xD3E9,
  0xC3C9, 0xCBE9, 0xCBE9, 0xCBE9, 0xCBE9, 0xC3C9, 0xED71, 0xF614, 0xF5F3, 0xF5F3, 0xF590, 0xF54F,
  0xF54F, 0xFD6F, 0xDC6B, 0xCBE9, 0xCBEA, 0xD40A, 0xA348, 0x8AC7, 0x8AE7, 0x8AC7, 0x9307, 0x28E2,
  0x0000, 0x0020, 0x0000, 0x20E3, 0x41C7, 0x39A6, 0x39C7, 0x6247, 0x8AE7, 0x8AC7, 0x8AC7, 0x9B28,
  0xC3C9, 0xC3C9, 0xCBE9, 0xB3A9, 0x5289, 0x5289, 0x5289, 0x4A8A, 0x9349, 0xCBE9, 0xC3C9, 0xC3E9,
  0x9B07, 0x8AA7, 0x8AC7, 0x92C7, 0x20A1, 0x0000, 0x0000, 0x0000, 0x0000, 0x0000, 0x0000, 0x0000,
  0x0000, 0x0000, 0x0000, 0x0000, 0x0000, 0x0000, 0x0000, 0x0000, 0x0000, 0x0000, 0x0000, 0x0000,
  0x0000, 0x0000, 0x0000, 0x0000, 0x0000, 0x0000, 0x0000, 0x0000, 0x0000, 0x0000, 0x0000, 0x0000,
  0x0000, 0x0000, 0x0000, 0x0000, 0x0000, 0x0000, 0x0000, 0x0000, 0x0000, 0x0000, 0x0000, 0x0000,
  0x0000, 0x0000, 0x0000, 0x0000, 0x0000, 0x0000, 0x0000, 0x0000, 0x0841, 0x738E, 0x7BEF, 0x7BCE,
  0x8410, 0xC617, 0xC638, 0xC658, 0xBDB6, 0x8AC7, 0x8AC7, 0x8AC7, 0x9307, 0xD409, 0xD409, 0xDC09,
  0xCBE9, 0x41C6, 0x3186, 0x3986, 0x3986, 0x10A2, 0x1082, 0x1082, 0x1082, 0x2965, 0x31A6, 0x39C6,
  0x31A7, 0xA349, 0xDC2A, 0xD40A, 0xD40A, 0xD40A, 0xD40A, 0xD42A, 0xD40A, 0xF5B2, 0xFE34, 0xFE34,
  0xFE34, 0xFDB1, 0xFD6F, 0xFD90, 0xFD90, 0xDC6B, 0xCBE9, 0xCBE9, 0xD3EA, 0xAB68, 0x8AC7, 0x92E7,
  0x8AC7, 0x9B07, 0x28C2, 0x0000, 0x0000, 0x0000, 0x18C3, 0x41C7, 0x39A6, 0x39A6, 0x6226, 0x92C6,
  0x8AC7, 0x8AA7, 0xA348, 0xDC2A, 0xD40A, 0xDC2A, 0xC3CA, 0x4A69, 0x4249, 0x4A69, 0x4249, 0x9329,
  0xCBE9, 0xC3A9, 0xC3C9, 0x9B07, 0x8AC7, 0x8AC7, 0x8AC7, 0x1040, 0x0000, 0x0000, 0x0000, 0x0000,
  0x0000, 0x0000, 0x0000, 0x0000, 0x0000, 0x0000, 0x0000, 0x0000, 0x0000, 0x0000, 0x0000, 0x0000,
  0x0000, 0x0000, 0x0000, 0x0000, 0x0000, 0x0000, 0x0000, 0x0000, 0x0000, 0x0000, 0x0000, 0x0000,
  0x0000, 0x0000, 0x0000, 0x0000, 0x0000, 0x0000, 0x0000, 0x0000, 0x0000, 0x0000, 0x0000, 0x0000,
  0x0000, 0x0000, 0x0000, 0x0000, 0x0000, 0x0000, 0x0000, 0x0000, 0x0000, 0x0000, 0x0000, 0x0841,
  0x8C51, 0x9CB2, 0x9492, 0x9CD3, 0xC618, 0xC618, 0xC638, 0xBDB6, 0x8AE7, 0x8AC7, 0x8AC7, 0x92E7,
  0xA349, 0xA328, 0xA348, 0x9B28, 0x5269, 0x5269, 0x5269, 0x5269, 0x3186, 0x2945, 0x2965, 0x2965,
  0x2945, 0x2945, 0x2965, 0x2145, 0x7266, 0x9B07, 0x92E7, 0x92E7, 0x92E7, 0x92E7, 0x92E7, 0x92C7,
  0xC48E, 0xDD30, 0xD50F, 0xD510, 0xE4EE, 0xECED, 0xE4ED, 0xED0E, 0xD44B, 0xCBE9, 0xCBE9, 0xD40A,
  0x9B28, 0x6A67, 0x7267, 0x7287, 0x7287, 0x2903, 0x1082, 0x1082, 0x1082, 0x2945, 0x4A28, 0x4208,
  0x41E8, 0x6289, 0x8B29, 0x8329, 0x832A, 0x8B09, 0x92E7, 0x92C7, 0x92E7, 0x82A7, 0x6ACA, 0x834B,
  0x7B4B, 0x7B4B, 0xB3EB, 0xDC6B, 0xD44B, 0xDC6C, 0x9B28, 0x8AA7, 0x8AC7, 0x8AC7, 0x5184, 0x4143,
  0x4943, 0x4963, 0x1060, 0x0000, 0x0000, 0x0000, 0x0000, 0x0000, 0x0000, 0x0000, 0x0000, 0x0000,
  0x0000, 0x0000, 0x0000, 0x0000, 0x0000, 0x0000, 0x0000, 0x0000, 0x0000, 0x0000, 0x0000, 0x0000,
  0x0000, 0x0000, 0x0000, 0x0000, 0x0000, 0x0000, 0x0000, 0x0000, 0x0000, 0x0000, 0x0000, 0x0000,
  0x0000, 0x0000, 0x0000, 0x0000, 0x0000, 0x0000, 0x0000, 0x0000, 0x0000, 0x0000, 0x0000, 0x0000,
  0x0000, 0x0000, 0x1061, 0xBDF7, 0xCE79, 0xCE58, 0xCE38, 0xC618, 0xC5F8, 0xC619, 0xBD96, 0x8AE7,
  0x8AC7, 0x8AE7, 0x82A7, 0x39A6, 0x3186, 0x3186, 0x39E7, 0x7BEF, 0x8430, 0x8410, 0x8410, 0x6B2C,
  0x62CB, 0x62EB, 0x630C, 0x2124, 0x1082, 0x10A2, 0x1082, 0x0882, 0x0882, 0x0882, 0x0862, 0x0862,
  0x0882, 0x0882, 0x0862, 0x6A25, 0x8AC6, 0x82A6, 0x82A6, 0xB348, 0xC3A9, 0xBBA9, 0xBBA9, 0xCBC9,
  0xCBE9, 0xCBE9, 0xD40A, 0x7288, 0x2166, 0x31A6, 0x31A6, 0x3186, 0x39A6, 0x39C7, 0x39C7, 0x39A6,
  0x4A49, 0x5AEB, 0x5ACB, 0x5ACA, 0x6B4D, 0x7BF0, 0x7BCF, 0x8410, 0x5AEB, 0x0041, 0x0861, 0x0882,
  0x0061, 0xB40B, 0xF54F, 0xED0F, 0xED0F, 0xF54F, 0xFD6F, 0xF56F, 0xFD90, 0xA369, 0x8AA6, 0x8AC7,
  0x8AC7, 0xCBE9, 0xDC2A, 0xD409, 0xE44A, 0x3902, 0x0000, 0x0000, 0x0000, 0x0000, 0x0000, 0x0000,
  0x0000, 0x0000, 0x0000, 0x0000, 0x0000, 0x0000, 0x0000, 0x0000, 0x0000, 0x0000, 0x0000, 0x0000,
  0x0000, 0x0000, 0x0000, 0x0000, 0x0000, 0x0000, 0x0000, 0x0000, 0x0000, 0x0000, 0x0000, 0x0000,
  0x0000, 0x0000, 0x0000, 0x0000, 0x0000, 0x0000, 0x0000, 0x0000, 0x0000, 0x0000, 0x0000, 0x0000,
  0x0000, 0x0000, 0x0000, 0x0000, 0x0000, 0x0861, 0xBDD6, 0xCE38, 0xC618, 0xC618, 0xC5F8, 0xC5F8,
  0xC619, 0xBD96, 0x8AE7, 0x8AC7, 0x92E7, 0x82C7, 0x41C6, 0x39C6, 0x39C6, 0x41E7, 0x7BEF, 0x83EF,
  0x83EF, 0x83EF, 0x630B, 0x62CB, 0x62EB, 0x62EB, 0x2124, 0x1082, 0x10A2, 0x10A2, 0x10A2, 0x10A2,
  0x10A2, 0x10A2, 0x18A2, 0x18C2, 0x18C3, 0x10A2, 0x7246, 0x92E7, 0x8AC7, 0x8AE7, 0xB388, 0xC3C9,
  0xC3C9, 0xC3C9, 0xCBE9, 0xCBE9, 0xCBE9, 0xD40A, 0x72A8, 0x2986, 0x39C6, 0x39A6, 0x39A6, 0x39A6,
  0x39A6, 0x39C6, 0x39A6, 0x4A49, 0x5ACB, 0x5ACB, 0x5ACA, 0x6B4D, 0x7BEF, 0x7BCF, 0x8410, 0x5AEB,
  0x0861, 0x10A2, 0x10A2, 0x0882, 0xB3EB, 0xED2F, 0xDCEE, 0xE50E, 0xED4F, 0xF56F, 0xF56F, 0xFD6F,
  0xA369, 0x8AA6, 0x8AC7, 0x8AC7, 0xBBA9, 0xCBC9, 0xCBC9, 0xD40A, 0x3902, 0x0000, 0x0000, 0x0000,
  0x0000, 0x0000, 0x0000, 0x0000, 0x0000, 0x0000, 0x0000, 0x0000, 0x0000, 0x0000, 0x0000, 0x0000,
  0x0000, 0x0000, 0x0000, 0x0000, 0x0000, 0x0000, 0x0000, 0x0000, 0x0000, 0x0000, 0x0000, 0x0000,
  0x0000, 0x0000, 0x0000, 0x0000, 0x0000, 0x0000, 0x0000, 0x0000, 0x0000, 0x0000, 0x0000, 0x0000,
  0x0000, 0x0000, 0x0000, 0x0000, 0x0000, 0x0000, 0x0000, 0x0000, 0x0861, 0xBDD6, 0xCE58, 0xC618,
  0xC618, 0xCE18, 0xCE18, 0xCE39, 0xC5B6, 0x8AE7, 0x8AC7, 0x92E7, 0x82C7, 0x39A6, 0x31A6, 0x3186,
  0x39C7, 0x7BCF, 0x7BEF, 0x7BEF, 0x7BCF, 0x5ACB, 0x5AAA, 0x5AAA, 0x5ACB, 0x18E3, 0x0861, 0x1082,
  0x1082, 0x10A2, 0x10A2, 0x10A2, 0x10A2, 0x1082, 0x1082, 0x1082, 0x0882, 0x6A46, 0x92E7, 0x8AC7,
  0x8AC7, 0xB368, 0xC3A9, 0xC3A9, 0xC3A9, 0xCBC9, 0xCBE9, 0xCBE9, 0xD40A, 0x6A88, 0x2166, 0x29A7,
  0x2986, 0x2987, 0x3186, 0x3186, 0x3186, 0x3165, 0x4208, 0x52AA, 0x52AA, 0x528A, 0x632C, 0x7BEF,
  0x7BCF, 0x8410, 0x5AEB, 0x0861, 0x10A2, 0x10A2, 0x0882, 0xB40C, 0xED4F, 0xE4EE, 0xE50E, 0xED2E,
  0xF54F, 0xF56F, 0xFD6F, 0xA369, 0x8AA6, 0x8AC7, 0x8AC7, 0xBBA9, 0xCBC9, 0xCBC9, 0xD409, 0x3902,
  0x0000, 0x0000, 0x0000, 0x0000, 0x0000, 0x0000, 0x0000, 0x0000, 0x0000, 0x0000, 0x0000, 0x0000,
  0x0000, 0x0000, 0x0000, 0x0000, 0x0000, 0x0000, 0x0000, 0x0000, 0x0000, 0x0000, 0x0000, 0x0000,
  0x0000, 0x0000, 0x0000, 0x0000, 0x0000, 0x0000, 0x0000, 0x0000, 0x0000, 0x0000, 0x0000, 0x0000,
  0x0000, 0x0000, 0x0000, 0x0000, 0x0000, 0x0000, 0x0000, 0x0000, 0x0000, 0x0000, 0x0000, 0x0861,
  0xBDD7, 0xCE58, 0xC638, 0xC618, 0xB596, 0xB576, 0xB5B7, 0xAD14, 0x8AE7, 0x8AE7, 0x92E7, 0x8AC7,
  0x6247, 0x5A47, 0x5A27, 0x6288, 0x8C51, 0x9471, 0x9472, 0x8C51, 0x83CF, 0x83EF, 0x83CF, 0x83CF,
  0x39E7, 0x2945, 0x2965, 0x2965, 0x18E3, 0x10A2, 0x10A2, 0x10A2, 0x2903, 0x3123, 0x3123, 0x2923,
  0x7A66, 0x92E7, 0x8AC7, 0x8AC7, 0xBBCA, 0xD42B, 0xCC0A, 0xCC0A, 0xCBEA, 0xCBE9, 0xCBE9, 0xD409,
  0x8AE7, 0x5A05, 0x6225, 0x6225, 0x6225, 0x5A67, 0x5AAB, 0x5ACB, 0x5AAA, 0x6B4D, 0x7BEF, 0x7BCE,
  0x7BAE, 0x7BEF, 0x7BEF, 0x7BCF, 0x8410, 0x5AEB, 0x0861, 0x10A2, 0x10A2, 0x0882, 0xB40C, 0xF54F,
  0xE50E, 0xE50E, 0xF570, 0xFDB1, 0xF590, 0xFDD1, 0xA369, 0x82A6, 0x8AC7, 0x8AC7, 0xC3EA, 0xDC6B,
  0xD44B, 0xDC6B, 0x3923, 0x0000, 0x0000, 0x0000, 0x0000, 0x0000, 0x0000, 0x0000, 0x0000, 0x0000,
  0x0000, 0x0000, 0x0000, 0x0000, 0x0000, 0x0000, 0x0000, 0x0000, 0x0000, 0x0000, 0x0000, 0x0000,
  0x0000, 0x0000, 0x0000, 0x0000, 0x0000, 0x0000, 0x0000, 0x0000, 0x0000, 0x0000, 0x0000, 0x0000,
  0x0000, 0x0000, 0x0000, 0x0000, 0x0000, 0x0000, 0x0000, 0x0000, 0x0000, 0x0000, 0x0000, 0x0000,
  0x0000, 0x0000, 0x0861, 0xBDD7, 0xCE59, 0xC638, 0xBDF7, 0x7BCF, 0x7BAE, 0x7BCF, 0x7B8D, 0x8AE7,
  0x8AE7, 0x8AE7, 0x9307, 0xCBE9, 0xCBE9, 0xCBE9, 0xD42B, 0xC5D7, 0xCE18, 0xCDF8, 0xCDF8, 0xF6FB,
  0xFF1B, 0xF71B, 0xFF3B, 0x9492, 0x7BEF, 0x7BEF, 0x8410, 0x2965, 0x1082, 0x10A2, 0x10A2, 0x7266,
  0x92E7, 0x8AC7, 0x8AC7, 0x8AC7, 0x8AC7, 0x8AE7, 0x8AC7, 0xD4AE, 0xED70, 0xE550, 0xED50, 0xD46C,
  0xCBC9, 0xCBE9, 0xCBEA, 0xEC05, 0xFBE1, 0xFBE2, 0xFBE2, 0xFBC0, 0xE4CC, 0xC63A, 0xCE18, 0xC5F8,
  0xE69A, 0xFF7D, 0xF73C, 0xFF7D, 0xC5D7, 0x73AE, 0x7BEF, 0x8410, 0x5AEB, 0x0861, 0x10A2, 0x10A2,
  0x0882, 0xC44C, 0xFD90, 0xF54F, 0xF54F, 0xF634, 0xFE76, 0xF655, 0xFE96, 0xA3AA, 0x8AA6, 0x8AE7,
  0x8AC7, 0xE50F, 0xFDD1, 0xF590, 0xFDD1, 0x4184, 0x0000, 0x0000, 0x0000, 0x0000, 0x0000, 0x0000,
  0x0000, 0x0000, 0x0000, 0x0000, 0x0000, 0x0000, 0x0000, 0x0000, 0x0000, 0x0000, 0x0000, 0x0000,
  0x0000, 0x0000, 0x0000, 0x0000, 0x0000, 0x0000, 0x0000, 0x0000, 0x0000, 0x0000, 0x0000, 0x0000,
  0x0000, 0x0000, 0x0000, 0x0000, 0x0000, 0x0000, 0x0000, 0x0000, 0x0000, 0x0000, 0x0000, 0x0000,
  0x0000, 0x0000, 0x0000, 0x0000, 0x0000, 0x0861, 0xBDD7, 0xCE38, 0xC638, 0xBDF7, 0x7BCF, 0x7BCF,
  0x7BCF, 0x7BAE, 0x8AE7, 0x8AE7, 0x8AC7, 0x9307, 0xCBC9, 0xCBC9, 0xCBE9, 0xCC0A, 0xC5D7, 0xC5F8,
  0xC5D8, 0xCDF8, 0xEEDA, 0xF6FA, 0xF6FA, 0xF71B, 0x9491, 0x7BCE, 0x7BCF, 0x7BEF, 0x2965, 0x1082,
  0x18C3, 0x10A2, 0x6A46, 0x8AC7, 0x8AC7, 0x8AC7, 0x8AC7, 0x8AC7, 0x8AE7, 0x8AC7, 0xD48D, 0xED50,
  0xE52F, 0xED70, 0xD46C, 0xCBC9, 0xCBE9, 0xCBEA, 0xEBE5, 0xFBE1, 0xFBE2, 0xFBE2, 0xFBC1, 0xE4CC,
  0xC619, 0xCDD7, 0xC5D8, 0xDE9A, 0xF73C, 0xF71B, 0xFF5D, 0xC5D7, 0x73AE, 0x7BEF, 0x8410, 0x5AEB,
  0x1081, 0x10A2, 0x10A2, 0x0882, 0xC44C, 0xFD90, 0xF54F, 0xF54F, 0xF634, 0xFE75, 0xF655, 0xFE96,
  0xA38A, 0x8AA6, 0x8AC7, 0x8AC7, 0xE50F, 0xFDB1, 0xF570, 0xFDB1, 0x4164, 0x0000, 0x0000, 0x0000,
  0x0000, 0x0000, 0x0000, 0x0000, 0x0000, 0x0000, 0x0000, 0x0000, 0x0000, 0x0000, 0x0000, 0x0000,
  0x0000, 0x0000, 0x0000, 0x0000, 0x0000, 0x0000, 0x0000, 0x0000, 0x0000, 0x0000, 0x0000, 0x0000,
  0x0000, 0x0000, 0x0000, 0x0000, 0x0000, 0x0000, 0x0000, 0x0000, 0x0000, 0x0000, 0x0000, 0x0000,
  0x0000, 0x0000, 0x0000, 0x0000, 0x0000, 0x0000, 0x0000, 0x0000, 0x0861, 0xBDD7, 0xCE38, 0xC638,
  0xBDD7, 0x83EF, 0x7BEF, 0x7BEF, 0x7BCE, 0x8AE7, 0x8AE7, 0x8AE7, 0x92E7, 0xCBC9, 0xCBE9, 0xCBE9,
  0xCC0B, 0xCDF8, 0xC619, 0xCDF8, 0xCE19, 0xEEDA, 0xF71B, 0xF71B, 0xF71B, 0x9492, 0x73AF, 0x7BCF,
  0x7BF0, 0x2145, 0x0841, 0x1082, 0x0861, 0x6A25, 0x8AE7, 0x8AC7, 0x8AC7, 0x8AC7, 0x8AC7, 0x8AE7,
  0x82A7, 0xCC8D, 0xED70, 0xE52F, 0xED50, 0xD44B, 0xCBC9, 0xCBE9, 0xC3EA, 0xEBE5, 0xFBE1, 0xFBE2,
  0xFBE2, 0xFBA0, 0xE4AB, 0xC61A, 0xCDF8, 0xC5F8, 0xDE9A, 0xF75D, 0xF73C, 0xFF9E, 0xC5F7, 0x738E,
  0x7BEF, 0x8410, 0x5ACB, 0x0021, 0x0861, 0x0861, 0x0021, 0xBC2C, 0xFD90, 0xF54F, 0xF54F, 0xFE14,
  0xFE96, 0xFE76, 0xFEB7, 0xA3AB, 0x8AA6, 0x8AC7, 0x8AC7, 0xE50F, 0xFDD1, 0xF591, 0xFDD1, 0x4184,
  0x0000, 0x0000, 0x0000, 0x0000, 0x0000, 0x0000, 0x0000, 0x0000, 0x0000, 0x0000, 0x0000, 0x0000,
  0x0000, 0x0000, 0x0000, 0x0000, 0x0000, 0x0000, 0x0000, 0x0000, 0x0000, 0x0000, 0x0000, 0x0000,
  0x0000, 0x0000, 0x0000, 0x0000, 0x0000, 0x0000, 0x0000, 0x0000, 0x0000, 0x0000, 0x0000, 0x0000,
  0x0000, 0x0000, 0x0000, 0x0000, 0x0000, 0x0000, 0x0000, 0x0000, 0x0000, 0x0000, 0x0000, 0x1061,
  0xBDB6, 0xC638, 0xC638, 0xBDF7, 0x738E, 0x6B6D, 0x6B8E, 0x736D, 0x8AC7, 0x8AE7, 0x8AE7, 0x9307,
  0xCBC9, 0xCBE9, 0xCBE9, 0xCC0A, 0xCD95, 0xCDB6, 0xCD95, 0xCD95, 0xEE98, 0xF6D9, 0xF6D9, 0xFED9,
  0xA4B1, 0x8C0F, 0x944F, 0x942F, 0x4A07, 0x3964, 0x3984, 0x3984, 0x8AC7, 0x9B07, 0x9307, 0x9B07,
  0x9B08, 0x9B08, 0x9B08, 0x92E7, 0xD4AE, 0xF591, 0xED50, 0xED50, 0xDC8C, 0xD44B, 0xD44B, 0xD42B,
  0xE406, 0xF403, 0xF3E3, 0xF3E3, 0xF3A2, 0xE4AB, 0xCE18, 0xD5F6, 0xCDD6, 0xE658, 0xF6FA, 0xF6DA,
  0xFF1A, 0xCDD5, 0x8C0F, 0x942F, 0x9C50, 0x7B8D, 0x3144, 0x3985, 0x3985, 0x3165, 0xCC8E, 0xFDB0,
  0xF570, 0xF570, 0xF5F3, 0xF5F3, 0xF5F3, 0xF634, 0xA38A, 0x82A6, 0x8AC7, 0x8AC7, 0xDCEE, 0xF570,
  0xED2F, 0xF570, 0x4164, 0x0000, 0x0000, 0x0000, 0x0000, 0x0000, 0x0000, 0x0000, 0x0000, 0x0000,
  0x0000, 0x0000, 0x0000, 0x0000, 0x0000, 0x0000, 0x0000, 0x0000, 0x0000, 0x0000, 0x0000, 0x0000,
  0x0000, 0x0000, 0x0000, 0x0000, 0x0000, 0x0000, 0x0000, 0x0000, 0x0000, 0x0000, 0x0000, 0x0000,
  0x0000, 0x0000, 0x0000, 0x0000, 0x0000, 0x0000, 0x0000, 0x0000, 0x0000, 0x0000, 0x0000, 0x0000,
  0x0000, 0x0000, 0x0861, 0xB5B6, 0xC618, 0xC618, 0xB5B6, 0x39C7, 0x39A6, 0x31C7, 0x41E7, 0x8AC7,
  0x8AE7, 0x8AE7, 0x9307, 0xCBE9, 0xCBE9, 0xCBE9, 0xCBE9, 0xCBE9, 0xCC0A, 0xCBE9, 0xCBE9, 0xF54E,
  0xFD90, 0xF56F, 0xF56F, 0xF56F, 0xF56F, 0xF56F, 0xF56F, 0xF56F, 0xF590, 0xF54F, 0xF56F, 0xD44B,
  0xCBC9, 0xCBE9, 0xCBE9, 0xCBE9, 0xCBE9, 0xCBE9, 0xCBC9, 0xED71, 0xF614, 0xF5F3, 0xF5F4, 0xF5B1,
  0xF56F, 0xF56F, 0xFD6F, 0xE4AC, 0xCBC9, 0xCBE9, 0xCBE9, 0xCBE9, 0xECED, 0xFD90, 0xF56F, 0xF56F,
  0xF56F, 0xF56F, 0xF54F, 0xF54F, 0xF56F, 0xF56F, 0xF56F, 0xF54F, 0xF590, 0xFE14, 0xFDF3, 0xFDF3,
  0xFE14, 0xFDF4, 0xFDF3, 0xFDF3, 0xFE14, 0xDC8C, 0xCBC9, 0xD40A, 0xD3EA, 0x92E7, 0x8AC7, 0x8AE7,
  0x8AC7, 0xBBA9, 0xCBE9, 0xCBE9, 0xD40A, 0x3902, 0x0000, 0x0000, 0x0000, 0x0000, 0x0000, 0x0000,
  0x0000, 0x0000, 0x0000, 0x0000, 0x0000, 0x0000, 0x0000, 0x0000, 0x0000, 0x0000, 0x0000, 0x0000,
  0x0000, 0x0000, 0x0000, 0x0000, 0x0000, 0x0000, 0x0000, 0x0000, 0x0000, 0x0000, 0x0000, 0x0000,
  0x0000, 0x0000, 0x0000, 0x0000, 0x0000, 0x0000, 0x0000, 0x0000, 0x0000, 0x0000, 0x0000, 0x0000,
  0x0000, 0x0000, 0x0000, 0x0000, 0x0000, 0x0861, 0xB596, 0xC618, 0xC618, 0xB5B6, 0x39E7, 0x31A6,
  0x31A7, 0x41E7, 0x8AC7, 0x8AE7, 0x8AC7, 0x9307, 0xCBE9, 0xCBE9, 0xCBE9, 0xCBEA, 0xCBEA, 0xCBEA,
  0xCBEA, 0xCC0A, 0xF54F, 0xFD8F, 0xF56F, 0xF570, 0xF56F, 0xF56F, 0xF570, 0xF590, 0xF570, 0xF56F,
  0xF56F, 0xFD90, 0xD42A, 0xCBC9, 0xCBE9, 0xCBE9, 0xCBE9, 0xCBE9, 0xCBE9, 0xCBE9, 0xED91, 0xF614,
  0xF5F3, 0xF614, 0xF5B1, 0xF56F, 0xF56F, 0xFD90, 0xE4CD, 0xCBC9, 0xCBE9, 0xCBEA, 0xCBE9, 0xED0E,
  0xFD90, 0xF54F, 0xF56F, 0xF56F, 0xF56F, 0xF56F, 0xF56F, 0xF56F, 0xF56F, 0xF56F, 0xF56F, 0xF590,
  0xFDF3, 0xFDF4, 0xFDF4, 0xFDF4, 0xFDF4, 0xFE14, 0xFDF4, 0xFE14, 0xDC8C, 0xCBE9, 0xD40A, 0xD40A,
  0x9B08, 0x8AC7, 0x8AE7, 0x8AC7, 0xBBA9, 0xCBE9, 0xCBC9, 0xD40A, 0x3902, 0x0000, 0x0000, 0x0000,
  0x0000, 0x0000, 0x0000, 0x0000, 0x0000, 0x0000, 0x0000, 0x0000, 0x0000, 0x0000, 0x0000, 0x0000,
  0x0000, 0x0000, 0x0000, 0x0000, 0x0000, 0x0000, 0x0000, 0x0000, 0x0000, 0x0000, 0x0000, 0x0000,
  0x0000, 0x0000, 0x0000, 0x0000, 0x0000, 0x0000, 0x0000, 0x0000, 0x0000, 0x0000, 0x0000, 0x0000,
  0x0000, 0x0000, 0x0000, 0x0000, 0x0000, 0x0000, 0x0000, 0x0000, 0x0861, 0xB596, 0xC617, 0xC618,
  0xB5B6, 0x39C7, 0x31A6, 0x31A6, 0x41E7, 0x8AC7, 0x8AE7, 0x8AC7, 0x9307, 0xCBE9, 0xCBEA, 0xCBEA,
  0xCBEA, 0xCBE9, 0xCBE9, 0xCBE9, 0xCC0A, 0xF52E, 0xFD6F, 0xF56F, 0xF56F, 0xF56F, 0xF56F, 0xF56F,
  0xF56F, 0xF56F, 0xF56F, 0xF56F, 0xFD6F, 0xD42A, 0xCBC9, 0xCBE9, 0xCBC9, 0xCBE9, 0xCBE9, 0xCBEA,
  0xCBE9, 0xED50, 0xF614, 0xF5F3, 0xF614, 0xF5B1, 0xF56F, 0xF56F, 0xFD90, 0xE4AC, 0xCBC9, 0xCBE9,
  0xCBE9, 0xCBC9, 0xE4ED, 0xFD90, 0xF56F, 0xF56F, 0xF56F, 0xF56F, 0xF56F, 0xF56F, 0xF56F, 0xF56F,
  0xF56F, 0xF56F, 0xFDB1, 0xFE14, 0xFDF3, 0xFDF4, 0xFDF4, 0xFE14, 0xFDF4, 0xFDF3, 0xFE34, 0xDC8D,
  0xCBC9, 0xD3E9, 0xD40A, 0x9B07, 0x82A6, 0x8AC7, 0x82C7, 0xC3A9, 0xD3E9, 0xCBE9, 0xD40A, 0x3902,
  0x0000, 0x0000, 0x0000, 0x0000, 0x0000, 0x0000, 0x0000, 0x0000, 0x0000, 0x0000, 0x0000, 0x0000,
  0x0000, 0x0000, 0x0000, 0x0000, 0x0000, 0x0000, 0x0000, 0x0000, 0x0000, 0x0000, 0x0000, 0x0000,
  0x0000, 0x0000, 0x0000, 0x0000, 0x0000, 0x0000, 0x0000, 0x0000, 0x0000, 0x0000, 0x0000, 0x0000,
  0x0000, 0x0000, 0x0000, 0x0000, 0x0000, 0x0000, 0x0000, 0x0000, 0x0000, 0x0000, 0x0000, 0x1061,
  0xB596, 0xC618, 0xC618, 0xB5B6, 0x39C7, 0x31A6, 0x31A6, 0x41E6, 0x8AC7, 0x8AE7, 0x8AC7, 0x92E7,
  0xCBE9, 0xCBEA, 0xCBEA, 0xCC0A, 0xD42A, 0xD42A, 0xD42A, 0xD40A, 0xF54F, 0xFDB1, 0xFDB1, 0xFDB1,
  0xFDB1, 0xFDB1, 0xFDB1, 0xFDB1, 0xFDB1, 0xFDB1, 0xFDB1, 0xFDB1, 0xDC8C, 0xD42B, 0xD42A, 0xD42A,
  0xCC0A, 0xCBE9, 0xCBEA, 0xCBC9, 0xED71, 0xFE55, 0xF655, 0xF635, 0xF591, 0xF590, 0xF590, 0xFDB1,
  0xE4CD, 0xD40A, 0xD44B, 0xD44B, 0xD42A, 0xED0E, 0xFD90, 0xF590, 0xF570, 0xF590, 0xF5B1, 0xF5B1,
  0xF5B1, 0xF5B1, 0xF5B1, 0xFDB1, 0xFDB1, 0xFDF2, 0xFE35, 0xFE14, 0xFE35, 0xFE35, 0xFE35, 0xFE35,
  0xFE14, 0xFE35, 0xDCAD, 0xD42A, 0xD44B, 0xDC4B, 0xA369, 0x9328, 0x9B48, 0x9B49, 0xC3C9, 0xCBE9,
  0xCBC9, 0xD40A, 0x3902, 0x0000, 0x0000, 0x0000, 0x0000, 0x0000, 0x0000, 0x0000, 0x0000, 0x0000,
  0x0000, 0x0000, 0x0000, 0x0000, 0x0000, 0x0000, 0x0000, 0x0000, 0x0000, 0x0000, 0x0000, 0x0000,
  0x0000, 0x0000, 0x0000, 0x0000, 0x0000, 0x0000, 0x0000, 0x0000, 0x0000, 0x0000, 0x0000, 0x0000,
  0x0000, 0x0000, 0x0000, 0x0000, 0x0000, 0x0000, 0x0000, 0x0000, 0x0000, 0x0000, 0x0000, 0x0000,
  0x0000, 0x0000, 0x0861, 0xB596, 0xC618, 0xC618, 0xB595, 0x39C7, 0x31A6, 0x31A6, 0x41E6, 0x8AC7,
  0x8AE7, 0x8AC7, 0x92E7, 0xCBE9, 0xCBEA, 0xCBE9, 0xD40A, 0xF54F, 0xF56F, 0xF56F, 0xF52E, 0xF635,
  0xFEFA, 0xFED9, 0xFED9, 0xFED9, 0xFED9, 0xFED9, 0xFED9, 0xFED9, 0xFED9, 0xFED9, 0xFEF9, 0xF635,
  0xF5F3, 0xF5D3, 0xF5F3, 0xD44B, 0xCBC9, 0xCBEA, 0xCBC9, 0xEE36, 0xFF3B, 0xF71B, 0xF71B, 0xFE56,
  0xFDF4, 0xFE14, 0xFE14, 0xFDF4, 0xF5F4, 0xF5F4, 0xF5F4, 0xF5F4, 0xF5F4, 0xFE14, 0xFE14, 0xF5F3,
  0xF677, 0xF71A, 0xF6FA, 0xF6FA, 0xF6F9, 0xF6F9, 0xF6F9, 0xFEF9, 0xFEF9, 0xF6F9, 0xFEF9, 0xFEF9,
  0xFEFA, 0xF6FA, 0xF6F9, 0xFEFA, 0xF6FA, 0xF614, 0xF5D3, 0xF5F3, 0xF5F3, 0xF5D3, 0xF5D2, 0xF5D3,
  0xF5D3, 0xD44B, 0xCBC9, 0xCBE9, 0xD40A, 0x3902, 0x0000, 0x0000, 0x0000, 0x0000, 0x0000, 0x0000,
  0x0000, 0x0000, 0x0000, 0x0000, 0x0000, 0x0000, 0x0000, 0x0000, 0x0000, 0x0000, 0x0000, 0x0000,
  0x0000, 0x0000, 0x0000, 0x0000, 0x0000, 0x0000, 0x0000, 0x0000, 0x0000, 0x0000, 0x0000, 0x0000,
  0x0000, 0x0000, 0x0000, 0x0000, 0x0000, 0x0000, 0x0000, 0x0000, 0x0000, 0x0000, 0x0000, 0x0000,
  0x0000, 0x0000, 0x0000, 0x0000, 0x0000, 0x0861, 0xB596, 0xC618, 0xC618, 0xB575, 0x39C7, 0x31A6,
  0x31A6, 0x41E6, 0x8AC7, 0x8AE7, 0x8AC7, 0x9307, 0xCBE9, 0xCC0A, 0xCBE9, 0xD40A, 0xF54F, 0xF56F,
  0xF56F, 0xF54F, 0xF676, 0xFF1A, 0xFEF9, 0xFEF9, 0xFEF9, 0xFEF9, 0xFEF9, 0xFEF9, 0xFEF9, 0xFEF9,
  0xFED9, 0xFEF9, 0xFE35, 0xF5F3, 0xF5F3, 0xFE14, 0xD44B, 0xCBC9, 0xCBEA, 0xCBC9, 0xEE56, 0xFF5C,
  0xF6FA, 0xF73B, 0xFE77, 0xFDF4, 0xFE14, 0xFE14, 0xFE14, 0xFE14, 0xFE14, 0xFE14, 0xFE14, 0xFE14,
  0xFE14, 0xFE14, 0xFDF4, 0xFE97, 0xF71A, 0xF6FA, 0xF6FA, 0xF6FA, 0xF6F9, 0xFEF9, 0xFEF9, 0xFF19,
  0xFEFA, 0xFEFA, 0xFEFA, 0xFEFA, 0xFEFA, 0xF6FA, 0xFEFA, 0xF6FA, 0xF655, 0xFDF3, 0xFDF4, 0xFDF4,
  0xFDF3, 0xFDF3, 0xF5F3, 0xFDF3, 0xD44B, 0xCBC9, 0xCBE9, 0xD40A, 0x3902, 0x0000, 0x0000, 0x0000,
  0x0000, 0x0000, 0x0000, 0x0000, 0x0000, 0x0000, 0x0000, 0x0000, 0x0000, 0x0000, 0x0000, 0x0000,
  0x0000, 0x0000, 0x0000, 0x0000, 0x0000, 0x0000, 0x0000, 0x0000, 0x0000, 0x0000, 0x0000, 0x0000,
  0x0000, 0x0000, 0x0000, 0x0000, 0x0000, 0x0000, 0x0000, 0x0000, 0x0000, 0x0000, 0x0000, 0x0000,
  0x0000, 0x0000, 0x0000, 0x0000, 0x0000, 0x0000, 0x0000, 0x0000, 0x0861, 0xB596, 0xC618, 0xC618,
  0xB596, 0x39C7, 0x31A6, 0x31A6, 0x41E7, 0x8AE7, 0x8AE7, 0x8AC7, 0x9307, 0xCBE9, 0xCBEA, 0xCBE9,
  0xD40A, 0xF54F, 0xF54F, 0xF56F, 0xF54F, 0xF656, 0xF6FA, 0xF6F9, 0xFEF9, 0xFEFA, 0xFEFA, 0xFEFA,
  0xFEF9, 0xF6F9, 0xFEF9, 0xF6F9, 0xFEF9, 0xFE35, 0xFDF3, 0xFE14, 0xFE14, 0xD44B, 0xCBC9, 0xCBEA,
  0xCBC9, 0xEE56, 0xFF5C, 0xF71B, 0xF73B, 0xFE76, 0xFDF4, 0xFE14, 0xFE14, 0xFE14, 0xFE14, 0xFE14,
  0xFE14, 0xFE14, 0xFE14, 0xFE14, 0xFE14, 0xFDF4, 0xFE97, 0xF71A, 0xF6FA, 0xF6FA, 0xF6FA, 0xF6F9,
  0xF6F9, 0xF719, 0xFF1A, 0xFEFA, 0xFEFA, 0xFEFA, 0xFEFA, 0xFEFA, 0xFEFA, 0xF6FA, 0xF6FA, 0xF655,
  0xFDF3, 0xFE14, 0xFDF4, 0xFDF3, 0xFDF3, 0xFDF3, 0xFDF3, 0xD44B, 0xCBC9, 0xCBE9, 0xD40A, 0x3902,
  0x0000, 0x0000, 0x0000, 0x0000, 0x0000, 0x0000, 0x0000, 0x0000, 0x0000, 0x0000, 0x0000, 0x0000,
  0x0000, 0x0000, 0x0000, 0x0000, 0x0000, 0x0000, 0x0000, 0x0000, 0x0000, 0x0000, 0x0000, 0x0000,
  0x0000, 0x0000, 0x0000, 0x0000, 0x0000, 0x0000, 0x0000, 0x0000, 0x0000, 0x0000, 0x0000, 0x0000,
  0x0000, 0x0000, 0x0000, 0x0000, 0x0000, 0x0000, 0x0000, 0x0000, 0x0000, 0x0000, 0x0000, 0x0861,
  0xB596, 0xC618, 0xC618, 0xB596, 0x39C7, 0x39C6, 0x39E7, 0x4A07, 0x8AE7, 0x8AE7, 0x8AE7, 0x9307,
  0xCBE9, 0xCBEA, 0xCBE9, 0xD40A, 0xF54F, 0xF56F, 0xF56F, 0xF54F, 0xF655, 0xF6FA, 0xFEF9, 0xF6F9,
  0xFED9, 0xF6D9, 0xF6D9, 0xFED9, 0xF6D9, 0xFED8, 0xFED8, 0xF6D9, 0xF614, 0xF5D2, 0xF5D3, 0xF5D3,
  0xD44B, 0xCBC9, 0xCBEA, 0xCBC9, 0xEE36, 0xFF5C, 0xF71B, 0xF73B, 0xFE76, 0xFDF4, 0xFE14, 0xFE14,
  0xFE14, 0xFDF4, 0xFDF4, 0xFDF4, 0xFDF4, 0xFDF4, 0xFDF4, 0xFE14, 0xFDF3, 0xFE77, 0xF6FA, 0xF6FA,
  0xF6FA, 0xF6F9, 0xF6F9, 0xF6F9, 0xFEFA, 0xFF1A, 0xFEFA, 0xF6FA, 0xFEFA, 0xF6FA, 0xFEF9, 0xFEF9,
  0xFEF9, 0xFEFA, 0xFE35, 0xFDF3, 0xFDF3, 0xFDF3, 0xF5D2, 0xF5D2, 0xF5D2, 0xF5D2, 0xD46B, 0xCC0A,
  0xCC0A, 0xD42A, 0x3902, 0x0000, 0x0000, 0x0000, 0x0000, 0x0000, 0x0000, 0x0000, 0x0000, 0x0000,
  0x0000, 0x0000, 0x0000, 0x0000, 0x0000, 0x0000, 0x0000, 0x0000, 0x0000, 0x0000, 0x0000, 0x0000,
  0x0000, 0x0000, 0x0000, 0x0000, 0x0000, 0x0000, 0x0000, 0x0000, 0x0000, 0x0000, 0x0000, 0x0000,
  0x0000, 0x0000, 0x0000, 0x0000, 0x0000, 0x0000, 0x0000, 0x0000, 0x0000, 0x0000, 0x0000, 0x0000,
  0x0000, 0x0000, 0x0861, 0xB5B6, 0xC638, 0xC638, 0xBDB6, 0x82C7, 0x82A7, 0x8AC7, 0x8AC7, 0x8AC7,
  0x8AE7, 0x8AE7, 0x9308, 0xCBE9, 0xCBEA, 0xCBE9, 0xD40A, 0xF54F, 0xF56F, 0xF56F, 0xF54F, 0xF655,
  0xF71A, 0xFEF9, 0xF6FA, 0xFE56, 0xFE14, 0xFE14, 0xFE35, 0xFDD2, 0xF590, 0xF570, 0xF590, 0xDC6B,
  0xCC0A, 0xD42A, 0xD40A, 0xCBEA, 0xCBE9, 0xCBEA, 0xCBC9, 0xEE56, 0xFF5C, 0xF71B, 0xF73B, 0xFE76,
  0xFDF4, 0xFE14, 0xFE15, 0xFDD2, 0xF56F, 0xF570, 0xF570, 0xF570, 0xF570, 0xF570, 0xF570, 0xF56F,
  0xF5F3, 0xF655, 0xF655, 0xF634, 0xFE97, 0xF71A, 0xF6FA, 0xF6FA, 0xF6FA, 0xF6F9, 0xFEF9, 0xFF19,
  0xFEF9, 0xFE35, 0xFE14, 0xFE34, 0xFE35, 0xF591, 0xF56F, 0xF570, 0xFD90, 0xDC8C, 0xD40A, 0xD40A,
  0xD40A, 0xED70, 0xF5B1, 0xF570, 0xFDB1, 0x4184, 0x0000, 0x0000, 0x0000, 0x0000, 0x0000, 0x0000,
  0x0000, 0x0000, 0x0000, 0x0000, 0x0000, 0x0000, 0x0000, 0x0000, 0x0000, 0x0000, 0x0000, 0x0000,
  0x0000, 0x0000, 0x0000, 0x0000, 0x0000, 0x0000, 0x0000, 0x0000, 0x0000, 0x0000, 0x0000, 0x0000,
  0x0000, 0x0000, 0x0000, 0x0000, 0x0000, 0x0000, 0x0000, 0x0000, 0x0000, 0x0000, 0x0000, 0x0000,
  0x0000, 0x0000, 0x0000, 0x0000, 0x0000, 0x0861, 0xBDB6, 0xCE38, 0xC638, 0xBDD6, 0x8AE7, 0x8AE7,
  0x92E7, 0x8AE7, 0x8AE7, 0x8AE7, 0x8AE7, 0x9308, 0xCBE9, 0xCBEA, 0xCBE9, 0xD40A, 0xF54F, 0xF56F,
  0xF56F, 0xF54F, 0xF656, 0xFF1A, 0xFEF9, 0xF6F9, 0xFE35, 0xFE14, 0xFE14, 0xFE14, 0xF590, 0xF54F,
  0xF56F, 0xFD90, 0xD42A, 0xCBC9, 0xCBE9, 0xCBE9, 0xCBE9, 0xCBE9, 0xCBEA, 0xCBC9, 0xEE36, 0xFF5C,
  0xF71B, 0xF73B, 0xFE76, 0xFDF4, 0xFE14, 0xFE15, 0xFDD2, 0xF56F, 0xF56F, 0xF56F, 0xF56F, 0xF56F,
  0xF56F, 0xF56F, 0xF56F, 0xF5F2, 0xF634, 0xF634, 0xF634, 0xFE97, 0xF6FA, 0xF6FA, 0xF6FA, 0xF6FA,
  0xF6F9, 0xF6F9, 0xF719, 0xFEF9, 0xFE14, 0xFE14, 0xFE14, 0xFE14, 0xF590, 0xF54F, 0xF56F, 0xFD90,
  0xD44B, 0xCBC9, 0xCBE9, 0xCBE9, 0xF570, 0xFDD2, 0xF591, 0xFDF2, 0x4184, 0x0000, 0x0000, 0x0000,
  0x0000, 0x0000, 0x0000, 0x0000, 0x0000, 0x0000, 0x0000, 0x0000, 0x0000, 0x0000, 0x0000, 0x0000,
  0x0000, 0x0000, 0x0000, 0x0000, 0x0000, 0x0000, 0x0000, 0x0000, 0x0000, 0x0000, 0x0000, 0x0000,
  0x0000, 0x0000, 0x0000, 0x0000, 0x0000, 0x0000, 0x0000, 0x0000, 0x0000, 0x0000, 0x0000, 0x0000,
  0x0000, 0x0000, 0x0000, 0x0000, 0x0000, 0x0000, 0x0000, 0x0000, 0x0861, 0xBDD6, 0xCE38, 0xC638,
  0xBDD6, 0x9308, 0x8AC7, 0x8AC7, 0x8AE7, 0x8AE7, 0x8AE7, 0x8AE7, 0x9308, 0xCBE9, 0xCBEA, 0xCBE9,
  0xD40A, 0xF54F, 0xF56F, 0xF56F, 0xF54F, 0xF656, 0xF71A, 0xF6D9, 0xFEFA, 0xFE35, 0xFE14, 0xFE14,
  0xFE14, 0xF590, 0xF56F, 0xF570, 0xFD90, 0xD44B, 0xCBE9, 0xD40A, 0xCC0A, 0xCBEA, 0xCC0A, 0xCC0A,
  0xCBC9, 0xEE56, 0xFF5C, 0xF71B, 0xFF3C, 0xFE76, 0xFDF4, 0xFE14, 0xFE35, 0xFDB1, 0xF56F, 0xF56F,
  0xF56F, 0xFD6F, 0xFD6F, 0xF56F, 0xF56F, 0xF56F, 0xF5D2, 0xF655, 0xF655, 0xF634, 0xFE97, 0xF71A,
  0xF6FA, 0xF6FA, 0xF6FA, 0xF719, 0xFF19, 0xF719, 0xFEF9, 0xFE34, 0xFE14, 0xFE14, 0xFE14, 0xF591,
  0xFD6F, 0xFD6F, 0xFD6F, 0xD42A, 0xCBC9, 0xD40A, 0xD409, 0xED50, 0xFDB1, 0xF591, 0xFDD2, 0x4184,
  0x0000, 0x0000, 0x0000, 0x0000, 0x0000, 0x0000, 0x0000, 0x0000, 0x0000, 0x0000, 0x0000, 0x0000,
  0x0000, 0x0000, 0x0000, 0x0000, 0x0000, 0x0000, 0x0000, 0x0000, 0x0000, 0x0000, 0x0000, 0x0000,
  0x0000, 0x0000, 0x0000, 0x0000, 0x0000, 0x0000, 0x0000, 0x0000, 0x0000, 0x0000, 0x0000, 0x0000,
  0x0000, 0x0000, 0x0000, 0x0000, 0x0000, 0x0000, 0x0000, 0x0000, 0x0000, 0x0000, 0x0000, 0x0861,
  0xBDB6, 0xC638, 0xC638, 0xBDD6, 0x8AE7, 0x8AE7, 0x92E7, 0x8AE7, 0x8AE7, 0x8AE7, 0x8AE7, 0x9308,
  0xCBE9, 0xCBE9, 0xCBE9, 0xD40A, 0xF54F, 0xF56F, 0xF56F, 0xF54F, 0xF655, 0xF6FA, 0xF6F9, 0xFEFA,
  0xFE55, 0xFE14, 0xFDF4, 0xFDF4, 0xF590, 0xFD90, 0xF56F, 0xF56F, 0xDC4B, 0xCBE9, 0xCBE9, 0xCBE9,
  0xCBE9, 0xCC09, 0xCC0A, 0xCBC8, 0xEE56, 0xFF5C, 0xF6FA, 0xF71B, 0xF676, 0xFDF4, 0xFE14, 0xF614,
  0xF5B1, 0xF56F, 0xF58F, 0xF56F, 0xF56F, 0xF56F, 0xF56F, 0xF56F, 0xF54F, 0xF5D2, 0xF655, 0xF634,
  0xF634, 0xFE97, 0xF71A, 0xF6FA, 0xF6FA, 0xF6FA, 0xF6F9, 0xF6F9, 0xF719, 0xFEF9, 0xFE34, 0xFE14,
  0xFE14, 0xFE14, 0xFDB1, 0xF56F, 0xF56F, 0xF56F, 0xD44B, 0xCBE9, 0xCBE9, 0xCBC9, 0xED4F, 0xFDD1,
  0xF5B1, 0xFDD2, 0x4184, 0x0000, 0x0000, 0x0000, 0x0000, 0x0000, 0x0000, 0x0000, 0x0000, 0x0000,
  0x0000, 0x0000, 0x0000, 0x0000, 0x0000, 0x0000, 0x0000, 0x0000, 0x0000, 0x0000, 0x0000, 0x0000,
  0x0000, 0x0000, 0x0000, 0x0000, 0x0000, 0x0000, 0x0000, 0x0000, 0x0000, 0x0000, 0x0000, 0x0000,
  0x0000, 0x0000, 0x0000, 0x0000, 0x0000, 0x0000, 0x0000, 0x0000, 0x0000, 0x0000, 0x0000, 0x0000,
  0x0000, 0x0000, 0x0861, 0xB596, 0xC618, 0xBE18, 0xC5B6, 0xBBA9, 0xC3A9, 0xC3E9, 0xBBA9, 0x8AC7,
  0x8AE7, 0x8AE7, 0x9308, 0xCBE9, 0xCBE9, 0xCBE9, 0xCBE9, 0xD40A, 0xD42A, 0xD42A, 0xD40A, 0xF635,
  0xFF1A, 0xFEF9, 0xFEFA, 0xF5D2, 0xF570, 0xF570, 0xFD90, 0xDC6C, 0xD40A, 0xD40A, 0xD40A, 0xAB68,
  0x9307, 0x92E7, 0x9307, 0x9307, 0x9307, 0x9307, 0x9B07, 0x9B69, 0x9B8A, 0x9B6A, 0x9B6A, 0x9B69,
  0x9B69, 0x9B49, 0x9B49, 0x9B49, 0x9B48, 0x9B48, 0x9B48, 0x9B28, 0xC3CA, 0xD42A, 0xD40A, 0xCBE9,
  0xED50, 0xFE34, 0xF5F3, 0xFE14, 0xF5F3, 0xF590, 0xF591, 0xF590, 0xF5D2, 0xFE35, 0xFE14, 0xFE35,
  0xFE34, 0xF570, 0xF570, 0xF570, 0xFDB1, 0xDC8C, 0xD3EA, 0xD42A, 0xD42A, 0xA348, 0x9307, 0x92E7,
  0x92E7, 0xCBEA, 0xD42B, 0xD40A, 0xDC4B, 0x3903, 0x0000, 0x0000, 0x0000, 0x0000, 0x0000, 0x0000,
  0x0000, 0x0000, 0x0000, 0x0000, 0x0000, 0x0000, 0x0000, 0x0000, 0x0000, 0x0000, 0x0000, 0x0000,
  0x0000, 0x0000, 0x0000, 0x0000, 0x0000, 0x0000, 0x0000, 0x0000, 0x0000, 0x0000, 0x0000, 0x0000,
  0x0000, 0x0000, 0x0000, 0x0000, 0x0000, 0x0000, 0x0000, 0x0000, 0x0000, 0x0000, 0x0000, 0x0000,
  0x0000, 0x0000, 0x0000, 0x0000, 0x0000, 0x0861, 0xB596, 0xC618, 0xBDF8, 0xBDB5, 0xCBEA, 0xCBE9,
  0xCBE9, 0xC3C9, 0x8AC7, 0x8AC7, 0x8AC7, 0x9307, 0xCBE9, 0xCBE9, 0xCBE9, 0xCBE9, 0xCBE9, 0xCBE9,
  0xCBE9, 0xCBC9, 0xF635, 0xFF1A, 0xF6D9, 0xF6F9, 0xF5B1, 0xF54E, 0xF54F, 0xFD70, 0xD44B, 0xCBA9,
  0xCBC9, 0xCBE9, 0x9B07, 0x8AC7, 0x8AC7, 0x8AC7, 0x8AC7, 0x8AC7, 0x8AC7, 0x8AE7, 0x8AC7, 0x8AA6,
  0x8AC6, 0x8AC7, 0x8AC7, 0x8AC7, 0x8AC7, 0x8AC7, 0x8AC7, 0x8AC7, 0x8AC7, 0x8AC7, 0x8AC7, 0xBBA9,
  0xCBE9, 0xCBC9, 0xCBC9, 0xE530, 0xFE14, 0xF5F3, 0xFDF4, 0xF5B1, 0xF54E, 0xF54F, 0xF54F, 0xF590,
  0xFDF3, 0xFDF4, 0xFDF4, 0xFDF3, 0xF56F, 0xF56F, 0xF56F, 0xFD6F, 0xDC4B, 0xCBC9, 0xCBC9, 0xD3E9,
  0x9B07, 0x82A7, 0x8AC7, 0x8AE7, 0xBBA8, 0xCBC9, 0xCBC9, 0xD409, 0x3902, 0x0000, 0x0000, 0x0000,
  0x0000, 0x0000, 0x0000, 0x0000, 0x0000, 0x0000, 0x0000, 0x0000, 0x0000, 0x0000, 0x0000, 0x0000,
  0x0000, 0x0000, 0x0000, 0x0000, 0x0000, 0x0000, 0x0000, 0x0000, 0x0000, 0x0000, 0x0000, 0x0000,
  0x0000, 0x0000, 0x0000, 0x0000, 0x0000, 0x0000, 0x0000, 0x0000, 0x0000, 0x0000, 0x0000, 0x0000,
  0x0000, 0x0000, 0x0000, 0x0000, 0x0000, 0x0000, 0x0000, 0x0000, 0x0861, 0xB596, 0xC618, 0xBDF7,
  0xC5B6, 0xCBE9, 0xCBC9, 0xCBE9, 0xC3A9, 0x8AC7, 0x8AC7, 0x8AC7, 0x92E7, 0xCBE9, 0xCBE9, 0xCBE9,
  0xCBE9, 0xCBE9, 0xCBE9, 0xCBEA, 0xCBE9, 0xF635, 0xFF1A, 0xF6D9, 0xF6F9, 0xF5B1, 0xF54F, 0xF56F,
  0xFD70, 0xD44B, 0xCBC9, 0xCBE9, 0xCC0A, 0x9B07, 0x8AC7, 0x92E7, 0x92E7, 0x8AE7, 0x92E7, 0x8AE7,
  0x8AE7, 0x8AE7, 0x8AE7, 0x92E7, 0x92E7, 0x92E7, 0x8AE7, 0x8AE7, 0x92E7, 0x92E7, 0x92E7, 0x92E7,
  0x92E7, 0x8AE7, 0xB389, 0xCBE9, 0xCBEA, 0xCBC9, 0xE50F, 0xFE14, 0xF5F3, 0xFDF4, 0xF5B2, 0xF54F,
  0xF56F, 0xF56F, 0xF591, 0xFE14, 0xFE14, 0xFE14, 0xFDF3, 0xF56F, 0xF56F, 0xF56F, 0xFD90, 0xDC6B,
  0xCBC9, 0xD40A, 0xD40A, 0x9B08, 0x8AC7, 0x92E7, 0x8AC7, 0xC3A9, 0xD3EA, 0xCBC9, 0xD40A, 0x3902,
  0x0000, 0x0000, 0x0000, 0x0000, 0x0000, 0x0000, 0x0000, 0x0000, 0x0000, 0x0000, 0x0000, 0x0000,
  0x0000, 0x0000, 0x0000, 0x0000, 0x0000, 0x0000, 0x0000, 0x0000, 0x0000, 0x0000, 0x0000, 0x0000,
  0x0000, 0x0000, 0x0000, 0x0000, 0x0000, 0x0000, 0x0000, 0x0000, 0x0000, 0x0000, 0x0000, 0x0000,
  0x0000, 0x0000, 0x0000, 0x0000, 0x0000, 0x0000, 0x0000, 0x0000, 0x0000, 0x0000, 0x0000, 0x0861,
  0xB596, 0xC5F7, 0xBDF7, 0xBDB5, 0xCBE9, 0xCBC9, 0xCBE9, 0xC3A9, 0x8AC7, 0x8AC7, 0x8AC7, 0x92E7,
  0xCBE9, 0xCBE9, 0xCBE9, 0xCBE9, 0xCBE9, 0xCBE9, 0xCBEA, 0xCBE9, 0xF635, 0xFF1A, 0xF6D8, 0xF6F9,
  0xF5B1, 0xF54F, 0xF56F, 0xFD6F, 0xD44B, 0xCBC9, 0xCBE9, 0xCBE9, 0x9B28, 0x8AE7, 0x92E7, 0x92E7,
  0x92E7, 0x92E7, 0x8AE7, 0x8AE7, 0x8AE7, 0x8AE7, 0x8AE7, 0x8AE7, 0x8AE7, 0x8AE7, 0x8AE7, 0x8AE7,
  0x8AE7, 0x8AE7, 0x8AE7, 0x92E7, 0x8AE7, 0xB389, 0xD40A, 0xCC0A, 0xCBC8, 0xE50F, 0xFE34, 0xFDF4,
  0xFE14, 0xF5B1, 0xF54F, 0xF56F, 0xF54F, 0xF590, 0xFE14, 0xFDF4, 0xFE14, 0xFDF3, 0xF590, 0xF56F,
  0xF56F, 0xFD90, 0xDC4B, 0xCBE9, 0xD40A, 0xD40A, 0x9B08, 0x8AC7, 0x92E7, 0x8AC7, 0xC3C9, 0xD409,
  0xCBE9, 0xDC2A, 0x3902, 0x0000, 0x0000, 0x0000, 0x0000, 0x0000, 0x0000, 0x0000, 0x0000, 0x0000,
  0x0000, 0x0000, 0x0000, 0x0000, 0x0000, 0x0000, 0x0000, 0x0000, 0x0000, 0x0000, 0x0000, 0x0000,
  0x0000, 0x0000, 0x0000, 0x0000, 0x0000, 0x0000, 0x0000, 0x0000, 0x0000, 0x0000, 0x0000, 0x0000,
  0x0000, 0x0000, 0x0000, 0x0000, 0x0000, 0x0000, 0x0000, 0x0000, 0x0000, 0x0000, 0x0000, 0x0000,
  0x0000, 0x0000, 0x0841, 0x83EF, 0x8C51, 0x8451, 0x9450, 0xED2E, 0xED2E, 0xF52E, 0xE4CD, 0x8AE7,
  0x8AC7, 0x8AC7, 0x8AE7, 0x9B08, 0x9307, 0x9B07, 0x9B28, 0xCBE9, 0xCBE9, 0xCBE9, 0xCC0A, 0xF5B2,
  0xFE35, 0xF614, 0xF614, 0xDC8D, 0xD40A, 0xD42A, 0xD42A, 0xA348, 0x92E7, 0x9B07, 0x9307, 0xBBA9,
  0xC3C9, 0xC3C9, 0xC3C9, 0xC3C9, 0xC3C9, 0xC3C9, 0xC3C9, 0xC3C9, 0xC3C9, 0xC3C9, 0xBBA9, 0xDC8C,
  0xE50E, 0xE4EE, 0xE4EE, 0xE4EE, 0xE4EE, 0xE50E, 0xE50E, 0xE4EE, 0xED0E, 0xF52E, 0xED2E, 0xF52E,
  0xE4AD, 0xD42B, 0xD44B, 0xD42B, 0xE4EE, 0xFDF3, 0xF5D3, 0xFDF3, 0xFDD2, 0xF570, 0xF590, 0xFD90,
  0xF56F, 0xD42B, 0xD42A, 0xD44B, 0xD42A, 0xD40A, 0xCBE9, 0xCBEA, 0xD40A, 0x9B08, 0x8AC7, 0x8AE7,
  0x92E7, 0x4143, 0x20A1, 0x28C2, 0x28C1, 0x0820, 0x0000, 0x0000, 0x0000, 0x0000, 0x0000, 0x0000,
  0x0000, 0x0000, 0x0000, 0x0000, 0x0000, 0x0000, 0x0000, 0x0000, 0x0000, 0x0000, 0x0000, 0x0000,
  0x0000, 0x0000, 0x0000, 0x0000, 0x0000, 0x0000, 0x0000, 0x0000, 0x0000, 0x0000, 0x0000, 0x0000,
  0x0000, 0x0000, 0x0000, 0x0000, 0x0000, 0x0000, 0x0000, 0x0000, 0x0000, 0x0000, 0x0000, 0x0000,
  0x0000, 0x0000, 0x0000, 0x0000, 0x0000, 0x0841, 0x738E, 0x840F, 0x7BCF, 0x8C0F, 0xF56F, 0xF56F,
  0xFD90, 0xED0E, 0x8AE7, 0x8AC7, 0x8AE7, 0x8AE7, 0x8AC7, 0x8AE7, 0x8AC7, 0x8AE7, 0xCBC9, 0xCBE9,
  0xCBE9, 0xCC0A, 0xF5B2, 0xFDF3, 0xF5F3, 0xF5F3, 0xD42B, 0xCBC9, 0xCBC9, 0xCBE9, 0x9307, 0x82C7,
  0x8AE7, 0x8AC7, 0xC3C9, 0xD40A, 0xCBEA, 0xCBEA, 0xCBEA, 0xCBEA, 0xCBEA, 0xCBEA, 0xCBEA, 0xCBEA,
  0xCBEA, 0xCBE9, 0xECED, 0xFD90, 0xFD6F, 0xFD70, 0xFD90, 0xFD90, 0xFD90, 0xFD90, 0xFD90, 0xFD6F,
  0xFD6F, 0xF56F, 0xFD90, 0xDC8C, 0xCBC9, 0xCBE9, 0xCBC9, 0xE4CE, 0xFE14, 0xF5F3, 0xFE14, 0xFDD2,
  0xF54F, 0xF56F, 0xFD6F, 0xF52E, 0xCBE9, 0xCBE9, 0xCBE9, 0xCBE9, 0xCBE9, 0xCBE9, 0xCBE9, 0xD40A,
  0x9B08, 0x8AC7, 0x8AC7, 0x92E7, 0x1061, 0x0000, 0x0000, 0x0000, 0x0000, 0x0000, 0x0000, 0x0000,
  0x0000, 0x0000, 0x0000, 0x0000, 0x0000, 0x0000, 0x0000, 0x0000, 0x0000, 0x0000, 0x0000, 0x0000,
  0x0000, 0x0000, 0x0000, 0x0000, 0x0000, 0x0000, 0x0000, 0x0000, 0x0000, 0x0000, 0x0000, 0x0000,
  0x0000, 0x0000, 0x0000, 0x0000, 0x0000, 0x0000, 0x0000, 0x0000, 0x0000, 0x0000, 0x0000, 0x0000,
  0x0000, 0x0000, 0x0000, 0x0000, 0x0000, 0x0000, 0x0000, 0x0000, 0x0841, 0x73AE, 0x8410, 0x7BCF,
  0x8C0F, 0xF54F, 0xF56F, 0xFD6F, 0xE50E, 0x8AC7, 0x8AC7, 0x8AE7, 0x8AE7, 0x8AE7, 0x8AE7, 0x8AE7,
  0x92E7, 0xCBC9, 0xCBEA, 0xCBE9, 0xCC0A, 0xF5B2, 0xFE14, 0xF5F3, 0xFE14, 0xD44B, 0xCBC9, 0xCBE9,
  0xCBE9, 0x9B28, 0x8AE7, 0x92E7, 0x8AE7, 0xC3C9, 0xD40A, 0xCBE9, 0xCBEA, 0xCC0A, 0xCBEA, 0xCBEA,
  0xCBEA, 0xCBEA, 0xCBEA, 0xCC0A, 0xCBE9, 0xED0E, 0xFD90, 0xF56F, 0xF56F, 0xF56F, 0xF56F, 0xF56F,
  0xF56F, 0xF56F, 0xF56F, 0xF56F, 0xF54F, 0xFD70, 0xDC8C, 0xCBC9, 0xD40A, 0xCBC9, 0xE4EE, 0xFE34,
  0xF5F3, 0xFE14, 0xFDD2, 0xF56F, 0xF56F, 0xFD6F, 0xF54F, 0xCBEA, 0xCBE9, 0xCBE9, 0xCBEA, 0xCBEA,
  0xCBEA, 0xCBEA, 0xD40A, 0x9B07, 0x8AC7, 0x8AC7, 0x92E7, 0x20A1, 0x0000, 0x0000, 0x0000, 0x0000,
  0x0000, 0x0000, 0x0000, 0x0000, 0x0000, 0x0000, 0x0000, 0x0000, 0x0000, 0x0000, 0x0000, 0x0000,
  0x0000, 0x0000, 0x0000, 0x0000, 0x0000, 0x0000, 0x0000, 0x0000, 0x0000, 0x0000, 0x0000, 0x0000,
  0x0000, 0x0000, 0x0000, 0x0000, 0x0000, 0x0000, 0x0000, 0x0000, 0x0000, 0x0000, 0x0000, 0x0000,
  0x0000, 0x0000, 0x0000, 0x0000, 0x0000, 0x0000, 0x0000, 0x0000, 0x0000, 0x0000, 0x0000, 0x0841,
  0x8410, 0x8C51, 0x8430, 0x9450, 0xF590, 0xFD90, 0xFDB0, 0xED0E, 0x8AC7, 0x8AC7, 0x8AC7, 0x8AE7,
  0x8AE7, 0x8AE7, 0x8AE7, 0x92E7, 0xCBE9, 0xCBE9, 0xCBE9, 0xCBEA, 0xF5B2, 0xFE14, 0xF5F3, 0xFE14,
  0xD44B, 0xCBC9, 0xCBE9, 0xCBE9, 0x9B07, 0x82A6, 0x8AA7, 0x82A7, 0xBBA9, 0xCBE9, 0xCBE9, 0xCBE9,
  0xCBC9, 0xCBC9, 0xCBC9, 0xCBC9, 0xCBE9, 0xCBE9, 0xCBE9, 0xCBC9, 0xECED, 0xFD6F, 0xF54F, 0xF56F,
  0xF56F, 0xF56F, 0xF56F, 0xF54F, 0xF54F, 0xF56F, 0xF56F, 0xF56F, 0xFD90, 0xDC8C, 0xCBC9, 0xCC0A,
  0xCBC9, 0xE4CE, 0xFE34, 0xF5F3, 0xFE14, 0xFDD2, 0xF56F, 0xF56F, 0xFD90, 0xF54F, 0xD3EA, 0xCBE9,
  0xCBE9, 0xCBE9, 0xCBE9, 0xCBE9, 0xCBE9, 0xCBE9, 0x9B07, 0x8AC7, 0x8AC7, 0x92E7, 0x1881, 0x0000,
  0x0000, 0x0000, 0x0000, 0x0000, 0x0000, 0x0000, 0x0000, 0x0000, 0x0000, 0x0000, 0x0000, 0x0000,
  0x0000, 0x0000, 0x0000, 0x0000, 0x0000, 0x0000, 0x0000, 0x0000, 0x0000, 0x0000, 0x0000, 0x0000,
  0x0000, 0x0000, 0x0000, 0x0000, 0x0000, 0x0000, 0x0000, 0x0000, 0x0000, 0x0000, 0x0000, 0x0000,
  0x0000, 0x0000, 0x0000, 0x0000, 0x0000, 0x0000, 0x0000, 0x0000, 0x0000, 0x0000, 0x0000, 0x0000,
  0x0000, 0x0000, 0x0020, 0x31A6, 0x39C6, 0x31A6, 0x4A07, 0xDC6B, 0xE4AC, 0xE4AC, 0xD44B, 0x8AC7,
  0x8AC7, 0x8AC7, 0x8AE7, 0x8AE7, 0x8AE7, 0x8AE7, 0x92E7, 0xCBE9, 0xCBE9, 0xCBE9, 0xCBEA, 0xF5B2,
  0xFE14, 0xF5F3, 0xFE14, 0xD44B, 0xCBC9, 0xCBEA, 0xCBC9, 0xCC2B, 0xCC6C, 0xCC6C, 0xCC6C, 0xDCAD,
  0xE4CD, 0xE4CD, 0xE4CD, 0xE50F, 0xE530, 0xE52F, 0xE52F, 0xE4EE, 0xE4CD, 0xE4CD, 0xE4AC, 0xF5D2,
  0xFE76, 0xFE55, 0xFE55, 0xFE14, 0xF5F2, 0xF5F3, 0xF5F3, 0xF5F3, 0xF590, 0xF56F, 0xF56F, 0xFD90,
  0xDC8C, 0xCBC9, 0xCC0A, 0xCBC9, 0xE4CE, 0xFE34, 0xF5F3, 0xF614, 0xF5D2, 0xF56F, 0xF56F, 0xFD90,
  0xF54F, 0xCC0A, 0xCBE9, 0xCBEA, 0xCBE9, 0xDC8C, 0xECED, 0xE4CD, 0xECED, 0xA348, 0x8AA7, 0x8AC7,
  0x92E7, 0x1881, 0x0000, 0x0000, 0x0000, 0x0000, 0x0000, 0x0000, 0x0000, 0x0000, 0x0000, 0x0000,
  0x0000, 0x0000, 0x0000, 0x0000, 0x0000, 0x0000, 0x0000, 0x0000, 0x0000, 0x0000, 0x0000, 0x0000,
  0x0000, 0x0000, 0x0000, 0x0000, 0x0000, 0x0000, 0x0000, 0x0000, 0x0000, 0x0000, 0x0000, 0x0000,
  0x0000, 0x0000, 0x0000, 0x0000, 0x0000, 0x0000, 0x0000, 0x0000, 0x0000, 0x0000, 0x0000, 0x0000,
  0x0000, 0x0000, 0x0000, 0x0000, 0x0000, 0x0000, 0x0000, 0x0000, 0x0000, 0x1040, 0xCBC9, 0xCBC9,
  0xCBC9, 0xC3A9, 0x8AE7, 0x8AC7, 0x8AC7, 0x8AE7, 0x8AE7, 0x8AE7, 0x8AE7, 0x92E7, 0xCBE9, 0xCBE9,
  0xCBE9, 0xCBEA, 0xF5B2, 0xFE14, 0xF5F3, 0xFE14, 0xD44B, 0xCBC9, 0xCBEA, 0xCBE9, 0xF52E, 0xFDB0,
  0xFD90, 0xFD90, 0xFD70, 0xFD70, 0xFD70, 0xFD70, 0xFE13, 0xFE34, 0xFE14, 0xFE14, 0xFDD1, 0xFD6F,
  0xFD70, 0xFD6F, 0xFE97, 0xFF1A, 0xFEF9, 0xFF1A, 0xFEB7, 0xFE55, 0xFE55, 0xFE55, 0xFE55, 0xF5B1,
  0xF56F, 0xF56F, 0xFD90, 0xDC8C, 0xCBC9, 0xCC0A, 0xCBC9, 0xE4EE, 0xFE34, 0xF5F3, 0xF614, 0xF5D2,
  0xF56F, 0xF56F, 0xFD90, 0xF54F, 0xCBEA, 0xCBE9, 0xCBEA, 0xCBE9, 0xED0E, 0xFD90, 0xFD6F, 0xFDB0,
  0xA369, 0x8AA6, 0x8AC7, 0x92E7, 0x1881, 0x0000, 0x0000, 0x0000, 0x0000, 0x0000, 0x0000, 0x0000,
  0x0000, 0x0000, 0x0000, 0x0000, 0x0000, 0x0000, 0x0000, 0x0000, 0x0000, 0x0000, 0x0000, 0x0000,
  0x0000, 0x0000, 0x0000, 0x0000, 0x0000, 0x0000, 0x0000, 0x0000, 0x0000, 0x0000, 0x0000, 0x0000,
  0x0000, 0x0000, 0x0000, 0x0000, 0x0000, 0x0000, 0x0000, 0x0000, 0x0000, 0x0000, 0x0000, 0x0000,
  0x0000, 0x0000, 0x0000, 0x0000, 0x0000, 0x0000, 0x0000, 0x0000, 0x0000, 0x0000, 0x0000, 0x0000,
  0x1881, 0xCBC9, 0xCBE9, 0xCBE9, 0xC3C9, 0x92E7, 0x8AC7, 0x8AE7, 0x8AC7, 0x8AE7, 0x8AE7, 0x8AE7,
  0x92E7, 0xCBE9, 0xCBE9, 0xCBE9, 0xCBEA, 0xF5B2, 0xFE14, 0xF5F3, 0xFE14, 0xD44B, 0xCBC9, 0xCBEA,
  0xCBC9, 0xED0E, 0xF54F, 0xF54F, 0xF54F, 0xF54F, 0xF54F, 0xF54F, 0xF56F, 0xF5D2, 0xF5F3, 0xF5F3,
  0xF5F3, 0xF590, 0xF54F, 0xF56F, 0xF54F, 0xF676, 0xF6F9, 0xF6D8, 0xF6F9, 0xF696, 0xF634, 0xF634,
  0xF634, 0xF655, 0xF5B1, 0xF54F, 0xF54F, 0xF590, 0xDC8C, 0xCBC9, 0xCC0A, 0xCBC9, 0xE4EE, 0xFE34,
  0xF5F4, 0xF614, 0xF5D3, 0xF56F, 0xF56F, 0xFD70, 0xF54F, 0xD40A, 0xCBEA, 0xCBEA, 0xCBC9, 0xED0E,
  0xFD6F, 0xF56F, 0xFD90, 0xA349, 0x82A6, 0x8AC7, 0x8AC7, 0x1881, 0x0000, 0x0000, 0x0000, 0x0000,
  0x0000, 0x0000, 0x0000, 0x0000, 0x0000, 0x0000, 0x0000, 0x0000, 0x0000, 0x0000, 0x0000, 0x0000,
  0x0000, 0x0000, 0x0000, 0x0000, 0x0000, 0x0000, 0x0000, 0x0000, 0x0000, 0x0000, 0x0000, 0x0000,
  0x0000, 0x0000, 0x0000, 0x0000, 0x0000, 0x0000, 0x0000, 0x0000, 0x0000, 0x0000, 0x0000, 0x0000,
  0x0000, 0x0000, 0x0000, 0x0000, 0x0000, 0x0000, 0x0000, 0x0000, 0x0000, 0x0000, 0x0000, 0x0000,
  0x0000, 0x0000, 0x0000, 0x1881, 0xD3E9, 0xD409, 0xDC09, 0xCBC9, 0x8AC7, 0x8AE7, 0x8AE7, 0x8AE7,
  0x8AE7, 0x8AE7, 0x8AE7, 0x92E7, 0xCBE9, 0xCBE9, 0xCBE9, 0xCBEA, 0xF5B2, 0xFE14, 0xF5F4, 0xFE14,
  0xD44B, 0xCBC9, 0xCBEA, 0xCBE9, 0xFD6F, 0xFDF1, 0xFDD0, 0xFDD1, 0xFDB0, 0xFDB0, 0xFDB0, 0xFD90,
  0xFDF3, 0xFE34, 0xFE34, 0xFE14, 0xFD90, 0xFD90, 0xFD90, 0xFD6F, 0xFEB7, 0xFF3B, 0xFF3A, 0xFF1A,
  0xFEB7, 0xFE96, 0xFE96, 0xFE96, 0xFE96, 0xFE12, 0xFDD0, 0xFDD0, 0xFDF1, 0xECCD, 0xCBC9, 0xCC0A,
  0xCBC9, 0xE4EE, 0xFE34, 0xF5F4, 0xF614, 0xF5D3, 0xF56F, 0xF56F, 0xFD90, 0xF54F, 0xCBE9, 0xCBC9,
  0xCBC9, 0xCBC9, 0xED0E, 0xFD90, 0xF56F, 0xFD90, 0xAB89, 0x92E7, 0x9B07, 0x9B07, 0x18A1, 0x0000,
  0x0000, 0x0000, 0x0000, 0x0000, 0x0000, 0x0000, 0x0000, 0x0000, 0x0000, 0x0000, 0x0000, 0x0000,
  0x0000, 0x0000, 0x0000, 0x0000, 0x0000, 0x0000, 0x0000, 0x0000, 0x0000, 0x0000, 0x0000, 0x0000,
  0x0000, 0x0000, 0x0000, 0x0000, 0x0000, 0x0000, 0x0000, 0x0000, 0x0000, 0x0000, 0x0000, 0x0000,
  0x0000, 0x0000, 0x0000, 0x0000, 0x0000, 0x0000, 0x0000, 0x0000, 0x0000, 0x0000, 0x0000, 0x0000,
  0x0000, 0x0000, 0x0000, 0x0000, 0x0000, 0x0000, 0x1061, 0x936A, 0x936A, 0x934A, 0x934A, 0x8AE7,
  0x8AE7, 0x8AE7, 0x8AE7, 0x8AE7, 0x8AE7, 0x8AE7, 0x9307, 0xCBE9, 0xCBE9, 0xCBE9, 0xCBEA, 0xF5B2,
  0xFE14, 0xFDF4, 0xFE14, 0xD44B, 0xCBC9, 0xCBE9, 0xD40A, 0x8AE8, 0x7287, 0x72A7, 0x7287, 0xABAA,
  0xC42B, 0xBC0B, 0xBBEB, 0xDCAD, 0xE50F, 0xE4EE, 0xE4EE, 0xE4AD, 0xE4AC, 0xE4AC, 0xE4AC, 0xE50F,
  0xE571, 0xE551, 0xE571, 0xCCCF, 0xBC6D, 0xC48E, 0xC48E, 0xBC6D, 0x8B49, 0x7AE8, 0x8309, 0x7AC8,
  0xAB89, 0xD40A, 0xCBEA, 0xCBC9, 0xE4EE, 0xFE34, 0xF5F4, 0xF614, 0xF5D2, 0xF56F, 0xF56F, 0xF56F,
  0xF56F, 0xE4CD, 0xE4CD, 0xE4AD, 0xE4AC, 0xF54F, 0xFD6F, 0xF56F, 0xFD90, 0x6A66, 0x4143, 0x4143,
  0x4143, 0x0840, 0x0000, 0x0000, 0x0000, 0x0000, 0x0000, 0x0000, 0x0000, 0x0000, 0x0000, 0x0000,
  0x0000, 0x0000, 0x0000, 0x0000, 0x0000, 0x0000, 0x0000, 0x0000, 0x0000, 0x0000, 0x0000, 0x0000,
  0x0000, 0x0000, 0x0000, 0x0000, 0x0000, 0x0000, 0x0000, 0x0000, 0x0000, 0x0000, 0x0000, 0x0000,
  0x0000, 0x0000, 0x0000, 0x0000, 0x0000, 0x0000, 0x0000, 0x0000, 0x0000, 0x0000, 0x0000, 0x0000,
  0x0000, 0x0000, 0x0000, 0x0000, 0x0000, 0x0000, 0x0000, 0x0000, 0x0000, 0x0861, 0x52CB, 0x5ACB,
  0x52AB, 0x62CB, 0x8AE7, 0x8AE7, 0x8AC7, 0x8AC7, 0x8AE7, 0x8AE7, 0x8AE7, 0x9307, 0xCBE9, 0xCBE9,
  0xCBE9, 0xCBE9, 0xF5B2, 0xFE14, 0xF5F4, 0xFE14, 0xD44B, 0xCBC9, 0xCBE9, 0xD40A, 0x20A1, 0x0000,
  0x0000, 0x0000, 0x6A05, 0x8AC7, 0x8286, 0x82A7, 0xBBA9, 0xCBC9, 0xCBC9, 0xCBC9, 0xCBC9, 0xCBC9,
  0xCBC9, 0xCBE9, 0xCBC9, 0xCBC9, 0xCBA8, 0xCBE9, 0xA327, 0x8286, 0x8AA6, 0x82A6, 0x8AC6, 0x28E3,
  0x0021, 0x0861, 0x0000, 0x7A66, 0xDC4A, 0xCBE9, 0xCBC9, 0xE4CE, 0xFE34, 0xF5F3, 0xFE14, 0xF5D2,
  0xF56F, 0xF56F, 0xF56F, 0xF56F, 0xFD90, 0xFD90, 0xFD90, 0xFD90, 0xF56F, 0xF56F, 0xF56F, 0xFDB0,
  0x3123, 0x0000, 0x0000, 0x0000, 0x0000, 0x0000, 0x0000, 0x0000, 0x0000, 0x0000, 0x0000, 0x0000,
  0x0000, 0x0000, 0x0000, 0x0000, 0x0000, 0x0000, 0x0000, 0x0000, 0x0000, 0x0000, 0x0000, 0x0000,
  0x0000, 0x0000, 0x0000, 0x0000, 0x0000, 0x0000, 0x0000, 0x0000, 0x0000, 0x0000, 0x0000, 0x0000,
  0x0000, 0x0000, 0x0000, 0x0000, 0x0000, 0x0000, 0x0000, 0x0000, 0x0000, 0x0000, 0x0000, 0x0000,
  0x0000, 0x0000, 0x0000, 0x0000, 0x0000, 0x0000, 0x0000, 0x0000, 0x0000, 0x0000, 0x0000, 0x0000,
  0x0861, 0x5AAA, 0x62CB, 0x5ACB, 0x6AEA, 0x8AE7, 0x92E7, 0x8AE7, 0x8AE7, 0x8AE7, 0x8AE7, 0x8AE7,
  0x9307, 0xCBC9, 0xCBE9, 0xCBE9, 0xCBE9, 0xF5B2, 0xFE14, 0xF5F3, 0xFDF4, 0xD44C, 0xCBE9, 0xCBE9,
  0xD40A, 0x3922, 0x0820, 0x0840, 0x0820, 0x7266, 0x9308, 0x92E7, 0x9307, 0xC3C9, 0xD40A, 0xD40A,
  0xCC0A, 0xCC0A, 0xD40A, 0xD40A, 0xD40A, 0xD40A, 0xD40A, 0xD40A, 0xD40A, 0xAB68, 0x92E7, 0x92E8,
  0x92E7, 0x9B28, 0x4184, 0x10A2, 0x18C3, 0x10A2, 0x82A7, 0xDC2A, 0xCBEA, 0xCBC9, 0xE4CE, 0xFE14,
  0xF5F3, 0xFE14, 0xF5D2, 0xF56F, 0xF56F, 0xF56F, 0xF56F, 0xF56F, 0xF56F, 0xF56F, 0xF56F, 0xF56F,
  0xF56F, 0xF56F, 0xFD90, 0x3943, 0x0000, 0x0000, 0x0000, 0x0000, 0x0000, 0x0000, 0x0000, 0x0000,
  0x0000, 0x0000, 0x0000, 0x0000, 0x0000, 0x0000, 0x0000, 0x0000, 0x0000, 0x0000, 0x0000, 0x0000,
  0x0000, 0x0000, 0x0000, 0x0000, 0x0000, 0x0000, 0x0000, 0x0000, 0x0000, 0x0000, 0x0000, 0x0000,
  0x0000, 0x0000, 0x0000, 0x0000, 0x0000, 0x0000, 0x0000, 0x0000, 0x0000, 0x0000, 0x0000, 0x0000,
  0x0000, 0x0000, 0x0000, 0x0000, 0x0000, 0x0000, 0x0000, 0x0000, 0x0000, 0x0000, 0x0000, 0x0000,
  0x0000, 0x0000, 0x0000, 0x0861, 0x62EC, 0x630C, 0x630C, 0x6B0B, 0x8AC7, 0x8AC7, 0x8AC7, 0x8AC7,
  0x8AE7, 0x8AE7, 0x8AE7, 0x92E7, 0xCBE9, 0xD40A, 0xCBE9, 0xD40A, 0xF5F3, 0xFE34, 0xFE14, 0xFE35,
  0xD44B, 0xCBC8, 0xCBC9, 0xD409, 0x20A1, 0x0000, 0x0000, 0x0000, 0x61E4, 0x8AC6, 0x8AA6, 0x82A6,
  0xBB88, 0xCBE9, 0xCBC9, 0xCBE9, 0xCBC9, 0xCBC8, 0xCBC8, 0xCBC8, 0xCBC9, 0xCBC9, 0xCBC8, 0xD3E9,
  0xA328, 0x82A6, 0x8AC6, 0x8AA6, 0x92C7, 0x2903, 0x0021, 0x0862, 0x0021, 0x7246, 0xDC0A, 0xCBE9,
  0xC3A8, 0xDCCE, 0xFE34, 0xF5F3, 0xFE14, 0xF5D2, 0xF56F, 0xF56F, 0xF56F, 0xF56F, 0xF56F, 0xF56F,
  0xF56F, 0xF56F, 0xFD90, 0xFD90, 0xFD90, 0xFDB0, 0x3944, 0x0000, 0x0000, 0x0000, 0x0000, 0x0000,
  0x0000, 0x0000, 0x0000, 0x0000, 0x0000, 0x0000, 0x0000, 0x0000, 0x0000, 0x0000, 0x0000, 0x0000,
  0x0000, 0x0000, 0x0000, 0x0000, 0x0000, 0x0000, 0x0000, 0x0000, 0x0000, 0x0000, 0x0000, 0x0000,
  0x0000, 0x0000, 0x0000, 0x0000, 0x0000, 0x0000, 0x0000, 0x0000, 0x0000, 0x0000, 0x0000, 0x0000,
  0x0000, 0x0000, 0x0000, 0x0000, 0x0000, 0x0000, 0x0000, 0x0000, 0x0000, 0x0000, 0x0000, 0x0000,
  0x0000, 0x0000, 0x0000, 0x0000, 0x0000, 0x0000, 0x0020, 0x3186, 0x3186, 0x3165, 0x41C6, 0xAB48,
  0xAB68, 0xAB68, 0xAB48, 0x8AC7, 0x8AC7, 0x8AC7, 0x92E7, 0xAB68, 0xAB68, 0xAB68, 0xAB68, 0xDCAE,
  0xE50F, 0xE4EE, 0xE50F, 0xE4CD, 0xE4AC, 0xE4AC, 0xE4AC, 0x934A, 0x72EA, 0x7AE9, 0x7AE9, 0xB42D,
  0xC48D, 0xC46D, 0xBC6D, 0xDCCE, 0xE4EE, 0xE4EF, 0xE4EF, 0xE551, 0xE571, 0xE571, 0xE571, 0xE571,
  0xE571, 0xE551, 0xE571, 0xD4AE, 0xBC4D, 0xC48E, 0xC46E, 0xC46D, 0x8B29, 0x7AE8, 0x8309, 0x7AC8,
  0xBC0B, 0xECCD, 0xE4AC, 0xE48C, 0xED50, 0xFE14, 0xF5F4, 0xF614, 0xF5D2, 0xF56F, 0xF56F, 0xF56F,
  0xF570, 0xFDB1, 0xFDB2, 0xFDB2, 0xFDD2, 0xE4EE, 0xE48C, 0xE4AC, 0xECED, 0x3103, 0x0000, 0x0000,
  0x0000, 0x0000, 0x0000, 0x0000, 0x0000, 0x0000, 0x0000, 0x0000, 0x0000, 0x0000, 0x0000, 0x0000,
  0x0000, 0x0000, 0x0000, 0x0000, 0x0000, 0x0000, 0x0000, 0x0000, 0x0000, 0x0000, 0x0000, 0x0000,
  0x0000, 0x0000, 0x0000, 0x0000, 0x0000, 0x0000, 0x0000, 0x0000, 0x0000, 0x0000, 0x0000, 0x0000,
  0x0000, 0x0000, 0x0000, 0x0000, 0x0000, 0x0000, 0x0000, 0x0000, 0x0000, 0x0000, 0x0000, 0x0000,
  0x0000, 0x0000, 0x0000, 0x0000, 0x0000, 0x0000, 0x0000, 0x0000, 0x0000, 0x0000, 0x0000, 0x0000,
  0x0000, 0x1860, 0xD3E9, 0xD40A, 0xD409, 0xC3C9, 0x8AE7, 0x8AC7, 0x8AE7, 0x8AE7, 0x8AC7, 0x8AC7,
  0x8AC7, 0x8AC7, 0xBB88, 0xCBC9, 0xCBC9, 0xCBA8, 0xED2E, 0xFD90, 0xFD6F, 0xFD6F, 0xFE34, 0xFE75,
  0xFE55, 0xFE75, 0xFE55, 0xFE34, 0xFE34, 0xFE34, 0xFE14, 0xFE14, 0xFE14, 0xFE14, 0xFED9, 0xFF3B,
  0xFF1A, 0xFF1A, 0xFF1A, 0xFF1A, 0xFF1A, 0xFEF9, 0xFE35, 0xFE35, 0xFE35, 0xFE35, 0xFE55, 0xFDF2,
  0xFDB0, 0xFDB0, 0xFDB0, 0xFD90, 0xFD70, 0xFD70, 0xFD6F, 0xFDB1, 0xF614, 0xF614, 0xF614, 0xF5D3,
  0xF56F, 0xF56F, 0xF56F, 0xF590, 0xFE14, 0xFE14, 0xFDF4, 0xFE14, 0xD46C, 0xCBA8, 0xCBC9, 0xD3E9,
  0x30E2, 0x0000, 0x0000, 0x0000, 0x0000, 0x0000, 0x0000, 0x0000, 0x0000, 0x0000, 0x0000, 0x0000,
  0x0000, 0x0000, 0x0000, 0x0000, 0x0000, 0x0000, 0x0000, 0x0000, 0x0000, 0x0000, 0x0000, 0x0000,
  0x0000, 0x0000, 0x0000, 0x0000, 0x0000, 0x0000, 0x0000, 0x0000, 0x0000, 0x0000, 0x0000, 0x0000,
  0x0000, 0x0000, 0x0000, 0x0000, 0x0000, 0x0000, 0x0000, 0x0000, 0x0000, 0x0000, 0x0000, 0x0000,
  0x0000, 0x0000, 0x0000, 0x0000, 0x0000, 0x0000, 0x0000, 0x0000, 0x0000, 0x0000, 0x0000, 0x0000,
  0x0000, 0x0000, 0x0000, 0x0000, 0x20A1, 0xCBC9, 0xCBE9, 0xCBE9, 0xC3C9, 0x92E7, 0x8AC7, 0x8AC7,
  0x8AE7, 0x8AE7, 0x8AE7, 0x8AE7, 0x8AE7, 0xC3C9, 0xD3E9, 0xCBE9, 0xCBE9, 0xED0E, 0xF56F, 0xF54F,
  0xF54F, 0xF5B2, 0xF5F3, 0xF5D3, 0xF5F3, 0xF5F3, 0xF5F3, 0xF5F3, 0xF5F3, 0xF5F3, 0xF5F3, 0xF5F3,
  0xF5F3, 0xF697, 0xF6D9, 0xF6D9, 0xF6D9, 0xF6D9, 0xF6D9, 0xF6D9, 0xF6D9, 0xF614, 0xF5F3, 0xF5F4,
  0xF5F4, 0xF614, 0xF591, 0xF54F, 0xF54F, 0xF54F, 0xF54F, 0xF56F, 0xF56F, 0xF54F, 0xF5B1, 0xF614,
  0xF614, 0xF614, 0xF5F3, 0xF56F, 0xF56F, 0xF56F, 0xF570, 0xFDF4, 0xFDF4, 0xFDF3, 0xFE14, 0xDC8C,
  0xCBE9, 0xCBEA, 0xD40A, 0x30E2, 0x0000, 0x0000, 0x0000, 0x0000, 0x0000, 0x0000, 0x0000, 0x0000,
  0x0000, 0x0000, 0x0000, 0x0000, 0x0000, 0x0000, 0x0000, 0x0000, 0x0000, 0x0000, 0x0000, 0x0000,
  0x0000, 0x0000, 0x0000, 0x0000, 0x0000, 0x0000, 0x0000, 0x0000, 0x0000, 0x0000, 0x0000, 0x0000,
  0x0000, 0x0000, 0x0000, 0x0000, 0x0000, 0x0000, 0x0000, 0x0000, 0x0000, 0x0000, 0x0000, 0x0000,
  0x0000, 0x0000, 0x0000, 0x0000, 0x0000, 0x0000, 0x0000, 0x0000, 0x0000, 0x0000, 0x0000, 0x0000,
  0x0000, 0x0000, 0x0000, 0x0000, 0x0000, 0x0000, 0x0000, 0x2081, 0xCBE9, 0xCBE9, 0xCBE9, 0xC3C9,
  0x92E7, 0x8AC7, 0x8AC7, 0x8AE7, 0x8AE7, 0x8AE7, 0x8AE7, 0x8AE7, 0xC3C9, 0xD3E9, 0xCBE9, 0xCBE9,
  0xF52E, 0xFD90, 0xFD6F, 0xFD6F, 0xFDF3, 0xFE35, 0xFE34, 0xFE35, 0xFE34, 0xFE34, 0xFE34, 0xF634,
  0xFE14, 0xFDF4, 0xFE14, 0xFDF4, 0xF6B8, 0xF71A, 0xF6FA, 0xFEFA, 0xFEFA, 0xFF1A, 0xF6FA, 0xF6FA,
  0xF635, 0xF5F3, 0xF614, 0xF614, 0xF614, 0xF590, 0xF54F, 0xF54F, 0xF56F, 0xF56F, 0xF56F, 0xF56F,
  0xF54F, 0xF5B1, 0xF614, 0xF614, 0xF614, 0xF5F3, 0xF56F, 0xF56F, 0xF56F, 0xF590, 0xFDF4, 0xFE14,
  0xFE14, 0xFE35, 0xDC8C, 0xCBC9, 0xCBEA, 0xD40A, 0x30E2, 0x0000, 0x0000, 0x0000, 0x0000, 0x0000,
  0x0000, 0x0000, 0x0000, 0x0000, 0x0000, 0x0000, 0x0000, 0x0000, 0x0000, 0x0000, 0x0000, 0x0000,
  0x0000, 0x0000, 0x0000, 0x0000, 0x0000, 0x0000, 0x0000, 0x0000, 0x0000, 0x0000, 0x0000, 0x0000,
  0x0000, 0x0000, 0x0000, 0x0000, 0x0000, 0x0000, 0x0000, 0x0000, 0x0000, 0x0000, 0x0000, 0x0000,
  0x0000, 0x0000, 0x0000, 0x0000, 0x0000, 0x0000, 0x0000, 0x0000, 0x0000, 0x0000, 0x0000, 0x0000,
  0x0000, 0x0000, 0x0000, 0x0000, 0x0000, 0x0000, 0x0000, 0x0000, 0x0000, 0x0000, 0x2081, 0xCBC9,
  0xCBE9, 0xCBE9, 0xC3C9, 0x92E7, 0x8AC7, 0x8AC7, 0x8AE7, 0x8AE7, 0x8AE7, 0x8AE7, 0x8AE7, 0xC3C9,
  0xD3E9, 0xCBE9, 0xCBE9, 0xE4AC, 0xE4CD, 0xE4CD, 0xE4CC, 0xE50F, 0xE52F, 0xE52F, 0xE50F, 0xE52F,
  0xE52F, 0xE52F, 0xE52F, 0xF591, 0xFDD2, 0xF5B2, 0xFDB1, 0xF634, 0xF655, 0xF655, 0xF655, 0xF655,
  0xF655, 0xF655, 0xF635, 0xF5D2, 0xF5D3, 0xF5F3, 0xF5F3, 0xF5F3, 0xF5B1, 0xF5B1, 0xF5B1, 0xF5B1,
  0xF5B1, 0xFDB1, 0xF5B1, 0xF5B1, 0xF5D2, 0xF614, 0xF614, 0xF614, 0xF5F3, 0xF5B1, 0xF591, 0xF570,
  0xF570, 0xF5B2, 0xFDD2, 0xF5B2, 0xFDD2, 0xDC6C, 0xCBC9, 0xCBE9, 0xD40A, 0x30E2, 0x0000, 0x0000,
  0x0000, 0x0000, 0x0000, 0x0000, 0x0000, 0x0000, 0x0000, 0x0000, 0x0000, 0x0000, 0x0000, 0x0000,
  0x0000, 0x0000, 0x0000, 0x0000, 0x0000, 0x0000, 0x0000, 0x0000, 0x0000, 0x0000, 0x0000, 0x0000,
  0x0000, 0x0000, 0x0000, 0x0000, 0x0000, 0x0000, 0x0000, 0x0000, 0x0000, 0x0000, 0x0000, 0x0000,
  0x0000, 0x0000, 0x0000, 0x0000, 0x0000, 0x0000, 0x0000, 0x0000, 0x0000, 0x0000, 0x0000, 0x0000,
  0x0000, 0x0000, 0x0000, 0x0000, 0x0000, 0x0000, 0x0000, 0x0000, 0x0000, 0x0000, 0x0000, 0x0000,
  0x0000, 0x2081, 0xCBC9, 0xCBE9, 0xCBE9, 0xC3C9, 0x92E7, 0x8AC7, 0x8AC7, 0x8AC7, 0x8AE7, 0x8AE7,
  0x8AE7, 0x92E7, 0xC3C9, 0xD3E9, 0xCBE9, 0xCBE9, 0xCBE9, 0xCBC9, 0xCBC9, 0xCBC9, 0xCBC9, 0xCBC9,
  0xCBC9, 0xCBC9, 0xCBC9, 0xCBC9, 0xCBC9, 0xCBC9, 0xECED, 0xFD6F, 0xF54F, 0xF56F, 0xF54F, 0xF54E,
  0xF54F, 0xF54E, 0xF54F, 0xF54F, 0xF54E, 0xF54E, 0xF54F, 0xF570, 0xF570, 0xF570, 0xF570, 0xF5B2,
  0xF614, 0xF614, 0xF614, 0xF614, 0xFE14, 0xFE14, 0xFE14, 0xFDF4, 0xFDF4, 0xFDF4, 0xFDF4, 0xF5F4,
  0xFE14, 0xFDF4, 0xF570, 0xF56F, 0xF56F, 0xF54F, 0xF54F, 0xFD6F, 0xDC4B, 0xCBC9, 0xCBE9, 0xD40A,
  0x30E2, 0x0000, 0x0000, 0x0000, 0x0000, 0x0000, 0x0000, 0x0000, 0x0000, 0x0000, 0x0000, 0x0000,
  0x0000, 0x0000, 0x0000, 0x0000, 0x0000, 0x0000, 0x0000, 0x0000, 0x0000, 0x0000, 0x0000, 0x0000,
  0x0000, 0x0000, 0x0000, 0x0000, 0x0000, 0x0000, 0x0000, 0x0000, 0x0000, 0x0000, 0x0000, 0x0000,
  0x0000, 0x0000, 0x0000, 0x0000, 0x0000, 0x0000, 0x0000, 0x0000, 0x0000, 0x0000, 0x0000, 0x0000,
  0x0000, 0x0000, 0x0000, 0x0000, 0x0000, 0x0000, 0x0000, 0x0000, 0x0000, 0x0000, 0x0000, 0x0000,
  0x0000, 0x0000, 0x0000, 0x0000, 0x1881, 0xCBC9, 0xCBE9, 0xCBE9, 0xC3C9, 0x92E7, 0x8AE7, 0x8AE7,
  0x8AE7, 0x8AE7, 0x8AE7, 0x8AE7, 0x8AE7, 0xC3C9, 0xCBE9, 0xCBE9, 0xCBE9, 0xCBEA, 0xCBEA, 0xCC0A,
  0xCBEA, 0xCC0A, 0xCC0A, 0xCC0A, 0xCBEA, 0xCC0A, 0xCC0A, 0xCC0A, 0xCBEA, 0xED0E, 0xFD6F, 0xF56F,
  0xF56F, 0xF56F, 0xF56F, 0xF56F, 0xF56F, 0xF56F, 0xF570, 0xF570, 0xF570, 0xF56F, 0xF56F, 0xF56F,
  0xF56F, 0xF56F, 0xF5B1, 0xF614, 0xF614, 0xF614, 0xF614, 0xFE14, 0xFDF4, 0xFDF4, 0xFDF4, 0xFDF4,
  0xFDF4, 0xFDF4, 0xFE14, 0xFE14, 0xFDF3, 0xF56F, 0xF56F, 0xF56F, 0xF56F, 0xF56F, 0xFD90, 0xD44B,
  0xCBC9, 0xCBE9, 0xD40A, 0x30E2, 0x0000, 0x0000, 0x0000, 0x0000, 0x0000, 0x0000, 0x0000, 0x0000,
  0x0000, 0x0000, 0x0000, 0x0000, 0x0000, 0x0000, 0x0000, 0x0000, 0x0000, 0x0000, 0x0000, 0x0000,
  0x0000, 0x0000, 0x0000, 0x0000, 0x0000, 0x0000, 0x0000, 0x0000, 0x0000, 0x0000, 0x0000, 0x0000,
  0x0000, 0x0000, 0x0000, 0x0000, 0x0000, 0x0000, 0x0000, 0x0000, 0x0000, 0x0000, 0x0000, 0x0000,
  0x0000, 0x0000, 0x0000, 0x0000, 0x0000, 0x0000, 0x0000, 0x0000, 0x0000, 0x0000, 0x0000, 0x0000,
  0x0000, 0x0000, 0x0000, 0x0000, 0x0000, 0x0000, 0x0000, 0x20A1, 0xD3E9, 0xD409, 0xD409, 0xCBC9,
  0x8AE7, 0x8AC7, 0x8AC7, 0x8AC7, 0x8AE7, 0x8AE7, 0x8AE7, 0x8AE7, 0xCBC9, 0xD40A, 0xD40A, 0xD40A,
  0xCBEA, 0xCBEA, 0xCBEA, 0xCBE9, 0xCBE9, 0xCBC9, 0xCBC9, 0xCBC9, 0xCBC9, 0xCBA8, 0xCBA8, 0xC3A8,
  0xED0D, 0xFD6F, 0xF56F, 0xF56F, 0xF56F, 0xF56F, 0xF56F, 0xF56F, 0xF56F, 0xF56F, 0xF56F, 0xF56F,
  0xF56F, 0xF56F, 0xF56F, 0xF56F, 0xF54F, 0xF5B1, 0xF614, 0xF5F3, 0xF5F3, 0xF5F3, 0xFDF3, 0xFDF3,
  0xFDF3, 0xFDF4, 0xFDF4, 0xFDF4, 0xFDF4, 0xFE14, 0xFE14, 0xFDF4, 0xF56F, 0xF56F, 0xFD90, 0xFD90,
  0xFD90, 0xFDB0, 0xDC6B, 0xD3E9, 0xD40A, 0xDC2A, 0x30E2, 0x0000, 0x0000, 0x0000, 0x0000, 0x0000,
  0x0000, 0x0000, 0x0000, 0x0000, 0x0000, 0x0000, 0x0000, 0x0000, 0x0000, 0x0000, 0x0000, 0x0000,
  0x0000, 0x0000, 0x0000, 0x0000, 0x0000, 0x0000, 0x0000, 0x0000, 0x0000, 0x0000, 0x0000, 0x0000,
  0x0000, 0x0000, 0x0000, 0x0000, 0x0000, 0x0000, 0x0000, 0x0000, 0x0000, 0x0000, 0x0000, 0x0000,
  0x0000, 0x0000, 0x0000, 0x0000, 0x0000, 0x0000, 0x0000, 0x0000, 0x0000, 0x0000, 0x0000, 0x0000,
  0x0000, 0x0000, 0x0000, 0x0000, 0x0000, 0x0000, 0x0000, 0x0000, 0x0000, 0x0000, 0x1881, 0xA36A,
  0xA36A, 0x9B69, 0xA369, 0xA348, 0xA348, 0xA348, 0xA348, 0x8AE7, 0x8AE7, 0x8AE7, 0x8AE7, 0xB388,
  0xBBA9, 0xB389, 0xB389, 0xCBE9, 0xCBEA, 0xCBEA, 0xCBE9, 0xDC4B, 0xDC6C, 0xDC8C, 0xDC6C, 0xDCEF,
  0xDD10, 0xDD10, 0xDD10, 0xF591, 0xFDB1, 0xF5B1, 0xFDB1, 0xFDB1, 0xF5B1, 0xFDB1, 0xFDB1, 0xFDB1,
  0xFDB1, 0xF5B1, 0xF5B1, 0xF5B1, 0xF5B1, 0xF5B1, 0xF5B1, 0xF591, 0xF5F3, 0xF676, 0xF656, 0xF656,
  0xF656, 0xFE56, 0xFE56, 0xFE56, 0xFE35, 0xFDF4, 0xFDF4, 0xFE14, 0xFDF3, 0xFDD2, 0xF5B2, 0xF570,
  0xF54F, 0xECED, 0xE4CD, 0xECED, 0xED0E, 0xC3EA, 0xB368, 0xB388, 0xBBA9, 0x28C2, 0x0000, 0x0000,
  0x0000, 0x0000, 0x0000, 0x0000, 0x0000, 0x0000, 0x0000, 0x0000, 0x0000, 0x0000, 0x0000, 0x0000,
  0x0000, 0x0000, 0x0000, 0x0000, 0x0000, 0x0000, 0x0000, 0x0000, 0x0000, 0x0000, 0x0000, 0x0000,
  0x0000, 0x0000, 0x0000, 0x0000, 0x0000, 0x0000, 0x0000, 0x0000, 0x0000, 0x0000, 0x0000, 0x0000,
  0x0000, 0x0000, 0x0000, 0x0000, 0x0000, 0x0000, 0x0000, 0x0000, 0x0000, 0x0000, 0x0000, 0x0000,
  0x0000, 0x0000, 0x0000, 0x0000, 0x0000, 0x0000, 0x0000, 0x0000, 0x0000, 0x0000, 0x0000, 0x0000,
  0x0000, 0x0861, 0x4A6A, 0x4AAA, 0x4A8A, 0x5AAA, 0xCBE9, 0xD3E9, 0xD40A, 0xCBE9, 0x92E7, 0x8AC7,
  0x8AE7, 0x8AE7, 0x8AC7, 0x8AC7, 0x8AE7, 0x8AC7, 0xC3A9, 0xCBE9, 0xCBEA, 0xCBE9, 0xED0E, 0xFD90,
  0xFD90, 0xFD6F, 0xFED9, 0xFF7C, 0xFF5C, 0xFF7C, 0xFE56, 0xFDF3, 0xFE14, 0xFE14, 0xFE14, 0xFE14,
  0xFE14, 0xFE14, 0xFE14, 0xFE14, 0xFE14, 0xFE14, 0xFE14, 0xFDF4, 0xFDF4, 0xFE14, 0xFDF4, 0xFE77,
  0xF71A, 0xF6FA, 0xFEFA, 0xFEFA, 0xFEFA, 0xFEFA, 0xFF1A, 0xF697, 0xF5F3, 0xFDF4, 0xFE14, 0xF5D3,
  0xF54F, 0xF54F, 0xF570, 0xF52E, 0xCBC9, 0xCBC9, 0xCBC9, 0xCBE9, 0x9AE7, 0x82A7, 0x8AC7, 0x8AC7,
  0x20A1, 0x0000, 0x0000, 0x0000, 0x0000, 0x0000, 0x0000, 0x0000, 0x0000, 0x0000, 0x0000, 0x0000,
  0x0000, 0x0000, 0x0000, 0x0000, 0x0000, 0x0000, 0x0000, 0x0000, 0x0000, 0x0000, 0x0000, 0x0000,
  0x0000, 0x0000, 0x0000, 0x0000, 0x0000, 0x0000, 0x0000, 0x0000, 0x0000, 0x0000, 0x0000, 0x0000,
  0x0000, 0x0000, 0x0000, 0x0000, 0x0000, 0x0000, 0x0000, 0x0000, 0x0000, 0x0000, 0x0000, 0x0000,
  0x0000, 0x0000, 0x0000, 0x0000, 0x0000, 0x0000, 0x0000, 0x0000, 0x0000, 0x0000, 0x0000, 0x0000,
  0x0000, 0x0000, 0x0000, 0x0000, 0x0861, 0x528A, 0x52AA, 0x52AA, 0x62CA, 0xC3C9, 0xCBE9, 0xCBE9,
  0xC3C9, 0x92E7, 0x8AE7, 0x8AE7, 0x8AE7, 0x8AE7, 0x8AE7, 0x8AE7, 0x8AE7, 0xBBA9, 0xCBE9, 0xCBE9,
  0xCBE9, 0xED0E, 0xF56F, 0xF54F, 0xF54F, 0xFEB8, 0xF73B, 0xFF1B, 0xF71B, 0xFE35, 0xFDF3, 0xFDF4,
  0xFDF4, 0xFDF4, 0xFE14, 0xFE14, 0xFDF4, 0xFDF4, 0xFDF4, 0xFDF4, 0xFDF4, 0xFDF4, 0xFDF4, 0xFDF4,
  0xFE14, 0xFDF3, 0xFE76, 0xF6FA, 0xF6FA, 0xFEFA, 0xFEFA, 0xFEFA, 0xFEFA, 0xFEFA, 0xF697, 0xF5F3,
  0xFDF4, 0xFE14, 0xF5D2, 0xF56F, 0xF56F, 0xF56F, 0xED2E, 0xCBEA, 0xCBEA, 0xCBEA, 0xD40A, 0xA328,
  0x8AC7, 0x8AC7, 0x92E7, 0x20A1, 0x0000, 0x0000, 0x0000, 0x0000, 0x0000, 0x0000, 0x0000, 0x0000,
  0x0000, 0x0000, 0x0000, 0x0000, 0x0000, 0x0000, 0x0000, 0x0000, 0x0000, 0x0000, 0x0000, 0x0000,
  0x0000, 0x0000, 0x0000, 0x0000, 0x0000, 0x0000, 0x0000, 0x0000, 0x0000, 0x0000, 0x0000, 0x0000,
  0x0000, 0x0000, 0x0000, 0x0000, 0x0000, 0x0000, 0x0000, 0x0000, 0x0000, 0x0000, 0x0000, 0x0000,
  0x0000, 0x0000, 0x0000, 0x0000, 0x0000, 0x0000, 0x0000, 0x0000, 0x0000, 0x0000, 0x0000, 0x0000,
  0x0000, 0x0000, 0x0000, 0x0000, 0x0000, 0x0000, 0x0000, 0x0861, 0x4A69, 0x528A, 0x4A8A, 0x62CA,
  0xD42A, 0xD40A, 0xD40A, 0xD40A, 0x92E7, 0x8AC7, 0x8AC7, 0x8AC7, 0x8AE7, 0x8AE7, 0x8AE7, 0x8AC7,
  0xC3C9, 0xD40A, 0xD3EA, 0xCBE9, 0xF52E, 0xFD90, 0xFD90, 0xFD6F, 0xFED9, 0xFF5C, 0xFF3B, 0xFF3B,
  0xFE35, 0xFDF4, 0xFE14, 0xFE14, 0xFE14, 0xFE35, 0xFE35, 0xFE35, 0xFE14, 0xFE14, 0xFE14, 0xFE14,
  0xFE14, 0xFDF4, 0xFDF4, 0xFE14, 0xFDF3, 0xFE77, 0xF71A, 0xF6FA, 0xF6FA, 0xFEFA, 0xF71A, 0xFEFA,
  0xFF1B, 0xF698, 0xFDF4, 0xFE14, 0xFE14, 0xFDF3, 0xFD90, 0xFD90, 0xFD90, 0xF54F, 0xD40A, 0xD40A,
  0xD40A, 0xD40A, 0x9B28, 0x82A7, 0x8AC7, 0x8AC7, 0x20A1, 0x0000, 0x0000, 0x0000, 0x0000, 0x0000,
  0x0000, 0x0000, 0x0000, 0x0000, 0x0000, 0x0000, 0x0000, 0x0000, 0x0000, 0x0000, 0x0000, 0x0000,
  0x0000, 0x0000, 0x0000, 0x0000, 0x0000, 0x0000, 0x0000, 0x0000, 0x0000, 0x0000, 0x0000, 0x0000,
  0x0000, 0x0000, 0x0000, 0x0000, 0x0000, 0x0000, 0x0000, 0x0000, 0x0000, 0x0000, 0x0000, 0x0000,
  0x0000, 0x0000, 0x0000, 0x0000, 0x0000, 0x0000, 0x0000, 0x0000, 0x0000, 0x0000, 0x0000, 0x0000,
  0x0000, 0x0000, 0x0000, 0x0000, 0x0000, 0x0000, 0x0000, 0x0000, 0x0000, 0x0000, 0x0861, 0x5AEB,
  0x630C, 0x5AEB, 0x6B0B, 0x9B69, 0x9B48, 0xA349, 0xA348, 0x9B28, 0xA328, 0xA328, 0xA328, 0x92E7,
  0x8AE7, 0x8AE7, 0x8AE7, 0xAB68, 0xBB89, 0xBBA9, 0xBBA9, 0xDCAC, 0xED0E, 0xED0E, 0xED0E, 0xF677,
  0xFEB8, 0xF697, 0xF6D8, 0xF614, 0xFDD2, 0xF5D2, 0xFDD2, 0xED91, 0xED71, 0xED71, 0xED71, 0xF5B2,
  0xFDD2, 0xFDD2, 0xFDD2, 0xFDD3, 0xFDF4, 0xF5F4, 0xFE14, 0xFDF4, 0xF656, 0xF6D8, 0xF6B8, 0xF6B8,
  0xF6B8, 0xF6B8, 0xFEB8, 0xFEB8, 0xF656, 0xFDD2, 0xFDD2, 0xFDD2, 0xF5B1, 0xED0E, 0xECED, 0xED0E,
  0xE4CD, 0xB389, 0xBBA9, 0xBBA9, 0xBBA9, 0xA348, 0x9B28, 0xA328, 0xA348, 0x20C1, 0x0000, 0x0000,
  0x0000, 0x0000, 0x0000, 0x0000, 0x0000, 0x0000, 0x0000, 0x0000, 0x0000, 0x0000, 0x0000, 0x0000,
  0x0000, 0x0000, 0x0000, 0x0000, 0x0000, 0x0000, 0x0000, 0x0000, 0x0000, 0x0000, 0x0000, 0x0000,
  0x0000, 0x0000, 0x0000, 0x0000, 0x0000, 0x0000, 0x0000, 0x0000, 0x0000, 0x0000, 0x0000, 0x0000,
  0x0000, 0x0000, 0x0000, 0x0000, 0x0000, 0x0000, 0x0000, 0x0000, 0x0000, 0x0000, 0x0000, 0x0000,
  0x0000, 0x0000, 0x0000, 0x0000, 0x0000, 0x0000, 0x0000, 0x0000, 0x0000, 0x0000, 0x0000, 0x0000,
  0x0000, 0x1082, 0x7BCF, 0x7BEF, 0x83EF, 0x73AE, 0x2986, 0x2986, 0x2986, 0x39A6, 0xCBE9, 0xD40A,
  0xD3E9, 0xCBE9, 0x92E7, 0x8AC7, 0x8AE7, 0x8AE7, 0x8AC7, 0x8AC7, 0x8AC7, 0x82C7, 0xBB89, 0xCBE9,
  0xCBC9, 0xCBC9, 0xED30, 0xF5B1, 0xF591, 0xF5B1, 0xF590, 0xF54F, 0xF54F, 0xFD6F, 0xD42B, 0xCBA9,
  0xCBE9, 0xCBC9, 0xECED, 0xFD6F, 0xF56F, 0xF54F, 0xF590, 0xFDF4, 0xFDF4, 0xFDF4, 0xFDF4, 0xF634,
  0xF634, 0xF634, 0xF634, 0xF614, 0xFDF3, 0xF5F3, 0xF5F3, 0xF591, 0xF54E, 0xF54F, 0xFD6F, 0xECCD,
  0xCBA9, 0xCBE9, 0xCBE9, 0xBBA9, 0x8AC7, 0x8AE7, 0x8AC7, 0x82A7, 0xBBA9, 0xD40A, 0xCBE9, 0xDC2A,
  0x30E2, 0x0000, 0x0000, 0x0000, 0x0000, 0x0000, 0x0000, 0x0000, 0x0000, 0x0000, 0x0000, 0x0000,
  0x0000, 0x0000, 0x0000, 0x0000, 0x0000, 0x0000, 0x0000, 0x0000, 0x0000, 0x0000, 0x0000, 0x0000,
  0x0000, 0x0000, 0x0000, 0x0000, 0x0000, 0x0000, 0x0000, 0x0000, 0x0000, 0x0000, 0x0000, 0x0000,
  0x0000, 0x0000, 0x0000, 0x0000, 0x0000, 0x0000, 0x0000, 0x0000, 0x0000, 0x0000, 0x0000, 0x0000,
  0x0000, 0x0000, 0x0000, 0x0000, 0x0000, 0x0000, 0x0000, 0x0000, 0x0000, 0x0000, 0x0000, 0x0000,
  0x0000, 0x0000, 0x0000, 0x0000, 0x1082, 0x7BAE, 0x7BCF, 0x7BEF, 0x738E, 0x39C7, 0x31A6, 0x3186,
  0x41E6, 0xC3C9, 0xCBE9, 0xCBE9, 0xCBC9, 0x9307, 0x8AE7, 0x8AE7, 0x8AE7, 0x8AE7, 0x8AE7, 0x8AE7,
  0x8AE7, 0xBBA9, 0xCBE9, 0xCBE9, 0xCBC9, 0xED50, 0xF5D2, 0xF5B2, 0xF5B2, 0xF570, 0xF56F, 0xF56F,
  0xF56F, 0xDC4B, 0xCBE9, 0xCBEA, 0xCBE9, 0xECEE, 0xFD6F, 0xF54F, 0xF56F, 0xF590, 0xFDF3, 0xFDF4,
  0xFDF4, 0xF5F4, 0xF614, 0xF634, 0xF634, 0xF634, 0xF614, 0xF5F4, 0xF5F3, 0xF5F4, 0xF591, 0xF54F,
  0xF54F, 0xFD6F, 0xECEE, 0xCBE9, 0xCBE9, 0xCBE9, 0xC3C9, 0x92E7, 0x8AE7, 0x8AE7, 0x8AE7, 0xBBA9,
  0xD409, 0xCBE9, 0xD40A, 0x30E2, 0x0000, 0x0000, 0x0000, 0x0000, 0x0000, 0x0000, 0x0000, 0x0000,
  0x0000, 0x0000, 0x0000, 0x0000, 0x0000, 0x0000, 0x0000, 0x0000, 0x0000, 0x0000, 0x0000, 0x0000,
  0x0000, 0x0000, 0x0000, 0x0000, 0x0000, 0x0000, 0x0000, 0x0000, 0x0000, 0x0000, 0x0000, 0x0000,
  0x0000, 0x0000, 0x0000, 0x0000, 0x0000, 0x0000, 0x0000, 0x0000, 0x0000, 0x0000, 0x0000, 0x0000,
  0x0000, 0x0000, 0x0000, 0x0000, 0x0000, 0x0000, 0x0000, 0x0000, 0x0000, 0x0000, 0x0000, 0x0000,
  0x0000, 0x0000, 0x0000, 0x0000, 0x0000, 0x0000, 0x0000, 0x1082, 0x7BCF, 0x7BCF, 0x7BEF, 0x73AE,
  0x39C7, 0x31A6, 0x31A6, 0x41E7, 0xCBE9, 0xD409, 0xD40A, 0xD40A, 0x9307, 0x8AC7, 0x8AC7, 0x8AC7,
  0x8AC7, 0x8AC7, 0x8AE7, 0x8AC7, 0xBBA9, 0xD3E9, 0xCBE9, 0xCBE9, 0xF570, 0xFDF3, 0xFDD2, 0xFDD2,
  0xFD90, 0xFD6F, 0xFD90, 0xFD90, 0xDC4B, 0xCBE9, 0xCC0A, 0xCBE9, 0xED0E, 0xFD90, 0xF570, 0xFD6F,
  0xFDB1, 0xFE14, 0xFE14, 0xFE14, 0xFE14, 0xFE35, 0xFE55, 0xFE55, 0xFE55, 0xFE34, 0xFE14, 0xFE14,
  0xFE14, 0xFDD2, 0xFD6F, 0xF56F, 0xFD90, 0xED2E, 0xCBE9, 0xCBE9, 0xD3EA, 0xC3C9, 0x8AE7, 0x8AE7,
  0x8AE7, 0x8AC7, 0xBB88, 0xD3E9, 0xCBC9, 0xD3E9, 0x30E2, 0x0000, 0x0000, 0x0000, 0x0000, 0x0000,
  0x0000, 0x0000, 0x0000, 0x0000, 0x0000, 0x0000, 0x0000, 0x0000, 0x0000, 0x0000, 0x0000, 0x0000,
  0x0000, 0x0000, 0x0000, 0x0000, 0x0000, 0x0000, 0x0000, 0x0000, 0x0000, 0x0000, 0x0000, 0x0000,
  0x0000, 0x0000, 0x0000, 0x0000, 0x0000, 0x0000, 0x0000, 0x0000, 0x0000, 0x0000, 0x0000, 0x0000,
  0x0000, 0x0000, 0x0000, 0x0000, 0x0000, 0x0000, 0x0000, 0x0000, 0x0000, 0x0000, 0x0000, 0x0000,
  0x0000, 0x0000, 0x0000, 0x0000, 0x0000, 0x0000, 0x0000, 0x0000, 0x0000, 0x0000, 0x1082, 0x7BCF,
  0x7BCF, 0x7BEF, 0x73AE, 0x3186, 0x2965, 0x2965, 0x39A6, 0xA349, 0xAB69, 0xA349, 0xAB69, 0xA328,
  0x9B08, 0x9B28, 0x9B28, 0x92E7, 0x8AC7, 0x8AE7, 0x8AC7, 0xB388, 0xBBA9, 0xBBA9, 0xBB89, 0xD4AE,
  0xDD10, 0xDCEF, 0xDCEF, 0xED0E, 0xED0E, 0xED0E, 0xED0E, 0xD42B, 0xCBE9, 0xCC0A, 0xCBE9, 0xE4AC,
  0xED0E, 0xED0E, 0xED0E, 0xED2F, 0xED71, 0xED71, 0xED71, 0xED71, 0xED91, 0xEDB2, 0xEDB2, 0xEDB1,
  0xED91, 0xED71, 0xED71, 0xED71, 0xED50, 0xED0E, 0xED0E, 0xED0E, 0xDC8C, 0xBB88, 0xBBA9, 0xBBA9,
  0xB389, 0x8AE7, 0x8AE7, 0x8AE7, 0x8AC7, 0xC40A, 0xDC8C, 0xD46C, 0xDC8D, 0x3103, 0x0000, 0x0000,
  0x0000, 0x0000, 0x0000, 0x0000, 0x0000, 0x0000, 0x0000, 0x0000, 0x0000, 0x0000, 0x0000, 0x0000,
  0x0000, 0x0000, 0x0000, 0x0000, 0x0000, 0x0000, 0x0000, 0x0000, 0x0000, 0x0000, 0x0000, 0x0000,
  0x0000, 0x0000, 0x0000, 0x0000, 0x0000, 0x0000, 0x0000, 0x0000, 0x0000, 0x0000, 0x0000, 0x0000,
  0x0000, 0x0000, 0x0000, 0x0000, 0x0000, 0x0000, 0x0000, 0x0000, 0x0000, 0x0000, 0x0000, 0x0000,
  0x0000, 0x0000, 0x0000, 0x0000, 0x0000, 0x0000, 0x0000, 0x0000, 0x0000, 0x0000, 0x0000, 0x0000,
  0x0000, 0x1082, 0x7BCF, 0x7BCF, 0x7BEF, 0x738E, 0x18C3, 0x10A2, 0x10A2, 0x18C2, 0x3186, 0x31A6,
  0x3186, 0x3186, 0xB389, 0xD40A, 0xCBE9, 0xCBE9, 0x9B08, 0x8AC7, 0x8AE7, 0x8AC7, 0x8AC7, 0x8AC7,
  0x8AC7, 0x8AC7, 0x8AC7, 0x8AC7, 0x8AC7, 0x82C7, 0xBBA9, 0xD3E9, 0xCBC9, 0xCBC9, 0xCBE9, 0xCBEA,
  0xCBEA, 0xCBEA, 0xCBE9, 0xCBC9, 0xCBE9, 0xCBE9, 0xCBE9, 0xCBC9, 0xCBC9, 0xCBC9, 0xCBC9, 0xCBC9,
  0xCBC9, 0xCBC9, 0xCBC9, 0xCBC9, 0xCBC9, 0xCBC9, 0xCBC9, 0xCBC9, 0xCBC9, 0xCBC9, 0xCBC9, 0xB368,
  0x8AC7, 0x8AC7, 0x8AC7, 0x8AC7, 0x8AE7, 0x8AE7, 0x92E7, 0x8AA7, 0xDD30, 0xFE35, 0xF614, 0xFE55,
  0x3965, 0x0000, 0x0000, 0x0000, 0x0000, 0x0000, 0x0000, 0x0000, 0x0000, 0x0000, 0x0000, 0x0000,
  0x0000, 0x0000, 0x0000, 0x0000, 0x0000, 0x0000, 0x0000, 0x0000, 0x0000, 0x0000, 0x0000, 0x0000,
  0x0000, 0x0000, 0x0000, 0x0000, 0x0000, 0x0000, 0x0000, 0x0000, 0x0000, 0x0000, 0x0000, 0x0000,
  0x0000, 0x0000, 0x0000, 0x0000, 0x0000, 0x0000, 0x0000, 0x0000, 0x0000, 0x0000, 0x0000, 0x0000,
  0x0000, 0x0000, 0x0000, 0x0000, 0x0000, 0x0000, 0x0000, 0x0000, 0x0000, 0x0000, 0x0000, 0x0000,
  0x0000, 0x0000, 0x0000, 0x0000, 0x1082, 0x7BCF, 0x7BCF, 0x7BEF, 0x738E, 0x18C3, 0x18C3, 0x18C3,
  0x18C3, 0x31A6, 0x31A6, 0x31A6, 0x39C6, 0xB389, 0xCBE9, 0xCBE9, 0xCBE9, 0x9B07, 0x8AC7, 0x8AE7,
  0x8AE7, 0x8AE7, 0x8AE7, 0x8AE7, 0x8AE7, 0x8AE7, 0x92E7, 0x92E7, 0x8AE7, 0xC3A9, 0xD3E9, 0xCBE9,
  0xCBE9, 0xCBE9, 0xCBEA, 0xCBEA, 0xCBEA, 0xCBEA, 0xCBEA, 0xCBEA, 0xCBEA, 0xCBEA, 0xCBEA, 0xCBEA,
  0xCBE9, 0xCBE9, 0xCBE9, 0xCBE9, 0xCBE9, 0xCBE9, 0xCBE9, 0xCBE9, 0xCBE9, 0xCBE9, 0xCBE9, 0xCBE9,
  0xCBE9, 0xCBE9, 0xBB89, 0x8AC7, 0x8AE7, 0x8AE7, 0x8AE7, 0x8AE7, 0x92E7, 0x92E7, 0x8AC7, 0xDD30,
  0xFE35, 0xF5F4, 0xFE34, 0x3964, 0x0000, 0x0000, 0x0000, 0x0000, 0x0000, 0x0000, 0x0000, 0x0000,
  0x0000, 0x0000, 0x0000, 0x0000, 0x0000, 0x0000, 0x0000, 0x0000, 0x0000, 0x0000, 0x0000, 0x0000,
  0x0000, 0x0000, 0x0000, 0x0000, 0x0000, 0x0000, 0x0000, 0x0000, 0x0000, 0x0000, 0x0000, 0x0000,
  0x0000, 0x0000, 0x0000, 0x0000, 0x0000, 0x0000, 0x0000, 0x0000, 0x0000, 0x0000, 0x0000, 0x0000,
  0x0000, 0x0000, 0x0000, 0x0000, 0x0000, 0x0000, 0x0000, 0x0000, 0x0000, 0x0000, 0x0000, 0x0000,
  0x0000, 0x0000, 0x0000, 0x0000, 0x0000, 0x0000, 0x0000, 0x1082, 0x7BAE, 0x7BCF, 0x7BEF, 0x738E,
  0x18C3, 0x10A2, 0x10A2, 0x18C3, 0x31A6, 0x39A6, 0x31A6, 0x39E7, 0xC3C9, 0xD40A, 0xD40A, 0xD42A,
  0x9B08, 0x8AC7, 0x8AC7, 0x8AC7, 0x8AC7, 0x8AC7, 0x8AE7, 0x8AE7, 0x8AE7, 0x8AE7, 0x8AE7, 0x8AE7,
  0xC3C9, 0xD40A, 0xD40A, 0xD40A, 0xD40A, 0xD40A, 0xD40A, 0xD40A, 0xD40A, 0xD40A, 0xD40A, 0xD40A,
  0xD40A, 0xD40A, 0xD40A, 0xD40A, 0xD3EA, 0xD3EA, 0xCBEA, 0xCBEA, 0xCBEA, 0xD3EA, 0xD40A, 0xCBEA,
  0xCBEA, 0xCBEA, 0xCC0A, 0xCC0A, 0xD40A, 0xBBA9, 0x8AC7, 0x8AC7, 0x8AC7, 0x8AC7, 0x8AC7, 0x8AC7,
  0x8AC7, 0x82A6, 0xDD10, 0xFE35, 0xF5F4, 0xFE35, 0x3965, 0x0000, 0x0000, 0x0000, 0x0000, 0x0000,
  0x0000, 0x0000, 0x0000, 0x0000, 0x0000, 0x0000, 0x0000, 0x0000, 0x0000, 0x0000, 0x0000, 0x0000,
  0x0000, 0x0000, 0x0000, 0x0000, 0x0000, 0x0000, 0x0000, 0x0000, 0x0000, 0x0000, 0x0000, 0x0000,
  0x0000, 0x0000, 0x0000, 0x0000, 0x0000, 0x0000, 0x0000, 0x0000, 0x0000, 0x0000, 0x0000, 0x0000,
  0x0000, 0x0000, 0x0000, 0x0000, 0x0000, 0x0000, 0x0000, 0x0000, 0x0000, 0x0000, 0x0000, 0x0000,
  0x0000, 0x0000, 0x0000, 0x0000, 0x0000, 0x0000, 0x0000, 0x0000, 0x0000, 0x0000, 0x1082, 0x73AE,
  0x7BCF, 0x7BEF, 0x738E, 0x2103, 0x18E3, 0x18E3, 0x2104, 0x3186, 0x3186, 0x2965, 0x3186, 0x9B08,
  0xB368, 0xAB68, 0xAB68, 0x92E7, 0x8AC7, 0x8AC7, 0x8AC7, 0x8AC7, 0x8AC7, 0x8AC7, 0x8AE7, 0x8AE7,
  0x8AE7, 0x8AE7, 0x8AE7, 0xB389, 0xC3C9, 0xC3C9, 0xC3C9, 0xC3C9, 0xC3C9, 0xC3C9, 0xC3C9, 0xC3C9,
  0xC3C9, 0xC3C9, 0xC3C9, 0xC3C9, 0xC3C9, 0xC3C9, 0xC3C9, 0xC3C9, 0xC3C9, 0xC3C9, 0xC3C9, 0xC3C9,
  0xC3C9, 0xC3C9, 0xC3C9, 0xC3C9, 0xC3A9, 0xC3A9, 0xC3A9, 0xC3C9, 0xB389, 0x9307, 0x9B08, 0x9B07,
  0x9B28, 0xA38A, 0xA38A, 0xA38A, 0xA369, 0xE551, 0xFE14, 0xF5F4, 0xFE35, 0x3965, 0x0000, 0x0000,
  0x0000, 0x0000, 0x0000, 0x0000, 0x0000, 0x0000, 0x0000, 0x0000, 0x0000, 0x0000, 0x0000, 0x0000,
  0x0000, 0x0000, 0x0000, 0x0000, 0x0000, 0x0000, 0x0000, 0x0000, 0x0000, 0x0000, 0x0000, 0x0000,
  0x0000, 0x0000, 0x0000, 0x0000, 0x0000, 0x0000, 0x0000, 0x0000, 0x0000, 0x0000, 0x0000, 0x0000,
  0x0000, 0x0000, 0x0000, 0x0000, 0x0000, 0x0000, 0x0000, 0x0000, 0x0000, 0x0000, 0x0000, 0x0000,
  0x0000, 0x0000, 0x0000, 0x0000, 0x0000, 0x0000, 0x0000, 0x0000, 0x0000, 0x0000, 0x0000, 0x0000,
  0x0000, 0x1082, 0x7BAE, 0x7BCF, 0x7BCF, 0x738E, 0x39C7, 0x31A6, 0x31A6, 0x31A6, 0x18C3, 0x10A2,
  0x10A2, 0x10A2, 0x10A2, 0x10C3, 0x10C3, 0x10A2, 0x7266, 0x92E7, 0x8AC7, 0x8AC7, 0x8AC7, 0x8AC7,
  0x8AC7, 0x8AC7, 0x8AC7, 0x8AE7, 0x8AE7, 0x8AE7, 0x8AC7, 0x8AC7, 0x8AC7, 0x8AC7, 0x8AC7, 0x8AC7,
  0x8AC7, 0x8AC7, 0x8AE7, 0x8AC7, 0x8AC7, 0x8AE7, 0x8AE7, 0x8AE7, 0x8AE7, 0x8AC7, 0x8AC7, 0x8AE7,
  0x8AE7, 0x8AE7, 0x8AE7, 0x8AE7, 0x8AE7, 0x8AE7, 0x8AC7, 0x8AC7, 0x8AC7, 0x8AC7, 0x8AC7, 0x9B28,
  0xCBE9, 0xCBE9, 0xCBC9, 0xD42B, 0xFE34, 0xFE34, 0xFE34, 0xFE34, 0xFE14, 0xFDF4, 0xF5F4, 0xFE35,
  0x3965, 0x0000, 0x0000, 0x0000, 0x0000, 0x0000, 0x0000, 0x0000, 0x0000, 0x0000, 0x0000, 0x0000,
  0x0000, 0x0000, 0x0000, 0x0000, 0x0000, 0x0000, 0x0000, 0x0000, 0x0000, 0x0000, 0x0000, 0x0000,
  0x0000, 0x0000, 0x0000, 0x0000, 0x0000, 0x0000, 0x0000, 0x0000, 0x0000, 0x0000, 0x0000, 0x0000,
  0x0000, 0x0000, 0x0000, 0x0000, 0x0000, 0x0000, 0x0000, 0x0000, 0x0000, 0x0000, 0x0000, 0x0000,
  0x0000, 0x0000, 0x0000, 0x0000, 0x0000, 0x0000, 0x0000, 0x0000, 0x0000, 0x0000, 0x0000, 0x0000,
  0x0000, 0x0000, 0x0000, 0x0000, 0x1082, 0x7BAE, 0x7BCF, 0x7BCF, 0x738E, 0x39C7, 0x31A6, 0x31A6,
  0x31A6, 0x18C3, 0x10A2, 0x18C3, 0x18C3, 0x18C2, 0x18C2, 0x18C3, 0x18C3, 0x7286, 0x92E7, 0x8AC7,
  0x8AC7, 0x8AC7, 0x8AC7, 0x8AC7, 0x8AC7, 0x8AC7, 0x8AC7, 0x8AC7, 0x8AE7, 0x8AC7, 0x8AC7, 0x8AC7,
  0x8AC7, 0x8AC7, 0x8AC7, 0x8AE7, 0x8AE7, 0x8AE7, 0x8AE7, 0x8AE7, 0x8AE7, 0x8AE7, 0x8AE7, 0x8AE7,
  0x8AE7, 0x8AE7, 0x8AE7, 0x92E7, 0x8AE7, 0x8AE7, 0x8AE7, 0x8AE7, 0x8AE7, 0x8AE7, 0x8AC7, 0x8AC7,
  0x8AE7, 0x8AC7, 0x9B28, 0xCBEA, 0xCBE9, 0xCBC9, 0xD44B, 0xF634, 0xFE34, 0xF634, 0xF634, 0xF614,
  0xFDF4, 0xF5F4, 0xFE35, 0x3965, 0x0000, 0x0000, 0x0000, 0x0000, 0x0000, 0x0000, 0x0000, 0x0000,
  0x0000, 0x0000, 0x0000, 0x0000, 0x0000, 0x0000, 0x0000, 0x0000, 0x0000, 0x0000, 0x0000, 0x0000,
  0x0000, 0x0000, 0x0000, 0x0000, 0x0000, 0x0000, 0x0000, 0x0000, 0x0000, 0x0000, 0x0000, 0x0000,
  0x0000, 0x0000, 0x0000, 0x0000, 0x0000, 0x0000, 0x0000, 0x0000, 0x0000, 0x0000, 0x0000, 0x0000,
  0x0000, 0x0000, 0x0000, 0x0000, 0x0000, 0x0000, 0x0000, 0x0000, 0x0000, 0x0000, 0x0000, 0x0000,
  0x0000, 0x0000, 0x0000, 0x0000, 0x0000, 0x0000, 0x0000, 0x1082, 0x7BAE, 0x7BCF, 0x7BCF, 0x738E,
  0x39C7, 0x31A6, 0x39C7, 0x31A6, 0x18C3, 0x10A2, 0x18C2, 0x10A2, 0x10A2, 0x10A2, 0x18C2, 0x10A3,
  0x7266, 0x92E7, 0x8AE7, 0x8AC7, 0x92E7, 0x92E7, 0x92E7, 0x92E7, 0x92E7, 0x92E7, 0x92E7, 0x92E7,
  0x92E7, 0x92E7, 0x92E7, 0x92E7, 0x92E7, 0x92E7, 0x92E7, 0x92E7, 0x9307, 0x9307, 0x9307, 0x9307,
  0x9307, 0x92E7, 0x92E7, 0x92E7, 0x92E7, 0x92E7, 0x8AE7, 0x8AE7, 0x8AE7, 0x8AE7, 0x8AE7, 0x8AE7,
  0x8AC7, 0x8AE7, 0x8AC7, 0x8AE7, 0x8AE7, 0x9B28, 0xCBC9, 0xCBC9, 0xC3C9, 0xCC0B, 0xF634, 0xFE34,
  0xF634, 0xF634, 0xFE14, 0xFE14, 0xF614, 0xFE35, 0x3964, 0x0000, 0x0000, 0x0000, 0x0000, 0x0000,
  0x0000, 0x0000, 0x0000, 0x0000, 0x0000, 0x0000, 0x0000, 0x0000, 0x0000, 0x0000, 0x0000, 0x0000,
  0x0000, 0x0000, 0x0000, 0x0000, 0x0000, 0x0000, 0x0000, 0x0000, 0x0000, 0x0000, 0x0000, 0x0000,
  0x0000, 0x0000, 0x0000, 0x0000, 0x0000, 0x0000, 0x0000, 0x0000, 0x0000, 0x0000, 0x0000, 0x0000,
  0x0000, 0x0000, 0x0000, 0x0000, 0x0000, 0x0000, 0x0000, 0x0000, 0x0000, 0x0000, 0x0000, 0x0000,
  0x0000, 0x0000, 0x0000, 0x0000, 0x0000, 0x0000, 0x0000, 0x0000, 0x0000, 0x0000, 0x1082, 0x7BAF,
  0x7BCF, 0x7BCF, 0x738E, 0x39C7, 0x31A6, 0x39C7, 0x31A6, 0x18C3, 0x10A2, 0x10C2, 0x18C3, 0x18C3,
  0x18E3, 0x20E3, 0x18C3, 0x6A66, 0x8AE8, 0x82C7, 0x82C7, 0x82A7, 0x7A86, 0x7A86, 0x7A86, 0x7A86,
  0x7A86, 0x7A86, 0x7A86, 0x7A66, 0x7A66, 0x7A66, 0x7A66, 0x7A66, 0x7A86, 0x7A86, 0x7A86, 0x7A86,
  0x7A66, 0x7A66, 0x7A66, 0x7A86, 0x7A87, 0x7A86, 0x7A86, 0x7A87, 0x82C7, 0x92E7, 0x8AE7, 0x8AE7,
  0x8AE7, 0x8AE7, 0x8AE7, 0x8AE7, 0x8AE7, 0x8AE7, 0x8AE7, 0x8AC7, 0xA348, 0xD42B, 0xD42B, 0xCC2B,
  0xD46C, 0xF634, 0xFE34, 0xFE34, 0xF634, 0xFDF3, 0xFDF3, 0xFDF3, 0xFE14, 0x3964, 0x0000, 0x0000,
  0x0000, 0x0000, 0x0000, 0x0000, 0x0000, 0x0000, 0x0000, 0x0000, 0x0000, 0x0000, 0x0000, 0x0000,
  0x0000, 0x0000, 0x0000, 0x0000, 0x0000, 0x0000, 0x0000, 0x0000, 0x0000, 0x0000, 0x0000, 0x0000,
  0x0000, 0x0000, 0x0000, 0x0000, 0x0000, 0x0000, 0x0000, 0x0000, 0x0000, 0x0000, 0x0000, 0x0000,
  0x0000, 0x0000, 0x0000, 0x0000, 0x0000, 0x0000, 0x0000, 0x0000, 0x0000, 0x0000, 0x0000, 0x0000,
  0x0000, 0x0000, 0x0000, 0x0000, 0x0000, 0x0000, 0x0000, 0x0000, 0x0000, 0x0000, 0x0000, 0x0000,
  0x0000, 0x1082, 0x7BAF, 0x7BCF, 0x83CF, 0x738E, 0x39C7, 0x31A6, 0x39C7, 0x31A6, 0x18C3, 0x10A2,
  0x10A2, 0x18C3, 0x3186, 0x39A6, 0x39A6, 0x39A6, 0x528A, 0x5ACA, 0x52AA, 0x5ACB, 0x2144, 0x10A2,
  0x18C3, 0x18C3, 0x10A2, 0x10A2, 0x10A2, 0x18C3, 0x0020, 0x0000, 0x0000, 0x0000, 0x1082, 0x10A2,
  0x10A2, 0x18C3, 0x0841, 0x0000, 0x0000, 0x0000, 0x0020, 0x18E3, 0x18C3, 0x18C3, 0x10A3, 0x51C5,
  0x9307, 0x8AC7, 0x8AE7, 0x8AE7, 0x8AE7, 0x8AE7, 0x8AE7, 0x8AE7, 0x8AE7, 0x92E7, 0x8AA6, 0xABAB,
  0xFE35, 0xF5D3, 0xF5F4, 0xFDF4, 0xFDF4, 0xFE14, 0xFE14, 0xFE14, 0xF5B1, 0xF56F, 0xF54F, 0xFD90,
  0x3943, 0x0000, 0x0000, 0x0000, 0x0000, 0x0000, 0x0000, 0x0000, 0x0000, 0x0000, 0x0000, 0x0000,
  0x0000, 0x0000, 0x0000, 0x0000, 0x0000, 0x0000, 0x0000, 0x0000, 0x0000, 0x0000, 0x0000, 0x0000,
  0x0000, 0x0000, 0x0000, 0x0000, 0x0000, 0x0000, 0x0000, 0x0000, 0x0000, 0x0000, 0x0000, 0x0000,
  0x0000, 0x0000, 0x0000, 0x0000, 0x0000, 0x0000, 0x0000, 0x0000, 0x0000, 0x0000, 0x0000, 0x0000,
  0x0000, 0x0000, 0x0000, 0x0000, 0x0000, 0x0000, 0x0000, 0x0000, 0x0000, 0x0000, 0x0000, 0x0000,
  0x0000, 0x0000, 0x0000, 0x0000, 0x1082, 0x7BAF, 0x7BCF, 0x83CF, 0x738E, 0x39C7, 0x31A6, 0x39A7,
  0x31A6, 0x18C3, 0x10A2, 0x10A2, 0x18C3, 0x3186, 0x39A6, 0x39A6, 0x39C6, 0x528A, 0x52AA, 0x52AA,
  0x5ACB, 0x2124, 0x10A2, 0x18C3, 0x10A2, 0x10A2, 0x10A2, 0x10A2, 0x18C3, 0x0020, 0x0000, 0x0000,
  0x0000, 0x0861, 0x10A2, 0x10A2, 0x10A2, 0x0840, 0x0000, 0x0000, 0x0000, 0x0840, 0x18C3, 0x18C3,
  0x18C3, 0x10A3, 0x49C5, 0x9307, 0x8AC7, 0x8AE7, 0x8AE7, 0x8AE7, 0x8AE7, 0x8AE7, 0x92E7, 0x8AE7,
  0x92E7, 0x8AC7, 0xABAA, 0xFE14, 0xF5F4, 0xFDF4, 0xFDF4, 0xFDF4, 0xFDF4, 0xFDF4, 0xFE14, 0xF591,
  0xF54F, 0xF54F, 0xFD90, 0x3943, 0x0000, 0x0000, 0x0000, 0x0000, 0x0000, 0x0000, 0x0000, 0x0000,
  0x0000, 0x0000, 0x0000, 0x0000, 0x0000, 0x0000, 0x0000, 0x0000, 0x0000, 0x0000, 0x0000, 0x0000,
  0x0000, 0x0000, 0x0000, 0x0000, 0x0000, 0x0000, 0x0000, 0x0000, 0x0000, 0x0000, 0x0000, 0x0000,
  0x0000, 0x0000, 0x0000, 0x0000, 0x0000, 0x0000, 0x0000, 0x0000, 0x0000, 0x0000, 0x0000, 0x0000,
  0x0000, 0x0000, 0x0000, 0x0000, 0x0000, 0x0000, 0x0000, 0x0000, 0x0000, 0x0000, 0x0000, 0x0000,
  0x0000, 0x0000, 0x0000, 0x0000, 0x0000, 0x0000, 0x0000, 0x1082, 0x7BAF, 0x83CF, 0x83D0, 0x738E,
  0x39C7, 0x31A6, 0x31A6, 0x31A6, 0x18C3, 0x10A2, 0x10A2, 0x18C3, 0x3186, 0x39A6, 0x39C6, 0x39A6,
  0x5269, 0x52AA, 0x52AA, 0x52AA, 0x2124, 0x10A2, 0x10A2, 0x10A2, 0x18C2, 0x18C3, 0x18C2, 0x10A2,
  0x0020, 0x0000, 0x0000, 0x0000, 0x0861, 0x10A2, 0x10A2, 0x18C3, 0x0840, 0x0000, 0x0000, 0x0000,
  0x0020, 0x10A2, 0x10A2, 0x18C3, 0x10A2, 0x41A4, 0x92E7, 0x8AC7, 0x8AC7, 0x8AC7, 0x8AC7, 0x8AC7,
  0x8AC7, 0x8AC7, 0x8AC7, 0x8AC7, 0x82A6, 0xABCB, 0xFE14, 0xF5F4, 0xFDF4, 0xFDF4, 0xFDF4, 0xFDF4,
  0xFDF4, 0xFE14, 0xF590, 0xF54F, 0xF56F, 0xFDB0, 0x3944, 0x0000, 0x0000, 0x0000, 0x0000, 0x0000,
  0x0000, 0x0000, 0x0000, 0x0000, 0x0000, 0x0000, 0x0000, 0x0000, 0x0000, 0x0000, 0x0000, 0x0000,
  0x0000, 0x0000, 0x0000, 0x0000, 0x0000, 0x0000, 0x0000, 0x0000, 0x0000, 0x0000, 0x0000, 0x0000,
  0x0000, 0x0000, 0x0000, 0x0000, 0x0000, 0x0000, 0x0000, 0x0000, 0x0000, 0x0000, 0x0000, 0x0000,
  0x0000, 0x0000, 0x0000, 0x0000, 0x0000, 0x0000, 0x0000, 0x0000, 0x0000, 0x0000, 0x0000, 0x0000,
  0x0000, 0x0000, 0x0000, 0x0000, 0x0000, 0x0000, 0x0000, 0x0000, 0x0000, 0x0000, 0x1082, 0x7B8E,
  0x7B8E, 0x736E, 0x734D, 0x39E7, 0x39C7, 0x39E7, 0x39C7, 0x18C3, 0x10A2, 0x10A2, 0x10A2, 0x3186,
  0x39A6, 0x39A6, 0x39C7, 0x528A, 0x5AEB, 0x5ACB, 0x5AEB, 0x2965, 0x18A2, 0x18C3, 0x18C3, 0x18C3,
  0x18A3, 0x18C3, 0x18C3, 0x0020, 0x0000, 0x0000, 0x0000, 0x1082, 0x10A2, 0x10A2, 0x18C3, 0x0841,
  0x0000, 0x0000, 0x0000, 0x0840, 0x20E3, 0x2103, 0x2903, 0x18E3, 0x59E5, 0x9B08, 0x92E7, 0x92E7,
  0x9308, 0x9B49, 0x9B49, 0x9B49, 0x9B49, 0x9B49, 0x9B49, 0x9308, 0xB40C, 0xFE34, 0xF5F3, 0xFDF3,
  0xFDF4, 0xFDF4, 0xFDF4, 0xFDF4, 0xFE14, 0xF570, 0xF54F, 0xF54F, 0xFD6F, 0x3943, 0x0000, 0x0000,
  0x0000, 0x0000, 0x0000, 0x0000, 0x0000, 0x0000, 0x0000, 0x0000, 0x0000, 0x0000, 0x0000, 0x0000,
  0x0000, 0x0000, 0x0000, 0x0000, 0x0000, 0x0000, 0x0000, 0x0000, 0x0000, 0x0000, 0x0000, 0x0000,
  0x0000, 0x0000, 0x0000, 0x0000, 0x0000, 0x0000, 0x0000, 0x0000, 0x0000, 0x0000, 0x0000, 0x0000,
  0x0000, 0x0000, 0x0000, 0x0000, 0x0000, 0x0000, 0x0000, 0x0000, 0x0000, 0x0000, 0x0000, 0x0000,
  0x0000, 0x0000, 0x0000, 0x0000, 0x0000, 0x0000, 0x0000, 0x0000, 0x0000, 0x0000, 0x0000, 0x0000,
  0x0000, 0x0841, 0x39C7, 0x39C7, 0x39C7, 0x39E7, 0x5AEB, 0x630C, 0x630C, 0x5ACB, 0x18E3, 0x10A2,
  0x10A2, 0x10C2, 0x3186, 0x39C7, 0x39C6, 0x31A6, 0x6B6D, 0x7BEF, 0x7BCF, 0x7BEF, 0x4A49, 0x3186,
  0x39A6, 0x39A6, 0x20E3, 0x10A2, 0x18C2, 0x18A2, 0x10A2, 0x10A2, 0x10A2, 0x10A2, 0x10A2, 0x10A2,
  0x10A2, 0x10A2, 0x10A2, 0x10A2, 0x10A2, 0x0882, 0x2903, 0x8AC7, 0x82A7, 0x82A7, 0x82A6, 0xB389,
  0xCBEA, 0xCBE9, 0xC388, 0xDD51, 0xF6FA, 0xF6B8, 0xF6D9, 0xF697, 0xF613, 0xF614, 0xF634, 0xF5F2,
  0xF56F, 0xF56F, 0xF56F, 0xF570, 0xF5F3, 0xFDF4, 0xFDF3, 0xFE14, 0xDC8C, 0xCBE9, 0xCBE9, 0xD40A,
  0x30E2, 0x0000, 0x0000, 0x0000, 0x0000, 0x0000, 0x0000, 0x0000, 0x0000, 0x0000, 0x0000, 0x0000,
  0x0000, 0x0000, 0x0000, 0x0000, 0x0000, 0x0000, 0x0000, 0x0000, 0x0000, 0x0000, 0x0000, 0x0000,
  0x0000, 0x0000, 0x0000, 0x0000, 0x0000, 0x0000, 0x0000, 0x0000, 0x0000, 0x0000, 0x0000, 0x0000,
  0x0000, 0x0000, 0x0000, 0x0000, 0x0000, 0x0000, 0x0000, 0x0000, 0x0000, 0x0000, 0x0000, 0x0000,
  0x0000, 0x0000, 0x0000, 0x0000, 0x0000, 0x0000, 0x0000, 0x0000, 0x0000, 0x0000, 0x0000, 0x0000,
  0x0000, 0x0000, 0x0000, 0x0000, 0x0841, 0x31A6, 0x31A6, 0x39C6, 0x39E7, 0x630C, 0x630C, 0x632C,
  0x5AEB, 0x18E3, 0x10A2, 0x10A2, 0x18C3, 0x3186, 0x39C7, 0x39C6, 0x31A6, 0x6B6D, 0x7BEF, 0x7BCF,
  0x7BEF, 0x4A28, 0x39A6, 0x39C7, 0x39C7, 0x20E3, 0x10A2, 0x18C3, 0x18C2, 0x18C2, 0x18C2, 0x18C2,
  0x10C2, 0x10A2, 0x10A2, 0x10A2, 0x10A2, 0x18A2, 0x10A2, 0x18C2, 0x1082, 0x3144, 0x9307, 0x8AC7,
  0x8AE7, 0x8AC7, 0xB389, 0xD3E9, 0xCBEA, 0xCBA8, 0xE571, 0xFF3A, 0xFED9, 0xFEFA, 0xF6B7, 0xF634,
  0xFE34, 0xFE55, 0xF613, 0xF54F, 0xF54F, 0xF54F, 0xF56F, 0xF5F3, 0xFDF4, 0xFDF3, 0xFE14, 0xDC8C,
  0xCBC9, 0xCBC9, 0xD40A, 0x30E2, 0x0000, 0x0000, 0x0000, 0x0000, 0x0000, 0x0000, 0x0000, 0x0000,
  0x0000, 0x0000, 0x0000, 0x0000, 0x0000, 0x0000, 0x0000, 0x0000, 0x0000, 0x0000, 0x0000, 0x0000,
  0x0000, 0x0000, 0x0000, 0x0000, 0x0000, 0x0000, 0x0000, 0x0000, 0x0000, 0x0000, 0x0000, 0x0000,
  0x0000, 0x0000, 0x0000, 0x0000, 0x0000, 0x0000, 0x0000, 0x0000, 0x0000, 0x0000, 0x0000, 0x0000,
  0x0000, 0x0000, 0x0000, 0x0000, 0x0000, 0x0000, 0x0000, 0x0000, 0x0000, 0x0000, 0x0000, 0x0000,
  0x0000, 0x0000, 0x0000, 0x0000, 0x0000, 0x0000, 0x0000, 0x0841, 0x31A6, 0x39C7, 0x39A6, 0x39E7,
  0x630C, 0x630C, 0x632C, 0x5AEB, 0x18E3, 0x10A2, 0x10A2, 0x18C3, 0x3186, 0x39C7, 0x39C6, 0x39C6,
  0x6B6D, 0x7BEF, 0x7BCF, 0x7BEF, 0x4A49, 0x39A6, 0x39A6, 0x39A6, 0x20E3, 0x10A2, 0x18C3, 0x18A2,
  0x10A2, 0x10A2, 0x10A2, 0x10A2, 0x10A2, 0x10A2, 0x10A2, 0x10A2, 0x10A2, 0x10A2, 0x10A2, 0x0882,
  0x2923, 0x8AC7, 0x8AC7, 0x8AC7, 0x82C7, 0xB368, 0xCBE9, 0xCBE9, 0xC3A8, 0xDD31, 0xFF1A, 0xF6D9,
  0xFF1A, 0xF6B7, 0xF634, 0xFE34, 0xFE55, 0xFDF3, 0xF54F, 0xF56F, 0xF56F, 0xF56F, 0xFDF3, 0xFE14,
  0xFDF4, 0xFE34, 0xDC8C, 0xCBC9, 0xCBE9, 0xD40A, 0x30E2, 0x0000, 0x0000, 0x0000, 0x0000, 0x0000,
  0x0000, 0x0000, 0x0000, 0x0000, 0x0000, 0x0000, 0x0000, 0x0000, 0x0000, 0x0000, 0x0000, 0x0000,
  0x0000, 0x0000, 0x0000, 0x0000, 0x0000, 0x0000, 0x0000, 0x0000, 0x0000, 0x0000, 0x0000, 0x0000,
  0x0000, 0x0000, 0x0000, 0x0000, 0x0000, 0x0000, 0x0000, 0x0000, 0x0000, 0x0000, 0x0000, 0x0000,
  0x0000, 0x0000, 0x0000, 0x0000, 0x0000, 0x0000, 0x0000, 0x0000, 0x0000, 0x0000, 0x0000, 0x0000,
  0x0000, 0x0000, 0x0000, 0x0000, 0x0000, 0x0000, 0x0000, 0x0000, 0x0000, 0x0000, 0x0841, 0x31A6,
  0x39C7, 0x31A6, 0x39E7, 0x630C, 0x630C, 0x632C, 0x5AEB, 0x18E3, 0x10A2, 0x10A2, 0x18C3, 0x3186,
  0x39A6, 0x39C6, 0x39C6, 0x6B4D, 0x7BCF, 0x7BAE, 0x7BCF, 0x4A49, 0x39C7, 0x41E7, 0x4208, 0x2104,
  0x18C3, 0x18C3, 0x18C3, 0x18C3, 0x18C3, 0x18C3, 0x18C3, 0x20E3, 0x20E3, 0x20E3, 0x18E3, 0x20E3,
  0x2103, 0x2103, 0x18E3, 0x4184, 0x9B08, 0x9308, 0x9308, 0x8AE7, 0xBBAA, 0xD42B, 0xCC2B, 0xCBEA,
  0xE551, 0xF6D9, 0xF6B8, 0xF6B8, 0xF656, 0xEDF3, 0xEDF3, 0xEE13, 0xF5D2, 0xF52E, 0xF54F, 0xF54F,
  0xF54F, 0xFDF3, 0xFDF3, 0xFDF3, 0xFE34, 0xD46C, 0xC3A8, 0xCBE9, 0xCBE9, 0x30E2, 0x0000, 0x0000,
  0x0000, 0x0000, 0x0000, 0x0000, 0x0000, 0x0000, 0x0000, 0x0000, 0x0000, 0x0000, 0x0000, 0x0000,
  0x0000, 0x0000, 0x0000, 0x0000, 0x0000, 0x0000, 0x0000, 0x0000, 0x0000, 0x0000, 0x0000, 0x0000,
  0x0000, 0x0000, 0x0000, 0x0000, 0x0000, 0x0000, 0x0000, 0x0000, 0x0000, 0x0000, 0x0000, 0x0000,
  0x0000, 0x0000, 0x0000, 0x0000, 0x0000, 0x0000, 0x0000, 0x0000, 0x0000, 0x0000, 0x0000, 0x0000,
  0x0000, 0x0000, 0x0000, 0x0000, 0x0000, 0x0000, 0x0000, 0x0000, 0x0000, 0x0000, 0x0000, 0x0000,
  0x0000, 0x0841, 0x31A6, 0x39C7, 0x31A6, 0x39E7, 0x630C, 0x630C, 0x632C, 0x5AEB, 0x18E3, 0x10A2,
  0x10A2, 0x18C2, 0x3186, 0x39A6, 0x39C6, 0x31A6, 0x528A, 0x62CB, 0x5ACB, 0x5ACB, 0x6B6D, 0x7BCF,
  0x7BAE, 0x7BCF, 0x4208, 0x3186, 0x31A6, 0x31A6, 0x31A6, 0x31A6, 0x31A6, 0x31A6, 0x6A47, 0x8AC7,
  0x82A7, 0x82A7, 0xAB68, 0xC3C9, 0xBBA9, 0xBB89, 0xDCAC, 0xF54F, 0xED2E, 0xED2F, 0xED0E, 0xF635,
  0xF6D9, 0xF698, 0xF6B8, 0xDCEE, 0xCC0A, 0xD42B, 0xD42B, 0xBBCA, 0x9308, 0x9308, 0x9308, 0xA368,
  0xD40A, 0xCBEA, 0xCBE9, 0xD42B, 0xF56F, 0xF56F, 0xF56F, 0xFD90, 0xAB89, 0x8AA6, 0x92E7, 0x92E7,
  0x20A1, 0x0000, 0x0000, 0x0000, 0x0000, 0x0000, 0x0000, 0x0000, 0x0000, 0x0000, 0x0000, 0x0000,
  0x0000, 0x0000, 0x0000, 0x0000, 0x0000, 0x0000, 0x0000, 0x0000, 0x0000, 0x0000, 0x0000, 0x0000,
  0x0000, 0x0000, 0x0000, 0x0000, 0x0000, 0x0000, 0x0000, 0x0000, 0x0000, 0x0000, 0x0000, 0x0000,
  0x0000, 0x0000, 0x0000, 0x0000, 0x0000, 0x0000, 0x0000, 0x0000, 0x0000, 0x0000, 0x0000, 0x0000,
  0x0000, 0x0000, 0x0000, 0x0000, 0x0000, 0x0000, 0x0000, 0x0000, 0x0000, 0x0000, 0x0000, 0x0000,
  0x0000, 0x0000, 0x0000, 0x0000, 0x0841, 0x31A6, 0x39A6, 0x31A6, 0x39E7, 0x62EB, 0x630C, 0x632C,
  0x5AEB, 0x18E3, 0x10A2, 0x10A2, 0x18C3, 0x3186, 0x39A6, 0x31A6, 0x31A6, 0x5289, 0x5AAA, 0x5AAA,
  0x5AAA, 0x738E, 0x7BEF, 0x7BCF, 0x7BEF, 0x4A49, 0x31A6, 0x39C7, 0x39C6, 0x39C6, 0x39C6, 0x39C7,
  0x31A7, 0x6A46, 0x92E7, 0x92E7, 0x8AE7, 0xBBA9, 0xD40A, 0xCBEA, 0xCBE9, 0xECED, 0xFD90, 0xF56F,
  0xF56F, 0xF56F, 0xF676, 0xF6FA, 0xF6D9, 0xFEFA, 0xDCAD, 0xCBA8, 0xCBE9, 0xCBE9, 0xAB48, 0x82A6,
  0x8AC7, 0x82C7, 0x9B07, 0xCBE9, 0xCBC9, 0xCBA9, 0xD40A, 0xF54F, 0xF54F, 0xF54F, 0xFD6F, 0xA369,
  0x82A6, 0x8AC7, 0x92E7, 0x20A1, 0x0000, 0x0000, 0x0000, 0x0000, 0x0000, 0x0000, 0x0000, 0x0000,
  0x0000, 0x0000, 0x0000, 0x0000, 0x0000, 0x0000, 0x0000, 0x0000, 0x0000, 0x0000, 0x0000, 0x0000,
  0x0000, 0x0000, 0x0000, 0x0000, 0x0000, 0x0000, 0x0000, 0x0000, 0x0000, 0x0000, 0x0000, 0x0000,
  0x0000, 0x0000, 0x0000, 0x0000, 0x0000, 0x0000, 0x0000, 0x0000, 0x0000, 0x0000, 0x0000, 0x0000,
  0x0000, 0x0000, 0x0000, 0x0000, 0x0000, 0x0000, 0x0000, 0x0000, 0x0000, 0x0000, 0x0000, 0x0000,
  0x0000, 0x0000, 0x0000, 0x0000, 0x0000, 0x0000, 0x0000, 0x0841, 0x31A6, 0x39C7, 0x39C6, 0x39E7,
  0x630C, 0x632C, 0x632C, 0x630C, 0x18E3, 0x10A2, 0x18C3, 0x18C3, 0x31A6, 0x39C7, 0x39A6, 0x39C7,
  0x528A, 0x5ACB, 0x5AAA, 0x5AAA, 0x73AE, 0x8410, 0x7BCF, 0x8410, 0x4A49, 0x31A6, 0x39C7, 0x39C7,
  0x39C7, 0x39C7, 0x39C7, 0x31A7, 0x7287, 0x9307, 0x92E7, 0x8AC7, 0xBB89, 0xD40A, 0xD40A, 0xCBE9,
  0xE4CD, 0xFD90, 0xFD6F, 0xFD90, 0xFD6F, 0xFE76, 0xFF1A, 0xFED9, 0xFF3A, 0xE4EE, 0xCBC9, 0xD3EA,
  0xD40A, 0xB389, 0x8AC7, 0x92E7, 0x8AE7, 0xA348, 0xD40A, 0xD3EA, 0xCBE9, 0xD42A, 0xFD6F, 0xFD6F,
  0xFD6F, 0xFD90, 0xB3AA, 0x8AA6, 0x8AE7, 0x9307, 0x20A1, 0x0000, 0x0000, 0x0000, 0x0000, 0x0000,
  0x0000, 0x0000, 0x0000, 0x0000, 0x0000, 0x0000, 0x0000, 0x0000, 0x0000, 0x0000, 0x0000, 0x0000,
  0x0000, 0x0000, 0x0000, 0x0000, 0x0000, 0x0000, 0x0000, 0x0000, 0x0000, 0x0000, 0x0000, 0x0000,
  0x0000, 0x0000, 0x0000, 0x0000, 0x0000, 0x0000, 0x0000, 0x0000, 0x0000, 0x0000, 0x0000, 0x0000,
  0x0000, 0x0000, 0x0000, 0x0000, 0x0000, 0x0000, 0x0000, 0x0000, 0x0000, 0x0000, 0x0000, 0x0000,
  0x0000, 0x0000, 0x0000, 0x0000, 0x0000, 0x0000, 0x0000, 0x0000, 0x0000, 0x0000, 0x0841, 0x3186,
  0x31A6, 0x31A6, 0x39C7, 0x5AEB, 0x5ACB, 0x5AEB, 0x5AAA, 0x18C3, 0x10A2, 0x10A2, 0x10A2, 0x3186,
  0x3186, 0x3186, 0x3186, 0x4A49, 0x528A, 0x5269, 0x5269, 0x6B6D, 0x73AE, 0x73AE, 0x73AE, 0x4208,
  0x3186, 0x31A6, 0x31A6, 0x31A6, 0x31A6, 0x31A6, 0x31A6, 0x6A66, 0x8AA7, 0x82A6, 0x7A86, 0xAB68,
  0xC3C9, 0xC3C9, 0xBB88, 0xD46C, 0xED4F, 0xE52E, 0xE52E, 0xE50E, 0xE5F4, 0xE698, 0xE677, 0xEE98,
  0xCC6D, 0xBB88, 0xC3A9, 0xC3C9, 0xA328, 0x7A86, 0x82C7, 0x82A6, 0x9B07, 0xC3C9, 0xC3A9, 0xC3A9,
  0xC3E9, 0xE50E, 0xE50E, 0xE50E, 0xED4F, 0x9B49, 0x7A86, 0x82A7, 0x8AC7, 0x20A1, 0x0000, 0x0000,
  0x0000, 0x0000, 0x0000, 0x0000, 0x0000, 0x0000, 0x0000, 0x0000, 0x0000, 0x0000, 0x0000, 0x0000,
  0x0000, 0x0000, 0x0000, 0x0000, 0x0000, 0x0000, 0x0000, 0x0000, 0x0000, 0x0000, 0x0000, 0x0000,
  0x0000, 0x0000, 0x0000, 0x0000, 0x0000, 0x0000, 0x0000, 0x0000, 0x0000, 0x0000, 0x0000, 0x0000,
  0x0000, 0x0000, 0x0000, 0x0000, 0x0000, 0x0000, 0x0000, 0x0000, 0x0000, 0x0000, 0x0000, 0x0000,
  0x0000, 0x0000, 0x0000, 0x0000, 0x0000, 0x0000, 0x0000, 0x0000, 0x0000, 0x0000, 0x0000, 0x0000,
  0x0000, 0x0000, 0x0020, 0x0020, 0x0020, 0x0020, 0x0841, 0x0841, 0x0841, 0x0820, 0x0000, 0x0000,
  0x0000, 0x0000, 0x0020, 0x0020, 0x0020, 0x0020, 0x0020, 0x0820, 0x0020, 0x0820, 0x0841, 0x0841,
  0x0841, 0x0841, 0x0020, 0x0020, 0x0020, 0x0020, 0x0020, 0x0020, 0x0020, 0x0020, 0x0820, 0x0840,
  0x0820, 0x0840, 0x0840, 0x1040, 0x1040, 0x1040, 0x1061, 0x1061, 0x1061, 0x1061, 0x1061, 0x1081,
  0x1082, 0x1082, 0x1082, 0x1061, 0x1040, 0x1040, 0x1040, 0x0840, 0x0820, 0x0840, 0x0840, 0x0840,
  0x1040, 0x1040, 0x1040, 0x1040, 0x1061, 0x1061, 0x1061, 0x1061, 0x0840, 0x0840, 0x0840, 0x0840,
  0x0000, 0x0000, 0x0000, 0x0000, 0x0000, 0x0000, 0x0000, 0x0000, 0x0000, 0x0000, 0x0000, 0x0000,
  0x0000, 0x0000, 0x0000, 0x0000, 0x0000, 0x0000, 0x0000, 0x0000, 0x0000, 0x0000, 0x0000, 0x0000,
  0x0000, 0x0000, 0x0000, 0x0000, 0x0000, 0x0000, 0x0000, 0x0000, 0x0000, 0x0000, 0x0000, 0x0000,
  0x0000, 0x0000, 0x0000, 0x0000, 0x0000, 0x0000, 0x0000, 0x0000, 0x0000, 0x0000, 0x0000, 0x0000,
  0x0000, 0x0000, 0x0000, 0x0000, 0x0000, 0x0000, 0x0000, 0x0000, 0x0000, 0x0000, 0x0000, 0x0000,
  0x0000, 0x0000, 0x0000, 0x0000, 0x0000, 0x0000, 0x0000, 0x0000, 0x0000, 0x0000, 0x0000, 0x0000,
  0x0000, 0x0000, 0x0000, 0x0000, 0x0000, 0x0000, 0x0000, 0x0000, 0x0000, 0x0000, 0x0000, 0x0000,
  0x0000, 0x0000, 0x0000, 0x0000, 0x0000, 0x0000, 0x0000, 0x0000, 0x0000, 0x0000, 0x0000, 0x0000,
  0x0000, 0x0000, 0x0000, 0x0000, 0x0000, 0x0000, 0x0000, 0x0000, 0x0000, 0x0000, 0x0000, 0x0000,
  0x0000, 0x0000, 0x0000, 0x0000, 0x0000, 0x0000, 0x0000, 0x0000, 0x0000, 0x0000, 0x0000, 0x0000,
  0x0000, 0x0000, 0x0000, 0x0000, 0x0000, 0x0000, 0x0000, 0x0000, 0x0000, 0x0000, 0x0000, 0x0000,
  0x0000, 0x0000, 0x0000, 0x0000, 0x0000, 0x0000, 0x0000, 0x0000, 0x0000, 0x0000, 0x0000, 0x0000,
  0x0000, 0x0000, 0x0000, 0x0000, 0x0000, 0x0000, 0x0000, 0x0000, 0x0000, 0x0000, 0x0000, 0x0000,
  0x0000, 0x0000, 0x0000, 0x0000, 0x0000, 0x0000, 0x0000, 0x0000, 0x0000, 0x0000, 0x0000, 0x0000,
  0x0000, 0x0000, 0x0000, 0x0000, 0x0000, 0x0000, 0x0000, 0x0000, 0x0000, 0x0000, 0x0000, 0x0000,
  0x0000, 0x0000, 0x0000, 0x0000, 0x0000, 0x0000, 0x0000, 0x0000, 0x0000, 0x0000, 0x0000, 0x0000,
  0x0000, 0x0000, 0x0000, 0x0000, 0x0000, 0x0000, 0x0000, 0x0000, 0x0000, 0x0000, 0x0000, 0x0000,
  0x0000, 0x0000, 0x0000, 0x0000, 0x0000, 0x0000, 0x0000, 0x0000, 0x0000, 0x0000, 0x0000, 0x0000,
  0x0000, 0x0000, 0x0000, 0x0000, 0x0000, 0x0000, 0x0000, 0x0000, 0x0000, 0x0000, 0x0000, 0x0000,
  0x0000, 0x0000, 0x0000, 0x0000, 0x0000, 0x0000, 0x0000, 0x0000, 0x0000, 0x0000, 0x0000, 0x0000,
  0x0000, 0x0000, 0x0000, 0x0000, 0x0000, 0x0000, 0x0000, 0x0000, 0x0000, 0x0000, 0x0000, 0x0000,
  0x0000, 0x0000, 0x0000, 0x0000, 0x0000, 0x0000, 0x0000, 0x0000, 0x0000, 0x0000, 0x0000, 0x0000,
  0x0000, 0x0000, 0x0000, 0x0000, 0x0000, 0x0000, 0x0000, 0x0000, 0x0000, 0x0000, 0x0000, 0x0000,
  0x0000, 0x0000, 0x0000, 0x0000, 0x0000, 0x0000, 0x0000, 0x0000, 0x0000, 0x0000, 0x0000, 0x0000,
  0x0000, 0x0000, 0x0000, 0x0000, 0x0000, 0x0000, 0x0000, 0x0000, 0x0000, 0x0000, 0x0000, 0x0000,
  0x0000, 0x0000, 0x0000, 0x0000, 0x0000, 0x0000, 0x0000, 0x0000, 0x0000, 0x0000, 0x0000, 0x0000,
  0x0000, 0x0000, 0x0000, 0x0000, 0x0000, 0x0000, 0x0000, 0x0000, 0x0000, 0x0000, 0x0000, 0x0000,
  0x0000, 0x0000, 0x0000, 0x0000, 0x0000, 0x0000, 0x0000, 0x0000, 0x0000, 0x0000, 0x0000, 0x0000,
  0x0000, 0x0000, 0x0000, 0x0000, 0x0000, 0x0000, 0x0000, 0x0000, 0x0000, 0x0000, 0x0000, 0x0000,
  0x0000, 0x0000, 0x0000, 0x0000, 0x0000, 0x0000, 0x0000, 0x0000, 0x0000, 0x0000, 0x0000, 0x0000,
  0x0000, 0x0000, 0x0000, 0x0000, 0x0000, 0x0000, 0x0000, 0x0000, 0x0000, 0x0000, 0x0000, 0x0000,
  0x0000, 0x0000, 0x0000, 0x0000, 0x0000, 0x0000, 0x0000, 0x0000, 0x0000, 0x0000, 0x0000, 0x0000,
  0x0000, 0x0000, 0x0000, 0x0000, 0x0000, 0x0000, 0x0000, 0x0000, 0x0000, 0x0000, 0x0000, 0x0000,
  0x0000, 0x0000, 0x0000, 0x0000, 0x0000, 0x0000, 0x0000, 0x0000, 0x0000, 0x0000, 0x0000, 0x0000,
  0x0000, 0x0000, 0x0000, 0x0000, 0x0000, 0x0000, 0x0000, 0x0000, 0x0000, 0x0000, 0x0000, 0x0000,
  0x0000, 0x0000, 0x0000, 0x0000, 0x0000, 0x0000, 0x0000, 0x0000, 0x0000, 0x0000, 0x0000, 0x0000,
  0x0000, 0x0000, 0x0000, 0x0000, 0x0000, 0x0000, 0x0000, 0x0000, 0x0000, 0x0000, 0x0000, 0x0000,
  0x0000, 0x0000, 0x0000, 0x0000, 0x0000, 0x0000, 0x0000, 0x0000, 0x0000, 0x0000, 0x0000, 0x0000,
  0x0000, 0x0000, 0x0000, 0x0000, 0x0000, 0x0000, 0x0000, 0x0000, 0x0000, 0x0000, 0x0000, 0x0000,
  0x0000, 0x0000, 0x0000, 0x0000, 0x0000, 0x0000, 0x0000, 0x0000, 0x0000, 0x0000, 0x0000, 0x0000,
  0x0000, 0x0000, 0x0000, 0x0000, 0x0000, 0x0000, 0x0000, 0x0000, 0x0000, 0x0000, 0x0000, 0x0000,
  0x0000, 0x0000, 0x0000, 0x0000, 0x0000, 0x0000, 0x0000, 0x0000, 0x0000, 0x0000, 0x0000, 0x0000,
  0x0000, 0x0000, 0x0000, 0x0000, 0x0000, 0x0000, 0x0000, 0x0000, 0x0000, 0x0000, 0x0000, 0x0000,
  0x0000, 0x0000, 0x0000, 0x0000, 0x0000, 0x0000, 0x0000, 0x0000, 0x0000, 0x0000, 0x0000, 0x0000,
  0x0000, 0x0000, 0x0000, 0x0000, 0x0000, 0x0000, 0x0000, 0x0000, 0x0000, 0x0000, 0x0000, 0x0000,
  0x0000, 0x0000, 0x0000, 0x0000, 0x0000, 0x0000, 0x0000, 0x0000, 0x0000, 0x0000, 0x0000, 0x0000,
  0x0000, 0x0000, 0x0000, 0x0000, 0x0000, 0x0000, 0x0000, 0x0000, 0x0000, 0x0000, 0x0000, 0x0000,
  0x0000, 0x0000, 0x0000, 0x0000, 0x0000, 0x0000, 0x0000, 0x0000, 0x0000, 0x0000, 0x0000, 0x0000,
  0x0000, 0x0000, 0x0000, 0x0000, 0x0000, 0x0000, 0x0000, 0x0000, 0x0000, 0x0000, 0x0000, 0x0000,
  0x0000, 0x0000, 0x0000, 0x0000, 0x0000, 0x0000, 0x0000, 0x0000, 0x0000, 0x0000, 0x0000, 0x0000,
  0x0000, 0x0000, 0x0000, 0x0000, 0x0000, 0x0000, 0x0000, 0x0000, 0x0000, 0x0000, 0x0000, 0x0000,
  0x0000, 0x0000, 0x0000, 0x0000, 0x0000, 0x0000, 0x0000, 0x0000, 0x0000, 0x0000, 0x0000, 0x0000,
  0x0000, 0x0000, 0x0000, 0x0000, 0x0000, 0x0000, 0x0000, 0x0000, 0x0000, 0x0000, 0x0000, 0x0000,
  0x0000, 0x0000, 0x0000, 0x0000, 0x0000, 0x0000, 0x0000, 0x0000, 0x0000, 0x0000, 0x0000, 0x0000,
  0x0000, 0x0000, 0x0000, 0x0000, 0x0000, 0x0000, 0x0000, 0x0000, 0x0000, 0x0000, 0x0000, 0x0000,
  0x0000, 0x0000, 0x0000, 0x0000, 0x0000, 0x0000, 0x0000, 0x0000, 0x0000, 0x0000, 0x0000, 0x0000,
  0x0000, 0x0000, 0x0000, 0x0000, 0x0000, 0x0000, 0x0000, 0x0000, 0x0000, 0x0000, 0x0000, 0x0000,
  0x0000, 0x0000, 0x0000, 0x0000, 0x0000, 0x0000, 0x0000, 0x0000, 0x0000, 0x0000, 0x0000, 0x0000,
  0x0000, 0x0000, 0x0000, 0x0000, 0x0000, 0x0000, 0x0000, 0x0000, 0x0000, 0x0000, 0x0000, 0x0000,
  0x0000, 0x0000, 0x0000, 0x0000, 0x0000, 0x0000, 0x0000, 0x0000, 0x0000, 0x0000, 0x0000, 0x0000,
  0x0000, 0x0000, 0x0000, 0x0000, 0x0000, 0x0000, 0x0000, 0x0000, 0x0000, 0x0000, 0x0000, 0x0000,
  0x0000, 0x0000, 0x0000, 0x0000, 0x0000, 0x0000, 0x0000, 0x0000, 0x0000, 0x0000, 0x0000, 0x0000,
  0x0000, 0x0000, 0x0000, 0x0000, 0x0000, 0x0000, 0x0000, 0x0000, 0x0000, 0x0000, 0x0000, 0x0000,
  0x0000, 0x0000, 0x0000, 0x0000, 0x0000, 0x0000, 0x0000, 0x0000, 0x0000, 0x0000, 0x0000, 0x0000,
  0x0000, 0x0000, 0x0000, 0x0000, 0x0000, 0x0000, 0x0000, 0x0000, 0x0000, 0x0000, 0x0000, 0x0000,
  0x0000, 0x0000, 0x0000, 0x0000, 0x0000, 0x0000, 0x0000, 0x0000, 0x0000, 0x0000, 0x0000, 0x0000,
  0x0000, 0x0000, 0x0000, 0x0000, 0x0000, 0x0000, 0x0000, 0x0000, 0x0000, 0x0000, 0x0000, 0x0000,
  0x0000, 0x0000, 0x0000, 0x0000, 0x0000, 0x0000, 0x0000, 0x0000, 0x0000, 0x0000, 0x0000, 0x0000,
  0x0000, 0x0000, 0x0000, 0x0000, 0x0000, 0x0000, 0x0000, 0x0000, 0x0000, 0x0000, 0x0000, 0x0000,
  0x0000, 0x0000, 0x0000, 0x0000, 0x0000, 0x0000, 0x0000, 0x0000, 0x0000, 0x0000, 0x0000, 0x0000,
  0x0000, 0x0000, 0x0000, 0x0000, 0x0000, 0x0000, 0x0000, 0x0000, 0x0000, 0x0000, 0x0000, 0x0000,
  0x0000, 0x0000, 0x0000, 0x0000, 0x0000, 0x0000, 0x0000, 0x0000, 0x0000, 0x0000, 0x0000, 0x0000,
  0x0000, 0x0000, 0x0000, 0x0000, 0x0000, 0x0000, 0x0000, 0x0000, 0x0000, 0x0000, 0x0000, 0x0000,
  0x0000, 0x0000, 0x0000, 0x0000, 0x0000, 0x0000, 0x0000, 0x0000, 0x0000, 0x0000, 0x0000, 0x0000,
  0x0000, 0x0000, 0x0000, 0x0000, 0x0000, 0x0000, 0x0000, 0x0000, 0x0000, 0x0000, 0x0000, 0x0000,
  0x0000, 0x0000, 0x0000, 0x0000, 0x0000, 0x0000, 0x0000, 0x0000, 0x0000, 0x0000, 0x0000, 0x0000,
  0x0000, 0x0000, 0x0000, 0x0000, 0x0000, 0x0000, 0x0000, 0x0000, 0x0000, 0x0000, 0x0000, 0x0000,
  0x0000, 0x0000, 0x0000, 0x0000, 0x0000, 0x0000, 0x0000, 0x0000, 0x0000, 0x0000, 0x0000, 0x0000,
  0x0000, 0x0000, 0x0000, 0x0000, 0x0000, 0x0000, 0x0000, 0x0000, 0x0000, 0x0000, 0x0000, 0x0000,
  0x0000, 0x0000, 0x0000, 0x0000, 0x0000, 0x0000, 0x0000, 0x0000, 0x0000, 0x0000, 0x0000, 0x0000,
  0x0000, 0x0000, 0x0000, 0x0000, 0x0000, 0x0000, 0x0000, 0x0000, 0x0000, 0x0000, 0x0000, 0x0000,
  0x0000, 0x0000, 0x0000, 0x0000, 0x0000, 0x0000, 0x0000, 0x0000, 0x0000, 0x0000, 0x0000, 0x0000,
  0x0000, 0x0000, 0x0000, 0x0000, 0x0000, 0x0000, 0x0000, 0x0000, 0x0000, 0x0000, 0x0000, 0x0000,
  0x0000, 0x0000, 0x0000, 0x0000, 0x0000, 0x0000, 0x0000, 0x0000, 0x0000, 0x0000, 0x0000, 0x0000,
  0x0000, 0x0000, 0x0000, 0x0000, 0x0000, 0x0000, 0x0000, 0x0000, 0x0000, 0x0000, 0x0000, 0x0000,
  0x0000, 0x0000, 0x0000, 0x0000, 0x0000, 0x0000, 0x0000, 0x0000, 0x0000, 0x0000, 0x0000, 0x0000,
  0x0000, 0x0000, 0x0000, 0x0000, 0x0000, 0x0000, 0x0000, 0x0000, 0x0000, 0x0000, 0x0000, 0x0000,
  0x0000, 0x0000, 0x0000, 0x0000, 0x0000, 0x0000, 0x0000, 0x0000, 0x0000, 0x0000, 0x0000, 0x0000,
  0x0000, 0x0000, 0x0000, 0x0000, 0x0000, 0x0000, 0x0000, 0x0000, 0x0000, 0x0000, 0x0000, 0x0000,
  0x0000, 0x0000, 0x0000, 0x0000, 0x0000, 0x0000, 0x0000, 0x0000, 0x0000, 0x0000, 0x0000, 0x0000,
  0x0000, 0x0000, 0x0000, 0x0000, 0x0000, 0x0000, 0x0000, 0x0000, 0x0000, 0x0000, 0x0000, 0x0000,
  0x0000, 0x0000, 0x0000, 0x0000, 0x0000, 0x0000, 0x0000, 0x0000, 0x0000, 0x0000, 0x0000, 0x0000,
  0x0000, 0x0000, 0x0000, 0x0000, 0x0000, 0x0000, 0x0000, 0x0000, 0x0000
};

static const uint16_t WOLF_FACE_HAPPY[] PROGMEM = {
  0x0000, 0x0000, 0x0000, 0x0000, 0x0000, 0x0000, 0x0000, 0x0000, 0x0000, 0x0000, 0x0000, 0x0000,
  0x0000, 0x0000, 0x0000, 0x0000, 0x0000, 0x0000, 0x0000, 0x0000, 0x0000, 0x0000, 0x0000, 0x0000,
  0x0000, 0x0000, 0x0000, 0x0000, 0x0000, 0x0000, 0x0000, 0x0000, 0x0000, 0x0000, 0x0000, 0x0000,
  0x0000, 0x0000, 0x0000, 0x0000, 0x0000, 0x0000, 0x0000, 0x0000, 0x0000, 0x0000, 0x0000, 0x0000,
  0x0000, 0x0000, 0x0000, 0x0000, 0x0000, 0x0000, 0x0000, 0x0000, 0x0000, 0x0000, 0x0000, 0x0000,
  0x0000, 0x0000, 0x0000, 0x0000, 0x0000, 0x0000, 0x0000, 0x0000, 0x0000, 0x0000, 0x0000, 0x0000,
  0x0000, 0x0000, 0x0000, 0x0000, 0x0000, 0x0000, 0x0000, 0x0000, 0x0000, 0x0000, 0x0000, 0x0000,
  0x0000, 0x0000, 0x0000, 0x0000, 0x0000, 0x0000, 0x0000, 0x0000, 0x0000, 0x0000, 0x0000, 0x0000,
  0x0000, 0x0000, 0x0000, 0x0000, 0x0000, 0x0000, 0x0000, 0x0000, 0x0000, 0x0000, 0x0000, 0x0000,
  0x0000, 0x0000, 0x0000, 0x0000, 0x0000, 0x0000, 0x0000, 0x0000, 0x0000, 0x0000, 0x0000, 0x0000,
  0x0000, 0x0000, 0x0000, 0x0000, 0x0000, 0x0000, 0x0000, 0x0000, 0x0000, 0x0000, 0x0000, 0x0000,
  0x0000, 0x0000, 0x0000, 0x0000, 0x0000, 0x0000, 0x0000, 0x0000, 0x0000, 0x0000, 0x0000, 0x0000,
  0x0000, 0x0000, 0x0000, 0x0000, 0x0000, 0x0000, 0x0000, 0x0000, 0x0000, 0x0000, 0x0000, 0x0000,
  0x0000, 0x0000, 0x0000, 0x0000, 0x0000, 0x0000, 0x0000, 0x0000, 0x0000, 0x0000, 0x0000, 0x0000,
  0x0000, 0x0000, 0x0000, 0x0000, 0x0000, 0x0000, 0x0000, 0x0000, 0x0000, 0x0000, 0x0000, 0x0000,
  0x0000, 0x0000, 0x0000, 0x0000, 0x0000, 0x0000, 0x0000, 0x0000, 0x0000, 0x0000, 0x0000, 0x0000,
  0x0000, 0x0000, 0x0000, 0x0000, 0x0000, 0x0000, 0x0000, 0x0000, 0x0000, 0x0000, 0x0000, 0x0000,
  0x0000, 0x0000, 0x0000, 0x0000, 0x0000, 0x0000, 0x0000, 0x0000, 0x0000, 0x0000, 0x0000, 0x0000,
  0x0000, 0x0000, 0x0000, 0x0000, 0x0000, 0x0000, 0x0000, 0x0000, 0x0000, 0x0000, 0x0000, 0x0000,
  0x0000, 0x0000, 0x0000, 0x0000, 0x0000, 0x0000, 0x0000, 0x0000, 0x0000, 0x0000, 0x0000, 0x0000,
  0x0000, 0x0000, 0x0000, 0x0000, 0x0000, 0x0000, 0x0000, 0x0000, 0x0000, 0x0000, 0x0000, 0x0000,
  0x0000, 0x0000, 0x0000, 0x0000, 0x0000, 0x0000, 0x0000, 0x0000, 0x0000, 0x0000, 0x0000, 0x0000,
  0x0000, 0x0000, 0x0000, 0x0000, 0x0000, 0x0000, 0x0000, 0x0000, 0x0000, 0x0000, 0x0000, 0x0000,
  0x0000, 0x0000, 0x0000, 0x0000, 0x0000, 0x0000, 0x0000, 0x0000, 0x0000, 0x0000, 0x0000, 0x0000,
  0x0000, 0x0000, 0x0000, 0x0000, 0x0000, 0x0000, 0x0000, 0x0000, 0x0000, 0x0000, 0x0000, 0x0000,
  0x0000, 0x0000, 0x0000, 0x0000, 0x0000, 0x0000, 0x0000, 0x0000, 0x0000, 0x0000, 0x0000, 0x0000,
  0x0000, 0x0000, 0x0000, 0x0000, 0x0000, 0x0000, 0x0000, 0x0000, 0x0000, 0x0000, 0x0000, 0x0000,
  0x0000, 0x0000, 0x0000, 0x0000, 0x0000, 0x0000, 0x0000, 0x0000, 0x0000, 0x0000, 0x0000, 0x0000,
  0x0000, 0x0000, 0x0000, 0x0000, 0x0000, 0x0000, 0x0000, 0x0000, 0x0000, 0x0000, 0x0000, 0x0000,
  0x0000, 0x0000, 0x0000, 0x0000, 0x0000, 0x0000, 0x0000, 0x0000, 0x0000, 0x0000, 0x0000, 0x0000,
  0x0000, 0x0000, 0x0000, 0x0000, 0x0000, 0x0000, 0x0000, 0x0000, 0x0000, 0x0000, 0x0000, 0x0000,
  0x0000, 0x0000, 0x0000, 0x0000, 0x0000, 0x0000, 0x0000, 0x0000, 0x0000, 0x0000, 0x0000, 0x0000,
  0x0000, 0x0000, 0x0000, 0x0000, 0x0000, 0x0000, 0x0000, 0x0000, 0x0000, 0x0000, 0x0000, 0x0000,
  0x0000, 0x0000, 0x0000, 0x0000, 0x0000, 0x0000, 0x0000, 0x0000, 0x0000, 0x0000, 0x0000, 0x0000,
  0x0000, 0x0000, 0x0000, 0x0000, 0x0000, 0x0000, 0x0000, 0x0000, 0x0000, 0x0000, 0x0000, 0x0000,
  0x0000, 0x0000, 0x0000, 0x0000, 0x0000, 0x0000, 0x0000, 0x0000, 0x0000, 0x0000, 0x0000, 0x0000,
  0x0000, 0x0000, 0x0000, 0x0000, 0x0000, 0x0000, 0x0000, 0x0000, 0x0000, 0x0000, 0x0000, 0x0000,
  0x0000, 0x0000, 0x0000, 0x0000, 0x0000, 0x0000, 0x0000, 0x0000, 0x0000, 0x0000, 0x0000, 0x0000,
  0x0000, 0x0000, 0x0000, 0x0000, 0x0000, 0x0000, 0x0000, 0x0000, 0x0000, 0x0000, 0x0000, 0x0000,
  0x0000, 0x0000, 0x0000, 0x0000, 0x0000, 0x0000, 0x0000, 0x0000, 0x0000, 0x0000, 0x0000, 0x0000,
  0x0000, 0x0000, 0x0000, 0x0000, 0x0000, 0x0000, 0x0000, 0x0000, 0x0000, 0x0000, 0x0000, 0x0000,
  0x0000, 0x0000, 0x0000, 0x0000, 0x0000, 0x0000, 0x0000, 0x0000, 0x0000, 0x0000, 0x0000, 0x0000,
  0x0000, 0x0000, 0x0000, 0x0000, 0x0000, 0x0000, 0x0000, 0x0000, 0x0000, 0x0000, 0x0000, 0x0000,
  0x0000, 0x0000, 0x0000, 0x0000, 0x0000, 0x0000, 0x0000, 0x0000, 0x0000, 0x0000, 0x0000, 0x0000,
  0x0000, 0x0000, 0x0000, 0x0000, 0x0000, 0x0000, 0x0000, 0x0000, 0x0000, 0x0000, 0x0000, 0x0000,
  0x0000, 0x0000, 0x0000, 0x0000, 0x0000, 0x0000, 0x0000, 0x0000, 0x0000, 0x0000, 0x0000, 0x0000,
  0x0000, 0x0000, 0x0000, 0x0000, 0x0000, 0x0000, 0x0000, 0x0000, 0x0000, 0x0000, 0x0000, 0x0000,
  0x0000, 0x0000, 0x0000, 0x0000, 0x0000, 0x0000, 0x0000, 0x0000, 0x0000, 0x0000, 0x0000, 0x0000,
  0x0000, 0x0000, 0x0000, 0x0000, 0x0000, 0x0000, 0x0000, 0x0000, 0x0000, 0x0000, 0x0020, 0x0020,
  0x0020, 0x0020, 0x0020, 0x0020, 0x0020, 0x0000, 0x0000, 0x0000, 0x0000, 0x0000, 0x0000, 0x0000,
  0x0000, 0x0000, 0x0000, 0x0000, 0x0820, 0x0820, 0x0820, 0x0820, 0x0000, 0x0000, 0x0000, 0x0000,
  0x0000, 0x0000, 0x0000, 0x0000, 0x0000, 0x0000, 0x0000, 0x0000, 0x0000, 0x0000, 0x0000, 0x0000,
  0x0000, 0x0000, 0x0000, 0x0000, 0x0000, 0x0000, 0x0000, 0x0000, 0x0000, 0x0000, 0x0000, 0x0000,
  0x0000, 0x0000, 0x0000, 0x0000, 0x0000, 0x0000, 0x0000, 0x0000, 0x0000, 0x0000, 0x0000, 0x0000,
  0x0000, 0x0000, 0x0000, 0x0000, 0x0000, 0x0000, 0x0000, 0x0000, 0x0000, 0x0000, 0x0000, 0x0000,
  0x0000, 0x0000, 0x0000, 0x0000, 0x0000, 0x0000, 0x0000, 0x0000, 0x0000, 0x0000, 0x0000, 0x0000,
  0x0000, 0x0000, 0x0000, 0x0000, 0x0000, 0x0000, 0x0000, 0x0000, 0x0000, 0x0000, 0x0000, 0x0000,
  0x0000, 0x0000, 0x0000, 0x0000, 0x0000, 0x0000, 0x0000, 0x0000, 0x0000, 0x0000, 0x0000, 0x0000,
  0x0000, 0x0000, 0x0000, 0x0000, 0x0000, 0x0000, 0x0000, 0x0000, 0x0000, 0x0000, 0x0000, 0x0000,
  0x0000, 0x0000, 0x0000, 0x0000, 0x0000, 0x0000, 0x0000, 0x0000, 0x0000, 0x0000, 0x39E7, 0x4A69,
  0x4A28, 0x4A69, 0x528A, 0x528A, 0x4A69, 0x4A69, 0x5269, 0x4A69, 0x2945, 0x2944, 0x2945, 0x2945,
  0x2945, 0x2945, 0x2945, 0x2945, 0x2945, 0x2145, 0x4185, 0x8223, 0x7A03, 0x7A03, 0x7A03, 0x79E2,
  0x79E2, 0x79E3, 0x79E2, 0x79C2, 0x79C2, 0x79C2, 0x79C2, 0x79C2, 0x79C2, 0x79C2, 0x79C2, 0x71C2,
  0x79C2, 0x79C2, 0x79C2, 0x79C2, 0x79C2, 0x79C2, 0x79E2, 0x79C2, 0x1040, 0x0000, 0x0000, 0x0000,
  0x0000, 0x0000, 0x0000, 0x0000, 0x0000, 0x0000, 0x0000, 0x0000, 0x0000, 0x0000, 0x0000, 0x0000,
  0x0000, 0x0000, 0x0000, 0x0000, 0x0000, 0x0000, 0x0000, 0x0000, 0x0000, 0x0000, 0x0000, 0x0000,
  0x0000, 0x0000, 0x0000, 0x0000, 0x0000, 0x0000, 0x0000, 0x0000, 0x0000, 0x0000, 0x0000, 0x0000,
  0x0000, 0x0000, 0x0000, 0x0000, 0x0000, 0x0000, 0x0000, 0x0000, 0x0000, 0x0000, 0x0000, 0x0000,
  0x0000, 0x0000, 0x0000, 0x0000, 0x0000, 0x0000, 0x0000, 0x0000, 0x0000, 0x0000, 0x0000, 0x0000,
  0x0000, 0x0000, 0x0000, 0x0000, 0x0000, 0x0000, 0x0000, 0x0000, 0x0000, 0x0000, 0x0000, 0x0000,
  0x0000, 0x0000, 0x0000, 0x0000, 0x0000, 0x0000, 0x0000, 0x0000, 0x0000, 0x0000, 0x0000, 0x0000,
  0x0000, 0x4A49, 0x5AEB, 0x5ACB, 0x5ACB, 0x5ACB, 0x5ACB, 0x5ACB, 0x5AAA, 0x5ACB, 0x52AA, 0x3186,
  0x3185, 0x3185, 0x3185, 0x3185, 0x3186, 0x3186, 0x3186, 0x3186, 0x2986, 0x49C5, 0x9264, 0x9264,
  0x8A44, 0x8A44, 0x9243, 0x9243, 0x9243, 0x9243, 0x9243, 0x9243, 0x9243, 0x9243, 0x9223, 0x9223,
  0x9223, 0x9223, 0x9223, 0x9223, 0x9223, 0x9223, 0x9243, 0x9243, 0x9243, 0x9A43, 0x9223, 0x1840,
  0x0000, 0x0000, 0x0000, 0x0000, 0x0000, 0x0000, 0x0000, 0x0000, 0x0000, 0x0000, 0x0000, 0x0000,
  0x0000, 0x0000, 0x0000, 0x0000, 0x0000, 0x0000, 0x0000, 0x0000, 0x0000, 0x0000, 0x0000, 0x0000,
  0x0000, 0x0000, 0x0000, 0x0000, 0x0000, 0x0000, 0x0000, 0x0000, 0x0000, 0x0000, 0x0000, 0x0000,
  0x0000, 0x0000, 0x0000, 0x0000, 0x0000, 0x0000, 0x0000, 0x0000, 0x0000, 0x0000, 0x0000, 0x0000,
  0x0000, 0x0000, 0x0000, 0x0000, 0x0000, 0x0000, 0x0000, 0x0000, 0x0000, 0x0000, 0x0000, 0x0000,
  0x0000, 0x0000, 0x0000, 0x0000, 0x0000, 0x0000, 0x0000, 0x0000, 0x0000, 0x0000, 0x0000, 0x0000,
  0x0000, 0x0000, 0x0000, 0x0000, 0x0000, 0x0000, 0x0000, 0x0000, 0x0000, 0x0000, 0x0000, 0x0000,
  0x0000, 0x0000, 0x0000, 0x0000, 0x4228, 0x5ACB, 0x52AA, 0x5ACB, 0x5AEB, 0x5ACB, 0x5ACB, 0x5ACB,
  0x5ACB, 0x5ACB, 0x2986, 0x2145, 0x2965, 0x2145, 0x2145, 0x2165, 0x2166, 0x2146, 0x2145, 0x1946,
  0x41A6, 0x8A44, 0x8224, 0x8224, 0x8244, 0x8224, 0x8223, 0x8203, 0x8203, 0x8203, 0x8203, 0x8203,
  0x8203, 0x8203, 0x8203, 0x8203, 0x8203, 0x8203, 0x8203, 0x8203, 0x8203, 0x8203, 0x8A03, 0x8A03,
  0x8A23, 0x8203, 0x0020, 0x0000, 0x0000, 0x0000, 0x0000, 0x0000, 0x0000, 0x0000, 0x0000, 0x0000,
  0x0000, 0x0000, 0x0000, 0x0000, 0x0000, 0x0000, 0x0000, 0x0000, 0x0000, 0x0000, 0x0000, 0x0000,
  0x0000, 0x0000, 0x0000, 0x0000, 0x0000, 0x0000, 0x0000, 0x0000, 0x0000, 0x0000, 0x0000, 0x0000,
  0x0000, 0x0000, 0x0000, 0x0000, 0x0000, 0x0000, 0x0000, 0x0000, 0x0000, 0x0000, 0x0000, 0x0000,
  0x0000, 0x0000, 0x0000, 0x0000, 0x0000, 0x0000, 0x0000, 0x0000, 0x0000, 0x0000, 0x0000, 0x0000,
  0x0000, 0x0000, 0x0000, 0x0000, 0x0000, 0x0000, 0x0000, 0x0000, 0x0000, 0x0000, 0x0000, 0x0000,
  0x0000, 0x0000, 0x0000, 0x0000, 0x0000, 0x0000, 0x0000, 0x0000, 0x0000, 0x0000, 0x0000, 0x0000,
  0x0841, 0x18C3, 0x18C3, 0x18C3, 0x2124, 0x2124, 0x2124, 0x4A69, 0x52AA, 0x528A, 0x4A49, 0x4208,
  0x4208, 0x4208, 0x4208, 0x4228, 0x4208, 0x5A06, 0x5A05, 0x5A05, 0x5A05, 0x6205, 0x6205, 0x6A25,
  0x8A64, 0x8244, 0x8264, 0x9AA4, 0xBAC3, 0xB2C3, 0xBAC3, 0xBAC3, 0xC323, 0xC322, 0xC322, 0xC322,
  0xC302, 0xC302, 0xC2E2, 0xBAE2, 0xBAE2, 0xBAE2, 0xBAE2, 0xBAE2, 0xBAE2, 0xBAE2, 0xBAE2, 0xBAE2,
  0xBAE2, 0xBAE2, 0xBAE2, 0xBAE2, 0xBAC2, 0x5100, 0x40A0, 0x48C0, 0x38C0, 0x28A1, 0x30C1, 0x28A0,
  0x0000, 0x0000, 0x0000, 0x0000, 0x0000, 0x0000, 0x0000, 0x0000, 0x0000, 0x0000, 0x0000, 0x0000,
  0x0000, 0x0000, 0x0000, 0x0000, 0x0000, 0x0000, 0x0000, 0x0000, 0x0000, 0x0000, 0x0000, 0x0000,
  0x0000, 0x0000, 0x0000, 0x0000, 0x0000, 0x0000, 0x0000, 0x0000, 0x0000, 0x0000, 0x0000, 0x0000,
  0x0000, 0x0000, 0x0000, 0x0000, 0x0000, 0x0000, 0x0000, 0x0000, 0x0000, 0x0000, 0x0000, 0x0000,
  0x0000, 0x0000, 0x0000, 0x0000, 0x0000, 0x0000, 0x0000, 0x0000, 0x0000, 0x0000, 0x0000, 0x0000,
  0x0000, 0x0000, 0x0000, 0x0000, 0x0000, 0x0000, 0x0000, 0x0000, 0x0000, 0x0000, 0x0000, 0x0000,
  0x0000, 0x0000, 0x0000, 0x2145, 0x7BCF, 0x738E, 0x7BAE, 0x8410, 0x83F0, 0x8410, 0x52AA, 0x4228,
  0x4A69, 0x39C7, 0x2945, 0x2965, 0x2965, 0x2965, 0x2986, 0x3186, 0x8A85, 0x92A5, 0x8A85, 0x9AA5,
  0xAAC5, 0xA2C5, 0xAAE5, 0xF363, 0xF383, 0xF383, 0xF383, 0xF362, 0xF382, 0xF382, 0xF362, 0xFC02,
  0xFC42, 0xFC42, 0xFC22, 0xFC01, 0xFC01, 0xFC01, 0xFC01, 0xFC01, 0xFC01, 0xFC01, 0xFC01, 0xFC01,
  0xFC01, 0xFC01, 0xFC02, 0xFC02, 0xFC01, 0xFC01, 0xFC02, 0xFC02, 0xDAC2, 0xD262, 0xDA82, 0xC283,
  0xAA84, 0xB2A4, 0x9223, 0x0000, 0x0000, 0x0000, 0x0000, 0x0000, 0x0000, 0x0000, 0x0000, 0x0000,
  0x0000, 0x0000, 0x0000, 0x0000, 0x0000, 0x0000, 0x0000, 0x0000, 0x0000, 0x0000, 0x0000, 0x0000,
  0x0000, 0x0000, 0x0000, 0x0000, 0x0000, 0x0000, 0x0000, 0x0000, 0x0000, 0x0000, 0x0000, 0x0000,
  0x0000, 0x0000, 0x0000, 0x0000, 0x0000, 0x0000, 0x0000, 0x0000, 0x0000, 0x0000, 0x0000, 0x0000,
  0x0000, 0x0000, 0x0000, 0x0000, 0x0000, 0x0000, 0x0000, 0x0000, 0x0000, 0x0000, 0x0000, 0x0000,
  0x0000, 0x0000, 0x0000, 0x0000, 0x0000, 0x0000, 0x0000, 0x0000, 0x0000, 0x0000, 0x0000, 0x0000,
  0x0000, 0x0000, 0x0000, 0x0000, 0x0000, 0x0000, 0x2124, 0x7BAF, 0x738E, 0x738E, 0x7BAF, 0x7BCF,
  0x7BCF, 0x528A, 0x4A48, 0x4A69, 0x39C7, 0x2965, 0x3186, 0x3186, 0x3186, 0x2986, 0x31A6, 0x8265,
  0x8265, 0x8285, 0x8A85, 0x9AA5, 0x92A6, 0xA2C5, 0xE343, 0xE363, 0xE343, 0xE343, 0xEB62, 0xEB62,
  0xEB62, 0xEB42, 0xF3E2, 0xFC22, 0xFC02, 0xFBE2, 0xFBC1, 0xFBC2, 0xFBC2, 0xFBE2, 0xFBC2, 0xFBC2,
  0xFBC2, 0xFBC1, 0xFBC1, 0xFBC1, 0xFBC1, 0xFBE1, 0xFBE1, 0xFBE2, 0xFBE2, 0xFBE2, 0xFBE2, 0xCA82,
  0xC222, 0xCA42, 0xB263, 0x9A64, 0xA284, 0x8A03, 0x0000, 0x0000, 0x0000, 0x0000, 0x0000, 0x0000,
  0x0000, 0x0000, 0x0000, 0x0000, 0x0000, 0x0000, 0x0000, 0x0000, 0x0000, 0x0000, 0x0000, 0x0000,
  0x0000, 0x0000, 0x0000, 0x0000, 0x0000, 0x0000, 0x0000, 0x0000, 0x0000, 0x0000, 0x0000, 0x0000,
  0x0000, 0x0000, 0x0000, 0x0000, 0x0000, 0x0000, 0x0000, 0x0000, 0x0000, 0x0000, 0x0000, 0x0000,
  0x0000, 0x0000, 0x0000, 0x0000, 0x0000, 0x0000, 0x0000, 0x0000, 0x0000, 0x0000, 0x0000, 0x0000,
  0x0000, 0x0000, 0x0000, 0x0000, 0x0000, 0x0000, 0x0000, 0x0000, 0x0000, 0x0000, 0x0000, 0x0000,
  0x0000, 0x0000, 0x0000, 0x0000, 0x0000, 0x0000, 0x0000, 0x0000, 0x0000, 0x2124, 0x7BCF, 0x738E,
  0x738E, 0x7BCF, 0x7BCF, 0x7BCF, 0x528A, 0x4228, 0x4A49, 0x39C7, 0x2965, 0x3186, 0x3186, 0x39A6,
  0x3985, 0x41C6, 0x8285, 0x92A5, 0x92A6, 0x9AC5, 0xAAE4, 0xAB05, 0xBB25, 0xEBA3, 0xEB83, 0xEB83,
  0xEB83, 0xF382, 0xF382, 0xF382, 0xF382, 0xFC22, 0xFC62, 0xFC62, 0xFC42, 0xFC22, 0xFC22, 0xFC22,
  0xFC22, 0xFC22, 0xFC22, 0xFC22, 0xFC22, 0xFC22, 0xFC22, 0xFC22, 0xFC22, 0xFC22, 0xFC22, 0xFC22,
  0xFC22, 0xFC22, 0xD2A2, 0xCA62, 0xD282, 0xBA83, 0xA264, 0xAA84, 0x9223, 0x0000, 0x0000, 0x0000,
  0x0000, 0x0000, 0x0000, 0x0000, 0x0000, 0x0000, 0x0000, 0x0000, 0x0000, 0x0000, 0x0000, 0x0000,
  0x0000, 0x0000, 0x0000, 0x0000, 0x0000, 0x0000, 0x0000, 0x0000, 0x0000, 0x0000, 0x0000, 0x0000,
  0x0000, 0x0000, 0x0000, 0x0000, 0x0000, 0x0000, 0x0000, 0x0000, 0x0000, 0x0000, 0x0000, 0x0000,
  0x0000, 0x0000, 0x0000, 0x0000, 0x0000, 0x0000, 0x0000, 0x0000, 0x0000, 0x0000, 0x0000, 0x0000,
  0x0000, 0x0000, 0x0000, 0x0000, 0x0000, 0x0000, 0x0000, 0x0000, 0x0000, 0x0000, 0x0000, 0x0000,
  0x0000, 0x0000, 0x0000, 0x0000, 0x0000, 0x0000, 0x0000, 0x0000, 0x0000, 0x39C7, 0x528A, 0x4A49,
  0x52AA, 0x630C, 0x5AEB, 0x5AEB, 0x5AEB, 0x5AEB, 0x5AEB, 0x39C7, 0x3165, 0x3165, 0x3186, 0x3186,
  0x2966, 0x41C5, 0x8285, 0x8265, 0x8285, 0xC326, 0xD386, 0xCB46, 0xE3C4, 0xFC41, 0xFC42, 0xFC42,
  0xFC42, 0xFC42, 0xFC42, 0xFC42, 0xFC42, 0xFC42, 0xFC42, 0xFC22, 0xFD43, 0xFDA3, 0xFD83, 0xFD83,
  0xFD83, 0xFD83, 0xFD83, 0xFD83, 0xFD83, 0xFD83, 0xFD83, 0xFD83, 0xFD83, 0xFD83, 0xFD83, 0xFD83,
  0xFD83, 0xFD83, 0xFD63, 0xFD63, 0xFD63, 0xFD43, 0xF523, 0xFD43, 0xF4A2, 0xEBC2, 0xF402, 0xEBC2,
  0xA223, 0x9A23, 0xB263, 0x48E1, 0x0000, 0x0000, 0x0000, 0x0000, 0x0000, 0x0000, 0x0000, 0x0000,
  0x0000, 0x0000, 0x0000, 0x0000, 0x0000, 0x0000, 0x0000, 0x0000, 0x0000, 0x0000, 0x0000, 0x0000,
  0x0000, 0x0000, 0x0000, 0x0000, 0x0000, 0x0000, 0x0000, 0x0000, 0x0000, 0x0000, 0x0000, 0x0000,
  0x0000, 0x0000, 0x0000, 0x0000, 0x0000, 0x0000, 0x0000, 0x0000, 0x0000, 0x0000, 0x0000, 0x0000,
  0x0000, 0x0000, 0x0000, 0x0000, 0x0000, 0x0000, 0x0000, 0x0000, 0x0000, 0x0000, 0x0000, 0x0000,
  0x0000, 0x0000, 0x0000, 0x0000, 0x0000, 0x0000, 0x0000, 0x0000, 0x0000, 0x0000, 0x0000, 0x0000,
  0x528A, 0x738E, 0x6B4D, 0x632C, 0x5ACB, 0x5ACB, 0x5ACB, 0x52AA, 0x52AA, 0x5ACB, 0x31A6, 0x2965,
  0x2965, 0x3185, 0x3186, 0x2966, 0x41C5, 0x8A85, 0x8A85, 0x8A85, 0xCB46, 0xDB86, 0xD366, 0xEBE4,
  0xFC41, 0xFC42, 0xFC42, 0xFC42, 0xFC42, 0xFC42, 0xFC42, 0xFC42, 0xFC42, 0xFC42, 0xFC42, 0xFD43,
  0xFDA3, 0xFD83, 0xFD83, 0xFD83, 0xFDA3, 0xFDA3, 0xFDA3, 0xFDA3, 0xFDA3, 0xFDA4, 0xFD84, 0xFDA3,
  0xFD83, 0xFD83, 0xFD83, 0xFD84, 0xFDA3, 0xFD83, 0xFD83, 0xFD83, 0xFDA3, 0xFD83, 0xFDA3, 0xFCE2,
  0xFC22, 0xFC42, 0xFC22, 0xCAC4, 0xC2A4, 0xDB04, 0x5941, 0x0000, 0x0000, 0x0000, 0x0000, 0x0000,
  0x0000, 0x0000, 0x0000, 0x0000, 0x0000, 0x0000, 0x0000, 0x0000, 0x0000, 0x0000, 0x0000, 0x0000,
  0x0000, 0x0000, 0x0000, 0x0000, 0x0000, 0x0000, 0x0000, 0x0000, 0x0000, 0x0000, 0x0000, 0x0000,
  0x0000, 0x0000, 0x0000, 0x0000, 0x0000, 0x0000, 0x0000, 0x0000, 0x0000, 0x0000, 0x0000, 0x0000,
  0x0000, 0x0000, 0x0000, 0x0000, 0x0000, 0x0000, 0x0000, 0x0000, 0x0000, 0x0000, 0x0000, 0x0000,
  0x0000, 0x0000, 0x0000, 0x0000, 0x0000, 0x0000, 0x0000, 0x0000, 0x0000, 0x0000, 0x0000, 0x0000,
  0x0000, 0x0000, 0x0000, 0x4A69, 0x6B4D, 0x630C, 0x630C, 0x5AEB, 0x5AEB, 0x5AEB, 0x5AEB, 0x5AEB,
  0x630C, 0x39C7, 0x2965, 0x3186, 0x2965, 0x2965, 0x2166, 0x41C6, 0x8265, 0x8265, 0x7A65, 0xC346,
  0xD386, 0xCB67, 0xE3E4, 0xFC41, 0xFC42, 0xFC42, 0xFC42, 0xFC42, 0xFC42, 0xFC22, 0xFC42, 0xFC42,
  0xFC22, 0xFC22, 0xFD43, 0xFDA3, 0xFDA4, 0xFDA4, 0xFDA4, 0xFDA3, 0xFDA4, 0xFDA4, 0xFDA4, 0xFDA4,
  0xFDA4, 0xFDA4, 0xFD84, 0xFDA4, 0xFDC4, 0xFDC4, 0xFDC4, 0xFDA4, 0xFD83, 0xFD83, 0xFD83, 0xFDA4,
  0xFDA4, 0xFDC4, 0xFCE3, 0xFC02, 0xFC22, 0xF402, 0xBA84, 0xBA64, 0xCAA4, 0x5101, 0x0000, 0x0000,
  0x0000, 0x0000, 0x0000, 0x0000, 0x0000, 0x0000, 0x0000, 0x0000, 0x0000, 0x0000, 0x0000, 0x0000,
  0x0000, 0x0000, 0x0000, 0x0000, 0x0000, 0x0000, 0x0000, 0x0000, 0x0000, 0x0000, 0x0000, 0x0000,
  0x0000, 0x0000, 0x0000, 0x0000, 0x0000, 0x0000, 0x0000, 0x0000, 0x0000, 0x0000, 0x0000, 0x0000,
  0x0000, 0x0000, 0x0000, 0x0000, 0x0000, 0x0000, 0x0000, 0x0000, 0x0000, 0x0000, 0x0000, 0x0000,
  0x0000, 0x0000, 0x0000, 0x0000, 0x0000, 0x0000, 0x0000, 0x0000, 0x0000, 0x0000, 0x0000, 0x0000,
  0x0000, 0x0000, 0x0000, 0x0000, 0x0000, 0x0000, 0x528A, 0x738E, 0x6B4D, 0x6B2D, 0x5AEB, 0x5AEB,
  0x5ACB, 0x2965, 0x2945, 0x2945, 0x3185, 0x3165, 0x2966, 0x41C5, 0x6A25, 0x6226, 0x7A66, 0xB305,
  0xB2E5, 0xB305, 0xE384, 0xEBA4, 0xE3A4, 0xF3E3, 0xFC62, 0xFC42, 0xFC62, 0xFD02, 0xFD23, 0xFD03,
  0xFD23, 0xFD03, 0xFD03, 0xFD02, 0xFCE3, 0xFD83, 0xFDA4, 0xFDA4, 0xFDA4, 0xFDA4, 0xFDA4, 0xFDA4,
  0xFDA4, 0xFDA4, 0xFDA4, 0xFDA4, 0xFDA4, 0xFDA4, 0xFD63, 0xFCC3, 0xFCE3, 0xFCC3, 0xFD63, 0xFDA3,
  0xFD83, 0xFD83, 0xFD23, 0xFD03, 0xFD23, 0xFCE3, 0xFCC2, 0xFCC2, 0xFCC3, 0xDBE4, 0xD3C4, 0xE404,
  0x7202, 0x20A1, 0x30E1, 0x20A1, 0x0000, 0x0000, 0x0000, 0x0000, 0x0000, 0x0000, 0x0000, 0x0000,
  0x0000, 0x0000, 0x0000, 0x0000, 0x0000, 0x0000, 0x0000, 0x0000, 0x0000, 0x0000, 0x0000, 0x0000,
  0x0000, 0x0000, 0x0000, 0x0000, 0x0000, 0x0000, 0x0000, 0x0000, 0x0000, 0x0000, 0x0000, 0x0000,
  0x0000, 0x0000, 0x0000, 0x0000, 0x0000, 0x0000, 0x0000, 0x0000, 0x0000, 0x0000, 0x0000, 0x0000,
  0x0000, 0x0000, 0x0000, 0x0000, 0x0000, 0x0000, 0x0000, 0x0000, 0x0000, 0x0000, 0x0000, 0x0000,
  0x0000, 0x0000, 0x0000, 0x0000, 0x0000, 0x0000, 0x0000, 0x0000, 0x0000, 0x526A, 0x83F0, 0x7BCF,
  0x736E, 0x5ACB, 0x5AEB, 0x52AA, 0x0000, 0x0000, 0x0000, 0x2104, 0x3186, 0x2965, 0x5A05, 0x9AC6,
  0x8AA6, 0x9AC5, 0xEB85, 0xEBA5, 0xEBA5, 0xFBC2, 0xFBE1, 0xFBE1, 0xFC02, 0xFC62, 0xFC62, 0xFC82,
  0xFD83, 0xFDA3, 0xFDA3, 0xFDA3, 0xFDA3, 0xFDC3, 0xFDC3, 0xFDC4, 0xFDA4, 0xFDA4, 0xFDA4, 0xFDA4,
  0xFDA4, 0xFDA4, 0xFDA4, 0xFDA4, 0xFDA4, 0xFDA4, 0xFDA4, 0xFDA4, 0xFDC4, 0xFD03, 0xFB61, 0xFB81,
  0xFB81, 0xFD23, 0xFDA3, 0xFD83, 0xFD83, 0xFC82, 0xFC62, 0xFC42, 0xFD03, 0xFDC3, 0xFDA3, 0xFDA3,
  0xFDC3, 0xFDC3, 0xFE03, 0xBBE4, 0x8225, 0x9AC5, 0x71E4, 0x0000, 0x0000, 0x0000, 0x0000, 0x0000,
  0x0000, 0x0000, 0x0000, 0x0000, 0x0000, 0x0000, 0x0000, 0x0000, 0x0000, 0x0000, 0x0000, 0x0000,
  0x0000, 0x0000, 0x0000, 0x0000, 0x0000, 0x0000, 0x0000, 0x0000, 0x0000, 0x0000, 0x0000, 0x0000,
  0x0000, 0x0000, 0x0000, 0x0000, 0x0000, 0x0000, 0x0000, 0x0000, 0x0000, 0x0000, 0x0000, 0x0000,
  0x0000, 0x0000, 0x0000, 0x0000, 0x0000, 0x0000, 0x0000, 0x0000, 0x0000, 0x0000, 0x0000, 0x0000,
  0x0000, 0x0000, 0x0000, 0x0000, 0x0000, 0x0000, 0x0000, 0x0000, 0x0000, 0x0000, 0x0000, 0x0000,
  0x528A, 0x83F0, 0x7BCF, 0x6B6E, 0x5ACB, 0x5AEB, 0x52AA, 0x0841, 0x0000, 0x0000, 0x2124, 0x3186,
  0x2966, 0x5A06, 0x92A6, 0x8286, 0x9AC6, 0xE385, 0xE385, 0xE3A5, 0xF3C2, 0xFBE2, 0xFBE2, 0xFC02,
  0xFC62, 0xFC62, 0xFC82, 0xFD83, 0xFDA3, 0xFDA3, 0xFDA3, 0xFDA3, 0xFDA4, 0xFDA4, 0xFDA4, 0xFDA4,
  0xFDA4, 0xFDA4, 0xFDA4, 0xFDA4, 0xFDA4, 0xFDA4, 0xFDA4, 0xFDA4, 0xFDA4, 0xFDA4, 0xFDA4, 0xFDC4,
  0xFD23, 0xFB81, 0xFBC2, 0xFBA2, 0xFD43, 0xFDA3, 0xFDA3, 0xFD83, 0xFCA2, 0xFC82, 0xFC62, 0xFD23,
  0xFDA3, 0xFD83, 0xFD84, 0xFD84, 0xFD84, 0xFDC4, 0xBBC4, 0x8225, 0x8A85, 0x61C4, 0x0000, 0x0000,
  0x0000, 0x0000, 0x0000, 0x0000, 0x0000, 0x0000, 0x0000, 0x0000, 0x0000, 0x0000, 0x0000, 0x0000,
  0x0000, 0x0000, 0x0000, 0x0000, 0x0000, 0x0000, 0x0000, 0x0000, 0x0000, 0x0000, 0x0000, 0x0000,
  0x0000, 0x0000, 0x0000, 0x0000, 0x0000, 0x0000, 0x0000, 0x0000, 0x0000, 0x0000, 0x0000, 0x0000,
  0x0000, 0x0000, 0x0000, 0x0000, 0x0000, 0x0000, 0x0000, 0x0000, 0x0000, 0x0000, 0x0000, 0x0000,
  0x0000, 0x0000, 0x0000, 0x0000, 0x0000, 0x0000, 0x0000, 0x0000, 0x0000, 0x0000, 0x0000, 0x0000,
  0x0000, 0x0000, 0x0000, 0x528A, 0x83F0, 0x7BAF, 0x6B4D, 0x5ACA, 0x5AEB, 0x528A, 0x0020, 0x0000,
  0x0000, 0x2124, 0x3186, 0x2965, 0x5A06, 0x92A6, 0x8A86, 0x9AC6, 0xE385, 0xE385, 0xE385, 0xFBE2,
  0xFBE2, 0xFBE2, 0xFC02, 0xFC62, 0xFC62, 0xFC82, 0xFD83, 0xFDA3, 0xFD83, 0xFDA3, 0xFDA3, 0xFDA4,
  0xFDA4, 0xFDA4, 0xFDC4, 0xFDC4, 0xFDC4, 0xFDA4, 0xFDA4, 0xFDA4, 0xFDA4, 0xFDA4, 0xFDA4, 0xFDA4,
  0xFDA4, 0xFDA4, 0xFDC4, 0xFD23, 0xFB81, 0xFBA2, 0xFBA1, 0xFD43, 0xFDC4, 0xFD83, 0xFD83, 0xFC82,
  0xFC62, 0xFC62, 0xFD23, 0xFDA4, 0xFDA4, 0xFDA4, 0xFDA4, 0xFDA4, 0xFDE4, 0xBBE4, 0x7A04, 0x9285,
  0x71E4, 0x0000, 0x0000, 0x0000, 0x0000, 0x0000, 0x0000, 0x0000, 0x0000, 0x0000, 0x0000, 0x0000,
  0x0000, 0x0000, 0x0000, 0x0000, 0x0000, 0x0000, 0x0000, 0x0000, 0x0000, 0x0000, 0x0000, 0x0000,
  0x0000, 0x0000, 0x0000, 0x0000, 0x0000, 0x0000, 0x0000, 0x0000, 0x0000, 0x0000, 0x0000, 0x0000,
  0x0000, 0x0000, 0x0000, 0x0000, 0x0000, 0x0000, 0x0000, 0x0000, 0x0000, 0x0000, 0x0000, 0x0000,
  0x0000, 0x0000, 0x0000, 0x0000, 0x0000, 0x0000, 0x0000, 0x0000, 0x0000, 0x0000, 0x0000, 0x0000,
  0x0000, 0x0000, 0x0020, 0x5AEB, 0x6B4D, 0x6B4D, 0x630C, 0x5AEB, 0x630C, 0x5ACB, 0x39E7, 0x39E7,
  0x39C7, 0x0020, 0x0000, 0x0000, 0x2104, 0x3165, 0x2145, 0x5A06, 0x92A6, 0x8AA6, 0x92A6, 0x9AC6,
  0x9AC6, 0x9AC6, 0xD385, 0xE3C5, 0xE3A5, 0xEC04, 0xFC62, 0xFC62, 0xFC62, 0xFC82, 0xFCA2, 0xFC82,
  0xFCA2, 0xFC22, 0xFBE2, 0xFC02, 0xFC02, 0xFC02, 0xFC02, 0xFC02, 0xFC02, 0xFC02, 0xFC02, 0xFC02,
  0xFC02, 0xFC02, 0xFC02, 0xFC02, 0xFC02, 0xFC22, 0xE3A3, 0x9AA5, 0xA2A4, 0x9AA4, 0x92C5, 0x9B05,
  0x9AE5, 0xA2E5, 0xEB62, 0xF382, 0xF362, 0xFCA3, 0xFDC4, 0xFDA4, 0xFD63, 0xFC82, 0xFC82, 0xFC82,
  0xEBC2, 0xE322, 0xF382, 0xAA81, 0x0000, 0x0000, 0x0000, 0x0000, 0x0000, 0x0000, 0x0000, 0x0000,
  0x0000, 0x0000, 0x0000, 0x0000, 0x0000, 0x0000, 0x0000, 0x0000, 0x0000, 0x0000, 0x0000, 0x0000,
  0x0000, 0x0000, 0x0000, 0x0000, 0x0000, 0x0000, 0x0000, 0x0000, 0x0000, 0x0000, 0x0000, 0x0000,
  0x0000, 0x0000, 0x0000, 0x0000, 0x0000, 0x0000, 0x0000, 0x0000, 0x0000, 0x0000, 0x0000, 0x0000,
  0x0000, 0x0000, 0x0000, 0x0000, 0x0000, 0x0000, 0x0000, 0x0000, 0x0000, 0x0000, 0x0000, 0x0000,
  0x0000, 0x0000, 0x0000, 0x0000, 0x0000, 0x0020, 0x73AE, 0x8C51, 0x8430, 0x6B2C, 0x5ACA, 0x630C,
  0x528A, 0x3186, 0x31A6, 0x3186, 0x0020, 0x0000, 0x0000, 0x2104, 0x3165, 0x2145, 0x6206, 0x92A6,
  0x8A86, 0x8AA6, 0x8A86, 0x8AA6, 0x8AA6, 0xD366, 0xE3A6, 0xDB86, 0xEBE4, 0xFC62, 0xFC62, 0xFC62,
  0xFC62, 0xFC62, 0xFC62, 0xFC62, 0xFBE2, 0xFB81, 0xFBA1, 0xFBA1, 0xFBA1, 0xFBA1, 0xFBA1, 0xFBA1,
  0xFBA1, 0xFBA1, 0xFBA1, 0xFBA1, 0xFBA1, 0xFBA1, 0xFBA1, 0xFB82, 0xFBA1, 0xDB43, 0x8245, 0x8A65,
  0x8A65, 0x8265, 0x8245, 0x8265, 0x8A65, 0xEB22, 0xEB62, 0xEB02, 0xF483, 0xFDC3, 0xFD83, 0xFD63,
  0xFC42, 0xFC22, 0xFC22, 0xFBA2, 0xF382, 0xFBC2, 0xBA81, 0x0000, 0x0000, 0x0000, 0x0000, 0x0000,
  0x0000, 0x0000, 0x0000, 0x0000, 0x0000, 0x0000, 0x0000, 0x0000, 0x0000, 0x0000, 0x0000, 0x0000,
  0x0000, 0x0000, 0x0000, 0x0000, 0x0000, 0x0000, 0x0000, 0x0000, 0x0000, 0x0000, 0x0000, 0x0000,
  0x0000, 0x0000, 0x0000, 0x0000, 0x0000, 0x0000, 0x0000, 0x0000, 0x0000, 0x0000, 0x0000, 0x0000,
  0x0000, 0x0000, 0x0000, 0x0000, 0x0000, 0x0000, 0x0000, 0x0000, 0x0000, 0x0000, 0x0000, 0x0000,
  0x0000, 0x0000, 0x0000, 0x0000, 0x0000, 0x0000, 0x0000, 0x0000, 0x0000, 0x6B6D, 0x7BEF, 0x7BAF,
  0x632C, 0x5AEB, 0x630C, 0x528A, 0x31A6, 0x39E7, 0x31A6, 0x0020, 0x0000, 0x0000, 0x18E4, 0x2965,
  0x1925, 0x59E5, 0x92A6, 0x8A86, 0x8AA6, 0x8AA6, 0x8AA6, 0x92A6, 0xDB86, 0xEBA6, 0xE3A6, 0xF424,
  0xFC81, 0xFC82, 0xFC82, 0xFC82, 0xFCA2, 0xFCA2, 0xFCA2, 0xFC01, 0xFBC1, 0xFBC1, 0xFBC1, 0xFBC1,
  0xFBC1, 0xFBC1, 0xFBC1, 0xFBC1, 0xFBC1, 0xFBC1, 0xFBC2, 0xFBC1, 0xFBC1, 0xFBC1, 0xFBC2, 0xFBC1,
  0xEB82, 0x92A5, 0x92A5, 0x9AA5, 0x8A85, 0x8265, 0x8265, 0x92A5, 0xF342, 0xF362, 0xF342, 0xFCC3,
  0xFDE3, 0xFDC3, 0xFD83, 0xFC42, 0xFC42, 0xFC42, 0xF3C2, 0xF362, 0xFBA2, 0xB281, 0x0000, 0x0000,
  0x0000, 0x0000, 0x0000, 0x0000, 0x0000, 0x0000, 0x0000, 0x0000, 0x0000, 0x0000, 0x0000, 0x0000,
  0x0000, 0x0000, 0x0000, 0x0000, 0x0000, 0x0000, 0x0000, 0x0000, 0x0000, 0x0000, 0x0000, 0x0000,
  0x0000, 0x0000, 0x0000, 0x0000, 0x0000, 0x0000, 0x0000, 0x0000, 0x0000, 0x0000, 0x0000, 0x0000,
  0x0000, 0x0000, 0x0000, 0x0000, 0x0000, 0x0000, 0x0000, 0x0000, 0x0000, 0x0000, 0x0000, 0x0000,
  0x0000, 0x0000, 0x0000, 0x0000, 0x0000, 0x0000, 0x0000, 0x0000, 0x0000, 0x0000, 0x0000, 0x0841,
  0x9471, 0x9CD3, 0x9CD3, 0x738E, 0x52CB, 0x62EB, 0x4A49, 0x2104, 0x2945, 0x2104, 0x0000, 0x0000,
  0x0000, 0x4984, 0x6A26, 0x6205, 0x7A46, 0x92A6, 0x8A86, 0x8A86, 0x8AA6, 0x8AA6, 0x8AA6, 0xAB06,
  0xBB26, 0xB306, 0xBB45, 0xC384, 0xC384, 0xC384, 0xCBA4, 0xCBA4, 0xCBA4, 0xCBA4, 0xD363, 0xD363,
  0xD363, 0xD363, 0xD363, 0xD363, 0xD363, 0xDB62, 0xDB62, 0xDB62, 0xE382, 0xFBE2, 0xFBC2, 0xFBE1,
  0xE382, 0xD343, 0xDB63, 0xBB03, 0x59A4, 0x61C4, 0x61C4, 0x7A45, 0x8A85, 0x8265, 0x8A85, 0xCB03,
  0xCB03, 0xCAE3, 0xE423, 0xFD03, 0xFCE3, 0xFCC3, 0xFC22, 0xFC02, 0xFC22, 0xFBC2, 0xF382, 0xFBC2,
  0xCB01, 0x48E1, 0x5101, 0x48E1, 0x0000, 0x0000, 0x0000, 0x0000, 0x0000, 0x0000, 0x0000, 0x0000,
  0x0000, 0x0000, 0x0000, 0x0000, 0x0000, 0x0000, 0x0000, 0x0000, 0x0000, 0x0000, 0x0000, 0x0000,
  0x0000, 0x0000, 0x0000, 0x0000, 0x0000, 0x0000, 0x0000, 0x0000, 0x0000, 0x0000, 0x0000, 0x0000,
  0x0000, 0x0000, 0x0000, 0x0000, 0x0000, 0x0000, 0x0000, 0x0000, 0x0000, 0x0000, 0x0000, 0x0000,
  0x0000, 0x0000, 0x0000, 0x0000, 0x0000, 0x0000, 0x0000, 0x0000, 0x0000, 0x0000, 0x0000, 0x0000,
  0x0000, 0x0000, 0x0861, 0xBDD7, 0xCE59, 0xCE79, 0x8410, 0x528A, 0x5AEB, 0x4208, 0x0020, 0x0841,
  0x0841, 0x0000, 0x0000, 0x0000, 0x7A24, 0x9AC6, 0x92A6, 0x92A6, 0x8A86, 0x8AA6, 0x8AA6, 0x8AA6,
  0x8AA6, 0x8AA6, 0x8A86, 0x8A86, 0x8A86, 0x8286, 0x8286, 0x8286, 0x8A86, 0x8286, 0x8286, 0x8286,
  0x8266, 0x8286, 0x8286, 0x8266, 0x8286, 0x8266, 0x8286, 0x8286, 0x8265, 0x9264, 0x8244, 0xB2E3,
  0xFC02, 0xFBE2, 0xFC02, 0xB303, 0x7225, 0x8A85, 0x59A4, 0x0021, 0x0861, 0x0041, 0x61E4, 0x8A85,
  0x8265, 0x8265, 0x8265, 0x8285, 0x7A66, 0xC2E4, 0xFB62, 0xEB42, 0xF362, 0xFBC1, 0xFBC1, 0xFBC1,
  0xFBC1, 0xFBC1, 0xFBE1, 0xEB82, 0xD2A3, 0xDAE3, 0xC2A3, 0x1020, 0x0000, 0x0000, 0x0000, 0x0000,
  0x0000, 0x0000, 0x0000, 0x0000, 0x0000, 0x0000, 0x0000, 0x0000, 0x0000, 0x0000, 0x0000, 0x0000,
  0x0000, 0x0000, 0x0000, 0x0000, 0x0000, 0x0000, 0x0000, 0x0000, 0x0000, 0x0000, 0x0000, 0x0000,
  0x0000, 0x0000, 0x0000, 0x0000, 0x0000, 0x0000, 0x0000, 0x0000, 0x0000, 0x0000, 0x0000, 0x0000,
  0x0000, 0x0000, 0x0000, 0x0000, 0x0000, 0x0000, 0x0000, 0x0000, 0x0000, 0x0000, 0x0000, 0x0000,
  0x0000, 0x0000, 0x0000, 0x0000, 0x0000, 0x0861, 0xB596, 0xC618, 0xCE38, 0x7BEF, 0x528A, 0x630C,
  0x4208, 0x0041, 0x0861, 0x0841, 0x0000, 0x0000, 0x0000, 0x6A04, 0x92A6, 0x8A86, 0x8AA6, 0x8A86,
  0x8AA6, 0x8AA6, 0x8AA6, 0x8AA6, 0x8AA6, 0x8AA6, 0x8AA6, 0x8AA6, 0x8AA6, 0x8AA6, 0x8AA6, 0x92A6,
  0x92A6, 0x92A6, 0x8AA6, 0x8AA6, 0x8AA6, 0x8A85, 0x8A85, 0x8A85, 0x8A85, 0x8A85, 0x8A86, 0x8A85,
  0x9284, 0x8A64, 0xB2E3, 0xFBE2, 0xFBC2, 0xFC02, 0xBB23, 0x7A45, 0x8A85, 0x61E4, 0x0841, 0x1081,
  0x0861, 0x61E4, 0x8A85, 0x8265, 0x8265, 0x8265, 0x8A85, 0x8265, 0xC304, 0xFB82, 0xEB83, 0xF383,
  0xFBC1, 0xFBC1, 0xFBC1, 0xFBC1, 0xFBC1, 0xFBE2, 0xEB82, 0xC283, 0xC2A3, 0xB263, 0x0820, 0x0000,
  0x0000, 0x0000, 0x0000, 0x0000, 0x0000, 0x0000, 0x0000, 0x0000, 0x0000, 0x0000, 0x0000, 0x0000,
  0x0000, 0x0000, 0x0000, 0x0000, 0x0000, 0x0000, 0x0000, 0x0000, 0x0000, 0x0000, 0x0000, 0x0000,
  0x0000, 0x0000, 0x0000, 0x0000, 0x0000, 0x0000, 0x0000, 0x0000, 0x0000, 0x0000, 0x0000, 0x0000,
  0x0000, 0x0000, 0x0000, 0x0000, 0x0000, 0x0000, 0x0000, 0x0000, 0x0000, 0x0000, 0x0000, 0x0000,
  0x0000, 0x0000, 0x0000, 0x0000, 0x0000, 0x0000, 0x0000, 0x0000, 0x0861, 0xB596, 0xC618, 0xCE58,
  0x7BEF, 0x528A, 0x630C, 0x4208, 0x0020, 0x0861, 0x0841, 0x0820, 0x0820, 0x0020, 0x7204, 0x92A6,
  0x8AA6, 0x8AA6, 0x8AA6, 0x8AA6, 0x92A6, 0x92A6, 0x92C6, 0x92A6, 0x8AA6, 0x8AA6, 0x8AA6, 0x8AA6,
  0x8AA6, 0x8AA6, 0x8AA6, 0x8AA6, 0x8AA6, 0x8AA6, 0x8AA6, 0x8AA6, 0x8AA6, 0x8A86, 0x8A86, 0x8A86,
  0x8A86, 0x8A86, 0x8A85, 0x9284, 0x8A64, 0xB2E3, 0xFC01, 0xFC02, 0xFC21, 0xBB23, 0x7A45, 0x8A85,
  0x61E4, 0x0861, 0x1081, 0x0861, 0x6A04, 0x8A85, 0x8265, 0x8265, 0x8A85, 0x8A85, 0x8265, 0xC304,
  0xFB82, 0xF383, 0xF3A2, 0xFBC1, 0xFBC1, 0xFBC1, 0xFBC1, 0xFBC1, 0xFBE1, 0xEB82, 0xC283, 0xCAC3,
  0xBA83, 0x0820, 0x0000, 0x0000, 0x0000, 0x0000, 0x0000, 0x0000, 0x0000, 0x0000, 0x0000, 0x0000,
  0x0000, 0x0000, 0x0000, 0x0000, 0x0000, 0x0000, 0x0000, 0x0000, 0x0000, 0x0000, 0x0000, 0x0000,
  0x0000, 0x0000, 0x0000, 0x0000, 0x0000, 0x0000, 0x0000, 0x0000, 0x0000, 0x0000, 0x0000, 0x0000,
  0x0000, 0x0000, 0x0000, 0x0000, 0x0000, 0x0000, 0x0000, 0x0000, 0x0000, 0x0000, 0x0000, 0x0000,
  0x0000, 0x0000, 0x0000, 0x0000, 0x0000, 0x0000, 0x0000, 0x0000, 0x0000, 0x0000, 0x0000, 0x0841,
  0xA514, 0xB596, 0xB5B6, 0x7BCF, 0x528A, 0x630C, 0x4208, 0x0020, 0x0841, 0x1061, 0x7204, 0x7A25,
  0x7204, 0x8A85, 0x92A6, 0x8AA6, 0x8AA6, 0x92A6, 0x8AA6, 0x92C6, 0xC368, 0xCB88, 0xCB68, 0x9AC6,
  0x8A86, 0x8AA6, 0x8AA6, 0x8A86, 0x8AA6, 0x8AA6, 0x92C6, 0x9AC6, 0xBB47, 0xC388, 0xC368, 0xC368,
  0xC368, 0xC388, 0x9AC6, 0x8A85, 0x92A6, 0x8A85, 0x8245, 0x7A45, 0x8A65, 0xA2C4, 0xA2C4, 0x9AC4,
  0xAAE6, 0xB307, 0xB307, 0xBB25, 0xDB42, 0xD342, 0xDB42, 0xBB25, 0xA2E6, 0xAAE6, 0xA2E6, 0x8A85,
  0x8265, 0x8265, 0x92A5, 0xA2C4, 0x9AA5, 0xAAE4, 0xF382, 0xF382, 0xF382, 0xFBC2, 0xFBC2, 0xFBE2,
  0xE382, 0x9285, 0x9AA5, 0x8A44, 0x0820, 0x0000, 0x0000, 0x0000, 0x0000, 0x0000, 0x0000, 0x0000,
  0x0000, 0x0000, 0x0000, 0x0000, 0x0000, 0x0000, 0x0000, 0x0000, 0x0000, 0x0000, 0x0000, 0x0000,
  0x0000, 0x0000, 0x0000, 0x0000, 0x0000, 0x0000, 0x0000, 0x0000, 0x0000, 0x0000, 0x0000, 0x0000,
  0x0000, 0x0000, 0x0000, 0x0000, 0x0000, 0x0000, 0x0000, 0x0000, 0x0000, 0x0000, 0x0000, 0x0000,
  0x0000, 0x0000, 0x0000, 0x0000, 0x0000, 0x0000, 0x0000, 0x0000, 0x0000, 0x0000, 0x0000, 0x0000,
  0x0000, 0x0000, 0x0841, 0xA4F4, 0xB576, 0xB596, 0x7BAF, 0x52AA, 0x630C, 0x4208, 0x0020, 0x0041,
  0x1061, 0x7A45, 0x8265, 0x8265, 0x8A86, 0x92A6, 0x8AA6, 0x8AA6, 0x92A6, 0x8AA6, 0x92C6, 0xCBA8,
  0xCB88, 0xCB88, 0x9AC6, 0x8A86, 0x8AA6, 0x8AA6, 0x8AA6, 0x8AA6, 0x8AA6, 0x92C6, 0xBB47, 0xD3A8,
  0xCBA8, 0xD3A8, 0xCBA8, 0xCBA8, 0xCBA8, 0xA2E6, 0x92A5, 0x92A6, 0x8A85, 0x7A45, 0x7A65, 0x8265,
  0x7A45, 0x7A45, 0x7A45, 0xA2E6, 0xBB47, 0xBB27, 0xCB66, 0xFBE2, 0xFBE2, 0xFC02, 0xC345, 0xAB07,
  0xB327, 0xB327, 0x8265, 0x8265, 0x8A85, 0x8265, 0x8265, 0x8265, 0x9AA5, 0xEB63, 0xEB62, 0xEB63,
  0xFBC2, 0xFBC2, 0xFBE2, 0xDB83, 0x8265, 0x8A85, 0x7A45, 0x0820, 0x0000, 0x0000, 0x0000, 0x0000,
  0x0000, 0x0000, 0x0000, 0x0000, 0x0000, 0x0000, 0x0000, 0x0000, 0x0000, 0x0000, 0x0000, 0x0000,
  0x0000, 0x0000, 0x0000, 0x0000, 0x0000, 0x0000, 0x0000, 0x0000, 0x0000, 0x0000, 0x0000, 0x0000,
  0x0000, 0x0000, 0x0000, 0x0000, 0x0000, 0x0000, 0x0000, 0x0000, 0x0000, 0x0000, 0x0000, 0x0000,
  0x0000, 0x0000, 0x0000, 0x0000, 0x0000, 0x0000, 0x0000, 0x0000, 0x0000, 0x0000, 0x0000, 0x0000,
  0x0000, 0x0000, 0x0000, 0x0000, 0x0000, 0x0841, 0xA514, 0xB576, 0xB596, 0x7BCF, 0x52AA, 0x630C,
  0x4208, 0x0020, 0x0841, 0x1061, 0x7A45, 0x8265, 0x7A65, 0x8A86, 0x92A6, 0x8AA6, 0x8AA6, 0x8AA6,
  0x8AA6, 0x92C6, 0xCBA8, 0xD388, 0xD388, 0x9AC6, 0x8286, 0x8A86, 0x8A86, 0x8A86, 0x8AA6, 0x8286,
  0xA2E7, 0xD3A8, 0xCBA8, 0xCBA8, 0xCBA8, 0xCBA8, 0xCBA8, 0xCBA8, 0x9AC6, 0x8A85, 0x8A85, 0x8265,
  0x7A45, 0x7A45, 0x7A45, 0x8265, 0x8265, 0x8265, 0xA2E6, 0xBB27, 0xB327, 0xCB45, 0xFBA1, 0xFBA1,
  0xFBC1, 0xC324, 0xAAE6, 0xB306, 0xA2E6, 0x8265, 0x8265, 0x8265, 0x8A65, 0x8A85, 0x8285, 0x9AA5,
  0xF382, 0xF382, 0xF382, 0xFBA2, 0xFBC2, 0xFBE2, 0xE382, 0x8265, 0x9285, 0x8245, 0x0820, 0x0000,
  0x0000, 0x0000, 0x0000, 0x0000, 0x0000, 0x0000, 0x0000, 0x0000, 0x0000, 0x0000, 0x0000, 0x0000,
  0x0000, 0x0000, 0x0000, 0x0000, 0x0000, 0x0000, 0x0000, 0x0000, 0x0000, 0x0000, 0x0000, 0x0000,
  0x0000, 0x0000, 0x0000, 0x0000, 0x0000, 0x0000, 0x0000, 0x0000, 0x0000, 0x0000, 0x0000, 0x0000,
  0x0000, 0x0000, 0x0000, 0x0000, 0x0000, 0x0000, 0x0000, 0x0000, 0x0000, 0x0000, 0x0000, 0x0000,
  0x0000, 0x0000, 0x0000, 0x0000, 0x0000, 0x0000, 0x0000, 0x0000, 0x0841, 0xA4F4, 0xB576, 0xB596,
  0x738E, 0x528A, 0x5AEB, 0x39E7, 0x0000, 0x0020, 0x1061, 0x8265, 0x8A86, 0x8285, 0x8A86, 0x92A6,
  0x8AA6, 0x8AA6, 0x8AA6, 0x8AA6, 0x92A6, 0xA307, 0xAB07, 0xAB07, 0xAB07, 0xB327, 0xB327, 0xB327,
  0xAB07, 0xAB27, 0xA307, 0xB347, 0xD3A8, 0xCBA8, 0xCBA8, 0xCBA8, 0xCBA8, 0xCBA8, 0xCBA8, 0xB347,
  0xB327, 0xB327, 0xAB27, 0xAB06, 0xAB06, 0xA2E6, 0x92A6, 0x92A6, 0x92A5, 0xB347, 0xCBA8, 0xC368,
  0xD3C8, 0xFC67, 0xFC67, 0xFC67, 0xDC29, 0xCBEA, 0xCC0A, 0xC3A9, 0x92A6, 0x9AA6, 0x92A6, 0x8A85,
  0x8265, 0x8265, 0x92A5, 0xD323, 0xD323, 0xD323, 0xF3A2, 0xFBC2, 0xFBE2, 0xDB83, 0x8265, 0x8A85,
  0x7A45, 0x0820, 0x0000, 0x0000, 0x0000, 0x0000, 0x0000, 0x0000, 0x0000, 0x0000, 0x0000, 0x0000,
  0x0000, 0x0000, 0x0000, 0x0000, 0x0000, 0x0000, 0x0000, 0x0000, 0x0000, 0x0000, 0x0000, 0x0000,
  0x0000, 0x0000, 0x0000, 0x0000, 0x0000, 0x0000, 0x0000, 0x0000, 0x0000, 0x0000, 0x0000, 0x0000,
  0x0000, 0x0000, 0x0000, 0x0000, 0x0000, 0x0000, 0x0000, 0x0000, 0x0000, 0x0000, 0x0000, 0x0000,
  0x0000, 0x0000, 0x0000, 0x0000, 0x0000, 0x0000, 0x0000, 0x0000, 0x0000, 0x0000, 0x0000, 0x0841,
  0xA514, 0xB576, 0xB596, 0x6B6D, 0x4A49, 0x52AA, 0x39C7, 0x0000, 0x0020, 0x1041, 0x8A85, 0x92A6,
  0x8A86, 0x8AA6, 0x8AA6, 0x8AA6, 0x8AA6, 0x8AA6, 0x8AA6, 0x8AA6, 0x8286, 0x8A86, 0x8286, 0xBB67,
  0xD3A8, 0xD3A8, 0xD3A8, 0xD3A8, 0xD3A8, 0xD3C9, 0xD3A8, 0xCBA8, 0xCBA8, 0xCBA8, 0xCBA8, 0xCBA8,
  0xCBA8, 0xCBA8, 0xCBA8, 0xCBA8, 0xCBA8, 0xCBA8, 0xCB88, 0xCB88, 0xC388, 0xB327, 0xB327, 0xAB06,
  0xD3C9, 0xEC4A, 0xE409, 0xEC8C, 0xF591, 0xF570, 0xF571, 0xFD91, 0xFD90, 0xFD91, 0xF54F, 0xBB47,
  0xB306, 0xBB27, 0x9AA6, 0x8265, 0x8A85, 0x8A85, 0x8A85, 0x8A85, 0x8266, 0xD363, 0xFBC2, 0xFBC2,
  0xDB63, 0x8265, 0x8A85, 0x7A45, 0x0820, 0x0000, 0x0000, 0x0000, 0x0000, 0x0000, 0x0000, 0x0000,
  0x0000, 0x0000, 0x0000, 0x0000, 0x0000, 0x0000, 0x0000, 0x0000, 0x0000, 0x0000, 0x0000, 0x0000,
  0x0000, 0x0000, 0x0000, 0x0000, 0x0000, 0x0000, 0x0000, 0x0000, 0x0000, 0x0000, 0x0000, 0x0000,
  0x0000, 0x0000, 0x0000, 0x0000, 0x0000, 0x0000, 0x0000, 0x0000, 0x0000, 0x0000, 0x0000, 0x0000,
  0x0000, 0x0000, 0x0000, 0x0000, 0x0000, 0x0000, 0x0000, 0x0000, 0x0000, 0x0000, 0x0000, 0x0000,
  0x0000, 0x0000, 0x0861, 0xA514, 0xB576, 0xB596, 0x6B6D, 0x4A49, 0x5AAA, 0x39C7, 0x0000, 0x0000,
  0x0840, 0x8A85, 0x92A6, 0x8AA6, 0x8AA6, 0x8AA6, 0x8AA6, 0x8AA6, 0x8AA6, 0x8AA6, 0x8AA6, 0x8AA6,
  0x8AA6, 0x8A86, 0xBB47, 0xD3A8, 0xCB88, 0xCBA8, 0xCBA8, 0xCBA8, 0xCBA8, 0xCBA8, 0xCBA8, 0xCBA8,
  0xCBA8, 0xD3A8, 0xD3A8, 0xCBA8, 0xCBA8, 0xCB88, 0xCB88, 0xCB88, 0xCB88, 0xC388, 0xCB88, 0xC388,
  0xAB06, 0xAB06, 0xAB06, 0xD3C9, 0xE44A, 0xE409, 0xEC8C, 0xFD70, 0xF570, 0xF570, 0xF570, 0xF570,
  0xF570, 0xF52F, 0xB327, 0xAB06, 0xBB27, 0x92A6, 0x8265, 0x8A65, 0x8A85, 0x8A85, 0x8A85, 0x8A85,
  0xDB43, 0xFBC2, 0xFBC2, 0xDB63, 0x8265, 0x8A85, 0x7A45, 0x0820, 0x0000, 0x0000, 0x0000, 0x0000,
  0x0000, 0x0000, 0x0000, 0x0000, 0x0000, 0x0000, 0x0000, 0x0000, 0x0000, 0x0000, 0x0000, 0x0000,
  0x0000, 0x0000, 0x0000, 0x0000, 0x0000, 0x0000, 0x0000, 0x0000, 0x0000, 0x0000, 0x0000, 0x0000,
  0x0000, 0x0000, 0x0000, 0x0000, 0x0000, 0x0000, 0x0000, 0x0000, 0x0000, 0x0000, 0x0000, 0x0000,
  0x0000, 0x0000, 0x0000, 0x0000, 0x0000, 0x0000, 0x0000, 0x0000, 0x0000, 0x0000, 0x0000, 0x0000,
  0x0000, 0x0000, 0x0000, 0x0000, 0x0000, 0x0861, 0xA514, 0xB576, 0xB596, 0x6B6E, 0x4A49, 0x52AA,
  0x39C7, 0x0820, 0x0841, 0x1881, 0x8A85, 0x92A6, 0x8AA6, 0x8AA6, 0x8AA6, 0x8AA6, 0x8AA6, 0x8AA6,
  0x8AA6, 0x8AA6, 0x8AA6, 0x8AA6, 0x8AA6, 0xBB68, 0xD3A8, 0xCBA8, 0xCBA8, 0xCBA8, 0xCBA8, 0xCBA8,
  0xCBA8, 0xD3A8, 0xCBA8, 0xCBA8, 0xD3A8, 0xD3A8, 0xCBA8, 0xCBA8, 0xCBA8, 0xCBA8, 0xCBA8, 0xCB88,
  0xCB88, 0xCBA8, 0xC388, 0xB327, 0xB347, 0xB327, 0xD3E9, 0xEC4A, 0xE42A, 0xECAC, 0xFD90, 0xF570,
  0xF570, 0xF570, 0xF570, 0xF570, 0xF54F, 0xBB47, 0xBB47, 0xBB47, 0x9AC6, 0x8A85, 0x8A85, 0x8A85,
  0x8A85, 0x8A85, 0x8265, 0xDB63, 0xFBC2, 0xFBC2, 0xDB63, 0x8265, 0x8A85, 0x7A45, 0x0820, 0x0000,
  0x0000, 0x0000, 0x0000, 0x0000, 0x0000, 0x0000, 0x0000, 0x0000, 0x0000, 0x0000, 0x0000, 0x0000,
  0x0000, 0x0000, 0x0000, 0x0000, 0x0000, 0x0000, 0x0000, 0x0000, 0x0000, 0x0000, 0x0000, 0x0000,
  0x0000, 0x0000, 0x0000, 0x0000, 0x0000, 0x0000, 0x0000, 0x0000, 0x0000, 0x0000, 0x0000, 0x0000,
  0x0000, 0x0000, 0x0000, 0x0000, 0x0000, 0x0000, 0x0000, 0x0000, 0x0000, 0x0000, 0x0000, 0x0000,
  0x0000, 0x0000, 0x0000, 0x0000, 0x0000, 0x0000, 0x0000, 0x0000, 0x0861, 0xAD35, 0xBDB7, 0xBDD7,
  0x73AE, 0x4A49, 0x4A8A, 0x5A68, 0x7A25, 0x7225, 0x7A45, 0x8A86, 0x8A86, 0x8A86, 0x8A86, 0x8AA6,
  0x8AA6, 0x8AA6, 0x8AA6, 0x8AA6, 0x8AA6, 0x8AA6, 0x8AA6, 0x8AA6, 0xBB47, 0xD3C8, 0xCBA8, 0xD3A8,
  0xD3A8, 0xD3A8, 0xD3A8, 0xD3A8, 0xD3A9, 0xD3A8, 0xD3A8, 0xD3A8, 0xD3A8, 0xD3A8, 0xCBA8, 0xE44A,
  0xEC4B, 0xE44A, 0xE44A, 0xE44A, 0xE42A, 0xEC8C, 0xF570, 0xF54F, 0xF54F, 0xF570, 0xF570, 0xF550,
  0xF570, 0xF570, 0xF570, 0xF570, 0xF570, 0xF570, 0xF570, 0xF570, 0xF52F, 0xF52F, 0xF54F, 0xD42B,
  0xB306, 0xB347, 0xAB07, 0x8265, 0x8A85, 0x8A85, 0x9AA5, 0xA2C5, 0x9AC4, 0x9AA5, 0x8A65, 0x8A85,
  0x7A45, 0x0820, 0x0000, 0x0000, 0x0000, 0x0000, 0x0000, 0x0000, 0x0000, 0x0000, 0x0000, 0x0000,
  0x0000, 0x0000, 0x0000, 0x0000, 0x0000, 0x0000, 0x0000, 0x0000, 0x0000, 0x0000, 0x0000, 0x0000,
  0x0000, 0x0000, 0x0000, 0x0000, 0x0000, 0x0000, 0x0000, 0x0000, 0x0000, 0x0000, 0x0000, 0x0000,
  0x0000, 0x0000, 0x0000, 0x0000, 0x0000, 0x0000, 0x0000, 0x0000, 0x0000, 0x0000, 0x0000, 0x0000,
  0x0000, 0x0000, 0x0000, 0x0000, 0x0000, 0x0000, 0x0000, 0x0000, 0x0000, 0x0000, 0x0000, 0x0861,
  0xAD35, 0xBDB7, 0xBDD7, 0x738E, 0x4A49, 0x4A8A, 0x6288, 0x8265, 0x8265, 0x8265, 0x8A86, 0x8A86,
  0x8A86, 0x8A86, 0x8AA6, 0x8AA6, 0x8AA6, 0x92A6, 0x92A6, 0x92A6, 0x92A6, 0x92A6, 0x8AA6, 0xBB68,
  0xD3C8, 0xD3A8, 0xD3A8, 0xD3A8, 0xD3A8, 0xD3A9, 0xCBA8, 0xD3A8, 0xD3A8, 0xD3A8, 0xD3A8, 0xD3A8,
  0xD3A8, 0xD3C9, 0xE46B, 0xEC6B, 0xEC6B, 0xEC6B, 0xEC6B, 0xE46B, 0xECCD, 0xFD91, 0xFD91, 0xFD91,
  0xF591, 0xF591, 0xF591, 0xF591, 0xF571, 0xF571, 0xF571, 0xF591, 0xF591, 0xF570, 0xFD70, 0xFD70,
  0xF550, 0xFD91, 0xD42B, 0xB306, 0xC367, 0xB327, 0x8265, 0x8A65, 0x8A85, 0x8265, 0x8265, 0x8265,
  0x8265, 0x8A65, 0x8A85, 0x7A45, 0x0820, 0x0000, 0x0000, 0x0000, 0x0000, 0x0000, 0x0000, 0x0000,
  0x0000, 0x0000, 0x0000, 0x0000, 0x0000, 0x0000, 0x0000, 0x0000, 0x0000, 0x0000, 0x0000, 0x0000,
  0x0000, 0x0000, 0x0000, 0x0000, 0x0000, 0x0000, 0x0000, 0x0000, 0x0000, 0x0000, 0x0000, 0x0000,
  0x0000, 0x0000, 0x0000, 0x0000, 0x0000, 0x0000, 0x0000, 0x0000, 0x0000, 0x0000, 0x0000, 0x0000,
  0x0000, 0x0000, 0x0000, 0x0000, 0x0000, 0x0000, 0x0000, 0x0000, 0x0000, 0x0000, 0x0000, 0x0000,
  0x0000, 0x0000, 0x0861, 0xAD35, 0xBDB7, 0xBDD7, 0x738E, 0x4A49, 0x528A, 0x5A68, 0x7A45, 0x7A45,
  0x7A45, 0x8A86, 0x8AA6, 0x8A86, 0x8AA6, 0x8AA6, 0x8AA6, 0x8AA6, 0x8A86, 0x8AA6, 0x8AA6, 0x8AA6,
  0x8AA6, 0x8AA6, 0xBB47, 0xD3C8, 0xD3A8, 0xD3A8, 0xD3A8, 0xD3A9, 0xD3A9, 0xCBA8, 0xD3A8, 0xD3A8,
  0xD3A8, 0xCBA8, 0xCB88, 0xCB88, 0xCBA8, 0xE44A, 0xEC6A, 0xEC4A, 0xEC4A, 0xEC6A, 0xEC4A, 0xECAC,
  0xFD91, 0xF591, 0xF591, 0xF591, 0xF591, 0xF591, 0xF591, 0xF591, 0xF591, 0xF591, 0xF570, 0xF570,
  0xF570, 0xF570, 0xF570, 0xF54F, 0xFD90, 0xD42B, 0xB2E6, 0xBB47, 0xAAE6, 0x8245, 0x8265, 0x8265,
  0x8265, 0x8A85, 0x8A85, 0x8A85, 0x8285, 0x8A85, 0x7A45, 0x0820, 0x0000, 0x0000, 0x0000, 0x0000,
  0x0000, 0x0000, 0x0000, 0x0000, 0x0000, 0x0000, 0x0000, 0x0000, 0x0000, 0x0000, 0x0000, 0x0000,
  0x0000, 0x0000, 0x0000, 0x0000, 0x0000, 0x0000, 0x0000, 0x0000, 0x0000, 0x0000, 0x0000, 0x0000,
  0x0000, 0x0000, 0x0000, 0x0000, 0x0000, 0x0000, 0x0000, 0x0000, 0x0000, 0x0000, 0x0000, 0x0000,
  0x0000, 0x0000, 0x0000, 0x0000, 0x0000, 0x0000, 0x0000, 0x0000, 0x0000, 0x0000, 0x0000, 0x0000,
  0x0000, 0x0000, 0x0000, 0x0000, 0x0000, 0x0861, 0xAD35, 0xBDB7, 0xBDD7, 0x738E, 0x4A49, 0x4A8A,
  0x6AA8, 0xA2E6, 0x9AE6, 0xA2E6, 0x92A6, 0x8A86, 0x8A86, 0x8AA6, 0x92A6, 0x8A86, 0xAB05, 0xDBC3,
  0xDBA3, 0xDBA3, 0xC367, 0xBB47, 0xBB47, 0xCB88, 0xD3C8, 0xD3A8, 0xD3A8, 0xD3A8, 0xCBA8, 0xCBA8,
  0xD3A8, 0xD3A8, 0xD3A8, 0xCBA8, 0xDBE9, 0xDC2A, 0xDC0A, 0xDC0A, 0xF50E, 0xF52E, 0xF50E, 0xF52F,
  0xF52F, 0xF52F, 0xF54F, 0xFD91, 0xF591, 0xF591, 0xF591, 0xF591, 0xF591, 0xF591, 0xF591, 0xF591,
  0xF590, 0xFDF3, 0xFE14, 0xFDF3, 0xFDD2, 0xF570, 0xF590, 0xFD91, 0xE4AD, 0xDC0A, 0xDC2A, 0xCBE9,
  0xB306, 0xB307, 0xB327, 0x9286, 0x8265, 0x8285, 0x8285, 0x8285, 0x8A85, 0x7A45, 0x0820, 0x0000,
  0x0000, 0x0000, 0x0000, 0x0000, 0x0000, 0x0000, 0x0000, 0x0000, 0x0000, 0x0000, 0x0000, 0x0000,
  0x0000, 0x0000, 0x0000, 0x0000, 0x0000, 0x0000, 0x0000, 0x0000, 0x0000, 0x0000, 0x0000, 0x0000,
  0x0000, 0x0000, 0x0000, 0x0000, 0x0000, 0x0000, 0x0000, 0x0000, 0x0000, 0x0000, 0x0000, 0x0000,
  0x0000, 0x0000, 0x0000, 0x0000, 0x0000, 0x0000, 0x0000, 0x0000, 0x0000, 0x0000, 0x0000, 0x0000,
  0x0000, 0x0000, 0x0000, 0x0000, 0x0000, 0x0000, 0x0000, 0x0000, 0x0861, 0xAD35, 0xBDB7, 0xC5D7,
  0x738E, 0x4A48, 0x4A6A, 0x72C9, 0xDBA8, 0xD3A8, 0xD3A8, 0x92A6, 0x8A85, 0x8A86, 0x8AA6, 0x92A6,
  0x8286, 0xBB44, 0xFC42, 0xFC22, 0xFC22, 0xE3E7, 0xD3A8, 0xD3A8, 0xD3A8, 0xD3A8, 0xD3A8, 0xD3A8,
  0xCBA8, 0xCBA8, 0xD3A8, 0xD3A8, 0xD3A8, 0xD3A8, 0xCBA8, 0xE44B, 0xF4ED, 0xF4CC, 0xF4CD, 0xFD91,
  0xFDB2, 0xFDB2, 0xFDB2, 0xFDB2, 0xFDB2, 0xFDB2, 0xF591, 0xF591, 0xF591, 0xF591, 0xF591, 0xF591,
  0xF591, 0xF591, 0xF591, 0xF570, 0xFE76, 0xFED8, 0xFEB8, 0xFE76, 0xFD91, 0xFD91, 0xFDB1, 0xF52F,
  0xF4ED, 0xF4ED, 0xECAC, 0xD388, 0xD3A8, 0xD3A8, 0x9AA6, 0x8265, 0x8265, 0x8265, 0x8265, 0x8A85,
  0x7A45, 0x0820, 0x0000, 0x0000, 0x0000, 0x0000, 0x0000, 0x0000, 0x0000, 0x0000, 0x0000, 0x0000,
  0x0000, 0x0000, 0x0000, 0x0000, 0x0000, 0x0000, 0x0000, 0x0000, 0x0000, 0x0000, 0x0000, 0x0000,
  0x0000, 0x0000, 0x0000, 0x0000, 0x0000, 0x0000, 0x0000, 0x0000, 0x0000, 0x0000, 0x0000, 0x0000,
  0x0000, 0x0000, 0x0000, 0x0000, 0x0000, 0x0000, 0x0000, 0x0000, 0x0000, 0x0000, 0x0000, 0x0000,
  0x0000, 0x0000, 0x0000, 0x0000, 0x0000, 0x0000, 0x0000, 0x0000, 0x0000, 0x0000, 0x0000, 0x0861,
  0xAD35, 0xBDB7, 0xC5D7, 0x738E, 0x4A28, 0x4A6A, 0x7AC9, 0xD3A8, 0xCB88, 0xCB88, 0x92A6, 0x8A85,
  0x8A86, 0x8AA6, 0x92A6, 0x8A86, 0xB344, 0xFC22, 0xFC02, 0xFC02, 0xDBC7, 0xCBA8, 0xD3A8, 0xD3A8,
  0xD3A8, 0xD3A8, 0xD3A8, 0xD3A8, 0xD3A8, 0xD3A8, 0xD3A8, 0xD3A8, 0xD3A8, 0xCB88, 0xE44B, 0xF4CD,
  0xECAC, 0xF4AC, 0xFD91, 0xFDB1, 0xFDB1, 0xF591, 0xF5B1, 0xF5B1, 0xF5B1, 0xF5B1, 0xF591, 0xF591,
  0xF591, 0xF591, 0xF591, 0xF591, 0xFD91, 0xFD91, 0xFD91, 0xFE76, 0xFEB7, 0xFEB7, 0xFE97, 0xFDB1,
  0xFD91, 0xFDB1, 0xF52E, 0xF4AC, 0xF4CD, 0xEC8C, 0xCB88, 0xCB88, 0xCB88, 0x9AA6, 0x8265, 0x8A65,
  0x8265, 0x8265, 0x8A85, 0x7A45, 0x0820, 0x0000, 0x0000, 0x0000, 0x0000, 0x0000, 0x0000, 0x0000,
  0x0000, 0x0000, 0x0000, 0x0000, 0x0000, 0x0000, 0x0000, 0x0000, 0x0000, 0x0000, 0x0000, 0x0000,
  0x0000, 0x0000, 0x0000, 0x0000, 0x0000, 0x0000, 0x0000, 0x0000, 0x0000, 0x0000, 0x0000, 0x0000,
  0x0000, 0x0000, 0x0000, 0x0000, 0x0000, 0x0000, 0x0000, 0x0000, 0x0000, 0x0000, 0x0000, 0x0000,
  0x0000, 0x0000, 0x0000, 0x0000, 0x0000, 0x0000, 0x0000, 0x0000, 0x0000, 0x0000, 0x0000, 0x0000,
  0x0000, 0x0000, 0x0861, 0xAD35, 0xBDB7, 0xC5D8, 0x738E, 0x4A28, 0x4A69, 0x72C9, 0xD388, 0xCB88,
  0xCB88, 0x92A6, 0x8A86, 0x8A86, 0x8AA6, 0x92A6, 0x8AA6, 0xB325, 0xFC22, 0xFC23, 0xFC23, 0xDBC7,
  0xD3A8, 0xD3C8, 0xD3C8, 0xD3A8, 0xD3C8, 0xD3C8, 0xD3A8, 0xD3A8, 0xD3C8, 0xD3C8, 0xD3C8, 0xD3C8,
  0xD3A8, 0xE46B, 0xF4ED, 0xF4CC, 0xF4CD, 0xFD91, 0xFDD2, 0xFDB2, 0xFDB2, 0xF5B1, 0xF5B1, 0xF5B1,
  0xF5B1, 0xF591, 0xF591, 0xFD91, 0xFD91, 0xF591, 0xFD91, 0xFD91, 0xFD91, 0xFD91, 0xFE76, 0xFEB8,
  0xFEB8, 0xFE97, 0xFDB1, 0xFDB1, 0xFDB2, 0xF52F, 0xF4CC, 0xF4ED, 0xEC8C, 0xCB87, 0xCB88, 0xD3A8,
  0x9AA6, 0x8265, 0x8A65, 0x8265, 0x8265, 0x8A85, 0x7A45, 0x0820, 0x0000, 0x0000, 0x0000, 0x0000,
  0x0000, 0x0000, 0x0000, 0x0000, 0x0000, 0x0000, 0x0000, 0x0000, 0x0000, 0x0000, 0x0000, 0x0000,
  0x0000, 0x0000, 0x0000, 0x0000, 0x0000, 0x0000, 0x0000, 0x0000, 0x0000, 0x0000, 0x0000, 0x0000,
  0x0000, 0x0000, 0x0000, 0x0000, 0x0000, 0x0000, 0x0000, 0x0000, 0x0000, 0x0000, 0x0000, 0x0000,
  0x0000, 0x0000, 0x0000, 0x0000, 0x0000, 0x0000, 0x0000, 0x0000, 0x0000, 0x0000, 0x0000, 0x0000,
  0x0000, 0x0000, 0x0000, 0x0000, 0x0000, 0x0861, 0xB5B6, 0xC638, 0xCE59, 0x73AE, 0x4208, 0x4A69,
  0x5A68, 0x9AC6, 0x92A6, 0x92C6, 0x8AA6, 0x8AA6, 0x8A86, 0xA2E6, 0xB327, 0xB306, 0xCBC9, 0xFD2D,
  0xF50D, 0xF50D, 0xF52E, 0xF52F, 0xF52F, 0xF52F, 0xF50E, 0xF50E, 0xF50E, 0xF50E, 0xF50E, 0xF50E,
  0xF50E, 0xF50E, 0xF50E, 0xF50E, 0xF570, 0xFDF3, 0xF5B2, 0xF5B2, 0xFE55, 0xFE76, 0xFE76, 0xFE14,
  0xF591, 0xF5B2, 0xF5B1, 0xF5B1, 0xF5B1, 0xF5B1, 0xF570, 0xF550, 0xF550, 0xF570, 0xF570, 0xF570,
  0xF54F, 0xFE76, 0xFF1A, 0xFF1A, 0xFEF9, 0xFE76, 0xFE76, 0xFE76, 0xFDD2, 0xF54F, 0xFD70, 0xECEE,
  0xCB87, 0xCB88, 0xD3A8, 0x9AC6, 0x8265, 0x8A85, 0x8265, 0x8265, 0x8A85, 0x7A45, 0x0820, 0x0000,
  0x0000, 0x0000, 0x0000, 0x0000, 0x0000, 0x0000, 0x0000, 0x0000, 0x0000, 0x0000, 0x0000, 0x0000,
  0x0000, 0x0000, 0x0000, 0x0000, 0x0000, 0x0000, 0x0000, 0x0000, 0x0000, 0x0000, 0x0000, 0x0000,
  0x0000, 0x0000, 0x0000, 0x0000, 0x0000, 0x0000, 0x0000, 0x0000, 0x0000, 0x0000, 0x0000, 0x0000,
  0x0000, 0x0000, 0x0000, 0x0000, 0x0000, 0x0000, 0x0000, 0x0000, 0x0000, 0x0000, 0x0000, 0x0000,
  0x0000, 0x0000, 0x0000, 0x0000, 0x0000, 0x0000, 0x0000, 0x0000, 0x0861, 0xB5B6, 0xC638, 0xCE59,
  0x7BCF, 0x4208, 0x4A49, 0x5A48, 0x92A6, 0x92A6, 0x92A6, 0x8AA6, 0x92A6, 0x8A86, 0xA2E6, 0xBB27,
  0xAAE6, 0xCBC9, 0xF52F, 0xF50E, 0xF50E, 0xF54F, 0xF570, 0xF570, 0xF570, 0xF550, 0xF550, 0xF550,
  0xF54F, 0xF54F, 0xF54F, 0xF54F, 0xF54F, 0xF54F, 0xFD4F, 0xFDB2, 0xFE13, 0xFDF3, 0xFDF3, 0xFE76,
  0xFE97, 0xFE97, 0xFE35, 0xF591, 0xF5B1, 0xF5B1, 0xF591, 0xF591, 0xFD91, 0xF570, 0xF54F, 0xF54F,
  0xF54F, 0xF54F, 0xF54F, 0xF52E, 0xF655, 0xF71A, 0xF6F9, 0xF6D9, 0xF676, 0xF656, 0xF676, 0xF5D3,
  0xF550, 0xFD91, 0xED0E, 0xCB87, 0xCB88, 0xD3A8, 0x9AC6, 0x8265, 0x8A85, 0x8265, 0x8265, 0x8A85,
  0x7A45, 0x0820, 0x0000, 0x0000, 0x0000, 0x0000, 0x0000, 0x0000, 0x0000, 0x0000, 0x0000, 0x0000,
  0x0000, 0x0000, 0x0000, 0x0000, 0x0000, 0x0000, 0x0000, 0x0000, 0x0000, 0x0000, 0x0000, 0x0000,
  0x0000, 0x0000, 0x0000, 0x0000, 0x0000, 0x0000, 0x0000, 0x0000, 0x0000, 0x0000, 0x0000, 0x0000,
  0x0000, 0x0000, 0x0000, 0x0000, 0x0000, 0x0000, 0x0000, 0x0000, 0x0000, 0x0000, 0x0000, 0x0000,
  0x0000, 0x0000, 0x0000, 0x0000, 0x0000, 0x0000, 0x0000, 0x0000, 0x0000, 0x0000, 0x0000, 0x0861,
  0xB5B6, 0xC638, 0xCE59, 0x73CF, 0x3A08, 0x4249, 0x5A68, 0x8A85, 0x8A86, 0x8A86, 0x8A86, 0x92A6,
  0x8A85, 0xAB06, 0xC367, 0xBB27, 0xDC2A, 0xFDB0, 0xFD6F, 0xFD8F, 0xFD90, 0xFD91, 0xFD91, 0xFD90,
  0xFD70, 0xFD70, 0xFD70, 0xF54F, 0xF54F, 0xF54F, 0xF54F, 0xF52E, 0xF52F, 0xF52E, 0xFD91, 0xFDF3,
  0xFDF3, 0xFDF3, 0xFE76, 0xFE97, 0xFE97, 0xFE35, 0xFD91, 0xFDB2, 0xFDB2, 0xFDB2, 0xFDB2, 0xFDB2,
  0xFDB1, 0xFD70, 0xFD90, 0xFD90, 0xFDB0, 0xFDB0, 0xFD6F, 0xFED7, 0xFFBD, 0xFF9C, 0xFF9C, 0xFEF8,
  0xFED7, 0xFF18, 0xFDF3, 0xF550, 0xFD91, 0xED0F, 0xCB87, 0xCB88, 0xD3A8, 0x9AC6, 0x8265, 0x8A65,
  0x8265, 0x8265, 0x8A85, 0x7A45, 0x0820, 0x0000, 0x0000, 0x0000, 0x0000, 0x0000, 0x0000, 0x0000,
  0x0000, 0x0000, 0x0000, 0x0000, 0x0000, 0x0000, 0x0000, 0x0000, 0x0000, 0x0000, 0x0000, 0x0000,
  0x0000, 0x0000, 0x0000, 0x0000, 0x0000, 0x0000, 0x0000, 0x0000, 0x0000, 0x0000, 0x0000, 0x0000,
  0x0000, 0x0000, 0x0000, 0x0000, 0x0000, 0x0000, 0x0000, 0x0000, 0x0000, 0x0000, 0x0000, 0x0000,
  0x0000, 0x0000, 0x0000, 0x0000, 0x0000, 0x0000, 0x0000, 0x0000, 0x0000, 0x0000, 0x0000, 0x0000,
  0x0000, 0x0000, 0x1082, 0xBDD7, 0xC638, 0xCE59, 0x8BCE, 0x5A26, 0x6268, 0x7287, 0xB307, 0xAB07,
  0xAB07, 0x92A6, 0x8A85, 0x92A6, 0x69E4, 0x5163, 0x5183, 0x61C4, 0x7267, 0x6A66, 0x7287, 0xCC0A,
  0xDC4B, 0xD44B, 0xDC6B, 0xE48C, 0xE48C, 0xE4AC, 0xF54F, 0xF54F, 0xF52F, 0xF591, 0xFE34, 0xFE14,
  0xFE14, 0xFE55, 0xFE76, 0xFE76, 0xFE76, 0xFE76, 0xFE76, 0xFE76, 0xFE14, 0xF570, 0xFD91, 0xF570,
  0xED0E, 0xECEE, 0xF4EE, 0xD44B, 0xBBC9, 0xC3C9, 0xB3A9, 0x7AE9, 0x72A8, 0x72A8, 0x730B, 0x6B2C,
  0x6B2C, 0x734C, 0x732B, 0x7B6C, 0x734C, 0xC48E, 0xFD90, 0xF590, 0xED0F, 0xCB87, 0xCB88, 0xD3A8,
  0x9AC6, 0x8265, 0x8A85, 0x8265, 0x8265, 0x8A85, 0x7A45, 0x0820, 0x0000, 0x0000, 0x0000, 0x0000,
  0x0000, 0x0000, 0x0000, 0x0000, 0x0000, 0x0000, 0x0000, 0x0000, 0x0000, 0x0000, 0x0000, 0x0000,
  0x0000, 0x0000, 0x0000, 0x0000, 0x0000, 0x0000, 0x0000, 0x0000, 0x0000, 0x0000, 0x0000, 0x0000,
  0x0000, 0x0000, 0x0000, 0x0000, 0x0000, 0x0000, 0x0000, 0x0000, 0x0000, 0x0000, 0x0000, 0x0000,
  0x0000, 0x0000, 0x0000, 0x0000, 0x0000, 0x0000, 0x0000, 0x0000, 0x0000, 0x0000, 0x0000, 0x0000,
  0x0000, 0x0000, 0x0000, 0x0000, 0x0000, 0x10A2, 0xBDF7, 0xC618, 0xCE59, 0x9BED, 0x8224, 0x7A65,
  0x92A6, 0xD3A8, 0xCBA8, 0xCB88, 0x92A6, 0x8A65, 0x92C6, 0x30E2, 0x0000, 0x0000, 0x0000, 0x0000,
  0x0000, 0x0000, 0x9A85, 0xBB27, 0xB306, 0xBB27, 0xCB67, 0xCB67, 0xCBA8, 0xF52F, 0xF550, 0xF52E,
  0xFDF3, 0xFF1A, 0xFED9, 0xFEF9, 0xFEF9, 0xFED8, 0xFED8, 0xFED8, 0xFE76, 0xFE55, 0xFE76, 0xFDD2,
  0xF54F, 0xFD70, 0xF52F, 0xE409, 0xE3E9, 0xEC29, 0xB327, 0x8A44, 0x9285, 0x8245, 0x10A3, 0x0882,
  0x10A3, 0x0000, 0x0000, 0x0000, 0x0000, 0x0041, 0x0861, 0x0000, 0x936A, 0xFDB1, 0xF570, 0xED0F,
  0xCB88, 0xCB88, 0xD3A8, 0x9AC6, 0x8265, 0x8A85, 0x8265, 0x8265, 0x8A85, 0x7A45, 0x0820, 0x0000,
  0x0000, 0x0000, 0x0000, 0x0000, 0x0000, 0x0000, 0x0000, 0x0000, 0x0000, 0x0000, 0x0000, 0x0000,
  0x0000, 0x0000, 0x0000, 0x0000, 0x0000, 0x0000, 0x0000, 0x0000, 0x0000, 0x0000, 0x0000, 0x0000,
  0x0000, 0x0000, 0x0000, 0x0000, 0x0000, 0x0000, 0x0000, 0x0000, 0x0000, 0x0000, 0x0000, 0x0000,
  0x0000, 0x0000, 0x0000, 0x0000, 0x0000, 0x0000, 0x0000, 0x0000, 0x0000, 0x0000, 0x0000, 0x0000,
  0x0000, 0x0000, 0x0000, 0x0000, 0x0000, 0x0000, 0x0000, 0x0000, 0x1082, 0xBDD7, 0xC638, 0xCE79,
  0x9BCD, 0x7A04, 0x7A65, 0x92A6, 0xCB88, 0xCB88, 0xC388, 0x92A6, 0x8A85, 0x9AC6, 0x30E2, 0x0000,
  0x0000, 0x0000, 0x0000, 0x0000, 0x0000, 0xAAE6, 0xCB88, 0xBB47, 0xCB88, 0xD3A8, 0xD3A8, 0xDBE9,
  0xF52F, 0xF54F, 0xF52F, 0xFDF3, 0xFEF9, 0xFED8, 0xFED8, 0xFED8, 0xFED8, 0xFED8, 0xFEB8, 0xFE76,
  0xFE76, 0xFE76, 0xFE13, 0xFD70, 0xFD70, 0xF54F, 0xE44A, 0xE42A, 0xEC4A, 0xC388, 0x9AA6, 0xA2E6,
  0x92A6, 0x2104, 0x2104, 0x2104, 0x0861, 0x0000, 0x0000, 0x0020, 0x18C3, 0x18E3, 0x0882, 0x9B8B,
  0xFDD1, 0xFD91, 0xF52F, 0xCB88, 0xCB88, 0xD3A8, 0x9AC6, 0x8265, 0x8A85, 0x8265, 0x8265, 0x8A85,
  0x7A45, 0x0820, 0x0000, 0x0000, 0x0000, 0x0000, 0x0000, 0x0000, 0x0000, 0x0000, 0x0000, 0x0000,
  0x0000, 0x0000, 0x0000, 0x0000, 0x0000, 0x0000, 0x0000, 0x0000, 0x0000, 0x0000, 0x0000, 0x0000,
  0x0000, 0x0000, 0x0000, 0x0000, 0x0000, 0x0000, 0x0000, 0x0000, 0x0000, 0x0000, 0x0000, 0x0000,
  0x0000, 0x0000, 0x0000, 0x0000, 0x0000, 0x0000, 0x0000, 0x0000, 0x0000, 0x0000, 0x0000, 0x0000,
  0x0000, 0x0000, 0x0000, 0x0000, 0x0000, 0x0000, 0x0000, 0x0000, 0x0020, 0x1082, 0x0861, 0x2104,
  0xBDF7, 0xC638, 0xCE59, 0x9BAC, 0x7A24, 0x8265, 0x92C6, 0xCB88, 0xCB88, 0xC368, 0x8265, 0x7225,
  0x8266, 0x30E2, 0x0000, 0x0020, 0x0000, 0x0000, 0x0000, 0x0020, 0x8A65, 0xA2C6, 0x9AC6, 0xAB06,
  0xBB47, 0xBB27, 0xBB47, 0xF50E, 0xF54F, 0xF52E, 0xF5D2, 0xFEF9, 0xFEB8, 0xFED8, 0xFED8, 0xFED8,
  0xFED8, 0xFED8, 0xFE55, 0xFE55, 0xFE76, 0xFDF3, 0xF52E, 0xF54F, 0xF52F, 0xDC0A, 0xDC0A, 0xE42A,
  0xA2E6, 0x7A44, 0x8265, 0x7225, 0x18E3, 0x10A2, 0x18C3, 0x0861, 0x0020, 0x0020, 0x0841, 0x18A2,
  0x20E3, 0x0882, 0x8B29, 0xED70, 0xE530, 0xE4CE, 0xCB87, 0xCB88, 0xD3A8, 0x9AC6, 0x8265, 0x8A85,
  0x8A65, 0x8265, 0x8A85, 0x7A45, 0x0820, 0x0000, 0x0000, 0x0000, 0x0000, 0x0000, 0x0000, 0x0000,
  0x0000, 0x0000, 0x0000, 0x0000, 0x0000, 0x0000, 0x0000, 0x0000, 0x0000, 0x0000, 0x0000, 0x0000,
  0x0000, 0x0000, 0x0000, 0x0000, 0x0000, 0x0000, 0x0000, 0x0000, 0x0000, 0x0000, 0x0000, 0x0000,
  0x0000, 0x0000, 0x0000, 0x0000, 0x0000, 0x0000, 0x0000, 0x0000, 0x0000, 0x0000, 0x0000, 0x0000,
  0x0000, 0x0000, 0x0000, 0x0000, 0x0000, 0x0000, 0x0000, 0x0000, 0x0000, 0x0000, 0x0000, 0x528A,
  0xAD76, 0x9CF3, 0xA534, 0xC618, 0xC618, 0xC639, 0x9B8B, 0x8244, 0x8285, 0x9AC6, 0xD388, 0xCB88,
  0xC388, 0x2923, 0x10C3, 0x18C3, 0x18C2, 0x1082, 0x1082, 0x1082, 0x0881, 0x1061, 0x1082, 0x0000,
  0x0000, 0x0000, 0x0020, 0x1081, 0x0861, 0x20C2, 0xCB88, 0xD3C9, 0xCB87, 0xDC4B, 0xFD90, 0xF54F,
  0xF54F, 0xFE35, 0xFE97, 0xFE76, 0xFE97, 0xF52F, 0xF4ED, 0xF52E, 0xE44A, 0xD388, 0xDBE9, 0xCBC9,
  0x8265, 0x7A45, 0x8A85, 0x30E2, 0x0000, 0x0000, 0x0000, 0x0000, 0x0000, 0x0000, 0x0861, 0x18C3,
  0x10A2, 0x18E3, 0x2923, 0x3123, 0x3144, 0x2924, 0x2924, 0x2104, 0x4184, 0xCB88, 0xCB88, 0xCBA8,
  0x9AA6, 0x8265, 0x8A85, 0x8A85, 0x8265, 0x8A85, 0x7A45, 0x0820, 0x0000, 0x0000, 0x0000, 0x0000,
  0x0000, 0x0000, 0x0000, 0x0000, 0x0000, 0x0000, 0x0000, 0x0000, 0x0000, 0x0000, 0x0000, 0x0000,
  0x0000, 0x0000, 0x0000, 0x0000, 0x0000, 0x0000, 0x0000, 0x0000, 0x0000, 0x0000, 0x0000, 0x0000,
  0x0000, 0x0000, 0x0000, 0x0000, 0x0000, 0x0000, 0x0000, 0x0000, 0x0000, 0x0000, 0x0000, 0x0000,
  0x0000, 0x0000, 0x0000, 0x0000, 0x0000, 0x0000, 0x0000, 0x0000, 0x0000, 0x0000, 0x0000, 0x0000,
  0x0000, 0x0000, 0x5ACB, 0xBDF7, 0xAD55, 0xB596, 0xC618, 0xC5F7, 0xC659, 0x9BAB, 0x8244, 0x8265,
  0x9AC6, 0xCB88, 0xCB88, 0xC368, 0x2903, 0x10C3, 0x18C3, 0x18A2, 0x10A2, 0x10A2, 0x1082, 0x1082,
  0x1082, 0x1081, 0x0000, 0x0000, 0x0000, 0x0020, 0x0861, 0x0041, 0x20C2, 0xC347, 0xCB67, 0xC347,
  0xDC2A, 0xF52E, 0xF50E, 0xF50D, 0xF614, 0xFE97, 0xFE76, 0xFE76, 0xF50E, 0xF4CC, 0xF4CD, 0xE44A,
  0xCB87, 0xD3A8, 0xC367, 0x7224, 0x6A04, 0x7A45, 0x28E1, 0x0000, 0x0000, 0x0000, 0x0000, 0x0000,
  0x0000, 0x0861, 0x18C3, 0x18C3, 0x18C3, 0x3123, 0x3123, 0x3944, 0x2903, 0x18C3, 0x10A2, 0x3964,
  0xD3A8, 0xCB88, 0xCBA8, 0x9AC6, 0x8A65, 0x8A85, 0x8A85, 0x8265, 0x8A85, 0x7A45, 0x0820, 0x0000,
  0x0000, 0x0000, 0x0000, 0x0000, 0x0000, 0x0000, 0x0000, 0x0000, 0x0000, 0x0000, 0x0000, 0x0000,
  0x0000, 0x0000, 0x0000, 0x0000, 0x0000, 0x0000, 0x0000, 0x0000, 0x0000, 0x0000, 0x0000, 0x0000,
  0x0000, 0x0000, 0x0000, 0x0000, 0x0000, 0x0000, 0x0000, 0x0000, 0x0000, 0x0000, 0x0000, 0x0000,
  0x0000, 0x0000, 0x0000, 0x0000, 0x0000, 0x0000, 0x0000, 0x0000, 0x0000, 0x0000, 0x0000, 0x0000,
  0x0000, 0x0000, 0x0000, 0x0000, 0x0000, 0x52AA, 0xBDD7, 0xAD35, 0xAD55, 0xC618, 0xC618, 0xCE59,
  0x9BAB, 0x8244, 0x8265, 0x9AC6, 0xDBC8, 0xDBA8, 0xCB88, 0x2103, 0x08A2, 0x18C3, 0x1082, 0x0882,
  0x1082, 0x0882, 0x0861, 0x0861, 0x0861, 0x0000, 0x0000, 0x0000, 0x0020, 0x0861, 0x0041, 0x20C2,
  0xD3A8, 0xDBE8, 0xD3A8, 0xE44A, 0xFD6F, 0xFD4F, 0xFD4F, 0xFE55, 0xFED8, 0xFED8, 0xFEB7, 0xF52E,
  0xF4ED, 0xF50D, 0xEC8B, 0xDBC8, 0xDBE9, 0xC368, 0x7A24, 0x8245, 0x8A85, 0x30C1, 0x0000, 0x0000,
  0x0000, 0x0000, 0x0000, 0x0000, 0x0861, 0x1082, 0x10A2, 0x10A2, 0x20E2, 0x2903, 0x2903, 0x18C3,
  0x10A3, 0x0882, 0x3144, 0xCB87, 0xCB67, 0xCB87, 0x9AC6, 0x8265, 0x8265, 0x8265, 0x8265, 0x8A85,
  0x7A45, 0x0000, 0x0000, 0x0000, 0x0000, 0x0000, 0x0000, 0x0000, 0x0000, 0x0000, 0x0000, 0x0000,
  0x0000, 0x0000, 0x0000, 0x0000, 0x0000, 0x0000, 0x0000, 0x0000, 0x0000, 0x0000, 0x0000, 0x0000,
  0x0000, 0x0000, 0x0000, 0x0000, 0x0000, 0x0000, 0x0000, 0x0000, 0x0000, 0x0000, 0x0000, 0x0000,
  0x0000, 0x0000, 0x0000, 0x0000, 0x0000, 0x0000, 0x0000, 0x0000, 0x0000, 0x0000, 0x0000, 0x0000,
  0x0000, 0x0000, 0x0000, 0x0000, 0x0000, 0x0000, 0x0000, 0x0000, 0x5AEB, 0xCE59, 0xBDD7, 0xBDF7,
  0xBDF7, 0xC5F7, 0xC639, 0x9B8B, 0x8244, 0x8A85, 0x8266, 0x6A67, 0x7267, 0x6A67, 0x8A86, 0x8265,
  0x8266, 0x7225, 0x69E4, 0x6A04, 0x6A04, 0x59A4, 0x59A4, 0x59C4, 0x18A2, 0x0861, 0x0861, 0x0861,
  0x0861, 0x0861, 0x1881, 0x69C4, 0x69E4, 0x61A3, 0x8A86, 0xBBC9, 0xB3A9, 0xB389, 0xD4AE, 0xED30,
  0xE52F, 0xE530, 0xDC4B, 0xDC2A, 0xE46B, 0xC3A8, 0xA2C6, 0xA2E6, 0x8A65, 0x38E2, 0x3902, 0x3902,
  0x1881, 0x0841, 0x0841, 0x1061, 0x3943, 0x3963, 0x3123, 0x6A05, 0x8A65, 0x8245, 0x92A6, 0xB3A9,
  0xBBCA, 0xBBEB, 0x9AE7, 0x8A65, 0x8A86, 0xA308, 0xED2F, 0xED50, 0xF571, 0xC3A9, 0xAAE6, 0xB347,
  0xA2E6, 0x8265, 0x8265, 0x8A85, 0x9AC6, 0x9AA5, 0xA2C6, 0x3902, 0x0000, 0x0000, 0x0000, 0x0000,
  0x0000, 0x0000, 0x0000, 0x0000, 0x0000, 0x0000, 0x0000, 0x0000, 0x0000, 0x0000, 0x0000, 0x0000,
  0x0000, 0x0000, 0x0000, 0x0000, 0x0000, 0x0000, 0x0000, 0x0000, 0x0000, 0x0000, 0x0000, 0x0000,
  0x0000, 0x0000, 0x0000, 0x0000, 0x0000, 0x0000, 0x0000, 0x0000, 0x0000, 0x0000, 0x0000, 0x0000,
  0x0000, 0x0000, 0x0000, 0x0000, 0x0000, 0x0000, 0x0000, 0x0000, 0x0000, 0x0000, 0x0000, 0x630C,
  0xDEDA, 0xCE38, 0xCE38, 0xBDD7, 0xBDB7, 0xBE18, 0x9BAB, 0x8244, 0x92A6, 0x7246, 0x29A7, 0x31A7,
  0x39C7, 0xAB07, 0xB327, 0xB307, 0x9AC6, 0x8AA5, 0x8A86, 0x8A86, 0x7A65, 0x7A45, 0x7A45, 0x2903,
  0x10A2, 0x18C3, 0x10A2, 0x0861, 0x1082, 0x0861, 0x0000, 0x0000, 0x0000, 0x28C1, 0x7204, 0x69C3,
  0x61C3, 0xAAC5, 0xD367, 0xCB46, 0xCB66, 0xC367, 0xC367, 0xCB88, 0x9AA6, 0x59A3, 0x69E4, 0x5983,
  0x0000, 0x0000, 0x0000, 0x0841, 0x10A2, 0x10A2, 0x18C3, 0x59E5, 0x59E5, 0x49C5, 0x8AA6, 0xC367,
  0xB327, 0xBB68, 0xF50D, 0xFD0D, 0xFD4E, 0xE44B, 0xCB67, 0xCB87, 0xDC0A, 0xFE14, 0xFDF3, 0xFE14,
  0xD42A, 0xC347, 0xCB88, 0xAB07, 0x8245, 0x8265, 0x8A85, 0xDBE9, 0xDBE9, 0xEC29, 0x5183, 0x0000,
  0x0000, 0x0000, 0x0000, 0x0000, 0x0000, 0x0000, 0x0000, 0x0000, 0x0000, 0x0000, 0x0000, 0x0000,
  0x0000, 0x0000, 0x0000, 0x0000, 0x0000, 0x0000, 0x0000, 0x0000, 0x0000, 0x0000, 0x0000, 0x0000,
  0x0000, 0x0000, 0x0000, 0x0000, 0x0000, 0x0000, 0x0000, 0x0000, 0x0000, 0x0000, 0x0000, 0x0000,
  0x0000, 0x0000, 0x0000, 0x0000, 0x0000, 0x0000, 0x0000, 0x0000, 0x0000, 0x0000, 0x0000, 0x0000,
  0x0000, 0x0000, 0x630C, 0xDEBA, 0xC618, 0xC638, 0xBDF8, 0xBDF7, 0xC639, 0x9BAB, 0x8A44, 0x92A6,
  0x7246, 0x31C7, 0x31C7, 0x39C7, 0xA2E6, 0xAB06, 0xB306, 0x9AA5, 0x8244, 0x8A65, 0x7A24, 0x69C3,
  0x69E3, 0x69C3, 0x20C2, 0x1082, 0x10A2, 0x0861, 0x0020, 0x0020, 0x0020, 0x0000, 0x0000, 0x0000,
  0x30E2, 0x7A45, 0x7224, 0x7204, 0xB327, 0xD3A8, 0xCB88, 0xCB88, 0xCB88, 0xC388, 0xCBA8, 0x9AC6,
  0x61C4, 0x7224, 0x59A3, 0x0000, 0x0000, 0x0000, 0x0020, 0x0841, 0x0841, 0x1081, 0x51C5, 0x51C5,
  0x49C5, 0x8A85, 0xB2E5, 0xAAC5, 0xB306, 0xF4ED, 0xFD0E, 0xFD2E, 0xDC0A, 0xBB47, 0xC347, 0xCBC9,
  0xFDF3, 0xFDD2, 0xFDF3, 0xD40A, 0xC347, 0xCB88, 0xAB06, 0x7A45, 0x8265, 0x8A85, 0xCB88, 0xCB88,
  0xDBC8, 0x4943, 0x0000, 0x0000, 0x0000, 0x0000, 0x0000, 0x0000, 0x0000, 0x0000, 0x0000, 0x0000,
  0x0000, 0x0000, 0x0000, 0x0000, 0x0000, 0x0000, 0x0000, 0x0000, 0x0000, 0x0000, 0x0000, 0x0000,
  0x0000, 0x0000, 0x0000, 0x0000, 0x0000, 0x0000, 0x0000, 0x0000, 0x0000, 0x0000, 0x0000, 0x0000,
  0x0000, 0x0000, 0x0000, 0x0000, 0x0000, 0x0000, 0x0000, 0x0000, 0x0000, 0x0000, 0x0000, 0x0000,
  0x0000, 0x0000, 0x0000, 0x0000, 0x0000, 0x630C, 0xD6BA, 0xC618, 0xC618, 0xAD76, 0xB576, 0xB5B7,
  0x936B, 0x8A44, 0x92A6, 0x7A66, 0x5207, 0x5207, 0x5A27, 0x9AE7, 0x9AE7, 0x9AE7, 0x9308, 0x9329,
  0x9B49, 0x934A, 0x93AC, 0x93AC, 0x9BCC, 0x3165, 0x10A2, 0x18C3, 0x2124, 0x39C7, 0x39C7, 0x31A6,
  0x0841, 0x0820, 0x0820, 0x3902, 0x8245, 0x7A44, 0x7204, 0xB347, 0xDBE9, 0xD3C9, 0xD3C9, 0xD3A8,
  0xCB88, 0xD3A8, 0xA2E6, 0x7204, 0x7A44, 0x59A3, 0x0820, 0x0840, 0x0820, 0x2104, 0x4208, 0x39C7,
  0x41E7, 0x49E6, 0x49C5, 0x41A5, 0x9309, 0xC44C, 0xBC0C, 0xC42C, 0xCC2B, 0xCC2B, 0xCC4C, 0xCBEA,
  0xCBA8, 0xCB88, 0xD40A, 0xFE14, 0xFE14, 0xFE55, 0xD42B, 0xC346, 0xCB88, 0xAB07, 0x7A45, 0x8265,
  0x8A85, 0xD40A, 0xDC0A, 0xE44B, 0x5184, 0x0000, 0x0000, 0x0000, 0x0000, 0x0000, 0x0000, 0x0000,
  0x0000, 0x0000, 0x0000, 0x0000, 0x0000, 0x0000, 0x0000, 0x0000, 0x0000, 0x0000, 0x0000, 0x0000,
  0x0000, 0x0000, 0x0000, 0x0000, 0x0000, 0x0000, 0x0000, 0x0000, 0x0000, 0x0000, 0x0000, 0x0000,
  0x0000, 0x0000, 0x0000, 0x0000, 0x0000, 0x0000, 0x0000, 0x0000, 0x0000, 0x0000, 0x0000, 0x0000,
  0x0000, 0x0000, 0x0000, 0x0000, 0x0000, 0x0000, 0x0000, 0x0000, 0x5AEB, 0xCE59, 0xBDD7, 0xB596,
  0x630C, 0x5AEB, 0x5AEC, 0x7AA8, 0x9285, 0x8A85, 0x9AC6, 0xCB68, 0xC367, 0xBB47, 0x5269, 0x4A49,
  0x4208, 0x8C31, 0xC639, 0xBDB7, 0xCE5A, 0xFFFF, 0xFFFF, 0xFFFF, 0x528A, 0x18E3, 0x18C3, 0x736D,
  0xF79E, 0xEF5D, 0xE73C, 0x6A25, 0x5162, 0x5983, 0x7A24, 0x9AA6, 0x9285, 0x8A65, 0xDC8C, 0xFD70,
  0xF54F, 0xF54F, 0xE46B, 0xE42A, 0xEC6B, 0xCBA9, 0x9AA5, 0xA2C6, 0x92A5, 0x5982, 0x5983, 0x5121,
  0x942F, 0xCE7A, 0xC618, 0xB576, 0x39E7, 0x39C7, 0x2965, 0x9D14, 0xFFFF, 0xF7DF, 0xE73C, 0x2945,
  0x18C3, 0x08C3, 0x9308, 0xFCCC, 0xE44B, 0xECEE, 0xFEF9, 0xFED8, 0xFF19, 0xD44C, 0xC326, 0xCB88,
  0xAB06, 0x7A45, 0x8265, 0x8AA6, 0xF591, 0xFDD2, 0xFE13, 0x5A27, 0x0000, 0x0000, 0x0000, 0x0000,
  0x0000, 0x0000, 0x0000, 0x0000, 0x0000, 0x0000, 0x0000, 0x0000, 0x0000, 0x0000, 0x0000, 0x0000,
  0x0000, 0x0000, 0x0000, 0x0000, 0x0000, 0x0000, 0x0000, 0x0000, 0x0000, 0x0000, 0x0000, 0x0000,
  0x0000, 0x0000, 0x0000, 0x0000, 0x0000, 0x0000, 0x0000, 0x0000, 0x0000, 0x0000, 0x0000, 0x0000,
  0x0000, 0x0000, 0x0000, 0x0000, 0x0000, 0x0000, 0x0000, 0x0000, 0x0000, 0x0000, 0x0000, 0x5AEB,
  0xCE59, 0xBDD7, 0xB596, 0x5AEB, 0x5ACB, 0x5AEB, 0x7AA8, 0x9285, 0x8A85, 0x9AC6, 0xC367, 0xC367,
  0xBB68, 0x5249, 0x4A69, 0x4208, 0x8C31, 0xC619, 0xB597, 0xCE39, 0xFFDF, 0xF7BE, 0xFFDF, 0x5269,
  0x2104, 0x18C3, 0x736D, 0xF79E, 0xE71B, 0xE71C, 0x7266, 0x5982, 0x5983, 0x7204, 0x9AA6, 0x9AA6,
  0x9285, 0xDC8C, 0xFD90, 0xF54F, 0xF54F, 0xEC6B, 0xE44A, 0xEC6B, 0xC388, 0x9AA6, 0xA2E6, 0x9AA6,
  0x5983, 0x61A3, 0x5961, 0x9C2F, 0xC639, 0xBDD7, 0xB576, 0x39E7, 0x39E7, 0x2965, 0xA4F3, 0xFFFF,
  0xF79E, 0xE71C, 0x2945, 0x2104, 0x10C3, 0x9308, 0xFCCC, 0xE46B, 0xED0E, 0xFEF9, 0xFED8, 0xFF19,
  0xD44C, 0xC326, 0xCB88, 0xAB07, 0x7A45, 0x8265, 0x8AA6, 0xF591, 0xF591, 0xFE13, 0x5A47, 0x0000,
  0x0000, 0x0000, 0x0000, 0x0000, 0x0000, 0x0000, 0x0000, 0x0000, 0x0000, 0x0000, 0x0000, 0x0000,
  0x0000, 0x0000, 0x0000, 0x0000, 0x0000, 0x0000, 0x0000, 0x0000, 0x0000, 0x0000, 0x0000, 0x0000,
  0x0000, 0x0000, 0x0000, 0x0000, 0x0000, 0x0000, 0x0000, 0x0000, 0x0000, 0x0000, 0x0000, 0x0000,
  0x0000, 0x0000, 0x0000, 0x0000, 0x0000, 0x0000, 0x0000, 0x0000, 0x0000, 0x0000, 0x0000, 0x0000,
  0x0000, 0x0000, 0x5AEB, 0xCE59, 0xBDD7, 0xB596, 0x630C, 0x5AEB, 0x630C, 0x7AA8, 0x8A85, 0x8A85,
  0x9AC6, 0xC367, 0xC367, 0xBB68, 0x4A49, 0x4249, 0x39E8, 0x8451, 0xC639, 0xB5B8, 0xCE7A, 0xFFFF,
  0xFFFF, 0xFFFF, 0x4A69, 0x10C3, 0x0882, 0x6B6E, 0xF7DF, 0xE75D, 0xE75D, 0x7266, 0x5162, 0x5983,
  0x7204, 0x9AA6, 0x92A5, 0x8A65, 0xDC8C, 0xFD70, 0xF54F, 0xF54F, 0xEC6B, 0xE42A, 0xEC4A, 0xC388,
  0x9AC6, 0xA2E6, 0x9285, 0x5982, 0x5983, 0x5121, 0x942F, 0xC65A, 0xBE19, 0xB5B7, 0x31C7, 0x31A7,
  0x2125, 0x9CF4, 0xFFFF, 0xF7DF, 0xE73C, 0x2104, 0x1082, 0x0062, 0x8AA7, 0xFCCC, 0xE46B, 0xED0E,
  0xFF19, 0xFEF9, 0xFF3A, 0xD44C, 0xC326, 0xCB88, 0xAB07, 0x7A45, 0x8265, 0x8AA6, 0xF5B2, 0xFDD2,
  0xFE54, 0x5A47, 0x0000, 0x0000, 0x0000, 0x0000, 0x0000, 0x0000, 0x0000, 0x0000, 0x0000, 0x0000,
  0x0000, 0x0000, 0x0000, 0x0000, 0x0000, 0x0000, 0x0000, 0x0000, 0x0000, 0x0000, 0x0000, 0x0000,
  0x0000, 0x0000, 0x0000, 0x0000, 0x0000, 0x0000, 0x0000, 0x0000, 0x0000, 0x0000, 0x0000, 0x0000,
  0x0000, 0x0000, 0x0000, 0x0000, 0x0000, 0x0000, 0x0000, 0x0000, 0x0000, 0x0000, 0x0000, 0x0000,
  0x0000, 0x0000, 0x0000, 0x0000, 0x0000, 0x5AEB, 0xCE59, 0xBDD7, 0xB596, 0x39E7, 0x39A6, 0x39E7,
  0x6A46, 0x9285, 0x8A85, 0xA2C6, 0xD388, 0xCB88, 0xCB88, 0xAB48, 0xA328, 0xA308, 0xCC6D, 0xE551,
  0xE551, 0xED92, 0xFE35, 0xFE35, 0xFE55, 0xC46D, 0xB3EB, 0xB3CB, 0xCC8D, 0xED51, 0xE551, 0xE551,
  0x9AC6, 0x8A45, 0x8A65, 0xA2C6, 0xB327, 0xB307, 0xAAE6, 0xE4EF, 0xFE34, 0xF5D3, 0xFE14, 0xF550,
  0xECED, 0xF50E, 0xDC6B, 0xC367, 0xC367, 0xBB27, 0x8A65, 0x8A65, 0x8A44, 0xBBEB, 0xDCEF, 0xDCEF,
  0xD4AE, 0xBC0B, 0xBC0C, 0xBBEB, 0xDD51, 0xFE55, 0xFE34, 0xF5F4, 0xAC6F, 0xA42E, 0xA42E, 0xD4CE,
  0xFD2E, 0xF50E, 0xF54F, 0xFE13, 0xFE14, 0xFE34, 0xD40A, 0xC347, 0xCBA8, 0xAB06, 0x7A24, 0x7A45,
  0x8A85, 0xE48C, 0xE4AC, 0xF4ED, 0x51C4, 0x0000, 0x0000, 0x0000, 0x0000, 0x0000, 0x0000, 0x0000,
  0x0000, 0x0000, 0x0000, 0x0000, 0x0000, 0x0000, 0x0000, 0x0000, 0x0000, 0x0000, 0x0000, 0x0000,
  0x0000, 0x0000, 0x0000, 0x0000, 0x0000, 0x0000, 0x0000, 0x0000, 0x0000, 0x0000, 0x0000, 0x0000,
  0x0000, 0x0000, 0x0000, 0x0000, 0x0000, 0x0000, 0x0000, 0x0000, 0x0000, 0x0000, 0x0000, 0x0000,
  0x0000, 0x0000, 0x0000, 0x0000, 0x0000, 0x0000, 0x0000, 0x0000, 0x5AEB, 0xCE59, 0xBDD7, 0xAD75,
  0x2125, 0x18E3, 0x18E3, 0x6A05, 0x92A6, 0x8265, 0xA2E6, 0xD3A8, 0xD3A8, 0xD3A8, 0xD3C8, 0xD3A8,
  0xD388, 0xE46B, 0xFD0D, 0xF4ED, 0xF52E, 0xFD70, 0xFD70, 0xFD90, 0xFD6F, 0xFD4E, 0xFD6F, 0xF4CD,
  0xE409, 0xEC4A, 0xE409, 0xB307, 0xAB06, 0xAB06, 0xB327, 0xC367, 0xC367, 0xC347, 0xE530, 0xFE96,
  0xFE55, 0xFE76, 0xFDB2, 0xF570, 0xFDB1, 0xECCD, 0xD3A8, 0xDBC8, 0xD3C8, 0xB326, 0xAB06, 0xA2E6,
  0xCB88, 0xEC4A, 0xE42A, 0xEC4A, 0xFD2E, 0xFD2E, 0xFD2E, 0xFD4F, 0xFD70, 0xFD70, 0xFD70, 0xFE75,
  0xFE96, 0xFE96, 0xFDF3, 0xF570, 0xFD90, 0xF570, 0xF54F, 0xF54F, 0xFD70, 0xD3E9, 0xC367, 0xCB88,
  0xAB06, 0x7A24, 0x7A45, 0x8265, 0xD388, 0xD3A8, 0xE3E8, 0x5163, 0x0000, 0x0000, 0x0000, 0x0000,
  0x0000, 0x0000, 0x0000, 0x0000, 0x0000, 0x0000, 0x0000, 0x0000, 0x0000, 0x0000, 0x0000, 0x0000,
  0x0000, 0x0000, 0x0000, 0x0000, 0x0000, 0x0000, 0x0000, 0x0000, 0x0000, 0x0000, 0x0000, 0x0000,
  0x0000, 0x0000, 0x0000, 0x0000, 0x0000, 0x0000, 0x0000, 0x0000, 0x0000, 0x0000, 0x0000, 0x0000,
  0x0000, 0x0000, 0x0000, 0x0000, 0x0000, 0x0000, 0x0000, 0x0000, 0x0000, 0x0000, 0x0000, 0x5AEB,
  0xCE59, 0xBDD7, 0xAD75, 0x2965, 0x2104, 0x1904, 0x6A25, 0x92A6, 0x8265, 0xA2E6, 0xD3A8, 0xCBA8,
  0xD3A8, 0xCB88, 0xCB88, 0xC367, 0xE44B, 0xF52E, 0xF4ED, 0xF50E, 0xFD91, 0xFD91, 0xFD91, 0xF52E,
  0xF4ED, 0xF50E, 0xECAC, 0xE42A, 0xE44B, 0xE42A, 0xAB06, 0xA2C6, 0x9AC6, 0xAB06, 0xC367, 0xC367,
  0xC347, 0xE50F, 0xFE76, 0xFE55, 0xFE55, 0xFD91, 0xF570, 0xFD91, 0xECAC, 0xD387, 0xDBC8, 0xD3A8,
  0xA2C6, 0xA2A5, 0x9AA5, 0xC388, 0xEC6A, 0xE42A, 0xE44B, 0xF4ED, 0xF4ED, 0xF4ED, 0xF54F, 0xFD90,
  0xFD70, 0xFDB1, 0xF614, 0xF614, 0xF614, 0xF591, 0xFD70, 0xF570, 0xF570, 0xF570, 0xF570, 0xFD90,
  0xD3E9, 0xC346, 0xCB87, 0xAB06, 0x7224, 0x7A24, 0x8245, 0xD3C8, 0xD3C9, 0xE409, 0x5163, 0x0000,
  0x0000, 0x0000, 0x0000, 0x0000, 0x0000, 0x0000, 0x0000, 0x0000, 0x0000, 0x0000, 0x0000, 0x0000,
  0x0000, 0x0000, 0x0000, 0x0000, 0x0000, 0x0000, 0x0000, 0x0000, 0x0000, 0x0000, 0x0000, 0x0000,
  0x0000, 0x0000, 0x0000, 0x0000, 0x0000, 0x0000, 0x0000, 0x0000, 0x0000, 0x0000, 0x0000, 0x0000,
  0x0000, 0x0000, 0x0000, 0x0000, 0x0000, 0x0000, 0x0000, 0x0000, 0x0000, 0x0000, 0x0000, 0x0000,
  0x0000, 0x0000, 0x5AEB, 0xCE59, 0xBDD7, 0xAD75, 0x2945, 0x2104, 0x1904, 0x6A05, 0x92A6, 0x8265,
  0xA2E6, 0xD3C8, 0xD3A8, 0xD3A8, 0xDBE9, 0xDC0A, 0xD40A, 0xECED, 0xF570, 0xF550, 0xF591, 0xFDF3,
  0xFDF3, 0xFDF3, 0xF591, 0xF570, 0xF590, 0xF52F, 0xECCD, 0xEC8C, 0xECAD, 0xC3A9, 0xB368, 0xB368,
  0xBB68, 0xC367, 0xC367, 0xC326, 0xE530, 0xFED8, 0xFE76, 0xFE76, 0xFDB1, 0xFD70, 0xFD91, 0xECCD,
  0xDC09, 0xE42A, 0xDBE9, 0xBB89, 0xBBAA, 0xBBA9, 0xD44B, 0xECCD, 0xECAC, 0xECEE, 0xF570, 0xF570,
  0xF570, 0xFDB1, 0xFDF3, 0xFDD2, 0xFDF3, 0xFE56, 0xFE55, 0xFE76, 0xFE14, 0xFDD2, 0xFDB2, 0xF5B1,
  0xF570, 0xF570, 0xFD70, 0xDC2A, 0xCBA8, 0xDC0A, 0xBB88, 0x8A85, 0x8A86, 0x9AE6, 0xD3C8, 0xD3C8,
  0xE409, 0x5163, 0x0000, 0x0000, 0x0000, 0x0000, 0x0000, 0x0000, 0x0000, 0x0000, 0x0000, 0x0000,
  0x0000, 0x0000, 0x0000, 0x0000, 0x0000, 0x0000, 0x0000, 0x0000, 0x0000, 0x0000, 0x0000, 0x0000,
  0x0000, 0x0000, 0x0000, 0x0000, 0x0000, 0x0000, 0x0000, 0x0000, 0x0000, 0x0000, 0x0000, 0x0000,
  0x0000, 0x0000, 0x0000, 0x0000, 0x0000, 0x0000, 0x0000, 0x0000, 0x0000, 0x0000, 0x0000, 0x0000,
  0x0000, 0x0000, 0x0000, 0x0000, 0x0000, 0x5AEB, 0xC638, 0xBDD7, 0xAD75, 0x2945, 0x2104, 0x1904,
  0x6A05, 0x92A6, 0x8265, 0xA2E6, 0xDBC8, 0xD3A8, 0xD3A8, 0xF54F, 0xFD90, 0xF54F, 0xFE55, 0xFF1A,
  0xFEF9, 0xFF1A, 0xFF1A, 0xFF1A, 0xFF1A, 0xFF1A, 0xFF19, 0xFF1A, 0xFED8, 0xFE55, 0xFE35, 0xFE76,
  0xF591, 0xF52F, 0xFD90, 0xE48C, 0xC347, 0xC388, 0xC326, 0xE572, 0xFF5B, 0xFEF9, 0xFF1A, 0xFDD2,
  0xFD70, 0xFD91, 0xF54F, 0xF4ED, 0xF4ED, 0xF4ED, 0xFDF3, 0xFE34, 0xFE14, 0xFE55, 0xFE76, 0xFE76,
  0xFE97, 0xFF19, 0xFF1A, 0xFF1A, 0xFF1A, 0xFF1A, 0xFF1A, 0xFF1A, 0xFF1A, 0xFF1A, 0xFF1A, 0xFEF9,
  0xFED8, 0xFEF9, 0xFE97, 0xF550, 0xF570, 0xF570, 0xF570, 0xF570, 0xFD70, 0xF50E, 0xECCC, 0xF4ED,
  0xF4CD, 0xD3A8, 0xD3A8, 0xE409, 0x5163, 0x0000, 0x0000, 0x0000, 0x0000, 0x0000, 0x0000, 0x0000,
  0x0000, 0x0000, 0x0000, 0x0000, 0x0000, 0x0000, 0x0000, 0x0000, 0x0000, 0x0000, 0x0000, 0x0000,
  0x0000, 0x0000, 0x0000, 0x0000, 0x0000, 0x0000, 0x0000, 0x0000, 0x0000, 0x0000, 0x0000, 0x0000,
  0x0000, 0x0000, 0x0000, 0x0000, 0x0000, 0x0000, 0x0000, 0x0000, 0x0000, 0x0000, 0x0000, 0x0000,
  0x0000, 0x0000, 0x0000, 0x0000, 0x0000, 0x0000, 0x0000, 0x0000, 0x5ACB, 0xC638, 0xBDB7, 0xAD75,
  0x2965, 0x2104, 0x2104, 0x6A25, 0x92A6, 0x8265, 0xA2E6, 0xDBC8, 0xD3A8, 0xD3C8, 0xF52F, 0xFD70,
  0xF52F, 0xFE35, 0xFF1A, 0xFEF9, 0xFEF9, 0xFF1A, 0xFF1A, 0xFF1A, 0xFF19, 0xFEF9, 0xFF1A, 0xFEB7,
  0xFE34, 0xFE55, 0xFE35, 0xF570, 0xF54F, 0xFD90, 0xE48C, 0xC326, 0xC367, 0xC326, 0xE572, 0xFF5B,
  0xFEF9, 0xFF1A, 0xFDD3, 0xF570, 0xFDB1, 0xF570, 0xF4ED, 0xF4ED, 0xF50E, 0xFDF3, 0xFE13, 0xFDF3,
  0xFE35, 0xFE76, 0xFE76, 0xFE76, 0xFF19, 0xFF1A, 0xFF1A, 0xFF1A, 0xFF1A, 0xFF1A, 0xFF1A, 0xFF1A,
  0xFF1A, 0xFF1A, 0xFEF9, 0xFED9, 0xFEF9, 0xFE97, 0xF570, 0xF570, 0xF570, 0xF570, 0xF54F, 0xF54F,
  0xF50E, 0xF4ED, 0xF4ED, 0xF4CD, 0xDBE9, 0xD3A8, 0xE3E9, 0x5163, 0x0000, 0x0000, 0x0000, 0x0000,
  0x0000, 0x0000, 0x0000, 0x0000, 0x0000, 0x0000, 0x0000, 0x0000, 0x0000, 0x0000, 0x0000, 0x0000,
  0x0000, 0x0000, 0x0000, 0x0000, 0x0000, 0x0000, 0x0000, 0x0000, 0x0000, 0x0000, 0x0000, 0x0000,
  0x0000, 0x0000, 0x0000, 0x0000, 0x0000, 0x0000, 0x0000, 0x0000, 0x0000, 0x0000, 0x0000, 0x0000,
  0x0000, 0x0000, 0x0000, 0x0000, 0x0000, 0x0000, 0x0000, 0x0000, 0x0000, 0x0000, 0x0000, 0x5ACB,
  0xC638, 0xBDD7, 0xAD75, 0x2145, 0x1904, 0x1904, 0x6A25, 0x92A5, 0x8265, 0xA2E6, 0xDBC8, 0xD3A8,
  0xD3A8, 0xF52F, 0xF570, 0xF54F, 0xFE35, 0xFF1A, 0xFEF9, 0xFF1A, 0xFF1A, 0xFF1A, 0xFF1A, 0xFF1A,
  0xFF1A, 0xFF1A, 0xFED8, 0xFE55, 0xFE76, 0xFE55, 0xFDB1, 0xFD70, 0xFDB1, 0xE48C, 0xBB26, 0xC368,
  0xC326, 0xE572, 0xFF5B, 0xFEF9, 0xFF1A, 0xFDD3, 0xF570, 0xFDB1, 0xF54F, 0xF4ED, 0xF4ED, 0xF50E,
  0xFE14, 0xFE14, 0xFE14, 0xFE76, 0xFE76, 0xFE76, 0xFE97, 0xFF1A, 0xFF1A, 0xFF1A, 0xFF1A, 0xFF1A,
  0xFF1A, 0xFF1A, 0xFF1A, 0xFF1A, 0xFF1A, 0xFEF9, 0xFEF9, 0xFF19, 0xFEB7, 0xF570, 0xF570, 0xF570,
  0xF570, 0xFD70, 0xFD70, 0xF52F, 0xF4ED, 0xF50D, 0xF4ED, 0xDBC8, 0xD388, 0xE3E8, 0x5163, 0x0000,
  0x0000, 0x0000, 0x0000, 0x0000, 0x0000, 0x0000, 0x0000, 0x0000, 0x0000, 0x0000, 0x0000, 0x0000,
  0x0000, 0x0000, 0x0000, 0x0000, 0x0000, 0x0000, 0x0000, 0x0000, 0x0000, 0x0000, 0x0000, 0x0000,
  0x0000, 0x0000, 0x0000, 0x0000, 0x0000, 0x0000, 0x0000, 0x0000, 0x0000, 0x0000, 0x0000, 0x0000,
  0x0000, 0x0000, 0x0000, 0x0000, 0x0000, 0x0000, 0x0000, 0x0000, 0x0000, 0x0000, 0x0000, 0x0000,
  0x0000, 0x0000, 0x5ACB, 0xC618, 0xB5B6, 0xB596, 0x7287, 0x6A25, 0x6A25, 0x8265, 0x8A85, 0x8265,
  0xA2E6, 0xDBC8, 0xD3A8, 0xD3A8, 0xF52F, 0xF570, 0xF54F, 0xFE35, 0xFF3A, 0xFEF9, 0xFF19, 0xFF1A,
  0xFF1A, 0xFF1A, 0xFE97, 0xFE76, 0xFE97, 0xFE14, 0xF52F, 0xF570, 0xF550, 0xE44B, 0xDC0A, 0xDC2A,
  0xCBC9, 0xC347, 0xC367, 0xBB06, 0xE571, 0xFF5B, 0xFEF9, 0xFF1A, 0xFDD3, 0xF570, 0xFDB1, 0xF52F,
  0xF4CC, 0xF4CD, 0xF4CD, 0xF50E, 0xF52F, 0xF54F, 0xF5B2, 0xFE14, 0xFDF3, 0xFE14, 0xFE97, 0xFE97,
  0xFE97, 0xFED9, 0xFF1A, 0xFF1A, 0xFF1A, 0xFF1A, 0xFF1A, 0xFF1A, 0xFEB7, 0xFE35, 0xFE76, 0xFE14,
  0xF550, 0xF570, 0xF570, 0xECAC, 0xEC6B, 0xECAC, 0xE46B, 0xD3C9, 0xD3C9, 0xD409, 0xECEE, 0xECEE,
  0xFD4F, 0x59E5, 0x0000, 0x0000, 0x0000, 0x0000, 0x0000, 0x0000, 0x0000, 0x0000, 0x0000, 0x0000,
  0x0000, 0x0000, 0x0000, 0x0000, 0x0000, 0x0000, 0x0000, 0x0000, 0x0000, 0x0000, 0x0000, 0x0000,
  0x0000, 0x0000, 0x0000, 0x0000, 0x0000, 0x0000, 0x0000, 0x0000, 0x0000, 0x0000, 0x0000, 0x0000,
  0x0000, 0x0000, 0x0000, 0x0000, 0x0000, 0x0000, 0x0000, 0x0000, 0x0000, 0x0000, 0x0000, 0x0000,
  0x0000, 0x0000, 0x0000, 0x0000, 0x0000, 0x5ACB, 0xC618, 0xB596, 0xB5B6, 0x9308, 0x9285, 0x92A6,
  0x8A86, 0x8A85, 0x8265, 0xA2E6, 0xD3C8, 0xD3A8, 0xD3C8, 0xF52F, 0xFD70, 0xF52F, 0xFE35, 0xFF1A,
  0xFEF9, 0xFEF9, 0xFEF9, 0xFF19, 0xFF1A, 0xFE55, 0xFE14, 0xFE35, 0xF591, 0xF4CC, 0xF4CD, 0xF4CC,
  0xD3A8, 0xCB67, 0xCB87, 0xCB67, 0xC367, 0xC367, 0xBB06, 0xE551, 0xFF5B, 0xFEF9, 0xFF1A, 0xFDD3,
  0xF570, 0xFDB1, 0xF52F, 0xECAC, 0xECAC, 0xECAC, 0xF4CC, 0xF4CD, 0xF4CC, 0xF54F, 0xFDD2, 0xFDB1,
  0xFDD2, 0xFE55, 0xFE55, 0xFE55, 0xFED8, 0xFF1A, 0xFF1A, 0xFF1A, 0xFF1A, 0xFF1A, 0xFF1A, 0xFE76,
  0xFDF3, 0xFDF3, 0xFDD3, 0xF550, 0xF570, 0xF570, 0xE46B, 0xE409, 0xE44A, 0xDBE9, 0xC347, 0xC347,
  0xCB88, 0xF570, 0xF570, 0xFDD1, 0x5A26, 0x0000, 0x0000, 0x0000, 0x0000, 0x0000, 0x0000, 0x0000,
  0x0000, 0x0000, 0x0000, 0x0000, 0x0000, 0x0000, 0x0000, 0x0000, 0x0000, 0x0000, 0x0000, 0x0000,
  0x0000, 0x0000, 0x0000, 0x0000, 0x0000, 0x0000, 0x0000, 0x0000, 0x0000, 0x0000, 0x0000, 0x0000,
  0x0000, 0x0000, 0x0000, 0x0000, 0x0000, 0x0000, 0x0000, 0x0000, 0x0000, 0x0000, 0x0000, 0x0000,
  0x0000, 0x0000, 0x0000, 0x0000, 0x0000, 0x0000, 0x0000, 0x0000, 0x5ACB, 0xC618, 0xB596, 0xB596,
  0x8B08, 0x8265, 0x8286, 0x8A85, 0x8A85, 0x8265, 0xA2E6, 0xD3C8, 0xD3A8, 0xD3C8, 0xF54F, 0xFD91,
  0xFD70, 0xFE55, 0xFF3A, 0xFEF9, 0xFF1A, 0xFF1A, 0xFF1A, 0xFF1A, 0xFE76, 0xFE55, 0xFE55, 0xFDF3,
  0xF4ED, 0xF50D, 0xF50E, 0xDBE9, 0xCB88, 0xD3A8, 0xCB87, 0xBB47, 0xBB47, 0xBB05, 0xE551, 0xFF5B,
  0xFEF9, 0xFF1A, 0xFDD3, 0xFD70, 0xFDB1, 0xF52F, 0xECAC, 0xECAC, 0xF4CC, 0xF4ED, 0xF50D, 0xF4ED,
  0xFD90, 0xFE13, 0xFDD2, 0xFDF3, 0xFE76, 0xFE97, 0xFE76, 0xFED8, 0xFF3A, 0xFF1A, 0xFF1A, 0xFF1A,
  0xFF1A, 0xFF3A, 0xFE97, 0xFE14, 0xFE35, 0xFDF3, 0xFD70, 0xFD90, 0xFD90, 0xEC8C, 0xE44A, 0xEC4A,
  0xDBC9, 0xC367, 0xCB87, 0xCBA8, 0xF570, 0xF570, 0xFDD1, 0x5A26, 0x0000, 0x0000, 0x0000, 0x0000,
  0x0000, 0x0000, 0x0000, 0x0000, 0x0000, 0x0000, 0x0000, 0x0000, 0x0000, 0x0000, 0x0000, 0x0000,
  0x0000, 0x0000, 0x0000, 0x0000, 0x0000, 0x0000, 0x0000, 0x0000, 0x0000, 0x0000, 0x0000, 0x0000,
  0x0000, 0x0000, 0x0000, 0x0000, 0x0000, 0x0000, 0x0000, 0x0000, 0x0000, 0x0000, 0x0000, 0x0000,
  0x0000, 0x0000, 0x0000, 0x0000, 0x0000, 0x0000, 0x0000, 0x0000, 0x0000, 0x0000, 0x0000, 0x5ACB,
  0xC618, 0xB596, 0xB596, 0xAB48, 0xA2C6, 0xAB07, 0x92A6, 0x8A85, 0x8265, 0xA2E6, 0xD3C8, 0xD3A8,
  0xD3C8, 0xECCD, 0xECEE, 0xECAC, 0xF5F3, 0xFEF9, 0xFED8, 0xFED8, 0xFEB7, 0xFE97, 0xFE97, 0xF5F3,
  0xF591, 0xF5D2, 0xED50, 0xDC2A, 0xDC4B, 0xDC6B, 0xD3C8, 0xD3A8, 0xD3A8, 0xD3A8, 0xCBA8, 0xCBA8,
  0xCB67, 0xEDB3, 0xFF5B, 0xFEF9, 0xFF1A, 0xFDD3, 0xF570, 0xFD91, 0xF52F, 0xEC8B, 0xEC8C, 0xEC8B,
  0xE46B, 0xE46B, 0xE48B, 0xED0E, 0xF550, 0xF550, 0xF570, 0xFDF3, 0xFE14, 0xFE13, 0xFE76, 0xFED9,
  0xFED8, 0xFED9, 0xFF1A, 0xFEF9, 0xFF3A, 0xFE55, 0xF591, 0xFDB2, 0xF591, 0xF50E, 0xF50E, 0xF50E,
  0xDC4B, 0xD3C9, 0xD3C8, 0xC388, 0xAB07, 0xB306, 0xB327, 0xECCD, 0xECED, 0xFD4F, 0x59E5, 0x0000,
  0x0000, 0x0000, 0x0000, 0x0000, 0x0000, 0x0000, 0x0000, 0x0000, 0x0000, 0x0000, 0x0000, 0x0000,
  0x0000, 0x0000, 0x0000, 0x0000, 0x0000, 0x0000, 0x0000, 0x0000, 0x0000, 0x0000, 0x0000, 0x0000,
  0x0000, 0x0000, 0x0000, 0x0000, 0x0000, 0x0000, 0x0000, 0x0000, 0x0000, 0x0000, 0x0000, 0x0000,
  0x0000, 0x0000, 0x0000, 0x0000, 0x0000, 0x0000, 0x0000, 0x0000, 0x0000, 0x0000, 0x0000, 0x0000,
  0x0000, 0x0000, 0x5AEB, 0xC618, 0xB596, 0xB595, 0xCBA8, 0xCB87, 0xD3A8, 0x9AC6, 0x8265, 0x8265,
  0xA2E6, 0xD3A8, 0xD3A8, 0xD3A8, 0xD388, 0xD3A8, 0xCB67, 0xE52F, 0xFED8, 0xFE97, 0xFE76, 0xFDD2,
  0xFDD2, 0xFE13, 0xECCD, 0xE42A, 0xEC6B, 0xD3C9, 0xA2C6, 0xB306, 0xB306, 0xD3A8, 0xDBC9, 0xD3C8,
  0xDC09, 0xE44B, 0xE44B, 0xE42A, 0xF614, 0xFF3B, 0xFF1A, 0xFF1A, 0xF5D2, 0xF54F, 0xF591, 0xF52E,
  0xE44A, 0xE46B, 0xE44A, 0xCB67, 0xC367, 0xC367, 0xD3A8, 0xDBE9, 0xDC09, 0xE409, 0xF50E, 0xF52E,
  0xF50E, 0xFDD2, 0xFE55, 0xFE34, 0xFE56, 0xFEF9, 0xFEF9, 0xFF1A, 0xF5B2, 0xF4ED, 0xF50E, 0xF4CD,
  0xE42A, 0xE42A, 0xE44A, 0xBB47, 0xB306, 0xBB47, 0xA2E6, 0x7A45, 0x8265, 0x8A85, 0xDBE9, 0xE409,
  0xF44A, 0x5183, 0x0000, 0x0000, 0x0000, 0x0000, 0x0000, 0x0000, 0x0000, 0x0000, 0x0000, 0x0000,
  0x0000, 0x0000, 0x0000, 0x0000, 0x0000, 0x0000, 0x0000, 0x0000, 0x0000, 0x0000, 0x0000, 0x0000,
  0x0000, 0x0000, 0x0000, 0x0000, 0x0000, 0x0000, 0x0000, 0x0000, 0x0000, 0x0000, 0x0000, 0x0000,
  0x0000, 0x0000, 0x0000, 0x0000, 0x0000, 0x0000, 0x0000, 0x0000, 0x0000, 0x0000, 0x0000, 0x0000,
  0x0000, 0x0000, 0x0000, 0x0000, 0x0000, 0x5AEB, 0xC618, 0xB596, 0xB575, 0xCBA9, 0xCB67, 0xCBA8,
  0x9AE6, 0x8265, 0x8265, 0xA2E6, 0xD3C8, 0xD3A8, 0xD3A8, 0xD3A8, 0xD3C8, 0xCB67, 0xED50, 0xFED8,
  0xFE97, 0xFE76, 0xFDF3, 0xFDF3, 0xFE14, 0xECED, 0xEC6A, 0xEC8B, 0xD3E9, 0xAB06, 0xB326, 0xAB07,
  0xD3C8, 0xDBE9, 0xD3C8, 0xDC09, 0xEC4B, 0xE46B, 0xE429, 0xF614, 0xFF7C, 0xFF3A, 0xFF5B, 0xFDD2,
  0xFD70, 0xFD91, 0xF50E, 0xEC4A, 0xEC6B, 0xEC6B, 0xCBA8, 0xC367, 0xC367, 0xD3A8, 0xE429, 0xDC09,
  0xE44A, 0xF54F, 0xF52F, 0xF52E, 0xFDF3, 0xFE55, 0xFE35, 0xFE76, 0xFF19, 0xFEF9, 0xFF1A, 0xFDD2,
  0xF4ED, 0xF52E, 0xF4ED, 0xE44A, 0xEC6B, 0xEC4A, 0xC368, 0xB327, 0xBB67, 0xA306, 0x8265, 0x8265,
  0x92A6, 0xDC09, 0xE429, 0xF46A, 0x5983, 0x0000, 0x0000, 0x0000, 0x0000, 0x0000, 0x0000, 0x0000,
  0x0000, 0x0000, 0x0000, 0x0000, 0x0000, 0x0000, 0x0000, 0x0000, 0x0000, 0x0000, 0x0000, 0x0000,
  0x0000, 0x0000, 0x0000, 0x0000, 0x0000, 0x0000, 0x0000, 0x0000, 0x0000, 0x0000, 0x0000, 0x0000,
  0x0000, 0x0000, 0x0000, 0x0000, 0x0000, 0x0000, 0x0000, 0x0000, 0x0000, 0x0000, 0x0000, 0x0000,
  0x0000, 0x0000, 0x0000, 0x0000, 0x0000, 0x0000, 0x0000, 0x0000, 0x630C, 0xCE38, 0xB5B6, 0xBDB6,
  0xCBA9, 0xCB67, 0xCBA8, 0xA2E6, 0x8265, 0x8265, 0xA2E6, 0xD3A8, 0xD3A8, 0xD3A8, 0xD3A8, 0xD3A8,
  0xCB67, 0xED50, 0xFED8, 0xFE97, 0xFE76, 0xFDF3, 0xFDF3, 0xFDF3, 0xECCD, 0xEC6A, 0xEC8B, 0xD3E9,
  0xAB06, 0xB306, 0xB306, 0xCBA8, 0xD3C8, 0xD3A8, 0xDBE9, 0xE42A, 0xDC2A, 0xDBE9, 0xEDD3, 0xF71A,
  0xF6B8, 0xF6B8, 0xED91, 0xED2F, 0xED4F, 0xECAD, 0xDC2A, 0xE44B, 0xE44A, 0xCB88, 0xC367, 0xC367,
  0xD3C8, 0xDC09, 0xDBE9, 0xE44A, 0xF52E, 0xF54F, 0xF50E, 0xF5B1, 0xFE55, 0xFE35, 0xFE55, 0xFEF9,
  0xFEF9, 0xFF3A, 0xF5B2, 0xF4ED, 0xF50E, 0xF4ED, 0xE44A, 0xEC4A, 0xE46A, 0xC368, 0xB327, 0xBB47,
  0xA2E6, 0x8265, 0x8265, 0x8A85, 0xDC09, 0xE429, 0xF46A, 0x5183, 0x0000, 0x0000, 0x0000, 0x0000,
  0x0000, 0x0000, 0x0000, 0x0000, 0x0000, 0x0000, 0x0000, 0x0000, 0x0000, 0x0000, 0x0000, 0x0000,
  0x0000, 0x0000, 0x0000, 0x0000, 0x0000, 0x0000, 0x0000, 0x0000, 0x0000, 0x0000, 0x0000, 0x0000,
  0x0000, 0x0000, 0x0000, 0x0000, 0x0000, 0x0000, 0x0000, 0x0000, 0x0000, 0x0000, 0x0000, 0x0000,
  0x0000, 0x0000, 0x0000, 0x0000, 0x0000, 0x0000, 0x0000, 0x0000, 0x0000, 0x0000, 0x0000, 0x39E7,
  0x8C30, 0x7BCF, 0x83EF, 0xE4EE, 0xED0E, 0xF52F, 0xAB68, 0x8265, 0x8A86, 0x92A6, 0x9AC6, 0x9AC6,
  0x9AE6, 0xCBA8, 0xD3C8, 0xCB87, 0xE4AC, 0xFDB1, 0xF591, 0xF591, 0xF4CD, 0xECAC, 0xF4ED, 0xC3A9,
  0xB327, 0xB327, 0xB327, 0xB327, 0xB327, 0xBB27, 0x92A6, 0x8A85, 0x9285, 0x92A6, 0x8A85, 0x8A85,
  0x8A85, 0x8AC6, 0x92C7, 0x8AA6, 0x8AA6, 0x92C6, 0x8AA6, 0x8A86, 0x8AA6, 0x92A6, 0x92A6, 0x8AA6,
  0xC367, 0xCB88, 0xCB88, 0xC367, 0xB327, 0xBB27, 0xBB47, 0xD3E9, 0xDC09, 0xD3C9, 0xECCD, 0xF54F,
  0xF50E, 0xF54F, 0xFDD2, 0xFDB2, 0xFDD2, 0xF54F, 0xF4ED, 0xF52E, 0xE4AC, 0xBB47, 0xC367, 0xC367,
  0xBB47, 0xB327, 0xBB47, 0xA2E6, 0x8245, 0x8265, 0x8A85, 0xBB47, 0xB327, 0xC367, 0x4942, 0x0000,
  0x0000, 0x0000, 0x0000, 0x0000, 0x0000, 0x0000, 0x0000, 0x0000, 0x0000, 0x0000, 0x0000, 0x0000,
  0x0000, 0x0000, 0x0000, 0x0000, 0x0000, 0x0000, 0x0000, 0x0000, 0x0000, 0x0000, 0x0000, 0x0000,
  0x0000, 0x0000, 0x0000, 0x0000, 0x0000, 0x0000, 0x0000, 0x0000, 0x0000, 0x0000, 0x0000, 0x0000,
  0x0000, 0x0000, 0x0000, 0x0000, 0x0000, 0x0000, 0x0000, 0x0000, 0x0000, 0x0000, 0x0000, 0x0000,
  0x0000, 0x0000, 0x3186, 0x6B6D, 0x630C, 0x6B2C, 0xED50, 0xFD90, 0xFD91, 0xB389, 0x8245, 0x8A86,
  0x8A86, 0x8A85, 0x8A86, 0x92A6, 0xCBA8, 0xD3C8, 0xCB88, 0xE4AC, 0xFD90, 0xF570, 0xF52E, 0xEC6B,
  0xEC8B, 0xEC8B, 0xBB47, 0xA2C6, 0xA2E6, 0xB306, 0xBB27, 0xB327, 0xB327, 0x9285, 0x8A85, 0x8A85,
  0x8A85, 0x8265, 0x8265, 0x8265, 0x8265, 0x8265, 0x8265, 0x8265, 0x8265, 0x8265, 0x8A65, 0x8A85,
  0x8A85, 0x8265, 0x8A85, 0xC367, 0xCBA8, 0xCBA8, 0xBB47, 0xB306, 0xB327, 0xB307, 0xD3A8, 0xD3A8,
  0xD3A8, 0xE46B, 0xF50D, 0xF4ED, 0xF50E, 0xFD90, 0xFD90, 0xF570, 0xF52F, 0xF50D, 0xF52E, 0xE48C,
  0xB327, 0xB327, 0xB327, 0xBB47, 0xBB47, 0xBB47, 0xA2E6, 0x7A45, 0x8265, 0x8A85, 0xAB06, 0xAB06,
  0xBB47, 0x4122, 0x0000, 0x0000, 0x0000, 0x0000, 0x0000, 0x0000, 0x0000, 0x0000, 0x0000, 0x0000,
  0x0000, 0x0000, 0x0000, 0x0000, 0x0000, 0x0000, 0x0000, 0x0000, 0x0000, 0x0000, 0x0000, 0x0000,
  0x0000, 0x0000, 0x0000, 0x0000, 0x0000, 0x0000, 0x0000, 0x0000, 0x0000, 0x0000, 0x0000, 0x0000,
  0x0000, 0x0000, 0x0000, 0x0000, 0x0000, 0x0000, 0x0000, 0x0000, 0x0000, 0x0000, 0x0000, 0x0000,
  0x0000, 0x0000, 0x0000, 0x0000, 0x0000, 0x39C7, 0x7BCF, 0x6B6D, 0x7BAE, 0xED50, 0xFD70, 0xFDD1,
  0xB3AA, 0x8244, 0x8A86, 0x8A86, 0x92A6, 0x8AA6, 0x92A6, 0xCB88, 0xD3C9, 0xD388, 0xE4AC, 0xFD90,
  0xF570, 0xF54F, 0xF4CC, 0xF4AC, 0xF4CC, 0xBB68, 0xA2E6, 0xAB06, 0xAB06, 0xB327, 0xBB27, 0xAB06,
  0x8A85, 0x8A85, 0x8A85, 0x8265, 0x8265, 0x8A65, 0x8A85, 0x8A85, 0x8285, 0x8A85, 0x8A85, 0x8265,
  0x8265, 0x8A65, 0x8A85, 0x8265, 0x8265, 0x8A85, 0xCB88, 0xCB88, 0xCB88, 0xBB47, 0xB306, 0xB306,
  0xB327, 0xD3A8, 0xD3C8, 0xD3A8, 0xECAC, 0xFD4F, 0xFD2E, 0xFD4F, 0xFD90, 0xFD90, 0xFD91, 0xF54F,
  0xF50D, 0xF52E, 0xE48C, 0xBB27, 0xBB47, 0xBB47, 0xB327, 0xB327, 0xBB47, 0xA306, 0x8265, 0x8265,
  0x8A85, 0xBB47, 0xBB47, 0xCB88, 0x4942, 0x0000, 0x0000, 0x0000, 0x0000, 0x0000, 0x0000, 0x0000,
  0x0000, 0x0000, 0x0000, 0x0000, 0x0000, 0x0000, 0x0000, 0x0000, 0x0000, 0x0000, 0x0000, 0x0000,
  0x0000, 0x0000, 0x0000, 0x0000, 0x0000, 0x0000, 0x0000, 0x0000, 0x0000, 0x0000, 0x0000, 0x0000,
  0x0000, 0x0000, 0x0000, 0x0000, 0x0000, 0x0000, 0x0000, 0x0000, 0x0000, 0x0000, 0x0000, 0x0000,
  0x0000, 0x0000, 0x0000, 0x0000, 0x0000, 0x0000, 0x0000, 0x0000, 0x2104, 0x4A49, 0x4228, 0x4A28,
  0xDC8C, 0xECED, 0xECED, 0xBB89, 0x9AA6, 0xA2E6, 0x9AC6, 0x8A85, 0x8A86, 0x92A6, 0xCBA8, 0xD3C9,
  0xD3A8, 0xECAD, 0xFDB1, 0xFD91, 0xED2F, 0xCBC9, 0xCBC9, 0xCBA9, 0xAB07, 0xA2E6, 0x9AE6, 0xBB47,
  0xDBC8, 0xD3C8, 0xD3A8, 0xC387, 0xC367, 0xC367, 0xBB47, 0xBB47, 0xBB47, 0xBB47, 0xBB47, 0xBB47,
  0xBB47, 0xBB47, 0xD42A, 0xDC6B, 0xDC6B, 0xDC6B, 0xDC6B, 0xDC6B, 0xDC6B, 0xEC8C, 0xEC8C, 0xECAC,
  0xE48C, 0xDC4A, 0xDC4B, 0xDC4B, 0xC368, 0xC367, 0xC367, 0xCBC9, 0xD42B, 0xCBEA, 0xDC6C, 0xFDB2,
  0xFDB1, 0xFDB2, 0xF52F, 0xF4ED, 0xF50E, 0xE48C, 0xBB27, 0xBB47, 0xBB47, 0xBB67, 0xC367, 0xCB88,
  0xB327, 0x8265, 0x8265, 0x8A85, 0x7A04, 0x69E4, 0x7A24, 0x28C1, 0x0000, 0x0000, 0x0000, 0x0000,
  0x0000, 0x0000, 0x0000, 0x0000, 0x0000, 0x0000, 0x0000, 0x0000, 0x0000, 0x0000, 0x0000, 0x0000,
  0x0000, 0x0000, 0x0000, 0x0000, 0x0000, 0x0000, 0x0000, 0x0000, 0x0000, 0x0000, 0x0000, 0x0000,
  0x0000, 0x0000, 0x0000, 0x0000, 0x0000, 0x0000, 0x0000, 0x0000, 0x0000, 0x0000, 0x0000, 0x0000,
  0x0000, 0x0000, 0x0000, 0x0000, 0x0000, 0x0000, 0x0000, 0x0000, 0x0000, 0x0000, 0x0000, 0x0000,
  0x0000, 0x0000, 0x0820, 0xCBC9, 0xD40A, 0xD3E9, 0xBB68, 0xB327, 0xB327, 0xA2E6, 0x8A85, 0x8A86,
  0x92A6, 0xCBA8, 0xD3C9, 0xD3A8, 0xECCE, 0xFDD2, 0xFDB2, 0xED2F, 0xA2A5, 0xA2C6, 0xA2C6, 0x9AC6,
  0x9AC6, 0x92A6, 0xC388, 0xE429, 0xDC09, 0xE409, 0xDBE9, 0xD3C8, 0xD3C8, 0xD3C8, 0xD3A8, 0xD3A8,
  0xD3A8, 0xD3A8, 0xD3A8, 0xCB88, 0xCB88, 0xF4ED, 0xFD2E, 0xF50E, 0xF50E, 0xF50E, 0xFD0E, 0xF50E,
  0xF4ED, 0xF4ED, 0xF50D, 0xF50D, 0xF4ED, 0xF50D, 0xECCD, 0xB327, 0xB306, 0xAB07, 0xA2E6, 0xA2C6,
  0xA2C5, 0xB389, 0xFDF3, 0xFDD2, 0xFDD3, 0xF52F, 0xF4ED, 0xF50D, 0xE48C, 0xBB27, 0xBB47, 0xBB47,
  0xCB88, 0xD3A8, 0xD3C8, 0xB327, 0x7A45, 0x8A85, 0x8245, 0x0000, 0x0000, 0x0000, 0x0000, 0x0000,
  0x0000, 0x0000, 0x0000, 0x0000, 0x0000, 0x0000, 0x0000, 0x0000, 0x0000, 0x0000, 0x0000, 0x0000,
  0x0000, 0x0000, 0x0000, 0x0000, 0x0000, 0x0000, 0x0000, 0x0000, 0x0000, 0x0000, 0x0000, 0x0000,
  0x0000, 0x0000, 0x0000, 0x0000, 0x0000, 0x0000, 0x0000, 0x0000, 0x0000, 0x0000, 0x0000, 0x0000,
  0x0000, 0x0000, 0x0000, 0x0000, 0x0000, 0x0000, 0x0000, 0x0000, 0x0000, 0x0000, 0x0000, 0x0000,
  0x0000, 0x0000, 0x0000, 0x0000, 0x0000, 0x1061, 0xCBE9, 0xDC2A, 0xDC2A, 0xC388, 0xAB06, 0xB327,
  0xA2E6, 0x8A85, 0x8A86, 0x92A6, 0xCBA8, 0xD3C9, 0xD3A8, 0xECCD, 0xFDD2, 0xFDB2, 0xE50F, 0xA2C6,
  0xAAE6, 0xA2E6, 0x9AC6, 0x9AC6, 0x92A6, 0xC388, 0xE409, 0xDBE9, 0xDBE9, 0xD3A8, 0xD388, 0xD3A8,
  0xD387, 0xCB67, 0xCB67, 0xCB67, 0xCB67, 0xCB67, 0xCB67, 0xCB87, 0xECAC, 0xF4ED, 0xF4CD, 0xF4CD,
  0xF4CD, 0xF4CD, 0xF4CC, 0xF4ED, 0xF4ED, 0xF4ED, 0xF4ED, 0xF4ED, 0xF4ED, 0xECAC, 0xB327, 0xB307,
  0xB327, 0xAB07, 0xAB06, 0xA2C6, 0xBBC9, 0xFDF3, 0xFDD2, 0xFDD3, 0xF54F, 0xF4ED, 0xF50E, 0xECAC,
  0xBB27, 0xBB47, 0xBB47, 0xCB87, 0xCB88, 0xD3A8, 0xB327, 0x8265, 0x8A85, 0x8245, 0x1040, 0x0000,
  0x0000, 0x0000, 0x0000, 0x0000, 0x0000, 0x0000, 0x0000, 0x0000, 0x0000, 0x0000, 0x0000, 0x0000,
  0x0000, 0x0000, 0x0000, 0x0000, 0x0000, 0x0000, 0x0000, 0x0000, 0x0000, 0x0000, 0x0000, 0x0000,
  0x0000, 0x0000, 0x0000, 0x0000, 0x0000, 0x0000, 0x0000, 0x0000, 0x0000, 0x0000, 0x0000, 0x0000,
  0x0000, 0x0000, 0x0000, 0x0000, 0x0000, 0x0000, 0x0000, 0x0000, 0x0000, 0x0000, 0x0000, 0x0000,
  0x0000, 0x0000, 0x0000, 0x0000, 0x0000, 0x0000, 0x0000, 0x0000, 0x1041, 0xC3C9, 0xD40A, 0xD40A,
  0xBB68, 0xAB07, 0xB327, 0xA2E6, 0x8A85, 0x8AA6, 0x92A6, 0xCBA8, 0xD3C9, 0xD388, 0xECCD, 0xFDD2,
  0xFDB2, 0xED0F, 0xAAE6, 0xB306, 0xAB06, 0xAB06, 0xA2E6, 0xA2C6, 0xCBE9, 0xECAC, 0xEC8C, 0xEC8C,
  0xE46C, 0xE46C, 0xE46B, 0xE46C, 0xE4AD, 0xE4AD, 0xE4CE, 0xE48C, 0xDC4B, 0xDC6B, 0xE46C, 0xF591,
  0xFDD2, 0xF5B2, 0xF5D2, 0xF5B2, 0xF5B2, 0xF5B2, 0xF54F, 0xF52F, 0xF54F, 0xF52F, 0xF52F, 0xF52F,
  0xF50E, 0xBB68, 0xB327, 0xBB47, 0xB327, 0xB327, 0xAAE6, 0xC3C9, 0xFDF3, 0xFDD2, 0xFDF3, 0xF54F,
  0xECAC, 0xF4ED, 0xE48C, 0xBB47, 0xBB47, 0xBB47, 0xCBA8, 0xD3A8, 0xDBE9, 0xBB68, 0x8245, 0x8A85,
  0x8265, 0x0840, 0x0000, 0x0000, 0x0000, 0x0000, 0x0000, 0x0000, 0x0000, 0x0000, 0x0000, 0x0000,
  0x0000, 0x0000, 0x0000, 0x0000, 0x0000, 0x0000, 0x0000, 0x0000, 0x0000, 0x0000, 0x0000, 0x0000,
  0x0000, 0x0000, 0x0000, 0x0000, 0x0000, 0x0000, 0x0000, 0x0000, 0x0000, 0x0000, 0x0000, 0x0000,
  0x0000, 0x0000, 0x0000, 0x0000, 0x0000, 0x0000, 0x0000, 0x0000, 0x0000, 0x0000, 0x0000, 0x0000,
  0x0000, 0x0000, 0x0000, 0x0000, 0x0000, 0x0000, 0x0000, 0x0000, 0x0000, 0x0000, 0x0000, 0x0841,
  0x830C, 0x8B4C, 0x832C, 0xA329, 0xBB47, 0xBB47, 0xAB07, 0x8A85, 0x8AA6, 0x92A6, 0xCBA8, 0xD3C9,
  0xD388, 0xECCD, 0xFDD2, 0xFDB2, 0xF550, 0xD3A8, 0xD3A8, 0xD3A8, 0xC367, 0xBB47, 0xB306, 0xDC8C,
  0xFDD2, 0xFD91, 0xFDB1, 0xFDB1, 0xFDB1, 0xFD91, 0xFDF3, 0xFEB7, 0xFE97, 0xFEB7, 0xFE13, 0xFD91,
  0xFDB1, 0xFD91, 0xFEB7, 0xFEF9, 0xFEF9, 0xFEF9, 0xFEF9, 0xFEF9, 0xFEF9, 0xFDD2, 0xFD91, 0xFDB2,
  0xFDB1, 0xFDB1, 0xFDB1, 0xF591, 0xCBA9, 0xC347, 0xC368, 0xCBA8, 0xD3C8, 0xD3A8, 0xDC2A, 0xFDD2,
  0xFDB2, 0xFDF3, 0xE4AD, 0xCB67, 0xD3C8, 0xCB88, 0xBB47, 0xBB47, 0xBB47, 0xE44B, 0xF4CC, 0xFCED,
  0xCBEA, 0x7A45, 0x8A85, 0x8265, 0x0840, 0x0000, 0x0000, 0x0000, 0x0000, 0x0000, 0x0000, 0x0000,
  0x0000, 0x0000, 0x0000, 0x0000, 0x0000, 0x0000, 0x0000, 0x0000, 0x0000, 0x0000, 0x0000, 0x0000,
  0x0000, 0x0000, 0x0000, 0x0000, 0x0000, 0x0000, 0x0000, 0x0000, 0x0000, 0x0000, 0x0000, 0x0000,
  0x0000, 0x0000, 0x0000, 0x0000, 0x0000, 0x0000, 0x0000, 0x0000, 0x0000, 0x0000, 0x0000, 0x0000,
  0x0000, 0x0000, 0x0000, 0x0000, 0x0000, 0x0000, 0x0000, 0x0000, 0x0000, 0x0000, 0x0000, 0x0000,
  0x0000, 0x0000, 0x0841, 0x82EC, 0x830C, 0x830C, 0xA329, 0xBB47, 0xBB47, 0xAB07, 0x8A85, 0x8AA6,
  0x92A6, 0xCBA8, 0xD3C9, 0xD3A8, 0xECCD, 0xFDD2, 0xFDB2, 0xF550, 0xD3A8, 0xD3A8, 0xD3A8, 0xBB47,
  0xB327, 0xB306, 0xDC8D, 0xFDB1, 0xF570, 0xF570, 0xF591, 0xFD91, 0xF570, 0xFDD2, 0xFE96, 0xFE76,
  0xFE76, 0xFDF3, 0xFD90, 0xFD91, 0xF570, 0xFE76, 0xFED9, 0xFED8, 0xFED8, 0xFED8, 0xFED8, 0xFEB8,
  0xFDD2, 0xFDB1, 0xFDB2, 0xFDB1, 0xF591, 0xFD91, 0xF591, 0xC3A8, 0xC347, 0xC367, 0xCBA8, 0xD3C8,
  0xD3A8, 0xDC2A, 0xFDD2, 0xFDD2, 0xFDF3, 0xE4AD, 0xCB67, 0xD3A8, 0xCB88, 0xBB47, 0xBB47, 0xBB47,
  0xE46B, 0xF4CC, 0xFD0D, 0xCBEA, 0x7A24, 0x8A85, 0x8265, 0x0840, 0x0000, 0x0000, 0x0000, 0x0000,
  0x0000, 0x0000, 0x0000, 0x0000, 0x0000, 0x0000, 0x0000, 0x0000, 0x0000, 0x0000, 0x0000, 0x0000,
  0x0000, 0x0000, 0x0000, 0x0000, 0x0000, 0x0000, 0x0000, 0x0000, 0x0000, 0x0000, 0x0000, 0x0000,
  0x0000, 0x0000, 0x0000, 0x0000, 0x0000, 0x0000, 0x0000, 0x0000, 0x0000, 0x0000, 0x0000, 0x0000,
  0x0000, 0x0000, 0x0000, 0x0000, 0x0000, 0x0000, 0x0000, 0x0000, 0x0000, 0x0000, 0x0000, 0x0000,
  0x0000, 0x0000, 0x0000, 0x0000, 0x0000, 0x1061, 0x8B2C, 0x8B4D, 0x8B2D, 0xAB49, 0xBB27, 0xBB47,
  0xAB07, 0x8A85, 0x8A86, 0x92A6, 0xCBA8, 0xD3C8, 0xD3A8, 0xECCD, 0xFDD2, 0xFDB2, 0xF550, 0xD387,
  0xD3A8, 0xD3A8, 0xC367, 0xC367, 0xBB27, 0xECEE, 0xFDF2, 0xFDB1, 0xFDB1, 0xFD91, 0xF591, 0xF570,
  0xFDF3, 0xFE97, 0xFE76, 0xFE97, 0xFDF3, 0xF570, 0xF591, 0xF591, 0xFE97, 0xFED8, 0xFED8, 0xFED8,
  0xFED8, 0xFED8, 0xFED8, 0xF5B2, 0xF591, 0xF591, 0xF5B1, 0xFDD2, 0xFDD1, 0xFDB1, 0xCBC9, 0xC388,
  0xC388, 0xCBA8, 0xD3C8, 0xD388, 0xDC2A, 0xFDF2, 0xFDD2, 0xFDF3, 0xE4AD, 0xCB87, 0xD3A8, 0xCB88,
  0xBB47, 0xBB47, 0xBB47, 0xE44B, 0xF4CC, 0xF4EC, 0xCC0A, 0x8A65, 0x92A6, 0x8A85, 0x1040, 0x0000,
  0x0000, 0x0000, 0x0000, 0x0000, 0x0000, 0x0000, 0x0000, 0x0000, 0x0000, 0x0000, 0x0000, 0x0000,
  0x0000, 0x0000, 0x0000, 0x0000, 0x0000, 0x0000, 0x0000, 0x0000, 0x0000, 0x0000, 0x0000, 0x0000,
  0x0000, 0x0000, 0x0000, 0x0000, 0x0000, 0x0000, 0x0000, 0x0000, 0x0000, 0x0000, 0x0000, 0x0000,
  0x0000, 0x0000, 0x0000, 0x0000, 0x0000, 0x0000, 0x0000, 0x0000, 0x0000, 0x0000, 0x0000, 0x0000,
  0x0000, 0x0000, 0x0000, 0x0000, 0x0000, 0x0000, 0x0000, 0x0000, 0x0820, 0x49E7, 0x5208, 0x4A08,
  0x9B08, 0xCB67, 0xC368, 0xB327, 0x8A85, 0x8A86, 0x92A6, 0xCB88, 0xD3C8, 0xD387, 0xECCD, 0xFDD2,
  0xFDB2, 0xF570, 0xE44A, 0xE44B, 0xEC8B, 0x7A25, 0x38E1, 0x4101, 0x51A4, 0x5A68, 0x5A68, 0x5A47,
  0x9B07, 0xA328, 0x9B28, 0xB368, 0xD40A, 0xD40A, 0xD40A, 0xD3EA, 0xD3E9, 0xDBE9, 0xD3E9, 0xD40A,
  0xDC2A, 0xDC2B, 0xCBEA, 0xBB89, 0xBBA9, 0xB389, 0x9B07, 0x9AE7, 0xA307, 0x6246, 0x41C6, 0x49E6,
  0x41C5, 0x3902, 0x4101, 0x38E1, 0xB327, 0xEC6A, 0xDC09, 0xE46B, 0xFDD2, 0xFDD2, 0xFE13, 0xE4AD,
  0xC347, 0xC388, 0xC367, 0xBB47, 0xBB67, 0xBB47, 0xECAC, 0xF52E, 0xFD4F, 0xC40B, 0x30E2, 0x3922,
  0x3902, 0x0020, 0x0000, 0x0000, 0x0000, 0x0000, 0x0000, 0x0000, 0x0000, 0x0000, 0x0000, 0x0000,
  0x0000, 0x0000, 0x0000, 0x0000, 0x0000, 0x0000, 0x0000, 0x0000, 0x0000, 0x0000, 0x0000, 0x0000,
  0x0000, 0x0000, 0x0000, 0x0000, 0x0000, 0x0000, 0x0000, 0x0000, 0x0000, 0x0000, 0x0000, 0x0000,
  0x0000, 0x0000, 0x0000, 0x0000, 0x0000, 0x0000, 0x0000, 0x0000, 0x0000, 0x0000, 0x0000, 0x0000,
  0x0000, 0x0000, 0x0000, 0x0000, 0x0000, 0x0000, 0x0000, 0x0000, 0x0000, 0x0000, 0x0000, 0x0000,
  0x18E4, 0x20E4, 0x10C4, 0x92C7, 0xDBC8, 0xCB88, 0xBB47, 0x8A85, 0x8AA6, 0x92A6, 0xCB88, 0xD3C8,
  0xD387, 0xECCD, 0xFDD2, 0xFDB1, 0xF570, 0xF4CC, 0xECCC, 0xFCED, 0x5163, 0x0800, 0x1840, 0x1861,
  0x18E3, 0x10C3, 0x18E3, 0x8286, 0x92A6, 0x8A86, 0xA2E7, 0xD3A8, 0xCBA8, 0xD3A8, 0xD3A8, 0xD3A8,
  0xD3A8, 0xD3A8, 0xD3A8, 0xD3A8, 0xD3C8, 0xC367, 0xAAE6, 0xAB06, 0xAB06, 0x92A6, 0x8AA6, 0x9AC6,
  0x4164, 0x0882, 0x10C3, 0x1082, 0x1840, 0x1840, 0x0800, 0xAB07, 0xF4AB, 0xE44A, 0xECAC, 0xFDD2,
  0xFDD2, 0xFE13, 0xDC8D, 0xBB26, 0xC367, 0xC367, 0xC367, 0xC367, 0xC367, 0xECCD, 0xF54F, 0xFDB0,
  0xBC0C, 0x0000, 0x0000, 0x0000, 0x0000, 0x0000, 0x0000, 0x0000, 0x0000, 0x0000, 0x0000, 0x0000,
  0x0000, 0x0000, 0x0000, 0x0000, 0x0000, 0x0000, 0x0000, 0x0000, 0x0000, 0x0000, 0x0000, 0x0000,
  0x0000, 0x0000, 0x0000, 0x0000, 0x0000, 0x0000, 0x0000, 0x0000, 0x0000, 0x0000, 0x0000, 0x0000,
  0x0000, 0x0000, 0x0000, 0x0000, 0x0000, 0x0000, 0x0000, 0x0000, 0x0000, 0x0000, 0x0000, 0x0000,
  0x0000, 0x0000, 0x0000, 0x0000, 0x0000, 0x0000, 0x0000, 0x0000, 0x0000, 0x0000, 0x0000, 0x0000,
  0x0000, 0x0000, 0x0000, 0x2104, 0x2925, 0x1904, 0x92C6, 0xD3A8, 0xCB88, 0xB327, 0x8A85, 0x8AA6,
  0x92A6, 0xCBA8, 0xDBC8, 0xD3A8, 0xECEE, 0xFDD2, 0xFDD2, 0xFD90, 0xECAC, 0xECAC, 0xFCED, 0x4963,
  0x0000, 0x1020, 0x1881, 0x2945, 0x2124, 0x2944, 0x8A65, 0x9285, 0x8A65, 0xAB06, 0xD387, 0xCB47,
  0xCB67, 0xD367, 0xD367, 0xD367, 0xD387, 0xD387, 0xD387, 0xD3A7, 0xC346, 0xAAC5, 0xAAE5, 0xAAE5,
  0x9285, 0x8A65, 0x9285, 0x4984, 0x10C3, 0x2103, 0x18C3, 0x1020, 0x1020, 0x0000, 0xAB27, 0xF4AB,
  0xE44A, 0xECAC, 0xFDD2, 0xF5D2, 0xFE13, 0xDC8D, 0xBB26, 0xC368, 0xBB67, 0xBB47, 0xC367, 0xC347,
  0xECED, 0xFD70, 0xFDB0, 0xBC0C, 0x0000, 0x0000, 0x0000, 0x0000, 0x0000, 0x0000, 0x0000, 0x0000,
  0x0000, 0x0000, 0x0000, 0x0000, 0x0000, 0x0000, 0x0000, 0x0000, 0x0000, 0x0000, 0x0000, 0x0000,
  0x0000, 0x0000, 0x0000, 0x0000, 0x0000, 0x0000, 0x0000, 0x0000, 0x0000, 0x0000, 0x0000, 0x0000,
  0x0000, 0x0000, 0x0000, 0x0000, 0x0000, 0x0000, 0x0000, 0x0000, 0x0000, 0x0000, 0x0000, 0x0000,
  0x0000, 0x0000, 0x0000, 0x0000, 0x0000, 0x0000, 0x0000, 0x0000, 0x0000, 0x0000, 0x0000, 0x0000,
  0x0000, 0x0000, 0x0000, 0x0000, 0x0000, 0x0000, 0x18C3, 0x20E4, 0x18E4, 0x9B07, 0xDBC9, 0xD3E9,
  0xC3A9, 0x8A85, 0x8A86, 0x92A6, 0xC388, 0xCBA8, 0xC367, 0xE4CD, 0xFDB1, 0xF570, 0xF570, 0xF4CD,
  0xF4CD, 0xFD2E, 0x8286, 0x4943, 0x61A3, 0x4984, 0x18C3, 0x18C3, 0x20E3, 0x93AC, 0xA40D, 0xA3EC,
  0xBC8F, 0xE571, 0xE551, 0xE551, 0xE592, 0xEDB3, 0xEDB3, 0xEDB3, 0xEDB3, 0xEDB3, 0xEDD3, 0xDD72,
  0xCD11, 0xCD32, 0xCD31, 0xA40E, 0x9BED, 0xAC4E, 0x4A07, 0x0882, 0x10A2, 0x20E3, 0x61A3, 0x61A3,
  0x5983, 0xC3A8, 0xF4CC, 0xEC6B, 0xECAC, 0xFDF3, 0xFDD2, 0xFE13, 0xDC8D, 0xBB26, 0xC368, 0xC367,
  0xCB88, 0xCB88, 0xC387, 0xE4AC, 0xF52F, 0xFD4F, 0xB3CA, 0x0000, 0x0000, 0x0000, 0x0000, 0x0000,
  0x0000, 0x0000, 0x0000, 0x0000, 0x0000, 0x0000, 0x0000, 0x0000, 0x0000, 0x0000, 0x0000, 0x0000,
  0x0000, 0x0000, 0x0000, 0x0000, 0x0000, 0x0000, 0x0000, 0x0000, 0x0000, 0x0000, 0x0000, 0x0000,
  0x0000, 0x0000, 0x0000, 0x0000, 0x0000, 0x0000, 0x0000, 0x0000, 0x0000, 0x0000, 0x0000, 0x0000,
  0x0000, 0x0000, 0x0000, 0x0000, 0x0000, 0x0000, 0x0000, 0x0000, 0x0000, 0x0000, 0x0000, 0x0000,
  0x0000, 0x0000, 0x0000, 0x0000, 0x0000, 0x0000, 0x0000, 0x0000, 0x0000, 0x0000, 0x0000, 0x0000,
  0xABAA, 0xFD90, 0xFD70, 0xD48D, 0x8A65, 0x92A6, 0x8AA6, 0x92A6, 0x92A6, 0x8A85, 0xB347, 0xDC09,
  0xD388, 0xDC0A, 0xFD70, 0xF54F, 0xF54F, 0xFD0D, 0xF4AC, 0xFD2D, 0xA349, 0x0000, 0x0841, 0x10A2,
  0xAD76, 0xC639, 0xBDD7, 0xD6BB, 0xFFFF, 0xFFFF, 0xFFFF, 0xFFFF, 0xFFFF, 0xFFFF, 0xFFFF, 0xFFFF,
  0xFFFF, 0xFFFF, 0xFFFF, 0xEF9E, 0xEF9E, 0xEF7E, 0xBDD7, 0xB5B7, 0xC639, 0x52AB, 0x0020, 0x0861,
  0x3123, 0xF48B, 0xF48B, 0xF4AB, 0xF4CC, 0xF4ED, 0xF50D, 0xF50E, 0xFDD2, 0xFDD2, 0xFE13, 0xE4AD,
  0xC326, 0xC367, 0xCBA8, 0xEC8B, 0xEC8B, 0xF4CC, 0xD3C9, 0xBB47, 0xCB88, 0x9AC6, 0x0000, 0x0000,
  0x0000, 0x0000, 0x0000, 0x0000, 0x0000, 0x0000, 0x0000, 0x0000, 0x0000, 0x0000, 0x0000, 0x0000,
  0x0000, 0x0000, 0x0000, 0x0000, 0x0000, 0x0000, 0x0000, 0x0000, 0x0000, 0x0000, 0x0000, 0x0000,
  0x0000, 0x0000, 0x0000, 0x0000, 0x0000, 0x0000, 0x0000, 0x0000, 0x0000, 0x0000, 0x0000, 0x0000,
  0x0000, 0x0000, 0x0000, 0x0000, 0x0000, 0x0000, 0x0000, 0x0000, 0x0000, 0x0000, 0x0000, 0x0000,
  0x0000, 0x0000, 0x0000, 0x0000, 0x0000, 0x0000, 0x0000, 0x0000, 0x0000, 0x0000, 0x0000, 0x0000,
  0x0000, 0x0000, 0x0000, 0xA3AA, 0xFDB1, 0xFD90, 0xD46C, 0x8265, 0x92A6, 0x8AA6, 0x8A86, 0x8A86,
  0x8A86, 0xB327, 0xD3C8, 0xCB88, 0xDC09, 0xFD6F, 0xF54F, 0xF54F, 0xECCD, 0xECAC, 0xFCED, 0x9B08,
  0x0020, 0x0841, 0x10A2, 0xAD75, 0xBDF7, 0xB5B6, 0xD67A, 0xFFDF, 0xF7BE, 0xFFBE, 0xFFDF, 0xFFDF,
  0xFFDF, 0xFFDF, 0xFFDF, 0xFFDF, 0xFFDF, 0xF79E, 0xEF3C, 0xEF3C, 0xE71C, 0xBDB6, 0xB575, 0xBDD7,
  0x528A, 0x0020, 0x0862, 0x3103, 0xE44A, 0xE46B, 0xE44A, 0xECCC, 0xF50D, 0xF4ED, 0xF52E, 0xFDD2,
  0xFDD2, 0xFE13, 0xE4AD, 0xC347, 0xC367, 0xCBA8, 0xECAC, 0xECAC, 0xF4AC, 0xCBA8, 0xBB26, 0xCB87,
  0x9AA6, 0x0000, 0x0000, 0x0000, 0x0000, 0x0000, 0x0000, 0x0000, 0x0000, 0x0000, 0x0000, 0x0000,
  0x0000, 0x0000, 0x0000, 0x0000, 0x0000, 0x0000, 0x0000, 0x0000, 0x0000, 0x0000, 0x0000, 0x0000,
  0x0000, 0x0000, 0x0000, 0x0000, 0x0000, 0x0000, 0x0000, 0x0000, 0x0000, 0x0000, 0x0000, 0x0000,
  0x0000, 0x0000, 0x0000, 0x0000, 0x0000, 0x0000, 0x0000, 0x0000, 0x0000, 0x0000, 0x0000, 0x0000,
  0x0000, 0x0000, 0x0000, 0x0000, 0x0000, 0x0000, 0x0000, 0x0000, 0x0000, 0x0000, 0x0000, 0x0000,
  0x0000, 0x0000, 0x0000, 0x0000, 0x0000, 0x0000, 0xABCB, 0xFDD1, 0xFD90, 0xD48D, 0x8A65, 0x92A6,
  0x8AA6, 0x8AA6, 0x8AA6, 0x8A85, 0xB347, 0xD3C8, 0xCB88, 0xDC2A, 0xFD6F, 0xF54F, 0xF54F, 0xF4ED,
  0xECAC, 0xFD0D, 0x9B08, 0x0020, 0x1061, 0x18C2, 0xB576, 0xC5F8, 0xB596, 0xD69A, 0xFFFF, 0xFFDF,
  0xFFDF, 0xFFFF, 0xFFFF, 0xFFFF, 0xFFFF, 0xFFFF, 0xFFFF, 0xFFFF, 0xF7BE, 0xE75D, 0xEF7D, 0xE73D,
  0xB5B6, 0xB576, 0xBDF8, 0x528A, 0x0840, 0x10A2, 0x3923, 0xEC6B, 0xEC6B, 0xE46B, 0xECCC, 0xF50E,
  0xF4ED, 0xF52E, 0xFDF3, 0xFDD2, 0xFE14, 0xE4AD, 0xC347, 0xC367, 0xCBC8, 0xECAC, 0xECAC, 0xECAC,
  0xCBA8, 0xBB27, 0xCB87, 0x9AA5, 0x0000, 0x0000, 0x0000, 0x0000, 0x0000, 0x0000, 0x0000, 0x0000,
  0x0000, 0x0000, 0x0000, 0x0000, 0x0000, 0x0000, 0x0000, 0x0000, 0x0000, 0x0000, 0x0000, 0x0000,
  0x0000, 0x0000, 0x0000, 0x0000, 0x0000, 0x0000, 0x0000, 0x0000, 0x0000, 0x0000, 0x0000, 0x0000,
  0x0000, 0x0000, 0x0000, 0x0000, 0x0000, 0x0000, 0x0000, 0x0000, 0x0000, 0x0000, 0x0000, 0x0000,
  0x0000, 0x0000, 0x0000, 0x0000, 0x0000, 0x0000, 0x0000, 0x0000, 0x0000, 0x0000, 0x0000, 0x0000,
  0x0000, 0x0000, 0x0000, 0x0000, 0x0000, 0x0000, 0x0000, 0x0000, 0x0000, 0xA328, 0xECAC, 0xE46B,
  0xCC0A, 0x8A85, 0x8AA6, 0x8A86, 0x8AA6, 0x8AA6, 0x8285, 0xB327, 0xD3C8, 0xCB87, 0xDC0A, 0xFD91,
  0xFD70, 0xF570, 0xF570, 0xF54F, 0xFD70, 0xED0F, 0xD42B, 0xD44B, 0xD46C, 0xED0F, 0xED2F, 0xED0F,
  0xF571, 0xFDF3, 0xFDF3, 0xF5B2, 0xFE76, 0xFED8, 0xFEB8, 0xFED8, 0xFED8, 0xFEB8, 0xFED8, 0xFE97,
  0xF5D3, 0xF614, 0xF5F3, 0xDCAD, 0xDC8C, 0xDC8D, 0xDCCE, 0xDCCE, 0xDCAE, 0xE4EE, 0xF52F, 0xF52F,
  0xF54F, 0xF50E, 0xF4ED, 0xF50D, 0xF50E, 0xFD91, 0xFD91, 0xFDB2, 0xECAD, 0xD3A8, 0xD3C8, 0xDC2A,
  0xF52F, 0xF50E, 0xF52F, 0xD3C9, 0xBB27, 0xCB87, 0x9AA5, 0x0000, 0x0000, 0x0000, 0x0000, 0x0000,
  0x0000, 0x0000, 0x0000, 0x0000, 0x0000, 0x0000, 0x0000, 0x0000, 0x0000, 0x0000, 0x0000, 0x0000,
  0x0000, 0x0000, 0x0000, 0x0000, 0x0000, 0x0000, 0x0000, 0x0000, 0x0000, 0x0000, 0x0000, 0x0000,
  0x0000, 0x0000, 0x0000, 0x0000, 0x0000, 0x0000, 0x0000, 0x0000, 0x0000, 0x0000, 0x0000, 0x0000,
  0x0000, 0x0000, 0x0000, 0x0000, 0x0000, 0x0000, 0x0000, 0x0000, 0x0000, 0x0000, 0x0000, 0x0000,
  0x0000, 0x0000, 0x0000, 0x0000, 0x0000, 0x0000, 0x0000, 0x0000, 0x0000, 0x0000, 0x0000, 0x0000,
  0x92A6, 0xE40A, 0xD3E9, 0xC388, 0x8A85, 0x8AA6, 0x8AA6, 0x8AA6, 0x8AA6, 0x8285, 0xAB27, 0xD3A8,
  0xCB87, 0xD3E9, 0xFDB1, 0xFD91, 0xFD91, 0xFD91, 0xFDB1, 0xFD91, 0xFD70, 0xFD2E, 0xFD0E, 0xFD2E,
  0xF50D, 0xF50D, 0xF50D, 0xF52E, 0xF550, 0xF54F, 0xF54F, 0xFDF3, 0xFE55, 0xFE55, 0xFE55, 0xFE55,
  0xFE55, 0xFE55, 0xFDF3, 0xFD70, 0xFD70, 0xF54F, 0xEC8B, 0xEC4A, 0xEC4A, 0xF52E, 0xFD90, 0xFD90,
  0xFD90, 0xF570, 0xFD70, 0xFD70, 0xF52E, 0xF4ED, 0xF4ED, 0xF50E, 0xF570, 0xF570, 0xFD91, 0xECAD,
  0xDC09, 0xDC09, 0xE44B, 0xFD90, 0xF570, 0xFD91, 0xD3EA, 0xC326, 0xCB87, 0x9AA5, 0x0000, 0x0000,
  0x0000, 0x0000, 0x0000, 0x0000, 0x0000, 0x0000, 0x0000, 0x0000, 0x0000, 0x0000, 0x0000, 0x0000,
  0x0000, 0x0000, 0x0000, 0x0000, 0x0000, 0x0000, 0x0000, 0x0000, 0x0000, 0x0000, 0x0000, 0x0000,
  0x0000, 0x0000, 0x0000, 0x0000, 0x0000, 0x0000, 0x0000, 0x0000, 0x0000, 0x0000, 0x0000, 0x0000,
  0x0000, 0x0000, 0x0000, 0x0000, 0x0000, 0x0000, 0x0000, 0x0000, 0x0000, 0x0000, 0x0000, 0x0000,
  0x0000, 0x0000, 0x0000, 0x0000, 0x0000, 0x0000, 0x0000, 0x0000, 0x0000, 0x0000, 0x0000, 0x0000,
  0x0000, 0x0000, 0x0000, 0x9AC6, 0xEC4A, 0xDC2A, 0xC388, 0x8A85, 0x8AA6, 0x8A86, 0x8A86, 0x8AA6,
  0x8A86, 0xB327, 0xD3A8, 0xCB67, 0xDC0A, 0xFDB1, 0xFDB1, 0xFDB1, 0xFD91, 0xF591, 0xFD91, 0xF550,
  0xF4ED, 0xF4ED, 0xF4ED, 0xF50E, 0xF52E, 0xF50E, 0xF54F, 0xFD91, 0xFD91, 0xFD90, 0xFE34, 0xFE97,
  0xFE96, 0xFE96, 0xFE96, 0xFE96, 0xFE97, 0xFE14, 0xFD90, 0xFDB1, 0xFD91, 0xEC8B, 0xE46B, 0xE46B,
  0xF50E, 0xF570, 0xF570, 0xF570, 0xF570, 0xF570, 0xFD70, 0xF52E, 0xF4ED, 0xF4ED, 0xF50E, 0xFD70,
  0xF570, 0xFD91, 0xECCD, 0xDBE9, 0xDBE9, 0xE44A, 0xFD70, 0xF570, 0xFD91, 0xD3EA, 0xC326, 0xCB87,
  0x9A85, 0x0000, 0x0000, 0x0000, 0x0000, 0x0000, 0x0000, 0x0000, 0x0000, 0x0000, 0x0000, 0x0000,
  0x0000, 0x0000, 0x0000, 0x0000, 0x0000, 0x0000, 0x0000, 0x0000, 0x0000, 0x0000, 0x0000, 0x0000,
  0x0000, 0x0000, 0x0000, 0x0000, 0x0000, 0x0000, 0x0000, 0x0000, 0x0000, 0x0000, 0x0000, 0x0000,
  0x0000, 0x0000, 0x0000, 0x0000, 0x0000, 0x0000, 0x0000, 0x0000, 0x0000, 0x0000, 0x0000, 0x0000,
  0x0000, 0x0000, 0x0000, 0x0000, 0x0000, 0x0000, 0x0000, 0x0000, 0x0000, 0x0000, 0x0000, 0x0000,
  0x0000, 0x0000, 0x0000, 0x0000, 0x0000, 0x0000, 0x8AA6, 0xD40A, 0xCBC9, 0xB368, 0x92A6, 0x9AC6,
  0x92C6, 0x8AA6, 0x8AA6, 0x8A86, 0xB327, 0xD3A8, 0xCB67, 0xDC0A, 0xFD91, 0xF590, 0xF590, 0xFD91,
  0xFD91, 0xFD91, 0xF550, 0xF50E, 0xF50E, 0xF50E, 0xF4ED, 0xF4ED, 0xF4CD, 0xECED, 0xED2F, 0xED2F,
  0xED0E, 0xEDB2, 0xEE14, 0xEDF4, 0xF5F4, 0xF5F4, 0xEDF3, 0xEE14, 0xF5B2, 0xF52F, 0xF550, 0xF54F,
  0xEC8B, 0xEC6B, 0xEC6B, 0xF52E, 0xFD90, 0xF570, 0xF570, 0xFD90, 0xFD90, 0xFD91, 0xF54F, 0xF52E,
  0xF52E, 0xF52F, 0xF570, 0xF570, 0xFD91, 0xECCD, 0xDC09, 0xE42A, 0xE46B, 0xF570, 0xF570, 0xFD91,
  0xD3E9, 0xBB26, 0xCB88, 0x9AA5, 0x0000, 0x0000, 0x0000, 0x0000, 0x0000, 0x0000, 0x0000, 0x0000,
  0x0000, 0x0000, 0x0000, 0x0000, 0x0000, 0x0000, 0x0000, 0x0000, 0x0000, 0x0000, 0x0000, 0x0000,
  0x0000, 0x0000, 0x0000, 0x0000, 0x0000, 0x0000, 0x0000, 0x0000, 0x0000, 0x0000, 0x0000, 0x0000,
  0x0000, 0x0000, 0x0000, 0x0000, 0x0000, 0x0000, 0x0000, 0x0000, 0x0000, 0x0000, 0x0000, 0x0000,
  0x0000, 0x0000, 0x0000, 0x0000, 0x0000, 0x0000, 0x0000, 0x0000, 0x0000, 0x0000, 0x0000, 0x0000,
  0x0000, 0x0000, 0x0000, 0x0000, 0x0000, 0x0000, 0x0000, 0x0000, 0x0000, 0x39C7, 0x5AAA, 0x4A69,
  0x7AC9, 0xD3A8, 0xCB88, 0xCB88, 0x92A6, 0x8A85, 0x8AA6, 0x92A6, 0x92C6, 0x92C6, 0xA2E6, 0xD3C9,
  0xD3C9, 0xD3A8, 0xF4ED, 0xFD4F, 0xF52F, 0xF54F, 0xF570, 0xF570, 0xFD91, 0xDC2A, 0xD3A8, 0xDBC8,
  0xCB88, 0xB306, 0xB306, 0xB306, 0xAB06, 0xAAE6, 0xAB06, 0xAB06, 0xAB06, 0xAB06, 0xAAE6, 0xBB47,
  0xD3A8, 0xCB88, 0xCB88, 0xF4ED, 0xF52E, 0xF50E, 0xF54F, 0xFD91, 0xFD90, 0xFD91, 0xFE14, 0xFE14,
  0xFE14, 0xFE14, 0xFE14, 0xFE14, 0xFDF3, 0xF550, 0xF570, 0xF570, 0xF50E, 0xF4CD, 0xF4ED, 0xF4CD,
  0xDC2A, 0xDC09, 0xDC2A, 0xCB88, 0xC347, 0xCB88, 0x9AA6, 0x0000, 0x0000, 0x0000, 0x0000, 0x0000,
  0x0000, 0x0000, 0x0000, 0x0000, 0x0000, 0x0000, 0x0000, 0x0000, 0x0000, 0x0000, 0x0000, 0x0000,
  0x0000, 0x0000, 0x0000, 0x0000, 0x0000, 0x0000, 0x0000, 0x0000, 0x0000, 0x0000, 0x0000, 0x0000,
  0x0000, 0x0000, 0x0000, 0x0000, 0x0000, 0x0000, 0x0000, 0x0000, 0x0000, 0x0000, 0x0000, 0x0000,
  0x0000, 0x0000, 0x0000, 0x0000, 0x0000, 0x0000, 0x0000, 0x0000, 0x0000, 0x0000, 0x0000, 0x0000,
  0x0000, 0x0000, 0x0000, 0x0000, 0x0000, 0x0000, 0x0000, 0x0000, 0x0000, 0x0000, 0x0000, 0x0000,
  0x39C7, 0x52AA, 0x426A, 0x7AE9, 0xD3A8, 0xCB88, 0xCBA8, 0x92C6, 0x8A85, 0x8AA6, 0x8A86, 0x92A6,
  0x8A85, 0x9AC6, 0xD3A8, 0xCB88, 0xCB67, 0xECED, 0xFD4F, 0xF52F, 0xF54F, 0xFD91, 0xF570, 0xFD91,
  0xDC2A, 0xD3C8, 0xDBC9, 0xC367, 0xAB06, 0xB306, 0xB306, 0xAB06, 0xAAE6, 0xAB06, 0xAB06, 0xAB06,
  0xAB06, 0xAAE6, 0xBB27, 0xD3A8, 0xCB88, 0xCB88, 0xF50E, 0xF52E, 0xF50E, 0xF570, 0xFD91, 0xFD91,
  0xFDB1, 0xFE34, 0xFE34, 0xFE34, 0xFE34, 0xFE14, 0xFE14, 0xFDF4, 0xF570, 0xF570, 0xF570, 0xF52E,
  0xF4ED, 0xF4ED, 0xF4CD, 0xDBE9, 0xDBE9, 0xDBE9, 0xCB67, 0xBB47, 0xCB87, 0x9AA5, 0x0000, 0x0000,
  0x0000, 0x0000, 0x0000, 0x0000, 0x0000, 0x0000, 0x0000, 0x0000, 0x0000, 0x0000, 0x0000, 0x0000,
  0x0000, 0x0000, 0x0000, 0x0000, 0x0000, 0x0000, 0x0000, 0x0000, 0x0000, 0x0000, 0x0000, 0x0000,
  0x0000, 0x0000, 0x0000, 0x0000, 0x0000, 0x0000, 0x0000, 0x0000, 0x0000, 0x0000, 0x0000, 0x0000,
  0x0000, 0x0000, 0x0000, 0x0000, 0x0000, 0x0000, 0x0000, 0x0000, 0x0000, 0x0000, 0x0000, 0x0000,
  0x0000, 0x0000, 0x0000, 0x0000, 0x0000, 0x0000, 0x0000, 0x0000, 0x0000, 0x0000, 0x0000, 0x0000,
  0x0000, 0x0000, 0x0000, 0x31A6, 0x52AA, 0x4249, 0x7AC9, 0xE3C8, 0xDBC8, 0xDBC8, 0x9AC6, 0x8A85,
  0x8A85, 0x8A86, 0x92A6, 0x8A86, 0x9AE6, 0xD3C8, 0xD3A8, 0xD3A8, 0xF52E, 0xFD6F, 0xFD4F, 0xFD4F,
  0xFD91, 0xFD90, 0xFD70, 0xDBE9, 0xD387, 0xD387, 0xC326, 0xAAE6, 0xAAE6, 0xAAE6, 0xAAE6, 0xA2C6,
  0xAAC6, 0xAAC6, 0xAAE6, 0xAAC6, 0xA2C5, 0xB326, 0xCB87, 0xCB87, 0xCB88, 0xF4CD, 0xF50E, 0xF50E,
  0xFD4F, 0xFD90, 0xFD70, 0xFD91, 0xFE14, 0xFE14, 0xFE14, 0xFE34, 0xFE35, 0xFE35, 0xFE14, 0xF570,
  0xF570, 0xF570, 0xF52F, 0xF50D, 0xF50E, 0xF4ED, 0xDC09, 0xDC09, 0xE409, 0xCB88, 0xC367, 0xD3A8,
  0x9AA5, 0x0000, 0x0000, 0x0000, 0x0000, 0x0000, 0x0000, 0x0000, 0x0000, 0x0000, 0x0000, 0x0000,
  0x0000, 0x0000, 0x0000, 0x0000, 0x0000, 0x0000, 0x0000, 0x0000, 0x0000, 0x0000, 0x0000, 0x0000,
  0x0000, 0x0000, 0x0000, 0x0000, 0x0000, 0x0000, 0x0000, 0x0000, 0x0000, 0x0000, 0x0000, 0x0000,
  0x0000, 0x0000, 0x0000, 0x0000, 0x0000, 0x0000, 0x0000, 0x0000, 0x0000, 0x0000, 0x0000, 0x0000,
  0x0000, 0x0000, 0x0000, 0x0000, 0x0000, 0x0000, 0x0000, 0x0000, 0x0000, 0x0000, 0x0000, 0x0000,
  0x0000, 0x0000, 0x0000, 0x0000, 0x0000, 0x0000, 0x4A49, 0x6B6D, 0x632D, 0x732B, 0x8AC8, 0x8AC8,
  0x8AC8, 0x9AE6, 0xA2E6, 0xA2E6, 0x92A6, 0x8A85, 0x8A86, 0x92C6, 0xAB07, 0xAB07, 0xB327, 0xDC2A,
  0xE46B, 0xE44B, 0xED2F, 0xFDF3, 0xFDD3, 0xFDF3, 0xEDB2, 0xED92, 0xEDB2, 0xE50F, 0xDC4B, 0xDC6C,
  0xDC6C, 0xDC6C, 0xDC6C, 0xDC6C, 0xDC6C, 0xDC6C, 0xDC6C, 0xDC6C, 0xE48C, 0xECAC, 0xE4AC, 0xE4AD,
  0xF5B2, 0xFDF3, 0xFDD3, 0xFE34, 0xFE76, 0xFE56, 0xFE76, 0xFE97, 0xFE97, 0xFEB7, 0xFE35, 0xFDD2,
  0xFDF3, 0xFDD2, 0xF54F, 0xF52F, 0xF54F, 0xECCD, 0xEC6B, 0xEC8B, 0xE44B, 0xC387, 0xC367, 0xC367,
  0xAB06, 0xA2E6, 0xAB27, 0x7A45, 0x0000, 0x0000, 0x0000, 0x0000, 0x0000, 0x0000, 0x0000, 0x0000,
  0x0000, 0x0000, 0x0000, 0x0000, 0x0000, 0x0000, 0x0000, 0x0000, 0x0000, 0x0000, 0x0000, 0x0000,
  0x0000, 0x0000, 0x0000, 0x0000, 0x0000, 0x0000, 0x0000, 0x0000, 0x0000, 0x0000, 0x0000, 0x0000,
  0x0000, 0x0000, 0x0000, 0x0000, 0x0000, 0x0000, 0x0000, 0x0000, 0x0000, 0x0000, 0x0000, 0x0000,
  0x0000, 0x0000, 0x0000, 0x0000, 0x0000, 0x0000, 0x0000, 0x0000, 0x0000, 0x0000, 0x0000, 0x0000,
  0x0000, 0x0000, 0x0000, 0x0000, 0x0000, 0x0000, 0x0000, 0x0000, 0x0000, 0x52AA, 0x8430, 0x7BEF,
  0x632D, 0x31C7, 0x31E8, 0x39E8, 0xAB07, 0xB327, 0xB327, 0x9AC6, 0x8A85, 0x8A85, 0x8A86, 0x8265,
  0x8265, 0x8265, 0xBB47, 0xCB88, 0xC346, 0xE4EE, 0xFE76, 0xFE35, 0xFE35, 0xFF1A, 0xFF5B, 0xFF5B,
  0xFEB7, 0xFD70, 0xFD90, 0xFD90, 0xFD70, 0xFD70, 0xFD70, 0xFD70, 0xFD70, 0xFD70, 0xFD70, 0xFD70,
  0xFD70, 0xFD70, 0xFD90, 0xFE76, 0xFE97, 0xFE76, 0xFED9, 0xFF3A, 0xFF1A, 0xFF1A, 0xFF1A, 0xFF1A,
  0xFF3A, 0xFE55, 0xFD70, 0xFDB1, 0xFD91, 0xF50E, 0xF4ED, 0xF50E, 0xEC6B, 0xDBC8, 0xDC09, 0xD3A8,
  0xAAE6, 0xAB06, 0xB327, 0x92A5, 0x7A45, 0x8A85, 0x61E4, 0x0000, 0x0000, 0x0000, 0x0000, 0x0000,
  0x0000, 0x0000, 0x0000, 0x0000, 0x0000, 0x0000, 0x0000, 0x0000, 0x0000, 0x0000, 0x0000, 0x0000,
  0x0000, 0x0000, 0x0000, 0x0000, 0x0000, 0x0000, 0x0000, 0x0000, 0x0000, 0x0000, 0x0000, 0x0000,
  0x0000, 0x0000, 0x0000, 0x0000, 0x0000, 0x0000, 0x0000, 0x0000, 0x0000, 0x0000, 0x0000, 0x0000,
  0x0000, 0x0000, 0x0000, 0x0000, 0x0000, 0x0000, 0x0000, 0x0000, 0x0000, 0x0000, 0x0000, 0x0000,
  0x0000, 0x0000, 0x0000, 0x0000, 0x0000, 0x0000, 0x0000, 0x0000, 0x0000, 0x0000, 0x0000, 0x0000,
  0x52AA, 0x83EF, 0x7BCF, 0x6B4D, 0x41E7, 0x4208, 0x4207, 0xAB07, 0xBB27, 0xBB47, 0x9AC6, 0x8A85,
  0x8A85, 0x8A86, 0x8A85, 0x8A85, 0x8A85, 0xC367, 0xD3C8, 0xCB67, 0xE50F, 0xFE76, 0xFE35, 0xFE35,
  0xFEF9, 0xFF1A, 0xFF3A, 0xFE97, 0xF54F, 0xF54F, 0xF54F, 0xF54F, 0xF550, 0xF54F, 0xF54F, 0xF54F,
  0xF54F, 0xF54F, 0xF54F, 0xF54F, 0xF54F, 0xF570, 0xFE55, 0xFE76, 0xFE76, 0xFED8, 0xFF1A, 0xFF19,
  0xFF1A, 0xFF1A, 0xFF1A, 0xFF3A, 0xFE35, 0xFD91, 0xFDB2, 0xFDB2, 0xF50E, 0xF50D, 0xFD2E, 0xEC8B,
  0xDBE9, 0xE409, 0xD3C8, 0xB306, 0xB327, 0xB327, 0x9285, 0x8265, 0x8A85, 0x69E4, 0x0000, 0x0000,
  0x0000, 0x0000, 0x0000, 0x0000, 0x0000, 0x0000, 0x0000, 0x0000, 0x0000, 0x0000, 0x0000, 0x0000,
  0x0000, 0x0000, 0x0000, 0x0000, 0x0000, 0x0000, 0x0000, 0x0000, 0x0000, 0x0000, 0x0000, 0x0000,
  0x0000, 0x0000, 0x0000, 0x0000, 0x0000, 0x0000, 0x0000, 0x0000, 0x0000, 0x0000, 0x0000, 0x0000,
  0x0000, 0x0000, 0x0000, 0x0000, 0x0000, 0x0000, 0x0000, 0x0000, 0x0000, 0x0000, 0x0000, 0x0000,
  0x0000, 0x0000, 0x0000, 0x0000, 0x0000, 0x0000, 0x0000, 0x0000, 0x0000, 0x0000, 0x0000, 0x0000,
  0x0000, 0x0000, 0x0000, 0x52AA, 0x8410, 0x7BEF, 0x6B4D, 0x39C7, 0x39C7, 0x39E7, 0x9AE7, 0xAB07,
  0xAB07, 0x9AC6, 0x92A6, 0x92A6, 0x8A86, 0x8A85, 0x8A85, 0x8285, 0xBB27, 0xCB87, 0xC347, 0xDCCE,
  0xFE55, 0xF614, 0xF613, 0xFED8, 0xFF19, 0xFF1A, 0xFE76, 0xFD4F, 0xF570, 0xF570, 0xF550, 0xF54F,
  0xF54F, 0xF54F, 0xF54F, 0xF54F, 0xF54F, 0xF54F, 0xF570, 0xF54F, 0xF570, 0xFE76, 0xFE96, 0xFE76,
  0xFED8, 0xFF19, 0xFF19, 0xFF19, 0xFEF9, 0xFEF9, 0xFEF9, 0xFE14, 0xFD90, 0xFDB1, 0xF570, 0xF4ED,
  0xF4ED, 0xF50E, 0xE46B, 0xDBC8, 0xDBE9, 0xCBA8, 0xAB06, 0xB306, 0xB327, 0x92A5, 0x8A85, 0x9AC6,
  0x6A04, 0x0000, 0x0000, 0x0000, 0x0000, 0x0000, 0x0000, 0x0000, 0x0000, 0x0000, 0x0000, 0x0000,
  0x0000, 0x0000, 0x0000, 0x0000, 0x0000, 0x0000, 0x0000, 0x0000, 0x0000, 0x0000, 0x0000, 0x0000,
  0x0000, 0x0000, 0x0000, 0x0000, 0x0000, 0x0000, 0x0000, 0x0000, 0x0000, 0x0000, 0x0000, 0x0000,
  0x0000, 0x0000, 0x0000, 0x0000, 0x0000, 0x0000, 0x0000, 0x0000, 0x0000, 0x0000, 0x0000, 0x0000,
  0x0000, 0x0000, 0x0000, 0x0000, 0x0000, 0x0000, 0x0000, 0x0000, 0x0000, 0x0000, 0x0000, 0x0000,
  0x0000, 0x0000, 0x0000, 0x0000, 0x0000, 0x0000, 0x52AA, 0x8410, 0x8410, 0x632C, 0x18C3, 0x18E3,
  0x18E3, 0x39C7, 0x4208, 0x39E8, 0x82A7, 0xBB47, 0xB307, 0xAAE6, 0x8A85, 0x8A85, 0x8A85, 0x8285,
  0x8A85, 0x8265, 0xAB27, 0xDC09, 0xD3C9, 0xD3C9, 0xF570, 0xFDD2, 0xFDB1, 0xFDB1, 0xFDF3, 0xFDF3,
  0xFE14, 0xE4AD, 0xCB87, 0xCBC8, 0xCBA8, 0xECED, 0xF52E, 0xF50E, 0xF570, 0xFDD2, 0xFDB2, 0xFDD2,
  0xFE76, 0xFE96, 0xFE96, 0xFE97, 0xFE97, 0xFE97, 0xFE76, 0xFDB1, 0xFDB1, 0xFD91, 0xF50E, 0xF4AC,
  0xF4CC, 0xEC6B, 0xDBE9, 0xDBE9, 0xE409, 0xC367, 0xB306, 0xB327, 0xA2E6, 0x8A85, 0x8A85, 0x8A85,
  0xC367, 0xD3A8, 0xDBE8, 0xA2E6, 0x0000, 0x0000, 0x0000, 0x0000, 0x0000, 0x0000, 0x0000, 0x0000,
  0x0000, 0x0000, 0x0000, 0x0000, 0x0000, 0x0000, 0x0000, 0x0000, 0x0000, 0x0000, 0x0000, 0x0000,
  0x0000, 0x0000, 0x0000, 0x0000, 0x0000, 0x0000, 0x0000, 0x0000, 0x0000, 0x0000, 0x0000, 0x0000,
  0x0000, 0x0000, 0x0000, 0x0000, 0x0000, 0x0000, 0x0000, 0x0000, 0x0000, 0x0000, 0x0000, 0x0000,
  0x0000, 0x0000, 0x0000, 0x0000, 0x0000, 0x0000, 0x0000, 0x0000, 0x0000, 0x0000, 0x0000, 0x0000,
  0x0000, 0x0000, 0x0000, 0x0000, 0x0000, 0x0000, 0x0000, 0x0000, 0x0000, 0x52AA, 0x8410, 0x8410,
  0x630C, 0x10A2, 0x18E3, 0x18E3, 0x39C7, 0x4208, 0x31C7, 0x82A7, 0xBB47, 0xB327, 0xAB07, 0x8A85,
  0x8A85, 0x8A85, 0x8265, 0x8A85, 0x7A65, 0xAB06, 0xDBC8, 0xD388, 0xD3A8, 0xF550, 0xFD91, 0xF570,
  0xF5B1, 0xFE14, 0xFDF3, 0xFE34, 0xDC8D, 0xC346, 0xCB67, 0xCB67, 0xECCD, 0xF52E, 0xF50E, 0xF54F,
  0xFDD2, 0xFDD2, 0xFDD2, 0xFE76, 0xFE76, 0xFE76, 0xFE76, 0xFE76, 0xFE76, 0xFE56, 0xFD90, 0xF570,
  0xF591, 0xF50E, 0xEC8B, 0xEC8B, 0xEC6B, 0xDBC8, 0xDBC8, 0xDBE9, 0xC367, 0xAAE6, 0xB306, 0xA2E6,
  0x8265, 0x8285, 0x8265, 0xC388, 0xDBE8, 0xDBE9, 0xA2E6, 0x0000, 0x0000, 0x0000, 0x0000, 0x0000,
  0x0000, 0x0000, 0x0000, 0x0000, 0x0000, 0x0000, 0x0000, 0x0000, 0x0000, 0x0000, 0x0000, 0x0000,
  0x0000, 0x0000, 0x0000, 0x0000, 0x0000, 0x0000, 0x0000, 0x0000, 0x0000, 0x0000, 0x0000, 0x0000,
  0x0000, 0x0000, 0x0000, 0x0000, 0x0000, 0x0000, 0x0000, 0x0000, 0x0000, 0x0000, 0x0000, 0x0000,
  0x0000, 0x0000, 0x0000, 0x0000, 0x0000, 0x0000, 0x0000, 0x0000, 0x0000, 0x0000, 0x0000, 0x0000,
  0x0000, 0x0000, 0x0000, 0x0000, 0x0000, 0x0000, 0x0000, 0x0000, 0x0000, 0x0000, 0x0000, 0x0000,
  0x52AA, 0x8410, 0x83F0, 0x5AEB, 0x18C3, 0x18E3, 0x18E3, 0x39E7, 0x4208, 0x3A08, 0x8AE8, 0xC347,
  0xC347, 0xB327, 0x8265, 0x8285, 0x8A85, 0x8A85, 0x8A85, 0x8265, 0xAB06, 0xE3C8, 0xDBC8, 0xDBC8,
  0xFD70, 0xFDD2, 0xFDD2, 0xFDF3, 0xFE34, 0xFE34, 0xFE76, 0xE4CE, 0xCB46, 0xCB88, 0xCB87, 0xECCD,
  0xFD4F, 0xF52E, 0xFD70, 0xFDF3, 0xFDF3, 0xFDF3, 0xFEB7, 0xFEB8, 0xFEB8, 0xFEB8, 0xFEB7, 0xFEB8,
  0xFEB7, 0xFDB1, 0xFDB1, 0xFDB2, 0xF50E, 0xEC8B, 0xF4AC, 0xEC8B, 0xE409, 0xDBE9, 0xE409, 0xCB87,
  0xAAE6, 0xB327, 0xAB06, 0x8265, 0x8265, 0x8A85, 0xC367, 0xD387, 0xDBC8, 0xA2A5, 0x0000, 0x0000,
  0x0000, 0x0000, 0x0000, 0x0000, 0x0000, 0x0000, 0x0000, 0x0000, 0x0000, 0x0000, 0x0000, 0x0000,
  0x0000, 0x0000, 0x0000, 0x0000, 0x0000, 0x0000, 0x0000, 0x0000, 0x0000, 0x0000, 0x0000, 0x0000,
  0x0000, 0x0000, 0x0000, 0x0000, 0x0000, 0x0000, 0x0000, 0x0000, 0x0000, 0x0000, 0x0000, 0x0000,
  0x0000, 0x0000, 0x0000, 0x0000, 0x0000, 0x0000, 0x0000, 0x0000, 0x0000, 0x0000, 0x0000, 0x0000,
  0x0000, 0x0000, 0x0000, 0x0000, 0x0000, 0x0000, 0x0000, 0x0000, 0x0000, 0x0000, 0x0000, 0x0000,
  0x0000, 0x0000, 0x0000, 0x52AA, 0x8410, 0x83EF, 0x5AEB, 0x0841, 0x1082, 0x1082, 0x2124, 0x2124,
  0x2145, 0x51E6, 0x7267, 0x6A67, 0x7A87, 0x9AC6, 0x9AC6, 0x9AC6, 0x8A85, 0x8A85, 0x8265, 0x9AC6,
  0xB306, 0xAB06, 0xAB06, 0xBBEA, 0xC42B, 0xC40B, 0xCC6C, 0xE4CE, 0xE4CE, 0xE50F, 0xD42B, 0xCB67,
  0xCB88, 0xCB87, 0xE44A, 0xE48B, 0xE46B, 0xECAD, 0xECEE, 0xECEE, 0xECEE, 0xED50, 0xED50, 0xED50,
  0xED50, 0xED50, 0xED50, 0xED30, 0xE4AD, 0xE4AD, 0xE4AD, 0xE46B, 0xE409, 0xE42A, 0xDC09, 0xBB47,
  0xB327, 0xBB47, 0xA306, 0x92A6, 0x9AC6, 0x92A5, 0x8A65, 0x8A85, 0x8265, 0xD46C, 0xECCD, 0xECEE,
  0xB3CB, 0x0000, 0x0000, 0x0000, 0x0000, 0x0000, 0x0000, 0x0000, 0x0000, 0x0000, 0x0000, 0x0000,
  0x0000, 0x0000, 0x0000, 0x0000, 0x0000, 0x0000, 0x0000, 0x0000, 0x0000, 0x0000, 0x0000, 0x0000,
  0x0000, 0x0000, 0x0000, 0x0000, 0x0000, 0x0000, 0x0000, 0x0000, 0x0000, 0x0000, 0x0000, 0x0000,
  0x0000, 0x0000, 0x0000, 0x0000, 0x0000, 0x0000, 0x0000, 0x0000, 0x0000, 0x0000, 0x0000, 0x0000,
  0x0000, 0x0000, 0x0000, 0x0000, 0x0000, 0x0000, 0x0000, 0x0000, 0x0000, 0x0000, 0x0000, 0x0000,
  0x0000, 0x0000, 0x0000, 0x0000, 0x0000, 0x0000, 0x52AA, 0x8410, 0x7BEF, 0x5AEB, 0x0000, 0x0020,
  0x0020, 0x1082, 0x10A2, 0x1082, 0x2124, 0x31C7, 0x29A7, 0x49E7, 0xB306, 0xAB06, 0xAB06, 0x9286,
  0x8265, 0x8A85, 0x8265, 0x8265, 0x8265, 0x8265, 0x8245, 0x8245, 0x7A44, 0x9285, 0xBB26, 0xBB27,
  0xBB26, 0xC347, 0xCB88, 0xCB87, 0xCB88, 0xCB87, 0xCB87, 0xCB87, 0xCB87, 0xCB87, 0xCB87, 0xCB87,
  0xCB67, 0xCB67, 0xCB87, 0xCB87, 0xCB87, 0xCB67, 0xCB67, 0xCB87, 0xCB87, 0xCB87, 0xD388, 0xD3A8,
  0xD3A8, 0xC388, 0x8265, 0x8265, 0x8A85, 0x8265, 0x8265, 0x8265, 0x8265, 0x8A85, 0x8A85, 0x8265,
  0xE551, 0xFE55, 0xFE75, 0xC4D0, 0x0000, 0x0000, 0x0000, 0x0000, 0x0000, 0x0000, 0x0000, 0x0000,
  0x0000, 0x0000, 0x0000, 0x0000, 0x0000, 0x0000, 0x0000, 0x0000, 0x0000, 0x0000, 0x0000, 0x0000,
  0x0000, 0x0000, 0x0000, 0x0000, 0x0000, 0x0000, 0x0000, 0x0000, 0x0000, 0x0000, 0x0000, 0x0000,
  0x0000, 0x0000, 0x0000, 0x0000, 0x0000, 0x0000, 0x0000, 0x0000, 0x0000, 0x0000, 0x0000, 0x0000,
  0x0000, 0x0000, 0x0000, 0x0000, 0x0000, 0x0000, 0x0000, 0x0000, 0x0000, 0x0000, 0x0000, 0x0000,
  0x0000, 0x0000, 0x0000, 0x0000, 0x0000, 0x0000, 0x0000, 0x0000, 0x0000, 0x52AA, 0x8410, 0x83EF,
  0x5ACB, 0x0000, 0x0020, 0x0020, 0x10A2, 0x18C3, 0x10A2, 0x2965, 0x4208, 0x39C7, 0x5227, 0xB306,
  0xB306, 0xAB06, 0x9286, 0x8A65, 0x8A85, 0x8A85, 0x8A85, 0x8A85, 0x8A85, 0x8A86, 0x8A86, 0x8286,
  0x9AC6, 0xC388, 0xC368, 0xC367, 0xCB87, 0xCB87, 0xCB88, 0xCB88, 0xD3A8, 0xD3A8, 0xD3A8, 0xD3A8,
  0xD3A8, 0xD3C8, 0xD3C8, 0xD3C8, 0xD3C8, 0xD3C8, 0xD3C8, 0xD3C8, 0xD3C8, 0xD3A8, 0xD3A8, 0xD3A8,
  0xD3A8, 0xD3A8, 0xD3A8, 0xD3C8, 0xC388, 0x8A85, 0x8A85, 0x8A85, 0x8285, 0x8265, 0x8265, 0x8265,
  0x8A65, 0x8A65, 0x8A65, 0xE550, 0xFE34, 0xFE55, 0xBCAF, 0x0000, 0x0000, 0x0000, 0x0000, 0x0000,
  0x0000, 0x0000, 0x0000, 0x0000, 0x0000, 0x0000, 0x0000, 0x0000, 0x0000, 0x0000, 0x0000, 0x0000,
  0x0000, 0x0000, 0x0000, 0x0000, 0x0000, 0x0000, 0x0000, 0x0000, 0x0000, 0x0000, 0x0000, 0x0000,
  0x0000, 0x0000, 0x0000, 0x0000, 0x0000, 0x0000, 0x0000, 0x0000, 0x0000, 0x0000, 0x0000, 0x0000,
  0x0000, 0x0000, 0x0000, 0x0000, 0x0000, 0x0000, 0x0000, 0x0000, 0x0000, 0x0000, 0x0000, 0x0000,
  0x0000, 0x0000, 0x0000, 0x0000, 0x0000, 0x0000, 0x0000, 0x0000, 0x0000, 0x0000, 0x0000, 0x0000,
  0x52AA, 0x8410, 0x7BEF, 0x5AEB, 0x0841, 0x1082, 0x1082, 0x10A2, 0x1082, 0x1082, 0x2124, 0x3186,
  0x2986, 0x49E6, 0xA2C6, 0xA2C6, 0xA2C6, 0x9285, 0x8A85, 0x8A85, 0x8265, 0x8265, 0x8265, 0x8265,
  0x8285, 0x8A85, 0x8285, 0x9AC6, 0xC367, 0xBB47, 0xBB47, 0xC367, 0xCB87, 0xCB87, 0xCB87, 0xCB88,
  0xD388, 0xD388, 0xD3A8, 0xD3A8, 0xD3A8, 0xCBA8, 0xCBA8, 0xCBA8, 0xCBA8, 0xCBA8, 0xCBA8, 0xCBA8,
  0xCBA8, 0xCBA8, 0xCBA8, 0xCBA8, 0xCB88, 0xCB88, 0xD3A8, 0xC368, 0x8A85, 0x8A85, 0x8A85, 0x8A85,
  0x92A6, 0x92A6, 0x92A6, 0x9AE7, 0x9B07, 0x9AE7, 0xE591, 0xFE34, 0xFE55, 0xBCAF, 0x0000, 0x0000,
  0x0000, 0x0000, 0x0000, 0x0000, 0x0000, 0x0000, 0x0000, 0x0000, 0x0000, 0x0000, 0x0000, 0x0000,
  0x0000, 0x0000, 0x0000, 0x0000, 0x0000, 0x0000, 0x0000, 0x0000, 0x0000, 0x0000, 0x0000, 0x0000,
  0x0000, 0x0000, 0x0000, 0x0000, 0x0000, 0x0000, 0x0000, 0x0000, 0x0000, 0x0000, 0x0000, 0x0000,
  0x0000, 0x0000, 0x0000, 0x0000, 0x0000, 0x0000, 0x0000, 0x0000, 0x0000, 0x0000, 0x0000, 0x0000,
  0x0000, 0x0000, 0x0000, 0x0000, 0x0000, 0x0000, 0x0000, 0x0000, 0x0000, 0x0000, 0x0000, 0x0000,
  0x0000, 0x0000, 0x0000, 0x528A, 0x8410, 0x7BEF, 0x632C, 0x3186, 0x31A6, 0x31A6, 0x0861, 0x0020,
  0x0020, 0x0000, 0x0000, 0x0000, 0x1881, 0x6A04, 0x6A04, 0x6A04, 0x8265, 0x8A85, 0x8A65, 0x8A85,
  0x8A85, 0x8265, 0x8265, 0x8265, 0x8A85, 0x8A85, 0x8A85, 0x8A85, 0x8A85, 0x8A85, 0x8AA6, 0x92A5,
  0x9285, 0x92A5, 0x92A5, 0x92A5, 0x92A5, 0x92A6, 0x92A6, 0x92A6, 0x92A6, 0x92A6, 0x92A6, 0x92A6,
  0x92A6, 0x92A5, 0x92A6, 0x92A5, 0x92A5, 0x92A5, 0x92A6, 0x92A5, 0x92A5, 0x92A6, 0x92A6, 0x8A85,
  0x8A85, 0x8265, 0xB306, 0xD387, 0xCB67, 0xD3EA, 0xF5B2, 0xF591, 0xF591, 0xF5F3, 0xF614, 0xFE75,
  0xBCAF, 0x0000, 0x0000, 0x0000, 0x0000, 0x0000, 0x0000, 0x0000, 0x0000, 0x0000, 0x0000, 0x0000,
  0x0000, 0x0000, 0x0000, 0x0000, 0x0000, 0x0000, 0x0000, 0x0000, 0x0000, 0x0000, 0x0000, 0x0000,
  0x0000, 0x0000, 0x0000, 0x0000, 0x0000, 0x0000, 0x0000, 0x0000, 0x0000, 0x0000, 0x0000, 0x0000,
  0x0000, 0x0000, 0x0000, 0x0000, 0x0000, 0x0000, 0x0000, 0x0000, 0x0000, 0x0000, 0x0000, 0x0000,
  0x0000, 0x0000, 0x0000, 0x0000, 0x0000, 0x0000, 0x0000, 0x0000, 0x0000, 0x0000, 0x0000, 0x0000,
  0x0000, 0x0000, 0x0000, 0x0000, 0x0000, 0x0000, 0x528A, 0x83F0, 0x7BEF, 0x6B4D, 0x3186, 0x31A6,
  0x31A6, 0x0861, 0x0020, 0x0840, 0x0000, 0x0000, 0x0000, 0x1061, 0x7224, 0x6A04, 0x6A04, 0x8265,
  0x8A85, 0x8A85, 0x8265, 0x8265, 0x8265, 0x8265, 0x8265, 0x8265, 0x8265, 0x8265, 0x8265, 0x8265,
  0x8265, 0x8265, 0x8265, 0x8265, 0x8265, 0x8265, 0x8A65, 0x8265, 0x8A65, 0x8A85, 0x8A85, 0x8A85,
  0x8A85, 0x8A85, 0x8A85, 0x8A85, 0x8A85, 0x8A85, 0x8A85, 0x8A85, 0x8A85, 0x8A85, 0x8A85, 0x8A85,
  0x8A85, 0x8A85, 0x8A85, 0x8A85, 0x8265, 0xB327, 0xD3A8, 0xCB87, 0xDC0A, 0xFDD2, 0xFDD2, 0xFDB2,
  0xFE13, 0xF614, 0xFE75, 0xBCAF, 0x0000, 0x0000, 0x0000, 0x0000, 0x0000, 0x0000, 0x0000, 0x0000,
  0x0000, 0x0000, 0x0000, 0x0000, 0x0000, 0x0000, 0x0000, 0x0000, 0x0000, 0x0000, 0x0000, 0x0000,
  0x0000, 0x0000, 0x0000, 0x0000, 0x0000, 0x0000, 0x0000, 0x0000, 0x0000, 0x0000, 0x0000, 0x0000,
  0x0000, 0x0000, 0x0000, 0x0000, 0x0000, 0x0000, 0x0000, 0x0000, 0x0000, 0x0000, 0x0000, 0x0000,
  0x0000, 0x0000, 0x0000, 0x0000, 0x0000, 0x0000, 0x0000, 0x0000, 0x0000, 0x0000, 0x0000, 0x0000,
  0x0000, 0x0000, 0x0000, 0x0000, 0x0000, 0x0000, 0x0000, 0x0000, 0x0000, 0x528A, 0x8410, 0x7BEF,
  0x6B4D, 0x3186, 0x31A6, 0x31A6, 0x0861, 0x0020, 0x0820, 0x0000, 0x0000, 0x0000, 0x1040, 0x7204,
  0x7204, 0x6A04, 0x8A85, 0x92A5, 0x92A5, 0x92A6, 0x92A6, 0x92A6, 0x92A6, 0x8A85, 0x8A85, 0x9285,
  0x92A6, 0x92A6, 0x92A6, 0x92A6, 0x92A6, 0x92A6, 0x92A6, 0x92A6, 0x92A6, 0x92A6, 0x92A6, 0x92A6,
  0x92A6, 0x92C6, 0x9AC6, 0x92A6, 0x92A6, 0x9AC6, 0x92A5, 0x8A85, 0x8A85, 0x8A85, 0x8A85, 0x8A85,
  0x8A85, 0x8A85, 0x8A85, 0x8A86, 0x8A85, 0x8265, 0x8265, 0x7A45, 0xAAE6, 0xD387, 0xCB46, 0xD3C9,
  0xFDD2, 0xFDD2, 0xFDD2, 0xFE14, 0xFE35, 0xFE95, 0xBCAF, 0x0000, 0x0000, 0x0000, 0x0000, 0x0000,
  0x0000, 0x0000, 0x0000, 0x0000, 0x0000, 0x0000, 0x0000, 0x0000, 0x0000, 0x0000, 0x0000, 0x0000,
  0x0000, 0x0000, 0x0000, 0x0000, 0x0000, 0x0000, 0x0000, 0x0000, 0x0000, 0x0000, 0x0000, 0x0000,
  0x0000, 0x0000, 0x0000, 0x0000, 0x0000, 0x0000, 0x0000, 0x0000, 0x0000, 0x0000, 0x0000, 0x0000,
  0x0000, 0x0000, 0x0000, 0x0000, 0x0000, 0x0000, 0x0000, 0x0000, 0x0000, 0x0000, 0x0000, 0x0000,
  0x0000, 0x0000, 0x0000, 0x0000, 0x0000, 0x0000, 0x0000, 0x0000, 0x0000, 0x0000, 0x0000, 0x0000,
  0x528A, 0x7BCF, 0x7BAE, 0x630C, 0x3186, 0x31A6, 0x31A6, 0x0861, 0x0841, 0x0840, 0x10A2, 0x18E3,
  0x18C3, 0x2924, 0x5A47, 0x5A47, 0x5A47, 0x51E5, 0x51A4, 0x51C5, 0x51A4, 0x4963, 0x4963, 0x4163,
  0x4963, 0x4984, 0x4984, 0x4963, 0x4943, 0x4943, 0x4943, 0x4963, 0x4963, 0x4943, 0x4943, 0x4963,
  0x4963, 0x4963, 0x4963, 0x4963, 0x4963, 0x4963, 0x5183, 0x5183, 0x5184, 0x7225, 0x8A86, 0x8A85,
  0x8A85, 0x8A85, 0x8A65, 0x8A85, 0x8A85, 0x8A85, 0x8A86, 0x8A86, 0xAB07, 0xB327, 0xAAE6, 0xCC2B,
  0xED50, 0xE50F, 0xED50, 0xFE14, 0xFE13, 0xFDF3, 0xF5B1, 0xF570, 0xFDD1, 0xBC4D, 0x0000, 0x0000,
  0x0000, 0x0000, 0x0000, 0x0000, 0x0000, 0x0000, 0x0000, 0x0000, 0x0000, 0x0000, 0x0000, 0x0000,
  0x0000, 0x0000, 0x0000, 0x0000, 0x0000, 0x0000, 0x0000, 0x0000, 0x0000, 0x0000, 0x0000, 0x0000,
  0x0000, 0x0000, 0x0000, 0x0000, 0x0000, 0x0000, 0x0000, 0x0000, 0x0000, 0x0000, 0x0000, 0x0000,
  0x0000, 0x0000, 0x0000, 0x0000, 0x0000, 0x0000, 0x0000, 0x0000, 0x0000, 0x0000, 0x0000, 0x0000,
  0x0000, 0x0000, 0x0000, 0x0000, 0x0000, 0x0000, 0x0000, 0x0000, 0x0000, 0x0000, 0x0000, 0x0000,
  0x0000, 0x0000, 0x0000, 0x5249, 0x7B6E, 0x734E, 0x62EC, 0x3186, 0x31A6, 0x31A6, 0x0861, 0x0841,
  0x0841, 0x2124, 0x39C7, 0x3186, 0x39E7, 0x4A6A, 0x4A69, 0x4A8A, 0x2965, 0x10C3, 0x1904, 0x10A2,
  0x0020, 0x0041, 0x0041, 0x0862, 0x0862, 0x0882, 0x0041, 0x0000, 0x0000, 0x0000, 0x0000, 0x0000,
  0x0000, 0x0000, 0x0000, 0x0000, 0x0000, 0x0000, 0x0000, 0x0000, 0x0000, 0x0041, 0x0861, 0x0021,
  0x4983, 0x92A6, 0x8285, 0x8A85, 0x8A85, 0x8A85, 0x8A85, 0x8A85, 0x8A85, 0x8A85, 0x92A6, 0xD3A8,
  0xD3C8, 0xD387, 0xED50, 0xFEB7, 0xFE76, 0xFE56, 0xFE55, 0xFE55, 0xFE55, 0xF52F, 0xF4CC, 0xFD2E,
  0xBBCA, 0x0000, 0x0000, 0x0000, 0x0000, 0x0000, 0x0000, 0x0000, 0x0000, 0x0000, 0x0000, 0x0000,
  0x0000, 0x0000, 0x0000, 0x0000, 0x0000, 0x0000, 0x0000, 0x0000, 0x0000, 0x0000, 0x0000, 0x0000,
  0x0000, 0x0000, 0x0000, 0x0000, 0x0000, 0x0000, 0x0000, 0x0000, 0x0000, 0x0000, 0x0000, 0x0000,
  0x0000, 0x0000, 0x0000, 0x0000, 0x0000, 0x0000, 0x0000, 0x0000, 0x0000, 0x0000, 0x0000, 0x0000,
  0x0000, 0x0000, 0x0000, 0x0000, 0x0000, 0x0000, 0x0000, 0x0000, 0x0000, 0x0000, 0x0000, 0x0000,
  0x0000, 0x0000, 0x0000, 0x0000, 0x0000, 0x0000, 0x5249, 0x7B8E, 0x736E, 0x62CC, 0x3186, 0x31A6,
  0x31A6, 0x1082, 0x0841, 0x0841, 0x2104, 0x31A6, 0x3186, 0x39C7, 0x4A49, 0x4A49, 0x5289, 0x2965,
  0x20E3, 0x2124, 0x18C2, 0x0841, 0x0861, 0x0861, 0x10A2, 0x10A2, 0x18A2, 0x0861, 0x0000, 0x0000,
  0x0000, 0x0000, 0x0000, 0x0000, 0x0000, 0x0000, 0x0000, 0x0000, 0x0000, 0x0000, 0x0000, 0x0000,
  0x0861, 0x1081, 0x0041, 0x4983, 0x8A85, 0x8265, 0x8265, 0x8265, 0x8265, 0x8265, 0x8265, 0x8A65,
  0x8265, 0x8A85, 0xCB88, 0xD3A8, 0xCB67, 0xED2F, 0xFE76, 0xFE35, 0xFE55, 0xFE55, 0xFE55, 0xFE55,
  0xF54F, 0xF50D, 0xFD6F, 0xBBEB, 0x0000, 0x0000, 0x0000, 0x0000, 0x0000, 0x0000, 0x0000, 0x0000,
  0x0000, 0x0000, 0x0000, 0x0000, 0x0000, 0x0000, 0x0000, 0x0000, 0x0000, 0x0000, 0x0000, 0x0000,
  0x0000, 0x0000, 0x0000, 0x0000, 0x0000, 0x0000, 0x0000, 0x0000, 0x0000, 0x0000, 0x0000, 0x0000,
  0x0000, 0x0000, 0x0000, 0x0000, 0x0000, 0x0000, 0x0000, 0x0000, 0x0000, 0x0000, 0x0000, 0x0000,
  0x0000, 0x0000, 0x0000, 0x0000, 0x0000, 0x0000, 0x0000, 0x0000, 0x0000, 0x0000, 0x0000, 0x0000,
  0x0000, 0x0000, 0x0000, 0x0000, 0x0000, 0x0000, 0x0000, 0x0000, 0x0000, 0x524A, 0x736E, 0x734D,
  0x62CB, 0x31A6, 0x39C7, 0x39C7, 0x1082, 0x0841, 0x0841, 0x2104, 0x31A6, 0x3186, 0x39C7, 0x528A,
  0x4A69, 0x5269, 0x3186, 0x2124, 0x2124, 0x18E3, 0x0861, 0x0861, 0x0861, 0x1082, 0x10A2, 0x10A2,
  0x0841, 0x0000, 0x0000, 0x0000, 0x0000, 0x0000, 0x0000, 0x0000, 0x0000, 0x0000, 0x0000, 0x0000,
  0x0000, 0x0000, 0x0020, 0x1082, 0x18A2, 0x1082, 0x59C4, 0x92A6, 0x8A85, 0x8AA6, 0x92C7, 0x92C7,
  0x92E7, 0x92C7, 0x92A6, 0x92C6, 0x9AC7, 0xD3A8, 0xDC09, 0xD3C8, 0xED30, 0xFE75, 0xFE35, 0xFE55,
  0xFE55, 0xFE55, 0xFE55, 0xF52F, 0xF4ED, 0xFD2E, 0xBBCA, 0x0000, 0x0000, 0x0000, 0x0000, 0x0000,
  0x0000, 0x0000, 0x0000, 0x0000, 0x0000, 0x0000, 0x0000, 0x0000, 0x0000, 0x0000, 0x0000, 0x0000,
  0x0000, 0x0000, 0x0000, 0x0000, 0x0000, 0x0000, 0x0000, 0x0000, 0x0000, 0x0000, 0x0000, 0x0000,
  0x0000, 0x0000, 0x0000, 0x0000, 0x0000, 0x0000, 0x0000, 0x0000, 0x0000, 0x0000, 0x0000, 0x0000,
  0x0000, 0x0000, 0x0000, 0x0000, 0x0000, 0x0000, 0x0000, 0x0000, 0x0000, 0x0000, 0x0000, 0x0000,
  0x0000, 0x0000, 0x0000, 0x0000, 0x0000, 0x0000, 0x0000, 0x0000, 0x0000, 0x0000, 0x0000, 0x0000,
  0x2965, 0x41E7, 0x31A6, 0x4228, 0x5ACB, 0x52AA, 0x52AA, 0x10A2, 0x0841, 0x0841, 0x2104, 0x39C7,
  0x3186, 0x4208, 0x73AE, 0x6B6D, 0x738E, 0x4A6A, 0x39E7, 0x39E7, 0x39C7, 0x2124, 0x2124, 0x2124,
  0x1082, 0x0861, 0x0861, 0x0861, 0x0861, 0x0861, 0x0861, 0x0861, 0x0861, 0x0841, 0x0861, 0x0861,
  0x0861, 0x0861, 0x0841, 0x0861, 0x0841, 0x1061, 0x7204, 0x8245, 0x7225, 0xAAE6, 0xD3A8, 0xCB67,
  0xCBC9, 0xF676, 0xF697, 0xF6B8, 0xF5F3, 0xF50E, 0xF52F, 0xF550, 0xF570, 0xF570, 0xF570, 0xF570,
  0xFD70, 0xFD70, 0xFDB2, 0xFE76, 0xFE55, 0xFE76, 0xDC2B, 0xCB67, 0xD3A8, 0xA2C6, 0x0000, 0x0000,
  0x0000, 0x0000, 0x0000, 0x0000, 0x0000, 0x0000, 0x0000, 0x0000, 0x0000, 0x0000, 0x0000, 0x0000,
  0x0000, 0x0000, 0x0000, 0x0000, 0x0000, 0x0000, 0x0000, 0x0000, 0x0000, 0x0000, 0x0000, 0x0000,
  0x0000, 0x0000, 0x0000, 0x0000, 0x0000, 0x0000, 0x0000, 0x0000, 0x0000, 0x0000, 0x0000, 0x0000,
  0x0000, 0x0000, 0x0000, 0x0000, 0x0000, 0x0000, 0x0000, 0x0000, 0x0000, 0x0000, 0x0000, 0x0000,
  0x0000, 0x0000, 0x0000, 0x0000, 0x0000, 0x0000, 0x0000, 0x0000, 0x0000, 0x0000, 0x0000, 0x0000,
  0x0000, 0x0000, 0x0000, 0x2104, 0x31A6, 0x2985, 0x39E7, 0x5AEB, 0x5ACB, 0x5ACB, 0x1082, 0x0841,
  0x0841, 0x2104, 0x39C7, 0x3186, 0x4208, 0x738E, 0x738E, 0x738E, 0x4A69, 0x39E7, 0x4208, 0x39C7,
  0x2124, 0x2945, 0x2945, 0x1082, 0x0841, 0x0861, 0x0861, 0x0861, 0x0861, 0x0861, 0x0861, 0x0861,
  0x0861, 0x0861, 0x0861, 0x1061, 0x1061, 0x1061, 0x1081, 0x0861, 0x1082, 0x7A45, 0x8A85, 0x8265,
  0xAB07, 0xD3C8, 0xD3A8, 0xD3E9, 0xFEB7, 0xFED8, 0xFED9, 0xFDF3, 0xF54F, 0xF570, 0xF570, 0xF591,
  0xF591, 0xF591, 0xFD70, 0xFD70, 0xF570, 0xFDB1, 0xFE76, 0xFE76, 0xFE96, 0xD3EA, 0xC326, 0xD3A8,
  0x9AA6, 0x0000, 0x0000, 0x0000, 0x0000, 0x0000, 0x0000, 0x0000, 0x0000, 0x0000, 0x0000, 0x0000,
  0x0000, 0x0000, 0x0000, 0x0000, 0x0000, 0x0000, 0x0000, 0x0000, 0x0000, 0x0000, 0x0000, 0x0000,
  0x0000, 0x0000, 0x0000, 0x0000, 0x0000, 0x0000, 0x0000, 0x0000, 0x0000, 0x0000, 0x0000, 0x0000,
  0x0000, 0x0000, 0x0000, 0x0000, 0x0000, 0x0000, 0x0000, 0x0000, 0x0000, 0x0000, 0x0000, 0x0000,
  0x0000, 0x0000, 0x0000, 0x0000, 0x0000, 0x0000, 0x0000, 0x0000, 0x0000, 0x0000, 0x0000, 0x0000,
  0x0000, 0x0000, 0x0000, 0x0000, 0x0000, 0x0000, 0x2124, 0x39C7, 0x31A6, 0x39E7, 0x5ACB, 0x5ACB,
  0x5ACB, 0x1082, 0x0841, 0x0841, 0x2124, 0x39C7, 0x3186, 0x4208, 0x73AE, 0x738E, 0x73AE, 0x4A49,
  0x39C7, 0x39E7, 0x3186, 0x2124, 0x2945, 0x2944, 0x1082, 0x0841, 0x0861, 0x0861, 0x0861, 0x0861,
  0x0861, 0x0861, 0x0041, 0x0841, 0x0041, 0x0041, 0x0041, 0x0861, 0x0041, 0x0041, 0x0041, 0x0882,
  0x7204, 0x7A24, 0x7204, 0xAAE6, 0xD387, 0xCB46, 0xD3C9, 0xFEF9, 0xFEF9, 0xFF1A, 0xFE55, 0xFD90,
  0xFDB1, 0xFDB1, 0xFDB1, 0xFDB2, 0xFDB2, 0xFD91, 0xFD70, 0xFD70, 0xFDB2, 0xFE97, 0xFE76, 0xFE76,
  0xD40A, 0xCB47, 0xDBA8, 0xA2A6, 0x0000, 0x0000, 0x0000, 0x0000, 0x0000, 0x0000, 0x0000, 0x0000,
  0x0000, 0x0000, 0x0000, 0x0000, 0x0000, 0x0000, 0x0000, 0x0000, 0x0000, 0x0000, 0x0000, 0x0000,
  0x0000, 0x0000, 0x0000, 0x0000, 0x0000, 0x0000, 0x0000, 0x0000, 0x0000, 0x0000, 0x0000, 0x0000,
  0x0000, 0x0000, 0x0000, 0x0000, 0x0000, 0x0000, 0x0000, 0x0000, 0x0000, 0x0000, 0x0000, 0x0000,
  0x0000, 0x0000, 0x0000, 0x0000, 0x0000, 0x0000, 0x0000, 0x0000, 0x0000, 0x0000, 0x0000, 0x0000,
  0x0000, 0x0000, 0x0000, 0x0000, 0x0000, 0x0000, 0x0000, 0x0000, 0x0000, 0x18E3, 0x2965, 0x2104,
  0x31A6, 0x5AEB, 0x5ACB, 0x5ACB, 0x1082, 0x0841, 0x0841, 0x2124, 0x39C7, 0x3186, 0x4208, 0x736D,
  0x6B4D, 0x6B4D, 0x630C, 0x5ACB, 0x630C, 0x528A, 0x2965, 0x3186, 0x3186, 0x18C3, 0x1082, 0x1082,
  0x1082, 0x1082, 0x10A2, 0x10A2, 0x20E2, 0x3923, 0x3923, 0x3923, 0x3923, 0x4143, 0x3943, 0x4163,
  0x59A4, 0x59C4, 0x61E4, 0xB389, 0xBBEA, 0xB3CA, 0xD4AE, 0xE550, 0xE50F, 0xE510, 0xED71, 0xED51,
  0xED71, 0xDCEF, 0xCC2B, 0xC42B, 0xCC6C, 0xECEE, 0xF50E, 0xED0E, 0xF52E, 0xF52F, 0xF52E, 0xF570,
  0xFE14, 0xFDF3, 0xFDF3, 0xC3A9, 0xBB26, 0xC367, 0x8A65, 0x0000, 0x0000, 0x0000, 0x0000, 0x0000,
  0x0000, 0x0000, 0x0000, 0x0000, 0x0000, 0x0000, 0x0000, 0x0000, 0x0000, 0x0000, 0x0000, 0x0000,
  0x0000, 0x0000, 0x0000, 0x0000, 0x0000, 0x0000, 0x0000, 0x0000, 0x0000, 0x0000, 0x0000, 0x0000,
  0x0000, 0x0000, 0x0000, 0x0000, 0x0000, 0x0000, 0x0000, 0x0000, 0x0000, 0x0000, 0x0000, 0x0000,
  0x0000, 0x0000, 0x0000, 0x0000, 0x0000, 0x0000, 0x0000, 0x0000, 0x0000, 0x0000, 0x0000, 0x0000,
  0x0000, 0x0000, 0x0000, 0x0000, 0x0000, 0x0000, 0x0000, 0x0000, 0x0000, 0x0000, 0x0000, 0x0000,
  0x1082, 0x18C3, 0x1082, 0x2965, 0x630C, 0x5AEB, 0x5ACB, 0x10A2, 0x0841, 0x0841, 0x2124, 0x39C7,
  0x31A6, 0x41E7, 0x62EC, 0x62EC, 0x62CB, 0x7BCF, 0x8411, 0x8431, 0x736E, 0x39C6, 0x39C7, 0x39C7,
  0x2104, 0x18E3, 0x18E3, 0x18E3, 0x18E3, 0x18E3, 0x10C3, 0x49A4, 0x8245, 0x7A24, 0x7A45, 0x8245,
  0x8265, 0x7A45, 0x92A6, 0xC347, 0xBB47, 0xBB47, 0xFD70, 0xFDF2, 0xFDD2, 0xFE97, 0xFF3A, 0xFF1A,
  0xFEB8, 0xCB67, 0xCB67, 0xD387, 0xA2A5, 0x7A24, 0x7A24, 0x8A65, 0xDC09, 0xE42A, 0xE409, 0xEC8B,
  0xF4ED, 0xF4CD, 0xF4ED, 0xFD4F, 0xF54F, 0xFD70, 0xB348, 0x9AA5, 0xAAE6, 0x7A24, 0x0000, 0x0000,
  0x0000, 0x0000, 0x0000, 0x0000, 0x0000, 0x0000, 0x0000, 0x0000, 0x0000, 0x0000, 0x0000, 0x0000,
  0x0000, 0x0000, 0x0000, 0x0000, 0x0000, 0x0000, 0x0000, 0x0000, 0x0000, 0x0000, 0x0000, 0x0000,
  0x0000, 0x0000, 0x0000, 0x0000, 0x0000, 0x0000, 0x0000, 0x0000, 0x0000, 0x0000, 0x0000, 0x0000,
  0x0000, 0x0000, 0x0000, 0x0000, 0x0000, 0x0000, 0x0000, 0x0000, 0x0000, 0x0000, 0x0000, 0x0000,
  0x0000, 0x0000, 0x0000, 0x0000, 0x0000, 0x0000, 0x0000, 0x0000, 0x0000, 0x0000, 0x0000, 0x0000,
  0x0000, 0x0000, 0x0000, 0x1082, 0x18C3, 0x10A2, 0x3186, 0x630C, 0x5AEB, 0x5ACB, 0x10A2, 0x0841,
  0x0841, 0x2124, 0x39C7, 0x3186, 0x4208, 0x6B0C, 0x62EC, 0x630C, 0x7BAF, 0x7BF0, 0x8410, 0x6B2D,
  0x31A6, 0x39C7, 0x39C7, 0x2104, 0x18C3, 0x18E3, 0x18E3, 0x18E3, 0x18E3, 0x10C3, 0x4984, 0x7A24,
  0x7204, 0x7224, 0x7A25, 0x7A25, 0x7225, 0x9285, 0xB306, 0xAAE6, 0xAB07, 0xF570, 0xFDD2, 0xF591,
  0xFE55, 0xFEF9, 0xFED9, 0xF697, 0xD3C9, 0xD3A8, 0xDBC8, 0xAB07, 0x8265, 0x8A85, 0x92C6, 0xE42A,
  0xE44A, 0xE44A, 0xECAC, 0xF4ED, 0xF4ED, 0xF50E, 0xFD70, 0xFD70, 0xFD91, 0xBB68, 0x9AA5, 0xAAE6,
  0x8224, 0x0000, 0x0000, 0x0000, 0x0000, 0x0000, 0x0000, 0x0000, 0x0000, 0x0000, 0x0000, 0x0000,
  0x0000, 0x0000, 0x0000, 0x0000, 0x0000, 0x0000, 0x0000, 0x0000, 0x0000, 0x0000, 0x0000, 0x0000,
  0x0000, 0x0000, 0x0000, 0x0000, 0x0000, 0x0000, 0x0000, 0x0000, 0x0000, 0x0000, 0x0000, 0x0000,
  0x0000, 0x0000, 0x0000, 0x0000, 0x0000, 0x0000, 0x0000, 0x0000, 0x0000, 0x0000, 0x0000, 0x0000,
  0x0000, 0x0000, 0x0000, 0x0000, 0x0000, 0x0000, 0x0000, 0x0000, 0x0000, 0x0000, 0x0000, 0x0000,
  0x0000, 0x0000, 0x0000, 0x0000, 0x0000, 0x0000, 0x1082, 0x18E3, 0x10A2, 0x3185, 0x630C, 0x5AEB,
  0x5ACB, 0x10A2, 0x0841, 0x0841, 0x2124, 0x39C7, 0x31A6, 0x41E7, 0x62EC, 0x6B0C, 0x62EC, 0x7BAF,
  0x7BF0, 0x8411, 0x6B4D, 0x39C7, 0x39E7, 0x39C7, 0x2124, 0x18E3, 0x18E3, 0x18E3, 0x18E3, 0x18E3,
  0x10C3, 0x4984, 0x7A45, 0x7224, 0x7225, 0x7A45, 0x8245, 0x7A45, 0x9AA6, 0xBB27, 0xB307, 0xBB68,
  0xF591, 0xFDD2, 0xFD91, 0xFE55, 0xFEF9, 0xFEF9, 0xF6B7, 0xD3C9, 0xCB87, 0xD3C8, 0xAB07, 0x8265,
  0x8A85, 0x92C6, 0xE42A, 0xE44A, 0xE42A, 0xECAC, 0xF50D, 0xF4ED, 0xF50E, 0xFD90, 0xFD90, 0xFD70,
  0xB327, 0xA2A5, 0xAB06, 0x7A24, 0x0000, 0x0000, 0x0000, 0x0000, 0x0000, 0x0000, 0x0000, 0x0000,
  0x0000, 0x0000, 0x0000, 0x0000, 0x0000, 0x0000, 0x0000, 0x0000, 0x0000, 0x0000, 0x0000, 0x0000,
  0x0000, 0x0000, 0x0000, 0x0000, 0x0000, 0x0000, 0x0000, 0x0000, 0x0000, 0x0000, 0x0000, 0x0000,
  0x0000, 0x0000, 0x0000, 0x0000, 0x0000, 0x0000, 0x0000, 0x0000, 0x0000, 0x0000, 0x0000, 0x0000,
  0x0000, 0x0000, 0x0000, 0x0000, 0x0000, 0x0000, 0x0000, 0x0000, 0x0000, 0x0000, 0x0000, 0x0000,
  0x0000, 0x0000, 0x0000, 0x0000, 0x0000, 0x0000, 0x0000, 0x0000, 0x0000, 0x1082, 0x18C3, 0x10A2,
  0x2124, 0x4208, 0x4208, 0x4208, 0x0841, 0x0000, 0x0000, 0x0841, 0x10A2, 0x10A2, 0x18E3, 0x4228,
  0x4A49, 0x4228, 0x6B2D, 0x7BAF, 0x73AE, 0x738E, 0x6B4D, 0x6B4D, 0x6B6D, 0x39E7, 0x2965, 0x3185,
  0x2965, 0x2965, 0x3165, 0x2965, 0x6205, 0x9285, 0x8A65, 0x8A85, 0xB326, 0xC367, 0xBB26, 0xCBEA,
  0xF591, 0xF571, 0xF570, 0xF4ED, 0xF4ED, 0xF50E, 0xE48C, 0xCBC9, 0xD40A, 0xC3C9, 0x8A85, 0x8A65,
  0x8A85, 0xA2C6, 0xB327, 0xB307, 0xB307, 0xD3A8, 0xD3C9, 0xD3A8, 0xE46B, 0xF50D, 0xF50D, 0xE4AC,
  0xB368, 0xB368, 0xB368, 0x8265, 0x7A24, 0x8265, 0x59A3, 0x0000, 0x0000, 0x0000, 0x0000, 0x0000,
  0x0000, 0x0000, 0x0000, 0x0000, 0x0000, 0x0000, 0x0000, 0x0000, 0x0000, 0x0000, 0x0000, 0x0000,
  0x0000, 0x0000, 0x0000, 0x0000, 0x0000, 0x0000, 0x0000, 0x0000, 0x0000, 0x0000, 0x0000, 0x0000,
  0x0000, 0x0000, 0x0000, 0x0000, 0x0000, 0x0000, 0x0000, 0x0000, 0x0000, 0x0000, 0x0000, 0x0000,
  0x0000, 0x0000, 0x0000, 0x0000, 0x0000, 0x0000, 0x0000, 0x0000, 0x0000, 0x0000, 0x0000, 0x0000,
  0x0000, 0x0000, 0x0000, 0x0000, 0x0000, 0x0000, 0x0000, 0x0000, 0x0000, 0x0000, 0x0000, 0x0000,
  0x1082, 0x18C3, 0x10A2, 0x2104, 0x39C7, 0x39C7, 0x39C7, 0x0020, 0x0000, 0x0000, 0x0841, 0x1082,
  0x0841, 0x10A2, 0x4208, 0x4208, 0x39E7, 0x630C, 0x73AE, 0x738E, 0x738E, 0x738E, 0x738E, 0x73AE,
  0x4208, 0x3186, 0x31A6, 0x3186, 0x3186, 0x31A6, 0x2986, 0x6206, 0x92A5, 0x9285, 0x9285, 0xBB47,
  0xCB88, 0xC347, 0xDC4B, 0xFDF3, 0xFDD2, 0xFDB1, 0xF4ED, 0xF4CD, 0xF50D, 0xDC09, 0xC326, 0xC367,
  0xBB26, 0x8245, 0x8245, 0x7A45, 0xA2C6, 0xC347, 0xBB27, 0xBB47, 0xD3A8, 0xD3C8, 0xD3A8, 0xE48B,
  0xF4ED, 0xF4ED, 0xE48C, 0xA2C6, 0xA2C6, 0xA2E6, 0x8245, 0x6A04, 0x7224, 0x59A3, 0x0000, 0x0000,
  0x0000, 0x0000, 0x0000, 0x0000, 0x0000, 0x0000, 0x0000, 0x0000, 0x0000, 0x0000, 0x0000, 0x0000,
  0x0000, 0x0000, 0x0000, 0x0000, 0x0000, 0x0000, 0x0000, 0x0000, 0x0000, 0x0000, 0x0000, 0x0000,
  0x0000, 0x0000, 0x0000, 0x0000, 0x0000, 0x0000, 0x0000, 0x0000, 0x0000, 0x0000, 0x0000, 0x0000,
  0x0000, 0x0000, 0x0000, 0x0000, 0x0000, 0x0000, 0x0000, 0x0000, 0x0000, 0x0000, 0x0000, 0x0000,
  0x0000, 0x0000, 0x0000, 0x0000, 0x0000, 0x0000, 0x0000, 0x0000, 0x0000, 0x0000, 0x0000, 0x0000,
  0x0000, 0x0000, 0x0000, 0x1082, 0x18E3, 0x18C3, 0x2124, 0x4208, 0x39E7, 0x39C7, 0x0841, 0x0000,
  0x0000, 0x0841, 0x1082, 0x0861, 0x18C3, 0x4A29, 0x4228, 0x4208, 0x6B4D, 0x7BCF, 0x73AE, 0x73AE,
  0x73AE, 0x73AE, 0x73AE, 0x41E7, 0x3186, 0x31A6, 0x3186, 0x2986, 0x2986, 0x2166, 0x6226, 0x9285,
  0x8A85, 0x8A65, 0xBB26, 0xC367, 0xBB26, 0xDC4B, 0xFDF3, 0xFDD2, 0xFDD2, 0xFD2E, 0xFD0D, 0xFD2E,
  0xE44A, 0xD387, 0xD3A8, 0xCB87, 0x8265, 0x8245, 0x7A45, 0x9AC6, 0xBB27, 0xB327, 0xBB47, 0xD3A8,
  0xD3A8, 0xCB88, 0xEC8C, 0xFD2E, 0xFD2E, 0xECAC, 0xAAE6, 0xAB06, 0xB307, 0x8265, 0x7224, 0x8245,
  0x61C3, 0x0000, 0x0000, 0x0000, 0x0000, 0x0000, 0x0000, 0x0000, 0x0000, 0x0000, 0x0000, 0x0000,
  0x0000, 0x0000, 0x0000, 0x0000, 0x0000, 0x0000, 0x0000, 0x0000, 0x0000, 0x0000, 0x0000, 0x0000,
  0x0000, 0x0000, 0x0000, 0x0000, 0x0000, 0x0000, 0x0000, 0x0000, 0x0000, 0x0000, 0x0000, 0x0000,
  0x0000, 0x0000, 0x0000, 0x0000, 0x0000, 0x0000, 0x0000, 0x0000, 0x0000, 0x0000, 0x0000, 0x0000,
  0x0000, 0x0000, 0x0000, 0x0000, 0x0000, 0x0000, 0x0000, 0x0000, 0x0000, 0x0000, 0x0000, 0x0000,
  0x0000, 0x0000, 0x0000, 0x0000, 0x0000, 0x0000, 0x0841, 0x1082, 0x0861, 0x18E3, 0x3186, 0x2965,
  0x2965, 0x0020, 0x0000, 0x0000, 0x0020, 0x0841, 0x0020, 0x1082, 0x2965, 0x2965, 0x2965, 0x528A,
  0x5ACB, 0x5AAB, 0x5AEB, 0x632C, 0x634D, 0x6B2C, 0x39E7, 0x3186, 0x31A6, 0x41C6, 0x5A06, 0x5A06,
  0x51E6, 0x8A86, 0xAAE6, 0xA2C6, 0xA2E6, 0xD40A, 0xDC4B, 0xDC0A, 0xE4AC, 0xFD91, 0xFD70, 0xF54F,
  0xDC2A, 0xDC2A, 0xE46B, 0xB3A9, 0x8AA7, 0x92C7, 0x92C7, 0x9285, 0x9AA6, 0x92A6, 0xBB47, 0xCBA8,
  0xCBA8, 0xCBA8, 0xDBE9, 0xDBE9, 0xDBE9, 0xDC2A, 0xDC4B, 0xDC6B, 0xCBEA, 0x9285, 0x92A6, 0x9AC6,
  0x59A3, 0x4942, 0x5183, 0x3902, 0x0000, 0x0000, 0x0000, 0x0000, 0x0000, 0x0000, 0x0000, 0x0000,
  0x0000, 0x0000, 0x0000, 0x0000, 0x0000, 0x0000, 0x0000, 0x0000, 0x0000, 0x0000, 0x0000, 0x0000,
  0x0000, 0x0000, 0x0000, 0x0000, 0x0000, 0x0000, 0x0000, 0x0000, 0x0000, 0x0000, 0x0000, 0x0000,
  0x0000, 0x0000, 0x0000, 0x0000, 0x0000, 0x0000, 0x0000, 0x0000, 0x0000, 0x0000, 0x0000, 0x0000,
  0x0000, 0x0000, 0x0000, 0x0000, 0x0000, 0x0000, 0x0000, 0x0000, 0x0000, 0x0000, 0x0000, 0x0000,
  0x0000, 0x0000, 0x0000, 0x0000, 0x0000, 0x0000, 0x0000, 0x0000, 0x0000, 0x0000, 0x0000, 0x0000,
  0x0020, 0x10A2, 0x10A2, 0x10A2, 0x0000, 0x0000, 0x0000, 0x0000, 0x0000, 0x0000, 0x0000, 0x0861,
  0x0861, 0x0861, 0x2945, 0x3186, 0x2965, 0x39A6, 0x528A, 0x4A69, 0x4A69, 0x39C7, 0x31A6, 0x2986,
  0x51E6, 0x92A5, 0x92A5, 0x9285, 0xAAE6, 0xCB67, 0xC367, 0xCB67, 0xF50E, 0xFD70, 0xFD70, 0xFD4E,
  0xF4CD, 0xF4ED, 0xECAC, 0xB306, 0xAAE6, 0xAB06, 0x6227, 0x31A7, 0x31C7, 0x41E7, 0xB327, 0xBB27,
  0xB327, 0xD3C8, 0xEC4A, 0xEC4A, 0xEC4A, 0xE44A, 0xE44A, 0xEC6B, 0xC368, 0x9AA5, 0xA2E6, 0x9285,
  0x7204, 0x7224, 0x7225, 0x1881, 0x0000, 0x0000, 0x0000, 0x0000, 0x0000, 0x0000, 0x0000, 0x0000,
  0x0000, 0x0000, 0x0000, 0x0000, 0x0000, 0x0000, 0x0000, 0x0000, 0x0000, 0x0000, 0x0000, 0x0000,
  0x0000, 0x0000, 0x0000, 0x0000, 0x0000, 0x0000, 0x0000, 0x0000, 0x0000, 0x0000, 0x0000, 0x0000,
  0x0000, 0x0000, 0x0000, 0x0000, 0x0000, 0x0000, 0x0000, 0x0000, 0x0000, 0x0000, 0x0000, 0x0000,
  0x0000, 0x0000, 0x0000, 0x0000, 0x0000, 0x0000, 0x0000, 0x0000, 0x0000, 0x0000, 0x0000, 0x0000,
  0x0000, 0x0000, 0x0000, 0x0000, 0x0000, 0x0000, 0x0000, 0x0000, 0x0000, 0x0000, 0x0000, 0x0000,
  0x0000, 0x0000, 0x0000, 0x0841, 0x18C3, 0x18C3, 0x18C3, 0x0000, 0x0000, 0x0000, 0x0000, 0x0000,
  0x0000, 0x0000, 0x1082, 0x1082, 0x1082, 0x2965, 0x39C7, 0x3186, 0x39E7, 0x52AA, 0x528A, 0x528A,
  0x39E7, 0x3186, 0x2986, 0x51E6, 0x92A5, 0x8A85, 0x8A85, 0xAAE6, 0xCB67, 0xC367, 0xC347, 0xECED,
  0xFD6F, 0xFD6F, 0xFD2E, 0xF4ED, 0xF50D, 0xECCD, 0xB327, 0xAB07, 0xBB27, 0x6A47, 0x39E7, 0x39E7,
  0x4A07, 0xB327, 0xBB27, 0xB307, 0xD3A8, 0xEC4A, 0xE44A, 0xE44A, 0xE44A, 0xE44A, 0xEC6B, 0xC388,
  0xA2C6, 0xAAE6, 0x9AC6, 0x7A25, 0x7224, 0x7A45, 0x20A1, 0x0000, 0x0000, 0x0000, 0x0000, 0x0000,
  0x0000, 0x0000, 0x0000, 0x0000, 0x0000, 0x0000, 0x0000, 0x0000, 0x0000, 0x0000, 0x0000, 0x0000,
  0x0000, 0x0000, 0x0000, 0x0000, 0x0000, 0x0000, 0x0000, 0x0000, 0x0000, 0x0000, 0x0000, 0x0000,
  0x0000, 0x0000, 0x0000, 0x0000, 0x0000, 0x0000, 0x0000, 0x0000, 0x0000, 0x0000, 0x0000, 0x0000,
  0x0000, 0x0000, 0x0000, 0x0000, 0x0000, 0x0000, 0x0000, 0x0000, 0x0000, 0x0000, 0x0000, 0x0000,
  0x0000, 0x0000, 0x0000, 0x0000, 0x0000, 0x0000, 0x0000, 0x0000, 0x0000, 0x0000, 0x0000, 0x0000,
  0x0000, 0x0000, 0x0000, 0x0000, 0x0000, 0x0000, 0x0841, 0x18C3, 0x18C3, 0x18C3, 0x0000, 0x0000,
  0x0000, 0x0000, 0x0000, 0x0000, 0x0000, 0x1082, 0x1082, 0x1082, 0x2945, 0x31A6, 0x3186, 0x39E7,
  0x528A, 0x4A69, 0x528A, 0x39C7, 0x3185, 0x2986, 0x5A06, 0x92A5, 0x8A85, 0x8A65, 0xAB06, 0xCB67,
  0xC347, 0xC347, 0xECED, 0xF56F, 0xF54F, 0xF50E, 0xF4ED, 0xF50D, 0xECAC, 0xAAE6, 0xAB06, 0xB326,
  0x6247, 0x31C7, 0x39C7, 0x49E7, 0xB307, 0xBB27, 0xB306, 0xCBC9, 0xEC4A, 0xE42A, 0xE44A, 0xE44A,
  0xE44A, 0xEC6A, 0xC388, 0x9AA6, 0xA2E6, 0x9AA6, 0x6A04, 0x7204, 0x7A24, 0x20A1, 0x0000, 0x0000,
  0x0000, 0x0000, 0x0000, 0x0000, 0x0000, 0x0000, 0x0000, 0x0000, 0x0000, 0x0000, 0x0000, 0x0000,
  0x0000, 0x0000, 0x0000, 0x0000, 0x0000, 0x0000, 0x0000, 0x0000, 0x0000, 0x0000, 0x0000, 0x0000,
  0x0000, 0x0000, 0x0000, 0x0000, 0x0000, 0x0000, 0x0000, 0x0000, 0x0000, 0x0000, 0x0000, 0x0000,
  0x0000, 0x0000, 0x0000, 0x0000, 0x0000, 0x0000, 0x0000, 0x0000, 0x0000, 0x0000, 0x0000, 0x0000,
  0x0000, 0x0000, 0x0000, 0x0000, 0x0000, 0x0000, 0x0000, 0x0000, 0x0000, 0x0000, 0x0000, 0x0000,
  0x0000, 0x0000, 0x0000, 0x0000, 0x0000, 0x0000, 0x0000, 0x0000, 0x0000, 0x0000, 0x0020, 0x0000,
  0x0000, 0x0000, 0x0000, 0x0000, 0x0000, 0x0000, 0x0000, 0x0000, 0x0000, 0x0000, 0x0000, 0x0020,
  0x0020, 0x0020, 0x0841, 0x0841, 0x0841, 0x0841, 0x0841, 0x0020, 0x0041, 0x0841, 0x1860, 0x1060,
  0x1060, 0x1861, 0x2081, 0x1881, 0x2081, 0x20A2, 0x20C2, 0x20C2, 0x20C2, 0x28C2, 0x20C2, 0x20C1,
  0x1861, 0x1861, 0x1860, 0x0840, 0x0021, 0x0841, 0x0841, 0x1861, 0x1861, 0x1861, 0x2081, 0x20A1,
  0x20A1, 0x20A1, 0x20A1, 0x20A1, 0x20A1, 0x1881, 0x1860, 0x1861, 0x1060, 0x0840, 0x0840, 0x1040,
  0x0000, 0x0000, 0x0000, 0x0000, 0x0000, 0x0000, 0x0000, 0x0000, 0x0000, 0x0000, 0x0000, 0x0000,
  0x0000, 0x0000, 0x0000, 0x0000, 0x0000, 0x0000, 0x0000, 0x0000, 0x0000, 0x0000, 0x0000, 0x0000,
  0x0000, 0x0000, 0x0000, 0x0000, 0x0000, 0x0000, 0x0000, 0x0000, 0x0000, 0x0000, 0x0000, 0x0000,
  0x0000, 0x0000, 0x0000, 0x0000, 0x0000, 0x0000, 0x0000, 0x0000, 0x0000, 0x0000, 0x0000, 0x0000,
  0x0000, 0x0000, 0x0000, 0x0000, 0x0000, 0x0000, 0x0000, 0x0000, 0x0000, 0x0000, 0x0000, 0x0000,
  0x0000, 0x0000, 0x0000, 0x0000, 0x0000, 0x0000, 0x0000, 0x0000, 0x0000, 0x0000, 0x0000, 0x0000,
  0x0000, 0x0000, 0x0000, 0x0000, 0x0000, 0x0000, 0x0000, 0x0000, 0x0000, 0x0000, 0x0000, 0x0000,
  0x0000, 0x0000, 0x0000, 0x0000, 0x0000, 0x0000, 0x0000, 0x0000, 0x0000, 0x0000, 0x0000, 0x0000,
  0x0000, 0x0000, 0x0000, 0x0000, 0x0000, 0x0000, 0x0000, 0x0000, 0x0000, 0x0000, 0x0000, 0x0000,
  0x0000, 0x0000, 0x0000, 0x0000, 0x0000, 0x0000, 0x0000, 0x0000, 0x0000, 0x0000, 0x0000, 0x0000,
  0x0000, 0x0000, 0x0000, 0x0000, 0x0000, 0x0000, 0x0000, 0x0000, 0x0000, 0x0000, 0x0000, 0x0000,
  0x0000, 0x0000, 0x0000, 0x0000, 0x0000, 0x0000, 0x0000, 0x0000, 0x0000, 0x0000, 0x0000, 0x0000,
  0x0000, 0x0000, 0x0000, 0x0000, 0x0000, 0x0000, 0x0000, 0x0000, 0x0000, 0x0000, 0x0000, 0x0000,
  0x0000, 0x0000, 0x0000, 0x0000, 0x0000, 0x0000, 0x0000, 0x0000, 0x0000, 0x0000, 0x0000, 0x0000,
  0x0000, 0x0000, 0x0000, 0x0000, 0x0000, 0x0000, 0x0000, 0x0000, 0x0000, 0x0000, 0x0000, 0x0000,
  0x0000, 0x0000, 0x0000, 0x0000, 0x0000, 0x0000, 0x0000, 0x0000, 0x0000, 0x0000, 0x0000, 0x0000,
  0x0000, 0x0000, 0x0000, 0x0000, 0x0000, 0x0000, 0x0000, 0x0000, 0x0000, 0x0000, 0x0000, 0x0000,
  0x0000, 0x0000, 0x0000, 0x0000, 0x0000, 0x0000, 0x0000, 0x0000, 0x0000, 0x0000, 0x0000, 0x0000,
  0x0000, 0x0000, 0x0000, 0x0000, 0x0000, 0x0000, 0x0000, 0x0000, 0x0000, 0x0000, 0x0000, 0x0000,
  0x0000, 0x0000, 0x0000, 0x0000, 0x0000, 0x0000, 0x0000, 0x0000, 0x0000, 0x0000, 0x0000, 0x0000,
  0x0000, 0x0000, 0x0000, 0x0000, 0x0000, 0x0000, 0x0000, 0x0000, 0x0000, 0x0000, 0x0000, 0x0000,
  0x0000, 0x0000, 0x0000, 0x0000, 0x0000, 0x0000, 0x0000, 0x0000, 0x0000, 0x0000, 0x0000, 0x0000,
  0x0000, 0x0000, 0x0000, 0x0000, 0x0000, 0x0000, 0x0000, 0x0000, 0x0000, 0x0000, 0x0000, 0x0000,
  0x0000, 0x0000, 0x0000, 0x0000, 0x0000, 0x0000, 0x0000, 0x0000, 0x0000, 0x0000, 0x0000, 0x0000,
  0x0000, 0x0000, 0x0000, 0x0000, 0x0000, 0x0000, 0x0000, 0x0000, 0x0000, 0x0000, 0x0000, 0x0000,
  0x0000, 0x0000, 0x0000, 0x0000, 0x0000, 0x0000, 0x0000, 0x0000, 0x0000, 0x0000, 0x0000, 0x0000,
  0x0000, 0x0000, 0x0000, 0x0000, 0x0000, 0x0000, 0x0000, 0x0000, 0x0000, 0x0000, 0x0000, 0x0000,
  0x0000, 0x0000, 0x0000, 0x0000, 0x0000, 0x0000, 0x0000, 0x0000, 0x0000, 0x0000, 0x0000, 0x0000,
  0x0000, 0x0000, 0x0000, 0x0000, 0x0000, 0x0000, 0x0000, 0x0000, 0x0000, 0x0000, 0x0000, 0x0000,
  0x0000, 0x0000, 0x0000, 0x0000, 0x0000, 0x0000, 0x0000, 0x0000, 0x0000, 0x0000, 0x0000, 0x0000,
  0x0000, 0x0000, 0x0000, 0x0000, 0x0000, 0x0000, 0x0000, 0x0000, 0x0000, 0x0000, 0x0000, 0x0000,
  0x0000, 0x0000, 0x0000, 0x0000, 0x0000, 0x0000, 0x0000, 0x0000, 0x0000, 0x0000, 0x0000, 0x0000,
  0x0000, 0x0000, 0x0000, 0x0000, 0x0000, 0x0000, 0x0000, 0x0000, 0x0000, 0x0000, 0x0000, 0x0000,
  0x0000, 0x0000, 0x0000, 0x0000, 0x0000, 0x0000, 0x0000, 0x0000, 0x0000, 0x0000, 0x0000, 0x0000,
  0x0000, 0x0000, 0x0000, 0x0000, 0x0000, 0x0000, 0x0000, 0x0000, 0x0000, 0x0000, 0x0000, 0x0000,
  0x0000, 0x0000, 0x0000, 0x0000, 0x0000, 0x0000, 0x0000, 0x0000, 0x0000, 0x0000, 0x0000, 0x0000,
  0x0000, 0x0000, 0x0000, 0x0000, 0x0000, 0x0000, 0x0000, 0x0000, 0x0000, 0x0000, 0x0000, 0x0000,
  0x0000, 0x0000, 0x0000, 0x0000, 0x0000, 0x0000, 0x0000, 0x0000, 0x0000, 0x0000, 0x0000, 0x0000,
  0x0000, 0x0000, 0x0000, 0x0000, 0x0000, 0x0000, 0x0000, 0x0000, 0x0000, 0x0000, 0x0000, 0x0000,
  0x0000, 0x0000, 0x0000, 0x0000, 0x0000, 0x0000, 0x0000, 0x0000, 0x0000, 0x0000, 0x0000, 0x0000,
  0x0000, 0x0000, 0x0000, 0x0000, 0x0000, 0x0000, 0x0000, 0x0000, 0x0000, 0x0000, 0x0000, 0x0000,
  0x0000, 0x0000, 0x0000, 0x0000, 0x0000, 0x0000, 0x0000, 0x0000, 0x0000, 0x0000, 0x0000, 0x0000,
  0x0000, 0x0000, 0x0000, 0x0000, 0x0000, 0x0000, 0x0000, 0x0000, 0x0000, 0x0000, 0x0000, 0x0000,
  0x0000, 0x0000, 0x0000, 0x0000, 0x0000, 0x0000, 0x0000, 0x0000, 0x0000, 0x0000, 0x0000, 0x0000,
  0x0000, 0x0000, 0x0000, 0x0000, 0x0000, 0x0000, 0x0000, 0x0000, 0x0000, 0x0000, 0x0000, 0x0000,
  0x0000, 0x0000, 0x0000, 0x0000, 0x0000, 0x0000, 0x0000, 0x0000, 0x0000, 0x0000, 0x0000, 0x0000,
  0x0000, 0x0000, 0x0000, 0x0000, 0x0000, 0x0000, 0x0000, 0x0000, 0x0000, 0x0000, 0x0000, 0x0000,
  0x0000, 0x0000, 0x0000, 0x0000, 0x0000, 0x0000, 0x0000, 0x0000, 0x0000, 0x0000, 0x0000, 0x0000,
  0x0000, 0x0000, 0x0000, 0x0000, 0x0000, 0x0000, 0x0000, 0x0000, 0x0000, 0x0000, 0x0000, 0x0000,
  0x0000, 0x0000, 0x0000, 0x0000, 0x0000, 0x0000, 0x0000, 0x0000, 0x0000, 0x0000, 0x0000, 0x0000,
  0x0000, 0x0000, 0x0000, 0x0000, 0x0000, 0x0000, 0x0000, 0x0000, 0x0000, 0x0000, 0x0000, 0x0000,
  0x0000, 0x0000, 0x0000, 0x0000, 0x0000, 0x0000, 0x0000, 0x0000, 0x0000, 0x0000, 0x0000, 0x0000,
  0x0000, 0x0000, 0x0000, 0x0000, 0x0000, 0x0000, 0x0000, 0x0000, 0x0000, 0x0000, 0x0000, 0x0000,
  0x0000, 0x0000, 0x0000, 0x0000, 0x0000, 0x0000, 0x0000, 0x0000, 0x0000, 0x0000, 0x0000, 0x0000,
  0x0000, 0x0000, 0x0000, 0x0000, 0x0000, 0x0000, 0x0000, 0x0000, 0x0000, 0x0000, 0x0000, 0x0000,
  0x0000, 0x0000, 0x0000, 0x0000, 0x0000, 0x0000, 0x0000, 0x0000, 0x0000, 0x0000, 0x0000, 0x0000,
  0x0000, 0x0000, 0x0000, 0x0000, 0x0000, 0x0000, 0x0000, 0x0000, 0x0000, 0x0000, 0x0000, 0x0000,
  0x0000, 0x0000, 0x0000, 0x0000, 0x0000, 0x0000, 0x0000, 0x0000, 0x0000, 0x0000, 0x0000, 0x0000,
  0x0000, 0x0000, 0x0000, 0x0000, 0x0000, 0x0000, 0x0000, 0x0000, 0x0000, 0x0000, 0x0000, 0x0000,
  0x0000, 0x0000, 0x0000, 0x0000, 0x0000, 0x0000, 0x0000, 0x0000, 0x0000, 0x0000, 0x0000, 0x0000,
  0x0000, 0x0000, 0x0000, 0x0000, 0x0000, 0x0000, 0x0000, 0x0000, 0x0000, 0x0000, 0x0000, 0x0000,
  0x0000, 0x0000, 0x0000, 0x0000, 0x0000, 0x0000, 0x0000, 0x0000, 0x0000, 0x0000, 0x0000, 0x0000,
  0x0000, 0x0000, 0x0000, 0x0000, 0x0000, 0x0000, 0x0000, 0x0000, 0x0000, 0x0000, 0x0000, 0x0000,
  0x0000, 0x0000, 0x0000, 0x0000, 0x0000, 0x0000, 0x0000, 0x0000, 0x0000, 0x0000, 0x0000, 0x0000,
  0x0000, 0x0000, 0x0000, 0x0000, 0x0000, 0x0000, 0x0000, 0x0000, 0x0000, 0x0000, 0x0000, 0x0000,
  0x0000, 0x0000, 0x0000, 0x0000, 0x0000, 0x0000, 0x0000, 0x0000, 0x0000, 0x0000, 0x0000, 0x0000,
  0x0000, 0x0000, 0x0000, 0x0000, 0x0000, 0x0000, 0x0000, 0x0000, 0x0000, 0x0000, 0x0000, 0x0000,
  0x0000, 0x0000, 0x0000, 0x0000, 0x0000, 0x0000, 0x0000, 0x0000, 0x0000, 0x0000, 0x0000, 0x0000,
  0x0000, 0x0000, 0x0000, 0x0000, 0x0000, 0x0000, 0x0000, 0x0000, 0x0000, 0x0000, 0x0000, 0x0000,
  0x0000, 0x0000, 0x0000, 0x0000, 0x0000, 0x0000, 0x0000, 0x0000, 0x0000, 0x0000, 0x0000, 0x0000,
  0x0000, 0x0000, 0x0000, 0x0000, 0x0000, 0x0000, 0x0000, 0x0000, 0x0000, 0x0000, 0x0000, 0x0000,
  0x0000, 0x0000, 0x0000, 0x0000, 0x0000, 0x0000, 0x0000, 0x0000, 0x0000, 0x0000, 0x0000, 0x0000,
  0x0000, 0x0000, 0x0000, 0x0000, 0x0000, 0x0000, 0x0000, 0x0000, 0x0000, 0x0000, 0x0000, 0x0000,
  0x0000, 0x0000, 0x0000, 0x0000, 0x0000, 0x0000, 0x0000, 0x0000, 0x0000, 0x0000, 0x0000, 0x0000,
  0x0000, 0x0000, 0x0000, 0x0000, 0x0000, 0x0000, 0x0000, 0x0000, 0x0000, 0x0000, 0x0000, 0x0000,
  0x0000, 0x0000, 0x0000, 0x0000, 0x0000, 0x0000, 0x0000, 0x0000, 0x0000, 0x0000, 0x0000, 0x0000,
  0x0000, 0x0000, 0x0000, 0x0000, 0x0000, 0x0000, 0x0000, 0x0000, 0x0000, 0x0000, 0x0000, 0x0000,
  0x0000, 0x0000, 0x0000, 0x0000, 0x0000, 0x0000, 0x0000, 0x0000, 0x0000, 0x0000, 0x0000, 0x0000,
  0x0000, 0x0000, 0x0000, 0x0000, 0x0000, 0x0000, 0x0000, 0x0000, 0x0000, 0x0000, 0x0000, 0x0000,
  0x0000, 0x0000, 0x0000, 0x0000, 0x0000, 0x0000, 0x0000, 0x0000, 0x0000, 0x0000, 0x0000, 0x0000,
  0x0000, 0x0000, 0x0000, 0x0000, 0x0000, 0x0000, 0x0000, 0x0000, 0x0000, 0x0000, 0x0000, 0x0000,
  0x0000, 0x0000, 0x0000, 0x0000, 0x0000, 0x0000, 0x0000, 0x0000, 0x0000
};

static const uint16_t WOLF_FACE_SAD[] PROGMEM = {
  0x0000, 0x0000, 0x0000, 0x0000, 0x0000, 0x0000, 0x0000, 0x0000, 0x0000, 0x0000, 0x0000, 0x0000,
  0x0000, 0x0000, 0x0000, 0x0000, 0x0000, 0x0000, 0x0000, 0x0000, 0x0000, 0x0000, 0x0000, 0x0000,
  0x0000, 0x0000, 0x0000, 0x0000, 0x0000, 0x0000, 0x0000, 0x0000, 0x0000, 0x0000, 0x0000, 0x0000,
  0x0000, 0x0000, 0x0000, 0x0000, 0x0000, 0x0000, 0x0000, 0x0000, 0x0000, 0x0000, 0x0000, 0x0000,
  0x0000, 0x0000, 0x0000, 0x0000, 0x0000, 0x0000, 0x0000, 0x0000, 0x0000, 0x0000, 0x0000, 0x0000,
  0x0000, 0x0000, 0x0000, 0x0000, 0x0000, 0x0000, 0x0000, 0x0000, 0x0000, 0x0000, 0x0000, 0x0000,
  0x0000, 0x0000, 0x0000, 0x0000, 0x0000, 0x0000, 0x0000, 0x0000, 0x0000, 0x0000, 0x0000, 0x0000,
  0x0000, 0x0000, 0x0000, 0x0000, 0x0000, 0x0000, 0x0000, 0x0000, 0x0000, 0x0000, 0x0000, 0x0000,
  0x0000, 0x0000, 0x0000, 0x0000, 0x0000, 0x0000, 0x0000, 0x0000, 0x0000, 0x0000, 0x0000, 0x0000,
  0x0000, 0x0000, 0x0000, 0x0000, 0x0000, 0x0000, 0x0000, 0x0000, 0x0000, 0x0000, 0x0000, 0x0000,
  0x0000, 0x0000, 0x0000, 0x0000, 0x0000, 0x0000, 0x0000, 0x0000, 0x0000, 0x0000, 0x0000, 0x0000,
  0x0000, 0x0000, 0x0000, 0x0000, 0x0000, 0x0000, 0x0000, 0x0000, 0x0000, 0x0000, 0x0000, 0x0000,
  0x0000, 0x0000, 0x0000, 0x0000, 0x0000, 0x0000, 0x0000, 0x0000, 0x0000, 0x0000, 0x0000, 0x0000,
  0x0000, 0x0000, 0x0000, 0x0000, 0x0000, 0x0000, 0x0000, 0x0000, 0x0000, 0x0000, 0x0000, 0x0000,
  0x0000, 0x0000, 0x0000, 0x0000, 0x0000, 0x0000, 0x0000, 0x0000, 0x0000, 0x0000, 0x0000, 0x0000,
  0x0000, 0x0000, 0x0000, 0x0000, 0x0000, 0x0000, 0x0000, 0x0000, 0x0000, 0x0000, 0x0000, 0x0000,
  0x0000, 0x0000, 0x0000, 0x0000, 0x0000, 0x0000, 0x0000, 0x0000, 0x0000, 0x0000, 0x0000, 0x0000,
  0x0000, 0x0000, 0x0000, 0x0000, 0x0000, 0x0000, 0x0000, 0x0000, 0x0000, 0x0000, 0x0000, 0x0000,
  0x0000, 0x0000, 0x0000, 0x0000, 0x0000, 0x0000, 0x0000, 0x0000, 0x0000, 0x0000, 0x0000, 0x0000,
  0x0000, 0x0000, 0x0000, 0x0000, 0x0000, 0x0000, 0x0000, 0x0000, 0x0000, 0x0000, 0x0000, 0x0000,
  0x0000, 0x0000, 0x0000, 0x0000, 0x0000, 0x0000, 0x0000, 0x0000, 0x0000, 0x0000, 0x0000, 0x0000,
  0x0000, 0x0000, 0x0000, 0x0000, 0x0000, 0x0000, 0x0000, 0x0000, 0x0000, 0x0000, 0x0000, 0x0000,
  0x0000, 0x0000, 0x0000, 0x0000, 0x0000, 0x0000, 0x0000, 0x0000, 0x0000, 0x0000, 0x0000, 0x0000,
  0x0000, 0x0000, 0x0000, 0x0000, 0x0000, 0x0000, 0x0000, 0x0000, 0x0000, 0x0000, 0x0000, 0x0000,
  0x0000, 0x0000, 0x0000, 0x0000, 0x0000, 0x0000, 0x0000, 0x0000, 0x0000, 0x0000, 0x0000, 0x0000,
  0x0000, 0x0000, 0x0000, 0x0000, 0x0000, 0x0000, 0x0000, 0x0000, 0x0000, 0x0000, 0x0000, 0x0000,
  0x0000, 0x0000, 0x0000, 0x0000, 0x0000, 0x0000, 0x0000, 0x0000, 0x0000, 0x0000, 0x0000, 0x0000,
  0x0000, 0x0000, 0x0000, 0x0000, 0x0000, 0x0000, 0x0000, 0x0000, 0x0000, 0x0000, 0x0000, 0x0000,
  0x0000, 0x0000, 0x0000, 0x0000, 0x0000, 0x0000, 0x0000, 0x0000, 0x0000, 0x0000, 0x0000, 0x0000,
  0x0000, 0x0000, 0x0000, 0x0000, 0x0000, 0x0000, 0x0000, 0x0000, 0x0000, 0x0000, 0x0000, 0x0000,
  0x0000, 0x0000, 0x0000, 0x0000, 0x0000, 0x0000, 0x0000, 0x0000, 0x0000, 0x0000, 0x0000, 0x0000,
  0x0000, 0x0000, 0x0000, 0x0000, 0x0000, 0x0000, 0x0000, 0x0000, 0x0000, 0x0000, 0x0000, 0x0000,
  0x0000, 0x0000, 0x0000, 0x0000, 0x0000, 0x0000, 0x0000, 0x0000, 0x0000, 0x0000, 0x0000, 0x0000,
  0x0000, 0x0000, 0x0000, 0x0000, 0x0000, 0x0000, 0x0000, 0x0000, 0x0000, 0x0000, 0x0000, 0x0000,
  0x0000, 0x0000, 0x0000, 0x0000, 0x0000, 0x0000, 0x0000, 0x0000, 0x0000, 0x0000, 0x0000, 0x0000,
  0x0000, 0x0000, 0x0000, 0x0000, 0x0000, 0x0000, 0x0000, 0x0000, 0x0000, 0x0000, 0x0000, 0x0000,
  0x0000, 0x0000, 0x0000, 0x0000, 0x0000, 0x0000, 0x0000, 0x0000, 0x0000, 0x0000, 0x0000, 0x0000,
  0x0000, 0x0000, 0x0000, 0x0000, 0x0000, 0x0000, 0x0000, 0x0000, 0x0000, 0x0000, 0x0000, 0x0000,
  0x0000, 0x0000, 0x0000, 0x0000, 0x0000, 0x0000, 0x0000, 0x0000, 0x0000, 0x0000, 0x0000, 0x0000,
  0x0000, 0x0000, 0x0000, 0x0000, 0x0000, 0x0000, 0x0000, 0x0000, 0x0000, 0x0000, 0x0000, 0x0000,
  0x0000, 0x0000, 0x0000, 0x0000, 0x0000, 0x0000, 0x0000, 0x0000, 0x0000, 0x0000, 0x0000, 0x0000,
  0x0000, 0x0000, 0x0000, 0x0000, 0x0000, 0x0000, 0x0000, 0x0000, 0x0000, 0x0000, 0x0000, 0x0000,
  0x0000, 0x0000, 0x0000, 0x0000, 0x0000, 0x0000, 0x0000, 0x0000, 0x0000, 0x0000, 0x0000, 0x0000,
  0x0000, 0x0000, 0x0000, 0x0000, 0x0000, 0x0000, 0x0000, 0x0000, 0x0000, 0x0000, 0x0000, 0x0000,
  0x0000, 0x0000, 0x0000, 0x0000, 0x0000, 0x0000, 0x0000, 0x0000, 0x0000, 0x0000, 0x0000, 0x0000,
  0x0000, 0x0000, 0x0000, 0x0000, 0x0000, 0x0000, 0x0000, 0x0000, 0x0000, 0x0000, 0x0000, 0x0000,
  0x0000, 0x0000, 0x0000, 0x0000, 0x0000, 0x0000, 0x0000, 0x0000, 0x0000, 0x0000, 0x0000, 0x0000,
  0x0000, 0x0000, 0x0000, 0x0000, 0x0000, 0x0000, 0x0000, 0x0000, 0x0000, 0x0000, 0x0000, 0x0000,
  0x0000, 0x0000, 0x0000, 0x0000, 0x0000, 0x0000, 0x1082, 0x3186, 0x3186, 0x3186, 0x31A6, 0x31A6,
  0x31A6, 0x31A6, 0x31A6, 0x31A6, 0x2965, 0x18C3, 0x18C3, 0x18C3, 0x18C3, 0x18C3, 0x18C3, 0x18C3,
  0x18C3, 0x18E3, 0x18E3, 0x5183, 0x5982, 0x5983, 0x61A3, 0x61A3, 0x61A3, 0x61A3, 0x61A3, 0x61A3,
  0x61A3, 0x61A3, 0x61A3, 0x61A3, 0x61A3, 0x61A3, 0x61A3, 0x61A3, 0x61A3, 0x61A3, 0x61A3, 0x61A3,
  0x61A3, 0x61A3, 0x69C3, 0x38E1, 0x0000, 0x0000, 0x0000, 0x0000, 0x0000, 0x0000, 0x0000, 0x0000,
  0x0000, 0x0000, 0x0000, 0x0000, 0x0000, 0x0000, 0x0000, 0x0000, 0x0000, 0x0000, 0x0000, 0x0000,
  0x0000, 0x0000, 0x0000, 0x0000, 0x0000, 0x0000, 0x0000, 0x0000, 0x0000, 0x0000, 0x0000, 0x0000,
  0x0000, 0x0000, 0x0000, 0x0000, 0x0000, 0x0000, 0x0000, 0x0000, 0x0000, 0x0000, 0x0000, 0x0000,
  0x0000, 0x0000, 0x0000, 0x0000, 0x0000, 0x0000, 0x0000, 0x0000, 0x0000, 0x0000, 0x0000, 0x0000,
  0x0000, 0x0000, 0x0000, 0x0000, 0x0000, 0x0000, 0x0000, 0x0000, 0x0000, 0x0000, 0x0000, 0x0000,
  0x0000, 0x0000, 0x0000, 0x0000, 0x0000, 0x0000, 0x0000, 0x0000, 0x0000, 0x0000, 0x0000, 0x0000,
  0x0000, 0x0000, 0x0000, 0x0000, 0x0000, 0x0000, 0x0000, 0x0000, 0x0000, 0x2104, 0x5AEB, 0x5ACB,
  0x5ACB, 0x5ACA, 0x5ACB, 0x5ACB, 0x5ACA, 0x52AA, 0x5ACB, 0x528A, 0x2945, 0x2945, 0x2945, 0x2945,
  0x2945, 0x2965, 0x2965, 0x2965, 0x2965, 0x2965, 0x7A44, 0x9264, 0x8A65, 0x8A64, 0x8A64, 0x8A64,
  0x8A64, 0x8A64, 0x8A64, 0x8A64, 0x8A64, 0x8A64, 0x8A64, 0x8A64, 0x8A64, 0x8A64, 0x8A64, 0x8A64,
  0x8A64, 0x8A64, 0x9265, 0x9264, 0x8A64, 0x9AA5, 0x5162, 0x0000, 0x0000, 0x0000, 0x0000, 0x0000,
  0x0000, 0x0000, 0x0000, 0x0000, 0x0000, 0x0000, 0x0000, 0x0000, 0x0000, 0x0000, 0x0000, 0x0000,
  0x0000, 0x0000, 0x0000, 0x0000, 0x0000, 0x0000, 0x0000, 0x0000, 0x0000, 0x0000, 0x0000, 0x0000,
  0x0000, 0x0000, 0x0000, 0x0000, 0x0000, 0x0000, 0x0000, 0x0000, 0x0000, 0x0000, 0x0000, 0x0000,
  0x0000, 0x0000, 0x0000, 0x0000, 0x0000, 0x0000, 0x0000, 0x0000, 0x0000, 0x0000, 0x0000, 0x0000,
  0x0000, 0x0000, 0x0000, 0x0000, 0x0000, 0x0000, 0x0000, 0x0000, 0x0000, 0x0000, 0x0000, 0x0000,
  0x0000, 0x0000, 0x0000, 0x0000, 0x0000, 0x0000, 0x0000, 0x0000, 0x0000, 0x0000, 0x0000, 0x0000,
  0x0000, 0x0000, 0x0000, 0x0000, 0x0000, 0x0000, 0x0000, 0x0000, 0x0000, 0x0000, 0x0000, 0x0000,
  0x18E3, 0x52AA, 0x528A, 0x528A, 0x52AA, 0x52AA, 0x52AA, 0x528A, 0x528A, 0x52AA, 0x4A49, 0x2124,
  0x2145, 0x2125, 0x2124, 0x2125, 0x2125, 0x2125, 0x2125, 0x2125, 0x2125, 0x7224, 0x8244, 0x8244,
  0x7A44, 0x7A24, 0x7A24, 0x8224, 0x8244, 0x7A44, 0x7A44, 0x7A44, 0x7A44, 0x7A24, 0x7A24, 0x7A44,
  0x8244, 0x8244, 0x8244, 0x8244, 0x8244, 0x8245, 0x8244, 0x8244, 0x8A65, 0x4122, 0x0000, 0x0000,
  0x0000, 0x0000, 0x0000, 0x0000, 0x0000, 0x0000, 0x0000, 0x0000, 0x0000, 0x0000, 0x0000, 0x0000,
  0x0000, 0x0000, 0x0000, 0x0000, 0x0000, 0x0000, 0x0000, 0x0000, 0x0000, 0x0000, 0x0000, 0x0000,
  0x0000, 0x0000, 0x0000, 0x0000, 0x0000, 0x0000, 0x0000, 0x0000, 0x0000, 0x0000, 0x0000, 0x0000,
  0x0000, 0x0000, 0x0000, 0x0000, 0x0000, 0x0000, 0x0000, 0x0000, 0x0000, 0x0000, 0x0000, 0x0000,
  0x0000, 0x0000, 0x0000, 0x0000, 0x0000, 0x0000, 0x0000, 0x0000, 0x0000, 0x0000, 0x0000, 0x0000,
  0x0000, 0x0000, 0x0000, 0x0000, 0x0000, 0x0000, 0x0000, 0x0000, 0x0000, 0x0000, 0x0000, 0x0000,
  0x0000, 0x0000, 0x0000, 0x0000, 0x0000, 0x0000, 0x0000, 0x0000, 0x0000, 0x0000, 0x0000, 0x0000,
  0x0000, 0x0000, 0x0000, 0x2103, 0x5ACA, 0x528A, 0x528A, 0x5289, 0x4A69, 0x4A69, 0x4A69, 0x4A69,
  0x4A69, 0x4A48, 0x3964, 0x3965, 0x3164, 0x3984, 0x4185, 0x4185, 0x49A4, 0x49A4, 0x49A4, 0x51C4,
  0x8A64, 0x9264, 0x8A64, 0x9A84, 0xA2A3, 0xA2A3, 0xA2A3, 0xA2A3, 0xA2A3, 0xA2A3, 0xA2A3, 0xA2A3,
  0xA2A3, 0xA2A3, 0xA2A3, 0xA2A3, 0xA2A3, 0xA2A3, 0xA2A3, 0xA2A3, 0xA2A3, 0xA2A3, 0xA283, 0xAAC3,
  0x61A2, 0x1861, 0x2081, 0x2081, 0x1860, 0x1040, 0x1860, 0x0820, 0x0000, 0x0000, 0x0000, 0x0000,
  0x0000, 0x0000, 0x0000, 0x0000, 0x0000, 0x0000, 0x0000, 0x0000, 0x0000, 0x0000, 0x0000, 0x0000,
  0x0000, 0x0000, 0x0000, 0x0000, 0x0000, 0x0000, 0x0000, 0x0000, 0x0000, 0x0000, 0x0000, 0x0000,
  0x0000, 0x0000, 0x0000, 0x0000, 0x0000, 0x0000, 0x0000, 0x0000, 0x0000, 0x0000, 0x0000, 0x0000,
  0x0000, 0x0000, 0x0000, 0x0000, 0x0000, 0x0000, 0x0000, 0x0000, 0x0000, 0x0000, 0x0000, 0x0000,
  0x0000, 0x0000, 0x0000, 0x0000, 0x0000, 0x0000, 0x0000, 0x0000, 0x0000, 0x0000, 0x0000, 0x0000,
  0x0000, 0x0000, 0x0000, 0x0000, 0x0000, 0x0000, 0x0000, 0x0000, 0x0000, 0x0000, 0x0000, 0x0020,
  0x4A69, 0x528A, 0x528A, 0x5AEC, 0x632D, 0x6B2D, 0x5ACB, 0x4208, 0x4228, 0x4228, 0x2965, 0x2945,
  0x2945, 0x2945, 0x2965, 0x2145, 0x49A5, 0x8A44, 0x8244, 0x8244, 0xB2C4, 0xC304, 0xBAE5, 0xDB03,
  0xFB40, 0xFB60, 0xFB61, 0xE321, 0xDB02, 0xDB02, 0xF381, 0xFBE0, 0xFBC0, 0xFBC0, 0xFB80, 0xFB80,
  0xFBA0, 0xFB80, 0xFB80, 0xFB80, 0xFB80, 0xFB80, 0xFB80, 0xFB80, 0xFB80, 0xFBA0, 0xFBA0, 0xFB80,
  0xFB80, 0xFB80, 0xFBA0, 0xE343, 0xB2E6, 0xB306, 0xB2E6, 0x9AA5, 0x9285, 0xA2C6, 0x61A3, 0x0000,
  0x0000, 0x0000, 0x0000, 0x0000, 0x0000, 0x0000, 0x0000, 0x0000, 0x0000, 0x0000, 0x0000, 0x0000,
  0x0000, 0x0000, 0x0000, 0x0000, 0x0000, 0x0000, 0x0000, 0x0000, 0x0000, 0x0000, 0x0000, 0x0000,
  0x0000, 0x0000, 0x0000, 0x0000, 0x0000, 0x0000, 0x0000, 0x0000, 0x0000, 0x0000, 0x0000, 0x0000,
  0x0000, 0x0000, 0x0000, 0x0000, 0x0000, 0x0000, 0x0000, 0x0000, 0x0000, 0x0000, 0x0000, 0x0000,
  0x0000, 0x0000, 0x0000, 0x0000, 0x0000, 0x0000, 0x0000, 0x0000, 0x0000, 0x0000, 0x0000, 0x0000,
  0x0000, 0x0000, 0x0000, 0x0000, 0x0000, 0x0000, 0x0000, 0x0000, 0x0000, 0x0000, 0x0000, 0x0000,
  0x0000, 0x0000, 0x0841, 0x6B2C, 0x738E, 0x738E, 0x7BCF, 0x7BCF, 0x8410, 0x6B2D, 0x39E7, 0x4228,
  0x4208, 0x2945, 0x2945, 0x2945, 0x2945, 0x2965, 0x2945, 0x49A5, 0x8A44, 0x8244, 0x8244, 0xBAE4,
  0xC304, 0xBAE5, 0xDB23, 0xFB60, 0xFB61, 0xFB61, 0xE322, 0xDB22, 0xE322, 0xF381, 0xFBE0, 0xFBC1,
  0xFBC1, 0xFBA1, 0xFB80, 0xFB80, 0xFB81, 0xFB81, 0xFB80, 0xFB80, 0xFB80, 0xFB80, 0xFB80, 0xFBA1,
  0xFBA1, 0xFBA0, 0xFBA0, 0xFBA0, 0xFBA0, 0xFBA0, 0xDB63, 0xB306, 0xB306, 0xB306, 0xA2C5, 0x9AA5,
  0xA2C6, 0x69C3, 0x0000, 0x0000, 0x0000, 0x0000, 0x0000, 0x0000, 0x0000, 0x0000, 0x0000, 0x0000,
  0x0000, 0x0000, 0x0000, 0x0000, 0x0000, 0x0000, 0x0000, 0x0000, 0x0000, 0x0000, 0x0000, 0x0000,
  0x0000, 0x0000, 0x0000, 0x0000, 0x0000, 0x0000, 0x0000, 0x0000, 0x0000, 0x0000, 0x0000, 0x0000,
  0x0000, 0x0000, 0x0000, 0x0000, 0x0000, 0x0000, 0x0000, 0x0000, 0x0000, 0x0000, 0x0000, 0x0000,
  0x0000, 0x0000, 0x0000, 0x0000, 0x0000, 0x0000, 0x0000, 0x0000, 0x0000, 0x0000, 0x0000, 0x0000,
  0x0000, 0x0000, 0x0000, 0x0000, 0x0000, 0x0000, 0x0000, 0x0000, 0x0000, 0x0000, 0x0000, 0x0000,
  0x0000, 0x0000, 0x0000, 0x0000, 0x0000, 0x0020, 0x630C, 0x6B6D, 0x6B4D, 0x73AE, 0x7BCF, 0x83F0,
  0x632C, 0x4208, 0x4A49, 0x4228, 0x2965, 0x2945, 0x2965, 0x2945, 0x2145, 0x2145, 0x41A5, 0x8244,
  0x7A45, 0x7A45, 0xAAC5, 0xC305, 0xBAE5, 0xD323, 0xFB60, 0xFB61, 0xF361, 0xDB02, 0xDB02, 0xDB02,
  0xEB61, 0xFBC0, 0xFBC1, 0xFBC1, 0xFB80, 0xFB60, 0xFB60, 0xFB60, 0xFB60, 0xFB60, 0xFB60, 0xFB60,
  0xFB60, 0xFB80, 0xFB80, 0xFB80, 0xFB80, 0xFB80, 0xFB60, 0xFB60, 0xFB80, 0xDB23, 0xAAC6, 0xB2C6,
  0xB2C6, 0x9A86, 0x9286, 0xA2C6, 0x61A4, 0x0000, 0x0000, 0x0000, 0x0000, 0x0000, 0x0000, 0x0000,
  0x0000, 0x0000, 0x0000, 0x0000, 0x0000, 0x0000, 0x0000, 0x0000, 0x0000, 0x0000, 0x0000, 0x0000,
  0x0000, 0x0000, 0x0000, 0x0000, 0x0000, 0x0000, 0x0000, 0x0000, 0x0000, 0x0000, 0x0000, 0x0000,
  0x0000, 0x0000, 0x0000, 0x0000, 0x0000, 0x0000, 0x0000, 0x0000, 0x0000, 0x0000, 0x0000, 0x0000,
  0x0000, 0x0000, 0x0000, 0x0000, 0x0000, 0x0000, 0x0000, 0x0000, 0x0000, 0x0000, 0x0000, 0x0000,
  0x0000, 0x0000, 0x0000, 0x0000, 0x0000, 0x0000, 0x0000, 0x0000, 0x0000, 0x0000, 0x0000, 0x0000,
  0x0000, 0x0000, 0x0000, 0x0000, 0x0000, 0x0841, 0x18C3, 0x10A2, 0x18E3, 0x5AEB, 0x632C, 0x630C,
  0x6B2C, 0x6B4D, 0x6B6D, 0x52AA, 0x31A6, 0x39C7, 0x31A6, 0x2965, 0x2945, 0x2965, 0x4185, 0x51C4,
  0x49A4, 0x7204, 0xBAC3, 0xB2C3, 0xB2C3, 0xDB62, 0xE382, 0xE362, 0xEBA2, 0xFBA1, 0xFBC1, 0xFBA1,
  0xEB81, 0xEB81, 0xEB61, 0xF422, 0xFCE2, 0xFCC2, 0xFCC2, 0xFCA2, 0xFCA2, 0xFCA2, 0xFCA2, 0xFCA2,
  0xFCA1, 0xFCA2, 0xFCA2, 0xFCA2, 0xFCA2, 0xFCA2, 0xFCA1, 0xFCA2, 0xFCA2, 0xFC81, 0xFC82, 0xFC81,
  0xEC62, 0xDC64, 0xE464, 0xE464, 0xD363, 0xD323, 0xDB63, 0xB2A2, 0x6162, 0x6182, 0x6982, 0x28A0,
  0x0000, 0x0000, 0x0000, 0x0000, 0x0000, 0x0000, 0x0000, 0x0000, 0x0000, 0x0000, 0x0000, 0x0000,
  0x0000, 0x0000, 0x0000, 0x0000, 0x0000, 0x0000, 0x0000, 0x0000, 0x0000, 0x0000, 0x0000, 0x0000,
  0x0000, 0x0000, 0x0000, 0x0000, 0x0000, 0x0000, 0x0000, 0x0000, 0x0000, 0x0000, 0x0000, 0x0000,
  0x0000, 0x0000, 0x0000, 0x0000, 0x0000, 0x0000, 0x0000, 0x0000, 0x0000, 0x0000, 0x0000, 0x0000,
  0x0000, 0x0000, 0x0000, 0x0000, 0x0000, 0x0000, 0x0000, 0x0000, 0x0000, 0x0000, 0x0000, 0x0000,
  0x0000, 0x0000, 0x0000, 0x0000, 0x0000, 0x0000, 0x0000, 0x0000, 0x2965, 0x6B4D, 0x62EC, 0x630C,
  0x528A, 0x528A, 0x528A, 0x5269, 0x4A69, 0x5289, 0x39E7, 0x2124, 0x2945, 0x2945, 0x2945, 0x2965,
  0x2145, 0x59E4, 0x8244, 0x7224, 0x9A83, 0xEB42, 0xE322, 0xE322, 0xFBC1, 0xFBE0, 0xFBE0, 0xFBE1,
  0xFBE1, 0xFBE1, 0xFBE1, 0xFC01, 0xFC01, 0xFBC1, 0xFCE2, 0xFDA3, 0xFD83, 0xFD83, 0xFD83, 0xFDA3,
  0xFDA3, 0xFDA3, 0xFDA3, 0xFDA3, 0xFDA3, 0xFDA3, 0xFDA3, 0xFDA3, 0xFDA3, 0xFDA3, 0xFDA3, 0xFDA3,
  0xFD83, 0xFD83, 0xFD83, 0xFDA2, 0xFDA2, 0xFDA2, 0xFDA2, 0xFC21, 0xFBA0, 0xFBC0, 0xF3A1, 0xCB04,
  0xCB04, 0xE364, 0x5941, 0x0000, 0x0000, 0x0000, 0x0000, 0x0000, 0x0000, 0x0000, 0x0000, 0x0000,
  0x0000, 0x0000, 0x0000, 0x0000, 0x0000, 0x0000, 0x0000, 0x0000, 0x0000, 0x0000, 0x0000, 0x0000,
  0x0000, 0x0000, 0x0000, 0x0000, 0x0000, 0x0000, 0x0000, 0x0000, 0x0000, 0x0000, 0x0000, 0x0000,
  0x0000, 0x0000, 0x0000, 0x0000, 0x0000, 0x0000, 0x0000, 0x0000, 0x0000, 0x0000, 0x0000, 0x0000,
  0x0000, 0x0000, 0x0000, 0x0000, 0x0000, 0x0000, 0x0000, 0x0000, 0x0000, 0x0000, 0x0000, 0x0000,
  0x0000, 0x0000, 0x0000, 0x0000, 0x0000, 0x0000, 0x0000, 0x0000, 0x0000, 0x0000, 0x0000, 0x2965,
  0x632D, 0x630C, 0x630C, 0x528A, 0x528A, 0x52AA, 0x528A, 0x4A69, 0x528A, 0x4208, 0x2945, 0x2965,
  0x2965, 0x2945, 0x2965, 0x2145, 0x59C4, 0x8224, 0x7224, 0x8A64, 0xE322, 0xDB22, 0xDB22, 0xF3C1,
  0xFBE1, 0xFBE1, 0xFBE1, 0xFBE1, 0xFBE1, 0xFBE1, 0xFBE1, 0xFBE1, 0xFBC1, 0xFCC2, 0xFDA3, 0xFD63,
  0xFD83, 0xFD83, 0xFD83, 0xFD83, 0xFD83, 0xFD83, 0xFD63, 0xFD83, 0xFD83, 0xFD83, 0xFD83, 0xFD83,
  0xFD83, 0xFD83, 0xFD83, 0xFD83, 0xFD83, 0xFD63, 0xFD83, 0xFD83, 0xFD63, 0xFD63, 0xFC01, 0xFBA1,
  0xFBC1, 0xEB81, 0xC2E4, 0xBAE4, 0xD304, 0x5121, 0x0000, 0x0000, 0x0000, 0x0000, 0x0000, 0x0000,
  0x0000, 0x0000, 0x0000, 0x0000, 0x0000, 0x0000, 0x0000, 0x0000, 0x0000, 0x0000, 0x0000, 0x0000,
  0x0000, 0x0000, 0x0000, 0x0000, 0x0000, 0x0000, 0x0000, 0x0000, 0x0000, 0x0000, 0x0000, 0x0000,
  0x0000, 0x0000, 0x0000, 0x0000, 0x0000, 0x0000, 0x0000, 0x0000, 0x0000, 0x0000, 0x0000, 0x0000,
  0x0000, 0x0000, 0x0000, 0x0000, 0x0000, 0x0000, 0x0000, 0x0000, 0x0000, 0x0000, 0x0000, 0x0000,
  0x0000, 0x0000, 0x0000, 0x0000, 0x0000, 0x0000, 0x0000, 0x0000, 0x0000, 0x0000, 0x0000, 0x0000,
  0x0000, 0x0000, 0x2965, 0x632C, 0x62EC, 0x5AEC, 0x528A, 0x528A, 0x528A, 0x528A, 0x528A, 0x52AA,
  0x4208, 0x2945, 0x2965, 0x2965, 0x2965, 0x2965, 0x2965, 0x59E5, 0x8224, 0x7224, 0x8A44, 0xDB23,
  0xDB22, 0xDB23, 0xF3C1, 0xFBE1, 0xFBE1, 0xFC01, 0xFC01, 0xFC01, 0xFC01, 0xFC01, 0xFC01, 0xFBE1,
  0xFCE2, 0xFDA3, 0xFD83, 0xFD83, 0xFD83, 0xFD83, 0xFD83, 0xFD83, 0xFD83, 0xFD83, 0xFD83, 0xFD83,
  0xFD83, 0xFD83, 0xFD83, 0xFD83, 0xFD83, 0xFD83, 0xFD83, 0xFD83, 0xFD83, 0xFD83, 0xFD83, 0xFD83,
  0xFD83, 0xFC01, 0xFBA1, 0xFBC1, 0xF381, 0xC2E4, 0xC2C4, 0xD304, 0x5121, 0x0000, 0x0000, 0x0000,
  0x0000, 0x0000, 0x0000, 0x0000, 0x0000, 0x0000, 0x0000, 0x0000, 0x0000, 0x0000, 0x0000, 0x0000,
  0x0000, 0x0000, 0x0000, 0x0000, 0x0000, 0x0000, 0x0000, 0x0000, 0x0000, 0x0000, 0x0000, 0x0000,
  0x0000, 0x0000, 0x0000, 0x0000, 0x0000, 0x0000, 0x0000, 0x0000, 0x0000, 0x0000, 0x0000, 0x0000,
  0x0000, 0x0000, 0x0000, 0x0000, 0x0000, 0x0000, 0x0000, 0x0000, 0x0000, 0x0000, 0x0000, 0x0000,
  0x0000, 0x0000, 0x0000, 0x0000, 0x0000, 0x0000, 0x0000, 0x0000, 0x0000, 0x0000, 0x0000, 0x0000,
  0x0000, 0x0000, 0x0000, 0x0000, 0x0000, 0x39A7, 0x7BCF, 0x736E, 0x736E, 0x52AA, 0x528A, 0x52AA,
  0x2965, 0x0861, 0x1082, 0x18C3, 0x2965, 0x2945, 0x2965, 0x6A05, 0x7224, 0x6A05, 0xB2C3, 0xEB41,
  0xDB21, 0xDB21, 0xE322, 0xEB41, 0xEB42, 0xFBC1, 0xFC01, 0xFBE1, 0xFC61, 0xFD42, 0xFD22, 0xFD22,
  0xFD42, 0xFD42, 0xFD42, 0xFD63, 0xFD83, 0xFD83, 0xFD62, 0xFBC1, 0xFBA1, 0xFB81, 0xFCA2, 0xFDA3,
  0xFD83, 0xFD83, 0xFD83, 0xFD83, 0xFDA3, 0xFCA2, 0xFB81, 0xFBC1, 0xFBE1, 0xFD63, 0xFD83, 0xFD83,
  0xFCE2, 0xFC61, 0xFC81, 0xFC61, 0xFD02, 0xFD42, 0xFD22, 0xFD22, 0xF4E3, 0xECE3, 0xF523, 0xB364,
  0x8225, 0x8A45, 0x8A44, 0x1040, 0x0000, 0x0000, 0x0000, 0x0000, 0x0000, 0x0000, 0x0000, 0x0000,
  0x0000, 0x0000, 0x0000, 0x0000, 0x0000, 0x0000, 0x0000, 0x0000, 0x0000, 0x0000, 0x0000, 0x0000,
  0x0000, 0x0000, 0x0000, 0x0000, 0x0000, 0x0000, 0x0000, 0x0000, 0x0000, 0x0000, 0x0000, 0x0000,
  0x0000, 0x0000, 0x0000, 0x0000, 0x0000, 0x0000, 0x0000, 0x0000, 0x0000, 0x0000, 0x0000, 0x0000,
  0x0000, 0x0000, 0x0000, 0x0000, 0x0000, 0x0000, 0x0000, 0x0000, 0x0000, 0x0000, 0x0000, 0x0000,
  0x0000, 0x0000, 0x0000, 0x0000, 0x0000, 0x0000, 0x0000, 0x0000, 0x39C7, 0x83F0, 0x7BCF, 0x7BAF,
  0x528A, 0x5269, 0x52AA, 0x2104, 0x0000, 0x0000, 0x0861, 0x2965, 0x2945, 0x2965, 0x7A24, 0x8A64,
  0x7A45, 0xC2E2, 0xFB80, 0xFB80, 0xFB61, 0xF341, 0xEB41, 0xEB41, 0xFBC1, 0xFC21, 0xFBE1, 0xFC82,
  0xFDA3, 0xFD83, 0xFD83, 0xFD83, 0xFD83, 0xFD83, 0xFD83, 0xFD83, 0xFD83, 0xFD42, 0xF360, 0xF340,
  0xF320, 0xFC62, 0xFDA3, 0xFD83, 0xFD83, 0xFD83, 0xFD83, 0xFDA3, 0xFC62, 0xF300, 0xF340, 0xF361,
  0xFD43, 0xFD83, 0xFD83, 0xFCC2, 0xFC01, 0xFC41, 0xFC21, 0xFD42, 0xFDA3, 0xFD83, 0xFD83, 0xFDA3,
  0xFDA3, 0xFDE3, 0xD405, 0xB2C6, 0xBB06, 0xB2E6, 0x1860, 0x0000, 0x0000, 0x0000, 0x0000, 0x0000,
  0x0000, 0x0000, 0x0000, 0x0000, 0x0000, 0x0000, 0x0000, 0x0000, 0x0000, 0x0000, 0x0000, 0x0000,
  0x0000, 0x0000, 0x0000, 0x0000, 0x0000, 0x0000, 0x0000, 0x0000, 0x0000, 0x0000, 0x0000, 0x0000,
  0x0000, 0x0000, 0x0000, 0x0000, 0x0000, 0x0000, 0x0000, 0x0000, 0x0000, 0x0000, 0x0000, 0x0000,
  0x0000, 0x0000, 0x0000, 0x0000, 0x0000, 0x0000, 0x0000, 0x0000, 0x0000, 0x0000, 0x0000, 0x0000,
  0x0000, 0x0000, 0x0000, 0x0000, 0x0000, 0x0000, 0x0000, 0x0000, 0x0000, 0x0000, 0x0000, 0x39C7,
  0x8410, 0x7BCF, 0x73AF, 0x528A, 0x528A, 0x5ACB, 0x2124, 0x0000, 0x0000, 0x1082, 0x2965, 0x2945,
  0x3165, 0x7A24, 0x8244, 0x7A45, 0xC302, 0xFB80, 0xFB80, 0xFB61, 0xF341, 0xF341, 0xEB41, 0xFBE1,
  0xFC21, 0xFBE1, 0xFC82, 0xFDA3, 0xFDA3, 0xFDA3, 0xFD83, 0xFD83, 0xFD83, 0xFDA3, 0xFDA3, 0xFDA3,
  0xFD62, 0xFB60, 0xFB40, 0xF320, 0xFC82, 0xFDC3, 0xFD83, 0xFD83, 0xFDA3, 0xFDA3, 0xFDC3, 0xFC82,
  0xFB40, 0xFB60, 0xFB80, 0xFD83, 0xFDA3, 0xFDC3, 0xFCE2, 0xFC21, 0xFC61, 0xFC41, 0xFD42, 0xFD83,
  0xFD83, 0xFD83, 0xFD83, 0xFD83, 0xFDC3, 0xCBE5, 0xA2A6, 0xB306, 0xA2C6, 0x0820, 0x0000, 0x0000,
  0x0000, 0x0000, 0x0000, 0x0000, 0x0000, 0x0000, 0x0000, 0x0000, 0x0000, 0x0000, 0x0000, 0x0000,
  0x0000, 0x0000, 0x0000, 0x0000, 0x0000, 0x0000, 0x0000, 0x0000, 0x0000, 0x0000, 0x0000, 0x0000,
  0x0000, 0x0000, 0x0000, 0x0000, 0x0000, 0x0000, 0x0000, 0x0000, 0x0000, 0x0000, 0x0000, 0x0000,
  0x0000, 0x0000, 0x0000, 0x0000, 0x0000, 0x0000, 0x0000, 0x0000, 0x0000, 0x0000, 0x0000, 0x0000,
  0x0000, 0x0000, 0x0000, 0x0000, 0x0000, 0x0000, 0x0000, 0x0000, 0x0000, 0x0000, 0x0000, 0x0861,
  0x10A2, 0x1082, 0x4208, 0x7BCF, 0x736E, 0x736E, 0x528A, 0x4A49, 0x528A, 0x2104, 0x0000, 0x0000,
  0x0861, 0x2965, 0x2945, 0x2965, 0x7A45, 0x8264, 0x7A45, 0xBAE3, 0xEB61, 0xE341, 0xE341, 0xEB42,
  0xE342, 0xE342, 0xF3E1, 0xFC01, 0xFBE1, 0xFC61, 0xFD02, 0xFD02, 0xFD02, 0xFD43, 0xFD43, 0xFD43,
  0xFD43, 0xFD23, 0xFD23, 0xFD02, 0xFB80, 0xFB80, 0xF360, 0xFC62, 0xFD63, 0xFD43, 0xFD43, 0xFD23,
  0xFD23, 0xFD63, 0xF442, 0xE301, 0xE321, 0xE341, 0xE4E3, 0xE503, 0xE503, 0xF482, 0xFC01, 0xFC22,
  0xFC01, 0xFD42, 0xFDA3, 0xFD83, 0xFD83, 0xFD63, 0xFD63, 0xFD83, 0xD3E4, 0xB2C5, 0xC305, 0xC304,
  0x3902, 0x20A1, 0x30C1, 0x1861, 0x0000, 0x0000, 0x0000, 0x0000, 0x0000, 0x0000, 0x0000, 0x0000,
  0x0000, 0x0000, 0x0000, 0x0000, 0x0000, 0x0000, 0x0000, 0x0000, 0x0000, 0x0000, 0x0000, 0x0000,
  0x0000, 0x0000, 0x0000, 0x0000, 0x0000, 0x0000, 0x0000, 0x0000, 0x0000, 0x0000, 0x0000, 0x0000,
  0x0000, 0x0000, 0x0000, 0x0000, 0x0000, 0x0000, 0x0000, 0x0000, 0x0000, 0x0000, 0x0000, 0x0000,
  0x0000, 0x0000, 0x0000, 0x0000, 0x0000, 0x0000, 0x0000, 0x0000, 0x0000, 0x0000, 0x0000, 0x0000,
  0x0000, 0x0000, 0x62EB, 0x7BAE, 0x73AE, 0x630C, 0x4A69, 0x528A, 0x528A, 0x31A6, 0x2965, 0x3186,
  0x10A2, 0x0000, 0x0000, 0x0841, 0x2945, 0x2945, 0x2945, 0x7225, 0x8265, 0x8245, 0x8245, 0x8265,
  0x8265, 0x8A85, 0xC346, 0xC346, 0xBB27, 0xEBC2, 0xFC01, 0xFC21, 0xFBC1, 0xF320, 0xF340, 0xF341,
  0xFBE1, 0xFC01, 0xFC21, 0xF3A1, 0xF321, 0xF341, 0xF361, 0xFC41, 0xFC41, 0xFC41, 0xFC21, 0xFC21,
  0xFC21, 0xFC01, 0xF341, 0xF340, 0xFB60, 0xC2E2, 0x7A45, 0x8A64, 0x8A65, 0x8245, 0x8265, 0x7A45,
  0xB2C4, 0xEB42, 0xE342, 0xE322, 0xFD03, 0xFDA3, 0xFDA3, 0xFD22, 0xFC41, 0xFC61, 0xFC61, 0xF3A1,
  0xF321, 0xF341, 0xF321, 0x9284, 0x8265, 0x92A5, 0x5183, 0x0000, 0x0000, 0x0000, 0x0000, 0x0000,
  0x0000, 0x0000, 0x0000, 0x0000, 0x0000, 0x0000, 0x0000, 0x0000, 0x0000, 0x0000, 0x0000, 0x0000,
  0x0000, 0x0000, 0x0000, 0x0000, 0x0000, 0x0000, 0x0000, 0x0000, 0x0000, 0x0000, 0x0000, 0x0000,
  0x0000, 0x0000, 0x0000, 0x0000, 0x0000, 0x0000, 0x0000, 0x0000, 0x0000, 0x0000, 0x0000, 0x0000,
  0x0000, 0x0000, 0x0000, 0x0000, 0x0000, 0x0000, 0x0000, 0x0000, 0x0000, 0x0000, 0x0000, 0x0000,
  0x0000, 0x0000, 0x0000, 0x0000, 0x0000, 0x630C, 0x7BEF, 0x7BCF, 0x632C, 0x4A69, 0x52AA, 0x528A,
  0x3186, 0x2965, 0x3186, 0x10A2, 0x0000, 0x0000, 0x0861, 0x2945, 0x2924, 0x2945, 0x7225, 0x8265,
  0x8245, 0x8265, 0x8265, 0x8265, 0x8A85, 0xC326, 0xC326, 0xBB27, 0xEBC2, 0xFC01, 0xFC01, 0xFBE1,
  0xF340, 0xF341, 0xF361, 0xFBE1, 0xFC01, 0xFC01, 0xF3A1, 0xEB21, 0xF341, 0xF341, 0xFC41, 0xFC41,
  0xFC41, 0xFC41, 0xFC21, 0xFC21, 0xFC01, 0xF361, 0xF341, 0xFB60, 0xC2C2, 0x7A45, 0x8A64, 0x8265,
  0x8245, 0x8265, 0x7A65, 0xB2C4, 0xEB42, 0xE342, 0xE322, 0xF4E3, 0xFD83, 0xFD83, 0xFD22, 0xFC41,
  0xFC61, 0xFC61, 0xF3A1, 0xF321, 0xF341, 0xEB21, 0x9284, 0x7A45, 0x8A65, 0x5183, 0x0000, 0x0000,
  0x0000, 0x0000, 0x0000, 0x0000, 0x0000, 0x0000, 0x0000, 0x0000, 0x0000, 0x0000, 0x0000, 0x0000,
  0x0000, 0x0000, 0x0000, 0x0000, 0x0000, 0x0000, 0x0000, 0x0000, 0x0000, 0x0000, 0x0000, 0x0000,
  0x0000, 0x0000, 0x0000, 0x0000, 0x0000, 0x0000, 0x0000, 0x0000, 0x0000, 0x0000, 0x0000, 0x0000,
  0x0000, 0x0000, 0x0000, 0x0000, 0x0000, 0x0000, 0x0000, 0x0000, 0x0000, 0x0000, 0x0000, 0x0000,
  0x0000, 0x0000, 0x0000, 0x0000, 0x0000, 0x0000, 0x0000, 0x0000, 0x5ACB, 0x73AE, 0x736E, 0x630C,
  0x528A, 0x52AA, 0x5269, 0x3186, 0x3186, 0x31A6, 0x10A2, 0x0000, 0x0000, 0x0841, 0x2124, 0x2124,
  0x2145, 0x7225, 0x8265, 0x8245, 0x8245, 0x8265, 0x7A45, 0x9285, 0xCB46, 0xC346, 0xC347, 0xF3E2,
  0xFC21, 0xFC21, 0xFBE1, 0xF340, 0xF340, 0xF341, 0xFC21, 0xFC41, 0xFC41, 0xFBE1, 0xF341, 0xFB41,
  0xFB81, 0xFC61, 0xFC81, 0xFC61, 0xFC41, 0xFC21, 0xFC41, 0xFC21, 0xFB80, 0xFB60, 0xFB80, 0xCB03,
  0x8A65, 0x9285, 0x9285, 0x8265, 0x8265, 0x7A45, 0xBAE4, 0xF362, 0xEB42, 0xEB42, 0xFD22, 0xFDC3,
  0xFDC3, 0xFD42, 0xFC41, 0xFC61, 0xFC61, 0xF381, 0xEB21, 0xF321, 0xF321, 0x9264, 0x7A45, 0x8A85,
  0x5163, 0x0000, 0x0000, 0x0000, 0x0000, 0x0000, 0x0000, 0x0000, 0x0000, 0x0000, 0x0000, 0x0000,
  0x0000, 0x0000, 0x0000, 0x0000, 0x0000, 0x0000, 0x0000, 0x0000, 0x0000, 0x0000, 0x0000, 0x0000,
  0x0000, 0x0000, 0x0000, 0x0000, 0x0000, 0x0000, 0x0000, 0x0000, 0x0000, 0x0000, 0x0000, 0x0000,
  0x0000, 0x0000, 0x0000, 0x0000, 0x0000, 0x0000, 0x0000, 0x0000, 0x0000, 0x0000, 0x0000, 0x0000,
  0x0000, 0x0000, 0x0000, 0x0000, 0x0000, 0x0000, 0x0000, 0x0000, 0x0000, 0x0000, 0x0000, 0x8C71,
  0xAD34, 0xAD55, 0x7BEF, 0x4A69, 0x52AA, 0x4A69, 0x18E3, 0x18C3, 0x18E3, 0x0861, 0x0000, 0x0000,
  0x1881, 0x59E5, 0x59C5, 0x59C5, 0x7A45, 0x8265, 0x8245, 0x8245, 0x8245, 0x8245, 0x8265, 0xA2C6,
  0xA2C6, 0x9AC6, 0xDB82, 0xFBE0, 0xFBE1, 0xFBA1, 0xEB42, 0xEB41, 0xEB42, 0xBB03, 0xBB23, 0xC343,
  0xC322, 0xC2E2, 0xC2E2, 0xCB02, 0xDBC2, 0xDBC2, 0xD3C2, 0xEBE1, 0xFBE1, 0xFBE1, 0xFBE1, 0xCAE2,
  0xCAE2, 0xD322, 0x8A42, 0x3943, 0x4963, 0x4983, 0x7A45, 0x8265, 0x7A45, 0x9A84, 0xB2E4, 0xB2C4,
  0xB2C4, 0xDC24, 0xECA4, 0xEC64, 0xEC43, 0xFC01, 0xFC01, 0xFC01, 0xF3A1, 0xF381, 0xF381, 0xFB81,
  0xAAE5, 0x92A5, 0xA2C6, 0x61C3, 0x0000, 0x0000, 0x0000, 0x0000, 0x0000, 0x0000, 0x0000, 0x0000,
  0x0000, 0x0000, 0x0000, 0x0000, 0x0000, 0x0000, 0x0000, 0x0000, 0x0000, 0x0000, 0x0000, 0x0000,
  0x0000, 0x0000, 0x0000, 0x0000, 0x0000, 0x0000, 0x0000, 0x0000, 0x0000, 0x0000, 0x0000, 0x0000,
  0x0000, 0x0000, 0x0000, 0x0000, 0x0000, 0x0000, 0x0000, 0x0000, 0x0000, 0x0000, 0x0000, 0x0000,
  0x0000, 0x0000, 0x0000, 0x0000, 0x0000, 0x0000, 0x0000, 0x0000, 0x0000, 0x0000, 0x0000, 0x0000,
  0x0000, 0x0020, 0xBDF7, 0xDEDA, 0xDEFB, 0x94B2, 0x4A48, 0x52AA, 0x4A69, 0x0841, 0x0000, 0x0020,
  0x0000, 0x0000, 0x0000, 0x28C1, 0x9285, 0x8244, 0x8A65, 0x8245, 0x8245, 0x8245, 0x8245, 0x8245,
  0x8265, 0x8265, 0x7A45, 0x8265, 0x7245, 0xD322, 0xFBA0, 0xFBA1, 0xF381, 0xE342, 0xE342, 0xDB43,
  0x7A24, 0x6A05, 0x7225, 0x7205, 0x7225, 0x7225, 0x7225, 0x8245, 0x8244, 0x7A25, 0xCB02, 0xFB80,
  0xFB81, 0xF361, 0x8A44, 0x7A45, 0x8265, 0x3923, 0x0021, 0x0041, 0x0861, 0x7225, 0x8265, 0x8265,
  0x7A45, 0x7A45, 0x7A45, 0x7A45, 0xBAE5, 0xD325, 0xCB05, 0xE343, 0xFBA0, 0xFBC1, 0xFBC1, 0xFBC1,
  0xFBE1, 0xFBE1, 0xFBC1, 0xC325, 0xAAE6, 0xBB26, 0x71E4, 0x0000, 0x0000, 0x0000, 0x0000, 0x0000,
  0x0000, 0x0000, 0x0000, 0x0000, 0x0000, 0x0000, 0x0000, 0x0000, 0x0000, 0x0000, 0x0000, 0x0000,
  0x0000, 0x0000, 0x0000, 0x0000, 0x0000, 0x0000, 0x0000, 0x0000, 0x0000, 0x0000, 0x0000, 0x0000,
  0x0000, 0x0000, 0x0000, 0x0000, 0x0000, 0x0000, 0x0000, 0x0000, 0x0000, 0x0000, 0x0000, 0x0000,
  0x0000, 0x0000, 0x0000, 0x0000, 0x0000, 0x0000, 0x0000, 0x0000, 0x0000, 0x0000, 0x0000, 0x0000,
  0x0000, 0x0000, 0x0000, 0x0000, 0x0020, 0xB5B6, 0xD69A, 0xD6BA, 0x9492, 0x4A49, 0x52AA, 0x4A69,
  0x0861, 0x0020, 0x0841, 0x0000, 0x0000, 0x0000, 0x28A1, 0x8265, 0x8244, 0x8245, 0x8245, 0x8245,
  0x8245, 0x8265, 0x8265, 0x8265, 0x8265, 0x8265, 0x8265, 0x7A65, 0xD342, 0xFBA0, 0xFBA1, 0xF381,
  0xE342, 0xE342, 0xE342, 0x8A64, 0x7A45, 0x7A44, 0x7A45, 0x7A45, 0x7A45, 0x7A45, 0x8A65, 0x8A64,
  0x8265, 0xD322, 0xFBA0, 0xFB80, 0xF381, 0x9284, 0x8264, 0x8A85, 0x4963, 0x0041, 0x0861, 0x1082,
  0x7225, 0x8265, 0x8265, 0x8265, 0x8265, 0x8265, 0x8265, 0xC304, 0xDB64, 0xD345, 0xE363, 0xFBC1,
  0xFBC1, 0xFBC1, 0xFBE1, 0xFBC1, 0xFBC1, 0xFBC1, 0xBB05, 0xAAE6, 0xBB26, 0x71E4, 0x0000, 0x0000,
  0x0000, 0x0000, 0x0000, 0x0000, 0x0000, 0x0000, 0x0000, 0x0000, 0x0000, 0x0000, 0x0000, 0x0000,
  0x0000, 0x0000, 0x0000, 0x0000, 0x0000, 0x0000, 0x0000, 0x0000, 0x0000, 0x0000, 0x0000, 0x0000,
  0x0000, 0x0000, 0x0000, 0x0000, 0x0000, 0x0000, 0x0000, 0x0000, 0x0000, 0x0000, 0x0000, 0x0000,
  0x0000, 0x0000, 0x0000, 0x0000, 0x0000, 0x0000, 0x0000, 0x0000, 0x0000, 0x0000, 0x0000, 0x0000,
  0x0000, 0x0000, 0x0000, 0x0000, 0x0000, 0x0000, 0x0000, 0x0020, 0xB5B6, 0xD699, 0xD6BA, 0x94B2,
  0x4A49, 0x52AA, 0x4A69, 0x0861, 0x0020, 0x0841, 0x0000, 0x0000, 0x0000, 0x28C1, 0x8A65, 0x8245,
  0x8265, 0x8265, 0x8245, 0x8265, 0x8265, 0x8245, 0x8245, 0x8245, 0x8265, 0x8265, 0x7A65, 0xD342,
  0xFBA1, 0xF3A1, 0xF381, 0xDB23, 0xDB43, 0xD323, 0x8264, 0x7A45, 0x7A45, 0x7A45, 0x7A45, 0x7A45,
  0x7A45, 0x8A65, 0x8A65, 0x8265, 0xD322, 0xFBA0, 0xFBA0, 0xF381, 0x9284, 0x8265, 0x8A85, 0x4963,
  0x0861, 0x1081, 0x18A1, 0x7A24, 0x8265, 0x8265, 0x8265, 0x8265, 0x8265, 0x8265, 0xBB05, 0xDB44,
  0xD345, 0xE363, 0xFBC1, 0xFBC1, 0xFBE1, 0xFBE1, 0xFBC1, 0xFBC1, 0xFBC1, 0xBB25, 0xAAE6, 0xBB26,
  0x71E4, 0x0000, 0x0000, 0x0000, 0x0000, 0x0000, 0x0000, 0x0000, 0x0000, 0x0000, 0x0000, 0x0000,
  0x0000, 0x0000, 0x0000, 0x0000, 0x0000, 0x0000, 0x0000, 0x0000, 0x0000, 0x0000, 0x0000, 0x0000,
  0x0000, 0x0000, 0x0000, 0x0000, 0x0000, 0x0000, 0x0000, 0x0000, 0x0000, 0x0000, 0x0000, 0x0000,
  0x0000, 0x0000, 0x0000, 0x0000, 0x0000, 0x0000, 0x0000, 0x0000, 0x0000, 0x0000, 0x0000, 0x0000,
  0x0000, 0x0000, 0x0000, 0x0000, 0x0000, 0x0000, 0x0000, 0x0000, 0x0000, 0x0000, 0x0000, 0x9CD3,
  0xB596, 0xBDB7, 0x8430, 0x4A49, 0x52AA, 0x4A69, 0x0861, 0x0020, 0x0020, 0x30C1, 0x5162, 0x4922,
  0x5982, 0x8245, 0x8245, 0x8245, 0x8265, 0x8265, 0x8265, 0x8265, 0x9AA6, 0xA2C6, 0xA2C6, 0x8A85,
  0x8265, 0x8265, 0x8A85, 0x9285, 0x8A84, 0x9285, 0x8A85, 0x8A85, 0x8A85, 0x8265, 0x8265, 0x8265,
  0x8265, 0x8265, 0x8265, 0x8265, 0x8265, 0x8265, 0x8265, 0x9284, 0x9AA4, 0x9AA4, 0x9AA4, 0xA2E6,
  0xAAE6, 0xAB07, 0xC304, 0xE321, 0xDB21, 0xDB21, 0xAAE6, 0xAAE6, 0xB306, 0x92A6, 0x7A45, 0x8265,
  0x8265, 0x8A85, 0x9285, 0x8A85, 0xAAC4, 0xE343, 0xDB43, 0xDB43, 0xF3C2, 0xFBE1, 0xFBE1, 0xFBE1,
  0xBB25, 0xAAE6, 0xBB26, 0x71E4, 0x0000, 0x0000, 0x0000, 0x0000, 0x0000, 0x0000, 0x0000, 0x0000,
  0x0000, 0x0000, 0x0000, 0x0000, 0x0000, 0x0000, 0x0000, 0x0000, 0x0000, 0x0000, 0x0000, 0x0000,
  0x0000, 0x0000, 0x0000, 0x0000, 0x0000, 0x0000, 0x0000, 0x0000, 0x0000, 0x0000, 0x0000, 0x0000,
  0x0000, 0x0000, 0x0000, 0x0000, 0x0000, 0x0000, 0x0000, 0x0000, 0x0000, 0x0000, 0x0000, 0x0000,
  0x0000, 0x0000, 0x0000, 0x0000, 0x0000, 0x0000, 0x0000, 0x0000, 0x0000, 0x0000, 0x0000, 0x0000,
  0x0000, 0x0000, 0x94B2, 0xB576, 0xB596, 0x83F0, 0x4A49, 0x52AA, 0x4A69, 0x0861, 0x0020, 0x0020,
  0x3901, 0x69A2, 0x6182, 0x61A3, 0x8244, 0x8265, 0x8245, 0x8265, 0x8265, 0x8265, 0x8A85, 0xBB27,
  0xC347, 0xC347, 0x92A5, 0x8245, 0x8265, 0x8265, 0x8265, 0x8265, 0x8265, 0x8265, 0x8265, 0x8265,
  0x8A65, 0x8A65, 0x8A65, 0x8A65, 0x8265, 0x8265, 0x8265, 0x8265, 0x8265, 0x8265, 0x8265, 0x7A45,
  0x7A45, 0x8265, 0xAAE6, 0xB306, 0xAB07, 0xDB64, 0xFBA1, 0xFBA1, 0xFBA1, 0xBB26, 0xB327, 0xBB27,
  0x9AC6, 0x7A45, 0x8265, 0x8265, 0x8265, 0x8265, 0x7A65, 0xA2A4, 0xDB43, 0xD323, 0xD324, 0xF3A2,
  0xFBE1, 0xFBE1, 0xFBE1, 0xBB25, 0xAAE6, 0xBB26, 0x71E4, 0x0000, 0x0000, 0x0000, 0x0000, 0x0000,
  0x0000, 0x0000, 0x0000, 0x0000, 0x0000, 0x0000, 0x0000, 0x0000, 0x0000, 0x0000, 0x0000, 0x0000,
  0x0000, 0x0000, 0x0000, 0x0000, 0x0000, 0x0000, 0x0000, 0x0000, 0x0000, 0x0000, 0x0000, 0x0000,
  0x0000, 0x0000, 0x0000, 0x0000, 0x0000, 0x0000, 0x0000, 0x0000, 0x0000, 0x0000, 0x0000, 0x0000,
  0x0000, 0x0000, 0x0000, 0x0000, 0x0000, 0x0000, 0x0000, 0x0000, 0x0000, 0x0000, 0x0000, 0x0000,
  0x0000, 0x0000, 0x0000, 0x0000, 0x0000, 0x94B2, 0xB596, 0xB596, 0x8410, 0x4A69, 0x52AA, 0x4A69,
  0x0861, 0x0820, 0x0020, 0x38E1, 0x61A2, 0x5982, 0x61A3, 0x8245, 0x8265, 0x8265, 0x8265, 0x8265,
  0x8265, 0x8A85, 0xBB47, 0xBB47, 0xC347, 0x92A5, 0x8265, 0x8265, 0x8265, 0x8265, 0x8265, 0x8265,
  0x8265, 0x8265, 0x8265, 0x8265, 0x8265, 0x8265, 0x8265, 0x8265, 0x8265, 0x8265, 0x8265, 0x8265,
  0x8265, 0x8265, 0x8265, 0x8265, 0x8265, 0xA2E6, 0xAB06, 0xA307, 0xD344, 0xFB80, 0xFB80, 0xFB81,
  0xB305, 0xAAE6, 0xB306, 0x9285, 0x7A45, 0x8265, 0x7A65, 0x8265, 0x8265, 0x8265, 0xA2A4, 0xE363,
  0xE363, 0xDB44, 0xF3C2, 0xFC01, 0xFBE1, 0xFBE1, 0xBB25, 0xAAE6, 0xBB27, 0x71E4, 0x0000, 0x0000,
  0x0000, 0x0000, 0x0000, 0x0000, 0x0000, 0x0000, 0x0000, 0x0000, 0x0000, 0x0000, 0x0000, 0x0000,
  0x0000, 0x0000, 0x0000, 0x0000, 0x0000, 0x0000, 0x0000, 0x0000, 0x0000, 0x0000, 0x0000, 0x0000,
  0x0000, 0x0000, 0x0000, 0x0000, 0x0000, 0x0000, 0x0000, 0x0000, 0x0000, 0x0000, 0x0000, 0x0000,
  0x0000, 0x0000, 0x0000, 0x0000, 0x0000, 0x0000, 0x0000, 0x0000, 0x0000, 0x0000, 0x0000, 0x0000,
  0x0000, 0x0000, 0x0000, 0x0000, 0x0000, 0x0000, 0x0000, 0x0000, 0x9492, 0xB576, 0xB596, 0x7BF0,
  0x4228, 0x5289, 0x4A49, 0x0861, 0x0820, 0x0020, 0x4122, 0x7A03, 0x69C3, 0x71E3, 0x8244, 0x8245,
  0x8245, 0x8A65, 0x8A65, 0x8265, 0x8A85, 0xBB47, 0xC347, 0xC347, 0x92A5, 0x8265, 0x8224, 0x8224,
  0x8A85, 0x92A6, 0x92A6, 0x9AC6, 0x9AC6, 0x9AC6, 0x9AC6, 0x9AC6, 0x9AC6, 0x9AC6, 0x92A6, 0x9AC6,
  0x92A6, 0x8A65, 0x8A65, 0x8265, 0x8A85, 0x92A6, 0x92A6, 0x92A6, 0xBB47, 0xC367, 0xBB48, 0xDBA6,
  0xFC05, 0xF405, 0xF406, 0xD40A, 0xCBEA, 0xCC0B, 0xB348, 0x9AA5, 0x9AC6, 0x92A6, 0x8A85, 0x8265,
  0x8265, 0x92A5, 0xBAE4, 0xBB04, 0xBB04, 0xEB82, 0xFBC1, 0xF3A1, 0xF3A1, 0xAAE5, 0x9AC6, 0xAB06,
  0x61C4, 0x0000, 0x0000, 0x0000, 0x0000, 0x0000, 0x0000, 0x0000, 0x0000, 0x0000, 0x0000, 0x0000,
  0x0000, 0x0000, 0x0000, 0x0000, 0x0000, 0x0000, 0x0000, 0x0000, 0x0000, 0x0000, 0x0000, 0x0000,
  0x0000, 0x0000, 0x0000, 0x0000, 0x0000, 0x0000, 0x0000, 0x0000, 0x0000, 0x0000, 0x0000, 0x0000,
  0x0000, 0x0000, 0x0000, 0x0000, 0x0000, 0x0000, 0x0000, 0x0000, 0x0000, 0x0000, 0x0000, 0x0000,
  0x0000, 0x0000, 0x0000, 0x0000, 0x0000, 0x0000, 0x0000, 0x0000, 0x0000, 0x0000, 0x0000, 0x9492,
  0xB576, 0xB596, 0x7BCF, 0x39E7, 0x4A49, 0x4208, 0x0841, 0x0020, 0x0000, 0x5163, 0x8A85, 0x8245,
  0x8265, 0x8245, 0x8245, 0x8244, 0x9AA5, 0xAAE6, 0xA2C6, 0x9AA5, 0xBB47, 0xBB47, 0xC347, 0x9285,
  0x8244, 0x8962, 0x91E3, 0xBB47, 0xC347, 0xC347, 0xC367, 0xC367, 0xC367, 0xC367, 0xC367, 0xC367,
  0xC347, 0xBB47, 0xBB47, 0xB327, 0x8A85, 0x8A85, 0x8A85, 0xAAE6, 0xBB27, 0xB307, 0xBB47, 0xDBE9,
  0xDBE9, 0xDBC8, 0xE42A, 0xECAC, 0xECAC, 0xECAC, 0xFD90, 0xFD91, 0xFDD2, 0xE48D, 0xBB26, 0xBB47,
  0xC347, 0x92A6, 0x7A65, 0x8265, 0x8265, 0x7A65, 0x8265, 0x7A65, 0xDB22, 0xF341, 0xEB41, 0xEB21,
  0x9285, 0x7A65, 0x8A85, 0x5183, 0x0000, 0x0000, 0x0000, 0x0000, 0x0000, 0x0000, 0x0000, 0x0000,
  0x0000, 0x0000, 0x0000, 0x0000, 0x0000, 0x0000, 0x0000, 0x0000, 0x0000, 0x0000, 0x0000, 0x0000,
  0x0000, 0x0000, 0x0000, 0x0000, 0x0000, 0x0000, 0x0000, 0x0000, 0x0000, 0x0000, 0x0000, 0x0000,
  0x0000, 0x0000, 0x0000, 0x0000, 0x0000, 0x0000, 0x0000, 0x0000, 0x0000, 0x0000, 0x0000, 0x0000,
  0x0000, 0x0000, 0x0000, 0x0000, 0x0000, 0x0000, 0x0000, 0x0000, 0x0000, 0x0000, 0x0000, 0x0000,
  0x0000, 0x0000, 0x9492, 0xB596, 0xB596, 0x7BCF, 0x39E7, 0x4A49, 0x4208, 0x0841, 0x0020, 0x0000,
  0x4963, 0x8A65, 0x8245, 0x8224, 0x89A3, 0x8A04, 0x8244, 0x9AA5, 0xAAE6, 0xAAE6, 0xA2E6, 0xBB47,
  0xC347, 0xC347, 0x9204, 0x89C3, 0x89E3, 0xA265, 0xC367, 0xBB47, 0xC347, 0xC347, 0xC347, 0xC347,
  0xC347, 0xC347, 0xC347, 0xBB47, 0xBB47, 0xBB47, 0xB327, 0x8A85, 0x8A85, 0x9285, 0xAAE6, 0xB307,
  0xB307, 0xBB47, 0xD3C8, 0xDBE9, 0xD3C9, 0xE42A, 0xECAC, 0xEC8C, 0xECAC, 0xF550, 0xF591, 0xFDB1,
  0xDC4C, 0xB306, 0xBB47, 0xC347, 0x8A85, 0x7A65, 0x8265, 0x8265, 0x8265, 0x8265, 0x8285, 0xDB22,
  0xFB61, 0xF361, 0xF341, 0x9285, 0x8265, 0x8A85, 0x5183, 0x0000, 0x0000, 0x0000, 0x0000, 0x0000,
  0x0000, 0x0000, 0x0000, 0x0000, 0x0000, 0x0000, 0x0000, 0x0000, 0x0000, 0x0000, 0x0000, 0x0000,
  0x0000, 0x0000, 0x0000, 0x0000, 0x0000, 0x0000, 0x0000, 0x0000, 0x0000, 0x0000, 0x0000, 0x0000,
  0x0000, 0x0000, 0x0000, 0x0000, 0x0000, 0x0000, 0x0000, 0x0000, 0x0000, 0x0000, 0x0000, 0x0000,
  0x0000, 0x0000, 0x0000, 0x0000, 0x0000, 0x0000, 0x0000, 0x0000, 0x0000, 0x0000, 0x0000, 0x0000,
  0x0000, 0x0000, 0x0000, 0x0000, 0x0000, 0x9492, 0xB596, 0xB597, 0x7BCF, 0x39E7, 0x4A49, 0x4208,
  0x0841, 0x0020, 0x0000, 0x4963, 0x8A65, 0x8265, 0x8204, 0x8942, 0x89C3, 0x8244, 0x9AA6, 0xB327,
  0xAB06, 0xAAE6, 0xB306, 0xBB27, 0xB2A6, 0x9182, 0x8962, 0x8265, 0x9AC6, 0xC347, 0xC347, 0xC367,
  0xC367, 0xC367, 0xC347, 0xC347, 0xC347, 0xC367, 0xC347, 0xBB47, 0xC347, 0xB327, 0x8A85, 0x8A85,
  0x8A65, 0xA2C6, 0xBB27, 0xB327, 0xB327, 0xD3C8, 0xDC09, 0xDBC9, 0xE42A, 0xECAC, 0xECAC, 0xECAC,
  0xF591, 0xF591, 0xFDB2, 0xDC4C, 0xBB26, 0xC367, 0xC347, 0x92A6, 0x8265, 0x8265, 0x8265, 0x8265,
  0x8265, 0x8265, 0xD322, 0xEB41, 0xEB41, 0xE321, 0x9285, 0x8265, 0x8A85, 0x5183, 0x0000, 0x0000,
  0x0000, 0x0000, 0x0000, 0x0000, 0x0000, 0x0000, 0x0000, 0x0000, 0x0000, 0x0000, 0x0000, 0x0000,
  0x0000, 0x0000, 0x0000, 0x0000, 0x0000, 0x0000, 0x0000, 0x0000, 0x0000, 0x0000, 0x0000, 0x0000,
  0x0000, 0x0000, 0x0000, 0x0000, 0x0000, 0x0000, 0x0000, 0x0000, 0x0000, 0x0000, 0x0000, 0x0000,
  0x0000, 0x0000, 0x0000, 0x0000, 0x0000, 0x0000, 0x0000, 0x0000, 0x0000, 0x0000, 0x0000, 0x0000,
  0x0000, 0x0000, 0x0000, 0x0000, 0x0000, 0x0000, 0x0000, 0x0000, 0x9493, 0xB596, 0xB597, 0x7BCF,
  0x39E7, 0x4A49, 0x4A28, 0x61C4, 0x61C4, 0x61C4, 0x7224, 0x8265, 0x8265, 0x8224, 0x8982, 0x8182,
  0x89A3, 0x89A3, 0x8182, 0x8182, 0x8182, 0x7921, 0x7921, 0x70C0, 0x8942, 0xB2A5, 0xBB27, 0xC347,
  0xC367, 0xC347, 0xC367, 0xDBE9, 0xD3E9, 0xD3C9, 0xC368, 0xC367, 0xC347, 0xCBA8, 0xDC0A, 0xDC0A,
  0xDC0A, 0xD3E9, 0xD3E9, 0xCBC9, 0xD3E9, 0xDC0A, 0xDC09, 0xDC0A, 0xF52F, 0xF550, 0xF52F, 0xF5D2,
  0xFE76, 0xF655, 0xF655, 0xFE35, 0xFE14, 0xFE34, 0xF5B2, 0xED2F, 0xED0F, 0xF50F, 0xCBEA, 0xB306,
  0xB327, 0xA2E6, 0x8265, 0x8265, 0x8265, 0x8A85, 0x8A85, 0x8A85, 0x8A85, 0x8285, 0x8265, 0x8AA5,
  0x5183, 0x0000, 0x0000, 0x0000, 0x0000, 0x0000, 0x0000, 0x0000, 0x0000, 0x0000, 0x0000, 0x0000,
  0x0000, 0x0000, 0x0000, 0x0000, 0x0000, 0x0000, 0x0000, 0x0000, 0x0000, 0x0000, 0x0000, 0x0000,
  0x0000, 0x0000, 0x0000, 0x0000, 0x0000, 0x0000, 0x0000, 0x0000, 0x0000, 0x0000, 0x0000, 0x0000,
  0x0000, 0x0000, 0x0000, 0x0000, 0x0000, 0x0000, 0x0000, 0x0000, 0x0000, 0x0000, 0x0000, 0x0000,
  0x0000, 0x0000, 0x0000, 0x0000, 0x0000, 0x0000, 0x0000, 0x0000, 0x0000, 0x0000, 0x0000, 0x9492,
  0xB596, 0xB597, 0x7BCF, 0x41E7, 0x4A49, 0x4A48, 0x7A45, 0x7A45, 0x7A45, 0x8245, 0x8245, 0x8245,
  0x8244, 0x8182, 0x8162, 0x8982, 0x7921, 0x60A0, 0x60A0, 0x70C0, 0x7901, 0x70E0, 0x70A0, 0xAA64,
  0xCB88, 0xC347, 0xC347, 0xC367, 0xC367, 0xCB88, 0xDC0A, 0xE40A, 0xE42A, 0xCB88, 0xC367, 0xC367,
  0xDC09, 0xEC8C, 0xEC6B, 0xEC6B, 0xEC8B, 0xEC6B, 0xEC8B, 0xEC6B, 0xE44A, 0xE44A, 0xE46B, 0xF590,
  0xFDB1, 0xFD91, 0xFE34, 0xFED8, 0xFEB8, 0xFEB7, 0xFE55, 0xFE35, 0xFE55, 0xFDF3, 0xFD70, 0xF570,
  0xFDB1, 0xD40A, 0xBB27, 0xCB88, 0xAB07, 0x7A65, 0x8265, 0x8265, 0x8265, 0x8265, 0x8265, 0x8265,
  0x8265, 0x8265, 0x8AA6, 0x5183, 0x0000, 0x0000, 0x0000, 0x0000, 0x0000, 0x0000, 0x0000, 0x0000,
  0x0000, 0x0000, 0x0000, 0x0000, 0x0000, 0x0000, 0x0000, 0x0000, 0x0000, 0x0000, 0x0000, 0x0000,
  0x0000, 0x0000, 0x0000, 0x0000, 0x0000, 0x0000, 0x0000, 0x0000, 0x0000, 0x0000, 0x0000, 0x0000,
  0x0000, 0x0000, 0x0000, 0x0000, 0x0000, 0x0000, 0x0000, 0x0000, 0x0000, 0x0000, 0x0000, 0x0000,
  0x0000, 0x0000, 0x0000, 0x0000, 0x0000, 0x0000, 0x0000, 0x0000, 0x0000, 0x0000, 0x0000, 0x0000,
  0x0000, 0x0000, 0x9492, 0xB596, 0xB597, 0x7BEF, 0x41E7, 0x4A49, 0x4A48, 0x7225, 0x7224, 0x7224,
  0x7A45, 0x8265, 0x8265, 0x8245, 0x8182, 0x8982, 0x8982, 0x68E1, 0x68C0, 0x68E0, 0x68E0, 0x68C0,
  0x70E0, 0x78E0, 0xBB06, 0xCB88, 0xCB67, 0xC347, 0xC307, 0xC367, 0xCBA8, 0xDC09, 0xDC0A, 0xE42A,
  0xCB88, 0xC347, 0xC347, 0xD3E9, 0xEC8B, 0xEC6B, 0xE46B, 0xE46B, 0xE46B, 0xEC6B, 0xE44A, 0xE42A,
  0xE42A, 0xE44A, 0xF570, 0xFDB1, 0xF570, 0xFE14, 0xFED8, 0xFEB7, 0xFEB7, 0xFE55, 0xFE55, 0xFE97,
  0xFE13, 0xF550, 0xF570, 0xFD91, 0xCBEA, 0xBB26, 0xC367, 0xAB06, 0x7A45, 0x8265, 0x8265, 0x8265,
  0x8265, 0x8265, 0x8265, 0x8285, 0x8265, 0x8AA6, 0x5183, 0x0000, 0x0000, 0x0000, 0x0000, 0x0000,
  0x0000, 0x0000, 0x0000, 0x0000, 0x0000, 0x0000, 0x0000, 0x0000, 0x0000, 0x0000, 0x0000, 0x0000,
  0x0000, 0x0000, 0x0000, 0x0000, 0x0000, 0x0000, 0x0000, 0x0000, 0x0000, 0x0000, 0x0000, 0x0000,
  0x0000, 0x0000, 0x0000, 0x0000, 0x0000, 0x0000, 0x0000, 0x0000, 0x0000, 0x0000, 0x0000, 0x0000,
  0x0000, 0x0000, 0x0000, 0x0000, 0x0000, 0x0000, 0x0000, 0x0000, 0x0000, 0x0000, 0x0000, 0x0000,
  0x0000, 0x0000, 0x0000, 0x0000, 0x0000, 0x9492, 0xB596, 0xB597, 0x7BCF, 0x41E7, 0x4A49, 0x4A48,
  0x8A85, 0x9285, 0x8A85, 0x8A45, 0x8204, 0x8224, 0x79E3, 0x7941, 0x7941, 0x7921, 0x7100, 0x70E0,
  0x70E0, 0x70C0, 0x70C0, 0x70E0, 0x78C0, 0xB265, 0xC2E6, 0xB264, 0xB285, 0xC327, 0xC367, 0xCB88,
  0xE44A, 0xE42A, 0xE42A, 0xD3C9, 0xD3C9, 0xCBA8, 0xDC0A, 0xEC8C, 0xEC8B, 0xEC6B, 0xEC6B, 0xEC6B,
  0xEC6B, 0xEC8C, 0xECCD, 0xECAD, 0xECAD, 0xF5B2, 0xFDF3, 0xFDB2, 0xFE35, 0xFEB8, 0xFEB8, 0xFEB7,
  0xF5F3, 0xF5B2, 0xED30, 0xF550, 0xF570, 0xF570, 0xFD91, 0xDC2A, 0xCB88, 0xCBA8, 0xBB47, 0x9AA6,
  0x9AC6, 0xA2C6, 0x8A85, 0x8265, 0x8265, 0x8285, 0x8285, 0x8265, 0x8AA6, 0x5183, 0x0000, 0x0000,
  0x0000, 0x0000, 0x0000, 0x0000, 0x0000, 0x0000, 0x0000, 0x0000, 0x0000, 0x0000, 0x0000, 0x0000,
  0x0000, 0x0000, 0x0000, 0x0000, 0x0000, 0x0000, 0x0000, 0x0000, 0x0000, 0x0000, 0x0000, 0x0000,
  0x0000, 0x0000, 0x0000, 0x0000, 0x0000, 0x0000, 0x0000, 0x0000, 0x0000, 0x0000, 0x0000, 0x0000,
  0x0000, 0x0000, 0x0000, 0x0000, 0x0000, 0x0000, 0x0000, 0x0000, 0x0000, 0x0000, 0x0000, 0x0000,
  0x0000, 0x0000, 0x0000, 0x0000, 0x0000, 0x0000, 0x0000, 0x0000, 0x9492, 0xB596, 0xBD97, 0x7BCF,
  0x39E7, 0x4249, 0x5248, 0xBB47, 0xC347, 0xC368, 0x9A24, 0x7921, 0x8162, 0x7121, 0x68C0, 0x68C0,
  0x68A0, 0x8101, 0x9121, 0x9121, 0x8101, 0x70C0, 0x70C0, 0x70C0, 0x9983, 0xA182, 0x88E0, 0x99C3,
  0xCB88, 0xC347, 0xCB88, 0xEC6B, 0xEC6B, 0xE46B, 0xEC6B, 0xEC6B, 0xEC6B, 0xEC6B, 0xEC8C, 0xEC8C,
  0xEC8C, 0xEC6B, 0xEC6B, 0xEC6B, 0xF4EE, 0xFDB2, 0xFD91, 0xFDB1, 0xFE55, 0xFE55, 0xFE55, 0xFE76,
  0xFEB8, 0xFEB8, 0xFE97, 0xFDB1, 0xECCE, 0xCAC6, 0xE3EB, 0xFDB1, 0xF570, 0xFD91, 0xE48C, 0xDBE9,
  0xE40A, 0xDBE9, 0xC367, 0xC367, 0xCB67, 0x9AC6, 0x8265, 0x8265, 0x8265, 0x8265, 0x8265, 0x8AA6,
  0x5183, 0x0000, 0x0000, 0x0000, 0x0000, 0x0000, 0x0000, 0x0000, 0x0000, 0x0000, 0x0000, 0x0000,
  0x0000, 0x0000, 0x0000, 0x0000, 0x0000, 0x0000, 0x0000, 0x0000, 0x0000, 0x0000, 0x0000, 0x0000,
  0x0000, 0x0000, 0x0000, 0x0000, 0x0000, 0x0000, 0x0000, 0x0000, 0x0000, 0x0000, 0x0000, 0x0000,
  0x0000, 0x0000, 0x0000, 0x0000, 0x0000, 0x0000, 0x0000, 0x0000, 0x0000, 0x0000, 0x0000, 0x0000,
  0x0000, 0x0000, 0x0000, 0x0000, 0x0000, 0x0000, 0x0000, 0x0000, 0x0000, 0x0000, 0x0000, 0x9492,
  0xB596, 0xBD97, 0x7BCF, 0x39E7, 0x4228, 0x5248, 0xBB47, 0xC347, 0xC367, 0x9A24, 0x7921, 0x7962,
  0x7941, 0x68C0, 0x6901, 0x7141, 0x8121, 0x9121, 0x9141, 0x8901, 0x70C0, 0x70E0, 0x70C0, 0xA1E3,
  0xBA85, 0xB265, 0xBAE6, 0xCB67, 0xC367, 0xCB88, 0xE46B, 0xEC6B, 0xEC6B, 0xEC6B, 0xEC6B, 0xE46B,
  0xEC8B, 0xECAC, 0xECAC, 0xECAC, 0xEC8B, 0xEC6B, 0xEC6B, 0xF4EE, 0xFDB1, 0xFD91, 0xFDB1, 0xFE35,
  0xFE55, 0xFE55, 0xFE76, 0xFEB8, 0xFED8, 0xF697, 0xD3AA, 0xDBAA, 0xEC6C, 0xECCE, 0xFD91, 0xF570,
  0xFD91, 0xE48C, 0xDBE9, 0xE40A, 0xDBE9, 0xC347, 0xC367, 0xC367, 0x9AC6, 0x8265, 0x8265, 0x8265,
  0x8265, 0x8265, 0x8AA6, 0x5183, 0x0000, 0x0000, 0x0000, 0x0000, 0x0000, 0x0000, 0x0000, 0x0000,
  0x0000, 0x0000, 0x0000, 0x0000, 0x0000, 0x0000, 0x0000, 0x0000, 0x0000, 0x0000, 0x0000, 0x0000,
  0x0000, 0x0000, 0x0000, 0x0000, 0x0000, 0x0000, 0x0000, 0x0000, 0x0000, 0x0000, 0x0000, 0x0000,
  0x0000, 0x0000, 0x0000, 0x0000, 0x0000, 0x0000, 0x0000, 0x0000, 0x0000, 0x0000, 0x0000, 0x0000,
  0x0000, 0x0000, 0x0000, 0x0000, 0x0000, 0x0000, 0x0000, 0x0000, 0x0000, 0x0000, 0x0000, 0x0000,
  0x0000, 0x0000, 0x9472, 0xB596, 0xBDB7, 0x7BCF, 0x39E7, 0x4228, 0x5248, 0xBB47, 0xC347, 0xCB67,
  0x9A44, 0x7941, 0x7962, 0x7941, 0x68C0, 0x7121, 0x71A2, 0x8141, 0x9121, 0x9141, 0x8921, 0x70C0,
  0x70E0, 0x70C0, 0xB2C6, 0xCB88, 0xCB67, 0xCB67, 0xC367, 0xC367, 0xCB88, 0xE44B, 0xEC6B, 0xEC6B,
  0xEC6B, 0xEC6B, 0xEC6B, 0xEC8B, 0xECAC, 0xECAC, 0xECAC, 0xEC8B, 0xEC8B, 0xEC6B, 0xF4EE, 0xFDB1,
  0xFD91, 0xFDB2, 0xFE35, 0xFE55, 0xFE55, 0xFE97, 0xFED8, 0xFED8, 0xF676, 0xBA45, 0xCB07, 0xFD90,
  0xF570, 0xF570, 0xF570, 0xFD91, 0xE46C, 0xDBE9, 0xE409, 0xD3C9, 0xC347, 0xC367, 0xCB68, 0x9AC6,
  0x8265, 0x8265, 0x8265, 0x8265, 0x8265, 0x8AA6, 0x59A3, 0x0000, 0x0000, 0x0000, 0x0000, 0x0000,
  0x0000, 0x0000, 0x0000, 0x0000, 0x0000, 0x0000, 0x0000, 0x0000, 0x0000, 0x0000, 0x0000, 0x0000,
  0x0000, 0x0000, 0x0000, 0x0000, 0x0000, 0x0000, 0x0000, 0x0000, 0x0000, 0x0000, 0x0000, 0x0000,
  0x0000, 0x0000, 0x0000, 0x0000, 0x0000, 0x0000, 0x0000, 0x0000, 0x0000, 0x0000, 0x0000, 0x0000,
  0x0000, 0x0000, 0x0000, 0x0000, 0x0000, 0x0000, 0x0000, 0x0000, 0x0000, 0x0000, 0x0000, 0x0000,
  0x0000, 0x0000, 0x0000, 0x0000, 0x0000, 0x9CD3, 0xC5F7, 0xC618, 0x8430, 0x39E7, 0x4228, 0x4A28,
  0x8A85, 0x8A85, 0x8AA6, 0x79C3, 0x7121, 0x7101, 0x68E1, 0x7941, 0x7942, 0x7942, 0xA244, 0xB2C6,
  0x8921, 0x8901, 0x8101, 0x8921, 0x9162, 0xCB88, 0xDBC9, 0xD3C8, 0xDC2A, 0xECAD, 0xEC8C, 0xECCD,
  0xF5B2, 0xF5D2, 0xF5B2, 0xF5B2, 0xF5B2, 0xF5D2, 0xF570, 0xECAC, 0xECCC, 0xECAC, 0xF550, 0xF591,
  0xF570, 0xF591, 0xFDB2, 0xF5B2, 0xF5B2, 0xFDB2, 0xF5B1, 0xFDD2, 0xECEE, 0xE46C, 0xC308, 0xB266,
  0xE4AE, 0xF571, 0xFE14, 0xF591, 0xF4ED, 0xF50E, 0xF50E, 0xECCD, 0xECCD, 0xF4CD, 0xE46B, 0xC347,
  0xC367, 0xCB68, 0xA2C6, 0x8265, 0x8265, 0x8265, 0x8265, 0x8265, 0x8AA6, 0x5183, 0x0000, 0x0000,
  0x0000, 0x0000, 0x0000, 0x0000, 0x0000, 0x0000, 0x0000, 0x0000, 0x0000, 0x0000, 0x0000, 0x0000,
  0x0000, 0x0000, 0x0000, 0x0000, 0x0000, 0x0000, 0x0000, 0x0000, 0x0000, 0x0000, 0x0000, 0x0000,
  0x0000, 0x0000, 0x0000, 0x0000, 0x0000, 0x0000, 0x0000, 0x0000, 0x0000, 0x0000, 0x0000, 0x0000,
  0x0000, 0x0000, 0x0000, 0x0000, 0x0000, 0x0000, 0x0000, 0x0000, 0x0000, 0x0000, 0x0000, 0x0000,
  0x0000, 0x0000, 0x0000, 0x0000, 0x0000, 0x0000, 0x0000, 0x0000, 0xA514, 0xC638, 0xC638, 0x8C30,
  0x39C7, 0x4228, 0x4A28, 0x7A45, 0x7A45, 0x7A65, 0x71C3, 0x6921, 0x68E0, 0x68E0, 0x8162, 0x8162,
  0x7941, 0xAAA5, 0xC367, 0x99E3, 0x8101, 0x8901, 0x9962, 0xB285, 0xDBE9, 0xDC0A, 0xDC09, 0xEC8C,
  0xF52E, 0xF50E, 0xF52F, 0xFE14, 0xFE34, 0xFE34, 0xFE34, 0xFE14, 0xFE34, 0xF5D2, 0xECCC, 0xF4CD,
  0xECAC, 0xF591, 0xFDD2, 0xFDD2, 0xFDD2, 0xFDD2, 0xFDD2, 0xFDD2, 0xF591, 0xF570, 0xFDB1, 0xE44C,
  0xCB27, 0xB204, 0xA1C3, 0xF5D3, 0xFE76, 0xFE55, 0xF5B1, 0xF4AC, 0xF4ED, 0xF4ED, 0xF4ED, 0xF4EE,
  0xF50E, 0xECAC, 0xC347, 0xC367, 0xCB68, 0xA2C6, 0x8265, 0x8265, 0x8265, 0x8265, 0x8265, 0x8AA6,
  0x5183, 0x0000, 0x0000, 0x0000, 0x0000, 0x0000, 0x0000, 0x0000, 0x0000, 0x0000, 0x0000, 0x0000,
  0x0000, 0x0000, 0x0000, 0x0000, 0x0000, 0x0000, 0x0000, 0x0000, 0x0000, 0x0000, 0x0000, 0x0000,
  0x0000, 0x0000, 0x0000, 0x0000, 0x0000, 0x0000, 0x0000, 0x0000, 0x0000, 0x0000, 0x0000, 0x0000,
  0x0000, 0x0000, 0x0000, 0x0000, 0x0000, 0x0000, 0x0000, 0x0000, 0x0000, 0x0000, 0x0000, 0x0000,
  0x0000, 0x0000, 0x0000, 0x0000, 0x0000, 0x0000, 0x0000, 0x0000, 0x0000, 0x0000, 0x0000, 0x9CF3,
  0xC618, 0xC638, 0x8430, 0x39C7, 0x4229, 0x4A28, 0x7A45, 0x7A45, 0x7A45, 0x71A3, 0x7121, 0x6962,
  0x6941, 0x8162, 0x8162, 0x8141, 0xAA85, 0xBB27, 0xBB27, 0x99E3, 0x88E0, 0xB2C5, 0xBB27, 0xD3A8,
  0xDC09, 0xDBE9, 0xE46B, 0xF52E, 0xF4EE, 0xF52F, 0xFE14, 0xFE34, 0xFE34, 0xFE14, 0xFE14, 0xFE34,
  0xFDB2, 0xF4AC, 0xF4AC, 0xF4AC, 0xF591, 0xFDD2, 0xFDD2, 0xFDD2, 0xFDD2, 0xFDD2, 0xFDD2, 0xF54F,
  0xF570, 0xF52F, 0xBA86, 0x88E0, 0xCB27, 0xE40A, 0xF5F3, 0xFE34, 0xFE55, 0xF591, 0xF4CC, 0xF4ED,
  0xF4CD, 0xF4ED, 0xF4ED, 0xF4EE, 0xECAC, 0xC347, 0xC367, 0xCB68, 0xA2C6, 0x7A65, 0x8265, 0x8265,
  0x8265, 0x8265, 0x8AA6, 0x5183, 0x0000, 0x0000, 0x0000, 0x0000, 0x0000, 0x0000, 0x0000, 0x0000,
  0x0000, 0x0000, 0x0000, 0x0000, 0x0000, 0x0000, 0x0000, 0x0000, 0x0000, 0x0000, 0x0000, 0x0000,
  0x0000, 0x0000, 0x0000, 0x0000, 0x0000, 0x0000, 0x0000, 0x0000, 0x0000, 0x0000, 0x0000, 0x0000,
  0x0000, 0x0000, 0x0000, 0x0000, 0x0000, 0x0000, 0x0000, 0x0000, 0x0000, 0x0000, 0x0000, 0x0000,
  0x0000, 0x0000, 0x0000, 0x0000, 0x0000, 0x0000, 0x0000, 0x0000, 0x0000, 0x0000, 0x0000, 0x0000,
  0x0000, 0x0020, 0xAD55, 0xCE38, 0xCE59, 0x9450, 0x49E6, 0x5248, 0x5A47, 0x8A85, 0x9285, 0x92C6,
  0x81E3, 0x6941, 0x6962, 0x6962, 0x8182, 0x89A2, 0x81A3, 0xB306, 0xCBA9, 0xCBC9, 0xB285, 0x8901,
  0xC348, 0xCBC9, 0xDC2A, 0xE44B, 0xE42A, 0xECAC, 0xF50E, 0xF4ED, 0xF50E, 0xFDF3, 0xFDF3, 0xFDF3,
  0xFE35, 0xFE55, 0xFE55, 0xFE14, 0xF570, 0xF570, 0xF570, 0xFDB1, 0xFDB1, 0xFDB1, 0xFDB1, 0xFDB1,
  0xFDB2, 0xF591, 0xECEE, 0xF52F, 0xCB48, 0xB265, 0xAA66, 0xDC4C, 0xF50F, 0xF656, 0xFEB7, 0xFEB8,
  0xFE35, 0xF52F, 0xF52F, 0xF54F, 0xF50E, 0xF4ED, 0xF50E, 0xECAC, 0xC347, 0xC347, 0xCB67, 0xA2C6,
  0x8265, 0x8265, 0x8265, 0x8265, 0x8265, 0x8AA6, 0x51A3, 0x0000, 0x0000, 0x0000, 0x0000, 0x0000,
  0x0000, 0x0000, 0x0000, 0x0000, 0x0000, 0x0000, 0x0000, 0x0000, 0x0000, 0x0000, 0x0000, 0x0000,
  0x0000, 0x0000, 0x0000, 0x0000, 0x0000, 0x0000, 0x0000, 0x0000, 0x0000, 0x0000, 0x0000, 0x0000,
  0x0000, 0x0000, 0x0000, 0x0000, 0x0000, 0x0000, 0x0000, 0x0000, 0x0000, 0x0000, 0x0000, 0x0000,
  0x0000, 0x0000, 0x0000, 0x0000, 0x0000, 0x0000, 0x0000, 0x0000, 0x0000, 0x0000, 0x0000, 0x0000,
  0x0000, 0x0000, 0x0000, 0x0000, 0x0841, 0xBDD7, 0xD679, 0xD6BA, 0xAC90, 0x7A03, 0x7A45, 0x7A45,
  0xBB47, 0xC367, 0xCB68, 0x9244, 0x6121, 0x6941, 0x7162, 0x81A2, 0x9224, 0x9285, 0xD40A, 0xFD0D,
  0xF50E, 0xCB48, 0x9962, 0xE44B, 0xF4ED, 0xF4CD, 0xF4CD, 0xF4CD, 0xECCC, 0xECAC, 0xECAC, 0xF4CD,
  0xF570, 0xF570, 0xF570, 0xFE76, 0xFED8, 0xFEB8, 0xFED8, 0xFED8, 0xFED8, 0xFED8, 0xF591, 0xF52F,
  0xF54F, 0xF54F, 0xF54F, 0xF54F, 0xF52F, 0xF54F, 0xF590, 0xBB07, 0xB286, 0xFE75, 0xFE76, 0xFE97,
  0xFF7D, 0xFF9D, 0xFFBE, 0xFEF9, 0xFDF3, 0xFE14, 0xFE34, 0xF54F, 0xF4CD, 0xF50E, 0xECAC, 0xC347,
  0xC347, 0xCB67, 0xA2E6, 0x8265, 0x8265, 0x8265, 0x8265, 0x8265, 0x8AA6, 0x51A3, 0x0000, 0x0000,
  0x0000, 0x0000, 0x0000, 0x0000, 0x0000, 0x0000, 0x0000, 0x0000, 0x0000, 0x0000, 0x0000, 0x0000,
  0x0000, 0x0000, 0x0000, 0x0000, 0x0000, 0x0000, 0x0000, 0x0000, 0x0000, 0x0000, 0x0000, 0x0000,
  0x0000, 0x0000, 0x0000, 0x0000, 0x0000, 0x0000, 0x0000, 0x0000, 0x0000, 0x0000, 0x0000, 0x0000,
  0x0000, 0x0000, 0x0000, 0x0000, 0x0000, 0x0000, 0x0000, 0x0000, 0x0000, 0x0000, 0x0000, 0x0000,
  0x0000, 0x0000, 0x0000, 0x0000, 0x0000, 0x0000, 0x0000, 0x0841, 0xBDB6, 0xD699, 0xD6BA, 0xAC90,
  0x71E3, 0x7A45, 0x7A45, 0xBB47, 0xC367, 0xCB68, 0x9244, 0x6121, 0x6961, 0x7162, 0x8A04, 0x9AA5,
  0x9265, 0xCBE9, 0xF50D, 0xF50E, 0xCB28, 0x9962, 0xDC0A, 0xF4ED, 0xECCD, 0xF4CD, 0xECCD, 0xECCC,
  0xECCC, 0xECAC, 0xECCD, 0xF570, 0xF591, 0xF570, 0xFE76, 0xFED8, 0xFEB8, 0xFEB8, 0xFEB7, 0xFEB7,
  0xFEB8, 0xF591, 0xF52F, 0xF550, 0xF550, 0xF550, 0xF54F, 0xF54F, 0xF570, 0xFD91, 0xF570, 0xE4EF,
  0xFE76, 0xFE55, 0xFE76, 0xFF7C, 0xFF7C, 0xFF9D, 0xFED8, 0xF5D2, 0xF614, 0xFE14, 0xF550, 0xF4ED,
  0xF50E, 0xECAC, 0xC347, 0xC367, 0xCB67, 0xA2C6, 0x8265, 0x8285, 0x8265, 0x8265, 0x8265, 0x8AA6,
  0x5183, 0x0000, 0x0000, 0x0000, 0x0000, 0x0000, 0x0000, 0x0000, 0x0000, 0x0000, 0x0000, 0x0000,
  0x0000, 0x0000, 0x0000, 0x0000, 0x0000, 0x0000, 0x0000, 0x0000, 0x0000, 0x0000, 0x0000, 0x0000,
  0x0000, 0x0000, 0x0000, 0x0000, 0x0000, 0x0000, 0x0000, 0x0000, 0x0000, 0x0000, 0x0000, 0x0000,
  0x0000, 0x0000, 0x0000, 0x0000, 0x0000, 0x0000, 0x0000, 0x0000, 0x0000, 0x0000, 0x0000, 0x0000,
  0x0000, 0x0000, 0x0000, 0x0000, 0x0000, 0x0000, 0x0000, 0x0000, 0x0000, 0x0000, 0x0841, 0xBDD7,
  0xD699, 0xD6BA, 0xAC90, 0x71E3, 0x7A45, 0x8265, 0xC347, 0xC347, 0xCB88, 0x9244, 0x6121, 0x6941,
  0x7182, 0xAAC6, 0xA2C6, 0x9A85, 0xD42A, 0xF4ED, 0xFD2E, 0xCB48, 0x9901, 0xDBCA, 0xF50D, 0xECCC,
  0xF4CD, 0xF4CC, 0xF4CD, 0xF4CD, 0xF4AC, 0xF4ED, 0xFD91, 0xFD91, 0xFD71, 0xFE76, 0xFED8, 0xFED8,
  0xFEB8, 0xFED8, 0xFED8, 0xFED8, 0xFDD2, 0xFD4F, 0xFD70, 0xF550, 0xF54F, 0xF550, 0xF550, 0xF570,
  0xF591, 0xF570, 0xFDF3, 0xFE76, 0xFE55, 0xFE76, 0xFFBE, 0xFFDE, 0xFFBE, 0xFF3A, 0xFE54, 0xFE54,
  0xFE75, 0xF570, 0xECAC, 0xF4ED, 0xE48C, 0xC347, 0xC347, 0xC367, 0x9AC6, 0x8265, 0x8265, 0x8265,
  0x8265, 0x8265, 0x8AA6, 0x5183, 0x0000, 0x0000, 0x0000, 0x0000, 0x0000, 0x0000, 0x0000, 0x0000,
  0x0000, 0x0000, 0x0000, 0x0000, 0x0000, 0x0000, 0x0000, 0x0000, 0x0000, 0x0000, 0x0000, 0x0000,
  0x0000, 0x0000, 0x0000, 0x0000, 0x0000, 0x0000, 0x0000, 0x0000, 0x0000, 0x0000, 0x0000, 0x0000,
  0x0000, 0x0000, 0x0000, 0x0000, 0x0000, 0x0000, 0x0000, 0x0000, 0x0000, 0x0000, 0x0000, 0x0000,
  0x0000, 0x0000, 0x0000, 0x0000, 0x0000, 0x0000, 0x0000, 0x0000, 0x0000, 0x0000, 0x4208, 0x9CF3,
  0x8C51, 0x9492, 0xC618, 0xCE38, 0xCE7A, 0xA44F, 0x7A03, 0x7A45, 0x8265, 0xBB27, 0xBB27, 0xC367,
  0x9203, 0x60E0, 0x7101, 0x6101, 0x3123, 0x3103, 0x28E3, 0x92C6, 0xD3C9, 0xBB68, 0xCBEA, 0xE593,
  0xF614, 0xFE55, 0xF635, 0xF634, 0xFE75, 0xE50F, 0xC347, 0xC388, 0xCBC9, 0xEC8C, 0xEC8B, 0xEC6B,
  0xF635, 0xFEF9, 0xFED8, 0xFE76, 0xF550, 0xF570, 0xF570, 0xBBA9, 0xB348, 0xAB28, 0xC3C9, 0xF4CD,
  0xECAC, 0xECAC, 0xFE35, 0xFE96, 0xFE56, 0xFE76, 0xFE76, 0xFE96, 0xF655, 0xABEC, 0xA3CB, 0xB40C,
  0x8309, 0x5227, 0x5A68, 0x49E6, 0xB3EC, 0xF570, 0xF52F, 0xE4CD, 0xB307, 0xBB47, 0xC367, 0x9AC6,
  0x8265, 0x8265, 0x8265, 0x8265, 0x8265, 0x8AA6, 0x5183, 0x0000, 0x0000, 0x0000, 0x0000, 0x0000,
  0x0000, 0x0000, 0x0000, 0x0000, 0x0000, 0x0000, 0x0000, 0x0000, 0x0000, 0x0000, 0x0000, 0x0000,
  0x0000, 0x0000, 0x0000, 0x0000, 0x0000, 0x0000, 0x0000, 0x0000, 0x0000, 0x0000, 0x0000, 0x0000,
  0x0000, 0x0000, 0x0000, 0x0000, 0x0000, 0x0000, 0x0000, 0x0000, 0x0000, 0x0000, 0x0000, 0x0000,
  0x0000, 0x0000, 0x0000, 0x0000, 0x0000, 0x0000, 0x0000, 0x0000, 0x0000, 0x0000, 0x0000, 0x0000,
  0x0000, 0x528A, 0xBDF7, 0xB596, 0xB596, 0xC618, 0xC618, 0xCE79, 0xA44F, 0x7A03, 0x7A45, 0x8265,
  0xB307, 0xBB27, 0xC367, 0x91E3, 0x60A0, 0x68E0, 0x58C1, 0x0862, 0x1082, 0x0041, 0x69E4, 0xC367,
  0xB2E6, 0xC40B, 0xFF19, 0xFEB7, 0xF6B7, 0xFEB7, 0xF697, 0xFED8, 0xDD0F, 0xB2E5, 0xBB27, 0xBB47,
  0xE409, 0xE44A, 0xE409, 0xF614, 0xFEF9, 0xFED8, 0xFE76, 0xF4CD, 0xF4ED, 0xF50E, 0xAB27, 0x9285,
  0x9285, 0xBB68, 0xECAC, 0xE46B, 0xEC8B, 0xF676, 0xFED8, 0xFEB8, 0xF697, 0xF656, 0xFE76, 0xEE15,
  0x8A65, 0x7A03, 0x8A44, 0x5183, 0x0041, 0x1082, 0x0021, 0x9BAB, 0xFDF2, 0xF591, 0xE4EE, 0xBB27,
  0xBB47, 0xC347, 0x9AC6, 0x8265, 0x8A65, 0x8265, 0x8265, 0x8265, 0x8AA6, 0x59A3, 0x0000, 0x0000,
  0x0000, 0x0000, 0x0000, 0x0000, 0x0000, 0x0000, 0x0000, 0x0000, 0x0000, 0x0000, 0x0000, 0x0000,
  0x0000, 0x0000, 0x0000, 0x0000, 0x0000, 0x0000, 0x0000, 0x0000, 0x0000, 0x0000, 0x0000, 0x0000,
  0x0000, 0x0000, 0x0000, 0x0000, 0x0000, 0x0000, 0x0000, 0x0000, 0x0000, 0x0000, 0x0000, 0x0000,
  0x0000, 0x0000, 0x0000, 0x0000, 0x0000, 0x0000, 0x0000, 0x0000, 0x0000, 0x0000, 0x0000, 0x0000,
  0x0000, 0x0000, 0x0000, 0x0000, 0x4A69, 0xB5B6, 0xAD35, 0xAD55, 0xC618, 0xC638, 0xCE7A, 0xA46F,
  0x7A03, 0x7A45, 0x8265, 0xBB47, 0xBB47, 0xC388, 0x9203, 0x68C0, 0x70E0, 0x60E1, 0x18A2, 0x10A2,
  0x0862, 0x8245, 0xCB88, 0xC347, 0xD44B, 0xFEF8, 0xFEF8, 0xFEF8, 0xFEF8, 0xFED8, 0xFF19, 0xE530,
  0xB2E6, 0xBB27, 0xBB47, 0xEC6B, 0xF48B, 0xEC4A, 0xFE35, 0xFF1A, 0xFF1A, 0xFE76, 0xF50E, 0xF50E,
  0xFD2F, 0xB368, 0x9AC6, 0xA2C6, 0xC3A8, 0xF4AC, 0xEC8B, 0xECAC, 0xFEB7, 0xFF19, 0xFF19, 0xFEF8,
  0xFED7, 0xFEF8, 0xFE55, 0x92C6, 0x9285, 0x9AA5, 0x59C4, 0x10A3, 0x18E3, 0x0882, 0xAC0C, 0xFE12,
  0xFDF2, 0xED0F, 0x9264, 0xAAC6, 0xC347, 0x9AA6, 0x8265, 0x8265, 0x8265, 0x8285, 0x8265, 0x8AA6,
  0x5183, 0x0000, 0x0000, 0x0000, 0x0000, 0x0000, 0x0000, 0x0000, 0x0000, 0x0000, 0x0000, 0x0000,
  0x0000, 0x0000, 0x0000, 0x0000, 0x0000, 0x0000, 0x0000, 0x0000, 0x0000, 0x0000, 0x0000, 0x0000,
  0x0000, 0x0000, 0x0000, 0x0000, 0x0000, 0x0000, 0x0000, 0x0000, 0x0000, 0x0000, 0x0000, 0x0000,
  0x0000, 0x0000, 0x0000, 0x0000, 0x0000, 0x0000, 0x0000, 0x0000, 0x0000, 0x0000, 0x0000, 0x0000,
  0x0000, 0x0000, 0x0000, 0x0000, 0x0000, 0x0000, 0x0000, 0x52AA, 0xC618, 0xB5B6, 0xBDB6, 0xC618,
  0xC618, 0xCE59, 0xA44F, 0x7A03, 0x7A65, 0x8245, 0xAAA5, 0xAAA5, 0xB2C6, 0x79A3, 0x48A1, 0x58E1,
  0x48C1, 0x0861, 0x0861, 0x0041, 0x61C4, 0x9AA6, 0x8225, 0x9B29, 0xC573, 0xC552, 0xC532, 0xD572,
  0xDD72, 0xDD93, 0xD48D, 0xC347, 0xC388, 0xC388, 0xC388, 0xBB88, 0xBB47, 0xE571, 0xFE76, 0xF676,
  0xF5D2, 0xECAC, 0xF4EE, 0xF4ED, 0x92A6, 0x8244, 0x8244, 0xA2E6, 0xE42A, 0xDC2A, 0xE46B, 0xDD72,
  0xD593, 0xDD93, 0xCD52, 0xBCF1, 0xC532, 0xB4D0, 0x61E4, 0x61C3, 0x69E4, 0x3922, 0x0861, 0x18A2,
  0x0041, 0x7AC8, 0xC4AE, 0xB42C, 0xB3EB, 0xB369, 0xBB89, 0xD3EA, 0xB347, 0x92A5, 0x9AC6, 0x9AC6,
  0x8A85, 0x8265, 0x8285, 0x7224, 0x5983, 0x5983, 0x5983, 0x1040, 0x0000, 0x0000, 0x0000, 0x0000,
  0x0000, 0x0000, 0x0000, 0x0000, 0x0000, 0x0000, 0x0000, 0x0000, 0x0000, 0x0000, 0x0000, 0x0000,
  0x0000, 0x0000, 0x0000, 0x0000, 0x0000, 0x0000, 0x0000, 0x0000, 0x0000, 0x0000, 0x0000, 0x0000,
  0x0000, 0x0000, 0x0000, 0x0000, 0x0000, 0x0000, 0x0000, 0x0000, 0x0000, 0x0000, 0x0000, 0x0000,
  0x0000, 0x0000, 0x0000, 0x0000, 0x0000, 0x0000, 0x0000, 0x0000, 0x0000, 0x0000, 0x6B4D, 0xE6FB,
  0xCE79, 0xD679, 0xBDD7, 0xB5B6, 0xBDF8, 0x9C2E, 0x7A03, 0x7A65, 0x7A24, 0x8101, 0x7901, 0x8100,
  0x40C1, 0x08A2, 0x10A2, 0x1082, 0x0000, 0x0000, 0x0000, 0x0020, 0x0041, 0x0021, 0x0841, 0x20E3,
  0x20E3, 0x18C2, 0x61A3, 0x71E3, 0x69C3, 0xA306, 0xEC6B, 0xEC6B, 0xD40A, 0x4921, 0x4101, 0x38E1,
  0xBB89, 0xF4AC, 0xEC6B, 0xEC6B, 0xE42A, 0xE42A, 0xE42A, 0x5163, 0x28C1, 0x28C1, 0x59A3, 0xBB27,
  0xB306, 0xB307, 0x7203, 0x69C3, 0x7A03, 0x4142, 0x0041, 0x0861, 0x0882, 0x0000, 0x0000, 0x0000,
  0x0000, 0x0000, 0x0000, 0x0000, 0x0020, 0x0861, 0x0000, 0x3144, 0xFDD2, 0xFDB1, 0xFDD2, 0xDC6C,
  0xC347, 0xCB88, 0xCB88, 0x8A85, 0x8265, 0x7A45, 0xA2E6, 0xDBE8, 0xDBC8, 0xDBE9, 0x28C1, 0x0000,
  0x0000, 0x0000, 0x0000, 0x0000, 0x0000, 0x0000, 0x0000, 0x0000, 0x0000, 0x0000, 0x0000, 0x0000,
  0x0000, 0x0000, 0x0000, 0x0000, 0x0000, 0x0000, 0x0000, 0x0000, 0x0000, 0x0000, 0x0000, 0x0000,
  0x0000, 0x0000, 0x0000, 0x0000, 0x0000, 0x0000, 0x0000, 0x0000, 0x0000, 0x0000, 0x0000, 0x0000,
  0x0000, 0x0000, 0x0000, 0x0000, 0x0000, 0x0000, 0x0000, 0x0000, 0x0000, 0x0000, 0x0000, 0x0000,
  0x0000, 0x632C, 0xDEFB, 0xCE79, 0xD679, 0xBDD7, 0xB596, 0xBDF8, 0x9C2E, 0x7A03, 0x8265, 0x7A24,
  0x8121, 0x8101, 0x8921, 0x40C2, 0x08A2, 0x18C2, 0x10A2, 0x0000, 0x0000, 0x0000, 0x0840, 0x1061,
  0x0861, 0x1082, 0x2903, 0x2923, 0x2923, 0x69E4, 0x7A24, 0x7204, 0xAB27, 0xEC6B, 0xE44A, 0xD3EA,
  0x4942, 0x4942, 0x4121, 0xBBA9, 0xF4CC, 0xEC8C, 0xEC8C, 0xE42A, 0xE42A, 0xEC4A, 0x59A3, 0x28C1,
  0x28C1, 0x61C3, 0xBB47, 0xB307, 0xB307, 0x7A24, 0x7204, 0x7A24, 0x4163, 0x10A2, 0x18C2, 0x10A2,
  0x0020, 0x0000, 0x0000, 0x0000, 0x0020, 0x0000, 0x0000, 0x0861, 0x18A2, 0x0861, 0x3985, 0xFD91,
  0xF591, 0xFDD2, 0xDC4B, 0xC347, 0xCB88, 0xC388, 0x8A85, 0x8265, 0x7A45, 0x9AE6, 0xD3A8, 0xCB88,
  0xCBA8, 0x28A1, 0x0000, 0x0000, 0x0000, 0x0000, 0x0000, 0x0000, 0x0000, 0x0000, 0x0000, 0x0000,
  0x0000, 0x0000, 0x0000, 0x0000, 0x0000, 0x0000, 0x0000, 0x0000, 0x0000, 0x0000, 0x0000, 0x0000,
  0x0000, 0x0000, 0x0000, 0x0000, 0x0000, 0x0000, 0x0000, 0x0000, 0x0000, 0x0000, 0x0000, 0x0000,
  0x0000, 0x0000, 0x0000, 0x0000, 0x0000, 0x0000, 0x0000, 0x0000, 0x0000, 0x0000, 0x0000, 0x0000,
  0x0000, 0x0000, 0x0000, 0x0000, 0x6B4D, 0xE6FB, 0xCE79, 0xD699, 0xBDF7, 0xBDD7, 0xC639, 0xA42F,
  0x7A03, 0x8265, 0x7A24, 0x8121, 0x8101, 0x8921, 0x48E2, 0x08A2, 0x10A2, 0x0882, 0x0000, 0x0000,
  0x0000, 0x0020, 0x0841, 0x0041, 0x1082, 0x2903, 0x2923, 0x2924, 0x6A04, 0x8244, 0x7204, 0xB347,
  0xFCCC, 0xF4AB, 0xDC2A, 0x5162, 0x4942, 0x4101, 0xC3C9, 0xFCED, 0xF4CC, 0xF4AC, 0xE44A, 0xE44A,
  0xEC6B, 0x59A3, 0x28C1, 0x28C1, 0x69E4, 0xCB67, 0xBB47, 0xC347, 0x8244, 0x7A24, 0x8244, 0x5183,
  0x1082, 0x18A2, 0x10A2, 0x0000, 0x0000, 0x0000, 0x0000, 0x0000, 0x0000, 0x0000, 0x0020, 0x0841,
  0x0020, 0x3144, 0xFD91, 0xF591, 0xFDB2, 0xDC4B, 0xC347, 0xCB88, 0xC368, 0x8AA6, 0x8265, 0x7A45,
  0xA2E6, 0xD3A8, 0xCB67, 0xCB88, 0x28A1, 0x0000, 0x0000, 0x0000, 0x0000, 0x0000, 0x0000, 0x0000,
  0x0000, 0x0000, 0x0000, 0x0000, 0x0000, 0x0000, 0x0000, 0x0000, 0x0000, 0x0000, 0x0000, 0x0000,
  0x0000, 0x0000, 0x0000, 0x0000, 0x0000, 0x0000, 0x0000, 0x0000, 0x0000, 0x0000, 0x0000, 0x0000,
  0x0000, 0x0000, 0x0000, 0x0000, 0x0000, 0x0000, 0x0000, 0x0000, 0x0000, 0x0000, 0x0000, 0x0000,
  0x0000, 0x0000, 0x0000, 0x0000, 0x0000, 0x0000, 0x0000, 0x630C, 0xD679, 0xC5F7, 0xBDF7, 0x73AE,
  0x6B4D, 0x6B6E, 0x72C9, 0x8224, 0x7A45, 0x7A24, 0x7901, 0x70E0, 0x78E0, 0x6122, 0x5183, 0x5163,
  0x4963, 0x3901, 0x3901, 0x3901, 0x4122, 0x4122, 0x4122, 0x3102, 0x0841, 0x0861, 0x0861, 0x20A1,
  0x20A1, 0x20A1, 0x3102, 0x4983, 0x4963, 0x4123, 0x1060, 0x1060, 0x1040, 0x8A86, 0xC388, 0xBB68,
  0xBB68, 0xBB47, 0xBB67, 0xC368, 0x30E2, 0x0820, 0x0840, 0x2081, 0x3902, 0x3902, 0x38E2, 0x20A1,
  0x20A1, 0x28C1, 0x1881, 0x0841, 0x0861, 0x0861, 0x3902, 0x4922, 0x4101, 0x5983, 0x8245, 0x8225,
  0x7A24, 0x9AE7, 0xAB69, 0xA328, 0xB3EB, 0xFE55, 0xFE34, 0xFE55, 0xE4CE, 0xD3A8, 0xD3C9, 0xD3C8,
  0x92A6, 0x8265, 0x7A45, 0xAB69, 0xF52F, 0xED0F, 0xED2F, 0x2903, 0x0000, 0x0000, 0x0000, 0x0000,
  0x0000, 0x0000, 0x0000, 0x0000, 0x0000, 0x0000, 0x0000, 0x0000, 0x0000, 0x0000, 0x0000, 0x0000,
  0x0000, 0x0000, 0x0000, 0x0000, 0x0000, 0x0000, 0x0000, 0x0000, 0x0000, 0x0000, 0x0000, 0x0000,
  0x0000, 0x0000, 0x0000, 0x0000, 0x0000, 0x0000, 0x0000, 0x0000, 0x0000, 0x0000, 0x0000, 0x0000,
  0x0000, 0x0000, 0x0000, 0x0000, 0x0000, 0x0000, 0x0000, 0x0000, 0x0000, 0x0000, 0x5AEB, 0xCE38,
  0xBDD7, 0xB5B6, 0x4A69, 0x4208, 0x4208, 0x6247, 0x8244, 0x7A45, 0x7A24, 0x7101, 0x70E0, 0x70E0,
  0x7162, 0x7204, 0x71E3, 0x71E3, 0x61A2, 0x5982, 0x5982, 0x61A3, 0x61A3, 0x61A3, 0x4942, 0x0000,
  0x0000, 0x0000, 0x0000, 0x0000, 0x0000, 0x0000, 0x0000, 0x0000, 0x0000, 0x0000, 0x0000, 0x0000,
  0x71E4, 0xAAE6, 0xA2C6, 0xA2C6, 0xA2C6, 0xA2C6, 0xAAE6, 0x2081, 0x0000, 0x0000, 0x0000, 0x0000,
  0x0000, 0x0000, 0x0000, 0x0000, 0x0000, 0x0000, 0x0841, 0x0841, 0x0841, 0x5982, 0x69C3, 0x61A2,
  0x8A65, 0xC367, 0xBB47, 0xBB27, 0xE46B, 0xFCED, 0xF4AC, 0xFD2E, 0xFE97, 0xFE96, 0xFEB7, 0xED0F,
  0xDBC8, 0xDBE9, 0xDBE9, 0x92A6, 0x8265, 0x7A24, 0xABAA, 0xFE13, 0xFDB2, 0xFDF3, 0x3123, 0x0000,
  0x0000, 0x0000, 0x0000, 0x0000, 0x0000, 0x0000, 0x0000, 0x0000, 0x0000, 0x0000, 0x0000, 0x0000,
  0x0000, 0x0000, 0x0000, 0x0000, 0x0000, 0x0000, 0x0000, 0x0000, 0x0000, 0x0000, 0x0000, 0x0000,
  0x0000, 0x0000, 0x0000, 0x0000, 0x0000, 0x0000, 0x0000, 0x0000, 0x0000, 0x0000, 0x0000, 0x0000,
  0x0000, 0x0000, 0x0000, 0x0000, 0x0000, 0x0000, 0x0000, 0x0000, 0x0000, 0x0000, 0x0000, 0x0000,
  0x0000, 0x5AEB, 0xCE59, 0xBDD7, 0xBDB6, 0x5ACB, 0x4A49, 0x4A8A, 0x6A67, 0x8244, 0x8245, 0x8224,
  0x70E0, 0x68C0, 0x68C0, 0x6962, 0x69E3, 0x71E3, 0x69E3, 0x5982, 0x5982, 0x5983, 0x5962, 0x5142,
  0x5962, 0x4121, 0x0000, 0x0000, 0x0000, 0x0000, 0x0000, 0x0000, 0x0000, 0x0000, 0x0000, 0x0000,
  0x0000, 0x0000, 0x0000, 0x7A04, 0xAB06, 0xA2C6, 0xA2E6, 0xA2E6, 0xA2E6, 0xAAE6, 0x20A1, 0x0000,
  0x0000, 0x0000, 0x0000, 0x0000, 0x0000, 0x0000, 0x0000, 0x0000, 0x0000, 0x0000, 0x0000, 0x0000,
  0x5162, 0x61A3, 0x5982, 0x8A64, 0xC347, 0xB327, 0xBB27, 0xDC2A, 0xECAC, 0xEC8B, 0xED0E, 0xFE97,
  0xFE76, 0xFEB7, 0xED0F, 0xDBC8, 0xDC09, 0xDBE9, 0x92A6, 0x8265, 0x7A24, 0xB3CA, 0xFDF3, 0xF5B1,
  0xFDD2, 0x3123, 0x0000, 0x0000, 0x0000, 0x0000, 0x0000, 0x0000, 0x0000, 0x0000, 0x0000, 0x0000,
  0x0000, 0x0000, 0x0000, 0x0000, 0x0000, 0x0000, 0x0000, 0x0000, 0x0000, 0x0000, 0x0000, 0x0000,
  0x0000, 0x0000, 0x0000, 0x0000, 0x0000, 0x0000, 0x0000, 0x0000, 0x0000, 0x0000, 0x0000, 0x0000,
  0x0000, 0x0000, 0x0000, 0x0000, 0x0000, 0x0000, 0x0000, 0x0000, 0x0000, 0x0000, 0x0000, 0x0000,
  0x0000, 0x0000, 0x0000, 0x0000, 0x5AEB, 0xCE59, 0xBDD7, 0xBDD7, 0x4A69, 0x39C7, 0x3A08, 0x5A26,
  0x8244, 0x8245, 0x8245, 0x8162, 0x8161, 0x8141, 0x79A3, 0x7204, 0x7204, 0x71E3, 0x4942, 0x4962,
  0x4962, 0x61E4, 0x6A46, 0x7266, 0x51C4, 0x0000, 0x0020, 0x0020, 0x1040, 0x1061, 0x1061, 0x1040,
  0x0820, 0x0840, 0x0820, 0x1040, 0x1040, 0x1040, 0x8A45, 0xBB27, 0xB307, 0xB327, 0xB307, 0xAB07,
  0xB327, 0x3902, 0x0840, 0x1040, 0x0820, 0x0000, 0x0000, 0x0000, 0x0841, 0x0861, 0x0841, 0x18C3,
  0x3186, 0x2965, 0x2965, 0x4963, 0x5983, 0x5163, 0x7204, 0xA2E6, 0x9AC6, 0x9AA6, 0xCBC9, 0xF4AC,
  0xEC6B, 0xECEE, 0xFE76, 0xFE55, 0xFE97, 0xED0F, 0xDBE9, 0xE42A, 0xDC09, 0x9285, 0x7A45, 0x7204,
  0xAB89, 0xFD91, 0xF570, 0xF570, 0x2903, 0x0000, 0x0000, 0x0000, 0x0000, 0x0000, 0x0000, 0x0000,
  0x0000, 0x0000, 0x0000, 0x0000, 0x0000, 0x0000, 0x0000, 0x0000, 0x0000, 0x0000, 0x0000, 0x0000,
  0x0000, 0x0000, 0x0000, 0x0000, 0x0000, 0x0000, 0x0000, 0x0000, 0x0000, 0x0000, 0x0000, 0x0000,
  0x0000, 0x0000, 0x0000, 0x0000, 0x0000, 0x0000, 0x0000, 0x0000, 0x0000, 0x0000, 0x0000, 0x0000,
  0x0000, 0x0000, 0x0000, 0x0000, 0x0000, 0x0000, 0x0000, 0x5AEB, 0xCE59, 0xBDD7, 0xBDD7, 0x2104,
  0x0841, 0x0041, 0x4143, 0x8A85, 0x7A45, 0x8265, 0xBB27, 0xBB47, 0xC347, 0x9AC6, 0x7A44, 0x8265,
  0x6A04, 0x1061, 0x18A1, 0x0820, 0x83EF, 0xD69A, 0xCE79, 0xA4F3, 0x0861, 0x10A2, 0x10A2, 0x61E4,
  0x7A45, 0x7245, 0x61C3, 0x4941, 0x4942, 0x4942, 0x5982, 0x61A2, 0x5982, 0xBB47, 0xEC4A, 0xE42A,
  0xE40A, 0xD3A8, 0xD3C8, 0xDBE9, 0x7A04, 0x5142, 0x61A2, 0x3901, 0x0000, 0x0000, 0x0000, 0x39C7,
  0x4228, 0x39A6, 0x8430, 0xE73C, 0xD6BA, 0xD6BA, 0x3186, 0x0861, 0x10A2, 0x10A2, 0x18A2, 0x20C2,
  0x0881, 0x92A6, 0xEC2A, 0xDBE9, 0xE42A, 0xFDB2, 0xFDB2, 0xFDD2, 0xF4EE, 0xEC8B, 0xEC8C, 0xEC8C,
  0x8244, 0x69C3, 0x61C3, 0x8A65, 0xD3C9, 0xD3A8, 0xD3A8, 0x28A1, 0x0000, 0x0000, 0x0000, 0x0000,
  0x0000, 0x0000, 0x0000, 0x0000, 0x0000, 0x0000, 0x0000, 0x0000, 0x0000, 0x0000, 0x0000, 0x0000,
  0x0000, 0x0000, 0x0000, 0x0000, 0x0000, 0x0000, 0x0000, 0x0000, 0x0000, 0x0000, 0x0000, 0x0000,
  0x0000, 0x0000, 0x0000, 0x0000, 0x0000, 0x0000, 0x0000, 0x0000, 0x0000, 0x0000, 0x0000, 0x0000,
  0x0000, 0x0000, 0x0000, 0x0000, 0x0000, 0x0000, 0x0000, 0x0000, 0x0000, 0x0000, 0x5AEB, 0xCE58,
  0xBDD7, 0xB5B6, 0x2104, 0x0841, 0x0041, 0x4143, 0x8A65, 0x7A45, 0x8A85, 0xBB27, 0xBB27, 0xBB47,
  0x9AC6, 0x8245, 0x8265, 0x7204, 0x1881, 0x18A1, 0x0820, 0x7BEF, 0xD69A, 0xD679, 0x9CF3, 0x1081,
  0x18C2, 0x10A2, 0x61E4, 0x7225, 0x7245, 0x69E4, 0x4941, 0x4942, 0x4942, 0x5982, 0x61A2, 0x5162,
  0xBB47, 0xEC6B, 0xE44A, 0xE409, 0xD3A8, 0xD3C9, 0xDBE9, 0x71E3, 0x5162, 0x69C3, 0x4122, 0x0000,
  0x0000, 0x0000, 0x39C7, 0x4228, 0x39C7, 0x8C51, 0xE6FB, 0xD69A, 0xD6BA, 0x31A6, 0x1081, 0x10A2,
  0x18C2, 0x20C2, 0x20E2, 0x1082, 0x9AE7, 0xEC2A, 0xDBE9, 0xE46B, 0xFDB2, 0xF5B1, 0xFDD2, 0xF50F,
  0xEC8C, 0xEC8C, 0xECAC, 0x8A65, 0x69C3, 0x69C3, 0x9285, 0xD3C9, 0xCBA8, 0xD3A8, 0x28A1, 0x0000,
  0x0000, 0x0000, 0x0000, 0x0000, 0x0000, 0x0000, 0x0000, 0x0000, 0x0000, 0x0000, 0x0000, 0x0000,
  0x0000, 0x0000, 0x0000, 0x0000, 0x0000, 0x0000, 0x0000, 0x0000, 0x0000, 0x0000, 0x0000, 0x0000,
  0x0000, 0x0000, 0x0000, 0x0000, 0x0000, 0x0000, 0x0000, 0x0000, 0x0000, 0x0000, 0x0000, 0x0000,
  0x0000, 0x0000, 0x0000, 0x0000, 0x0000, 0x0000, 0x0000, 0x0000, 0x0000, 0x0000, 0x0000, 0x0000,
  0x0000, 0x5AEB, 0xCE58, 0xBDD7, 0xB5B6, 0x2104, 0x0841, 0x0861, 0x4163, 0x8A85, 0x7A45, 0x8285,
  0xBB47, 0xC367, 0xCB88, 0x9AC6, 0x7204, 0x8244, 0x7204, 0x1081, 0x0861, 0x0000, 0x8430, 0xD6DB,
  0xD6BB, 0x9D14, 0x0020, 0x0882, 0x0882, 0x59E4, 0x7225, 0x7245, 0x61E4, 0x4921, 0x4942, 0x5162,
  0x5982, 0x5982, 0x5142, 0xBB68, 0xEC6A, 0xE429, 0xDBE9, 0xD3A8, 0xD3C8, 0xDBC8, 0x71E3, 0x5162,
  0x61A2, 0x30E1, 0x0000, 0x0000, 0x0000, 0x31A7, 0x4228, 0x31A7, 0x8431, 0xE73D, 0xD6DB, 0xD6DB,
  0x2125, 0x0021, 0x0862, 0x0861, 0x1081, 0x1061, 0x0041, 0x92C7, 0xE409, 0xD3A8, 0xE42A, 0xFDB2,
  0xF5B2, 0xFDD2, 0xF50E, 0xEC6B, 0xEC8C, 0xEC8B, 0x7A04, 0x61A2, 0x5982, 0x8A65, 0xDBE9, 0xD3A8,
  0xD3C8, 0x28A1, 0x0000, 0x0000, 0x0000, 0x0000, 0x0000, 0x0000, 0x0000, 0x0000, 0x0000, 0x0000,
  0x0000, 0x0000, 0x0000, 0x0000, 0x0000, 0x0000, 0x0000, 0x0000, 0x0000, 0x0000, 0x0000, 0x0000,
  0x0000, 0x0000, 0x0000, 0x0000, 0x0000, 0x0000, 0x0000, 0x0000, 0x0000, 0x0000, 0x0000, 0x0000,
  0x0000, 0x0000, 0x0000, 0x0000, 0x0000, 0x0000, 0x0000, 0x0000, 0x0000, 0x0000, 0x0000, 0x0000,
  0x0000, 0x0000, 0x0000, 0x0000, 0x5AEB, 0xCE38, 0xBDD6, 0xB5B6, 0x2104, 0x0841, 0x0861, 0x4163,
  0x8A85, 0x7A45, 0x8245, 0x9A03, 0x9A03, 0x91C3, 0xAAC6, 0xBB88, 0xC388, 0xBB47, 0x7A24, 0x7A25,
  0x7A04, 0xB3CB, 0xDD30, 0xDCEF, 0xC44D, 0x7A25, 0x7A25, 0x7A45, 0x8265, 0x8A85, 0x92A6, 0x7A45,
  0x61C3, 0x7204, 0x7204, 0x8244, 0x8224, 0x8244, 0xD46C, 0xF54F, 0xED0E, 0xECEE, 0xE48B, 0xE46B,
  0xE44B, 0xA2E6, 0x9265, 0x9285, 0x61A3, 0x30E1, 0x3901, 0x38E1, 0x6A26, 0x8287, 0x7246, 0xA3AB,
  0xED72, 0xDD31, 0xDD30, 0xA38A, 0x9B29, 0xA36A, 0x9B49, 0xA38A, 0xA3AB, 0x9B8A, 0xD4CE, 0xF591,
  0xED71, 0xED91, 0xFDB2, 0xFDB2, 0xFDD2, 0xF550, 0xF50E, 0xF50E, 0xF50E, 0xBBA9, 0xB368, 0xB369,
  0xBB89, 0xD3A8, 0xCBA8, 0xD3A8, 0x28A1, 0x0000, 0x0000, 0x0000, 0x0000, 0x0000, 0x0000, 0x0000,
  0x0000, 0x0000, 0x0000, 0x0000, 0x0000, 0x0000, 0x0000, 0x0000, 0x0000, 0x0000, 0x0000, 0x0000,
  0x0000, 0x0000, 0x0000, 0x0000, 0x0000, 0x0000, 0x0000, 0x0000, 0x0000, 0x0000, 0x0000, 0x0000,
  0x0000, 0x0000, 0x0000, 0x0000, 0x0000, 0x0000, 0x0000, 0x0000, 0x0000, 0x0000, 0x0000, 0x0000,
  0x0000, 0x0000, 0x0000, 0x0000, 0x0000, 0x0000, 0x0000, 0x5AEB, 0xCE38, 0xBDD6, 0xB596, 0x2104,
  0x0861, 0x0861, 0x4143, 0x8A85, 0x8265, 0x8245, 0x8101, 0x8101, 0x78C0, 0xBAC6, 0xF48B, 0xEC4A,
  0xE409, 0xC367, 0xCB67, 0xC367, 0xD3A8, 0xE3E9, 0xE409, 0xDBC8, 0xC367, 0xC367, 0xC347, 0xA2C6,
  0xA2C6, 0xA2C6, 0x8A85, 0x8245, 0x8265, 0x8265, 0x9AC6, 0xA2E6, 0xA2C5, 0xE4EF, 0xFDF2, 0xFDD2,
  0xFDB1, 0xF4CD, 0xF4CD, 0xF4ED, 0xC368, 0xAAE6, 0xB307, 0x9285, 0x5982, 0x61A2, 0x5982, 0x9A85,
  0xA2C6, 0xA2A6, 0xC368, 0xEC4A, 0xE409, 0xE42A, 0xFD0E, 0xFD2F, 0xFD0E, 0xFD4F, 0xFDB1, 0xFDB1,
  0xFDB1, 0xFE34, 0xFE97, 0xFE97, 0xFE55, 0xFDD2, 0xFDD2, 0xFDD2, 0xF591, 0xF570, 0xF550, 0xF570,
  0xFD4F, 0xFD2E, 0xFD4F, 0xECAC, 0xCB88, 0xD3A8, 0xD3A8, 0x28A1, 0x0000, 0x0000, 0x0000, 0x0000,
  0x0000, 0x0000, 0x0000, 0x0000, 0x0000, 0x0000, 0x0000, 0x0000, 0x0000, 0x0000, 0x0000, 0x0000,
  0x0000, 0x0000, 0x0000, 0x0000, 0x0000, 0x0000, 0x0000, 0x0000, 0x0000, 0x0000, 0x0000, 0x0000,
  0x0000, 0x0000, 0x0000, 0x0000, 0x0000, 0x0000, 0x0000, 0x0000, 0x0000, 0x0000, 0x0000, 0x0000,
  0x0000, 0x0000, 0x0000, 0x0000, 0x0000, 0x0000, 0x0000, 0x0000, 0x0000, 0x0000, 0x5AEB, 0xCE38,
  0xBDD7, 0xB5B6, 0x2104, 0x0841, 0x0041, 0x4143, 0x8A85, 0x7A45, 0x8245, 0x8941, 0x8921, 0x8101,
  0xBAE6, 0xEC6A, 0xE42A, 0xDC0A, 0xBB26, 0xB306, 0xB2E6, 0xD3C9, 0xE40A, 0xE40A, 0xD3C9, 0xB307,
  0xBB27, 0xBB27, 0xA2C6, 0x9A85, 0x9AA5, 0x8A85, 0x7A44, 0x7A24, 0x7A45, 0x9AC6, 0xA2C6, 0x9AA5,
  0xDCAD, 0xFDD2, 0xF5B2, 0xF570, 0xECAC, 0xECCD, 0xF4ED, 0xB348, 0xA2C6, 0xAB06, 0x8A65, 0x5141,
  0x5162, 0x5962, 0x9285, 0x9AC6, 0x9285, 0xBB68, 0xEC6B, 0xE46B, 0xE46B, 0xECAD, 0xECCD, 0xECAD,
  0xECEE, 0xF550, 0xF550, 0xF52F, 0xF614, 0xFE97, 0xFE96, 0xFE55, 0xFDD3, 0xFDD2, 0xFDD3, 0xF591,
  0xF570, 0xF570, 0xF550, 0xF50E, 0xF50E, 0xF52E, 0xE46B, 0xCB87, 0xCB88, 0xCB88, 0x28A1, 0x0000,
  0x0000, 0x0000, 0x0000, 0x0000, 0x0000, 0x0000, 0x0000, 0x0000, 0x0000, 0x0000, 0x0000, 0x0000,
  0x0000, 0x0000, 0x0000, 0x0000, 0x0000, 0x0000, 0x0000, 0x0000, 0x0000, 0x0000, 0x0000, 0x0000,
  0x0000, 0x0000, 0x0000, 0x0000, 0x0000, 0x0000, 0x0000, 0x0000, 0x0000, 0x0000, 0x0000, 0x0000,
  0x0000, 0x0000, 0x0000, 0x0000, 0x0000, 0x0000, 0x0000, 0x0000, 0x0000, 0x0000, 0x0000, 0x0000,
  0x0000, 0x5AEB, 0xC638, 0xBDB6, 0xB5B6, 0x2944, 0x18A1, 0x18A2, 0x4983, 0x8265, 0x7A45, 0x8245,
  0x8941, 0x8921, 0x78E0, 0xBAC6, 0xE44A, 0xDC09, 0xDC0A, 0xC3A9, 0xC3A9, 0xC3A9, 0xDC2B, 0xE48C,
  0xE48C, 0xDC0A, 0xBB27, 0xBB27, 0xBB27, 0xAB27, 0xAB48, 0xAB48, 0xA307, 0x8A86, 0x8AA6, 0x92A6,
  0xA2E6, 0xA2C6, 0x9A85, 0xDCEE, 0xFE14, 0xFDF3, 0xF570, 0xF4CD, 0xF50E, 0xF50E, 0xBB68, 0xB327,
  0xBB47, 0xA2E6, 0x69E4, 0x6A04, 0x7224, 0xA2E7, 0xAB07, 0xA306, 0xCBC9, 0xEC8B, 0xE44B, 0xEC6B,
  0xF50E, 0xF52F, 0xF52F, 0xF570, 0xF591, 0xF591, 0xF591, 0xF5F3, 0xF614, 0xEDD4, 0xEDB3, 0xF5B2,
  0xFDD2, 0xFDD2, 0xF570, 0xF54F, 0xF54F, 0xF54F, 0xED0E, 0xECCD, 0xECEE, 0xE48C, 0xD3C9, 0xD3C9,
  0xD3C9, 0x28A1, 0x0000, 0x0000, 0x0000, 0x0000, 0x0000, 0x0000, 0x0000, 0x0000, 0x0000, 0x0000,
  0x0000, 0x0000, 0x0000, 0x0000, 0x0000, 0x0000, 0x0000, 0x0000, 0x0000, 0x0000, 0x0000, 0x0000,
  0x0000, 0x0000, 0x0000, 0x0000, 0x0000, 0x0000, 0x0000, 0x0000, 0x0000, 0x0000, 0x0000, 0x0000,
  0x0000, 0x0000, 0x0000, 0x0000, 0x0000, 0x0000, 0x0000, 0x0000, 0x0000, 0x0000, 0x0000, 0x0000,
  0x0000, 0x0000, 0x0000, 0x0000, 0x52AA, 0xBDD7, 0xAD75, 0xAD75, 0x82A7, 0x7A44, 0x8265, 0x7A45,
  0x7A45, 0x7A65, 0x8245, 0x78E1, 0x70E0, 0x68A0, 0xAA44, 0xD368, 0xC326, 0xD3C9, 0xFE96, 0xFE97,
  0xFEB7, 0xFE97, 0xFE97, 0xFED8, 0xEDD3, 0xCAE6, 0xCB07, 0xC2E6, 0xEDF4, 0xFEB7, 0xFE97, 0xF5B2,
  0xECCD, 0xF4ED, 0xE48C, 0xA2E6, 0xA2E6, 0xA2A5, 0xE5B3, 0xFF19, 0xFED8, 0xFE76, 0xF570, 0xF591,
  0xF591, 0xECCD, 0xEC8C, 0xEC8C, 0xECCD, 0xF570, 0xF550, 0xF550, 0xECCD, 0xECCD, 0xECCD, 0xECCD,
  0xECCD, 0xECCD, 0xF4CD, 0xFE55, 0xFEB8, 0xFEB7, 0xFEB7, 0xFEB7, 0xFE97, 0xFEF8, 0xE4CF, 0xD348,
  0xA9A3, 0xA9E4, 0xF52F, 0xF550, 0xF570, 0xF4EE, 0xEC8C, 0xECAC, 0xECAC, 0xCBA8, 0xBB47, 0xBB27,
  0xD42B, 0xFD91, 0xF570, 0xFD91, 0x3103, 0x0000, 0x0000, 0x0000, 0x0000, 0x0000, 0x0000, 0x0000,
  0x0000, 0x0000, 0x0000, 0x0000, 0x0000, 0x0000, 0x0000, 0x0000, 0x0000, 0x0000, 0x0000, 0x0000,
  0x0000, 0x0000, 0x0000, 0x0000, 0x0000, 0x0000, 0x0000, 0x0000, 0x0000, 0x0000, 0x0000, 0x0000,
  0x0000, 0x0000, 0x0000, 0x0000, 0x0000, 0x0000, 0x0000, 0x0000, 0x0000, 0x0000, 0x0000, 0x0000,
  0x0000, 0x0000, 0x0000, 0x0000, 0x0000, 0x0000, 0x0000, 0x52AA, 0xBDD7, 0xAD75, 0xAD75, 0x8AC7,
  0x8245, 0x8265, 0x7A45, 0x7A45, 0x8265, 0x7A24, 0x70E0, 0x70C0, 0x68A0, 0xAA44, 0xD367, 0xC306,
  0xD3EA, 0xFEB7, 0xFEB7, 0xFEB7, 0xFEB7, 0xFE97, 0xFEF8, 0xED92, 0xC2A6, 0xCB07, 0xCB07, 0xF614,
  0xFEB7, 0xFEB7, 0xF5D3, 0xF4CD, 0xF50E, 0xECAC, 0xA2E6, 0xA2E6, 0xA2A5, 0xE5B3, 0xFF19, 0xFED8,
  0xFE97, 0xF591, 0xF591, 0xFDB1, 0xF4ED, 0xEC8C, 0xEC8C, 0xF4ED, 0xFD70, 0xFD70, 0xF570, 0xF4EE,
  0xF4ED, 0xF4ED, 0xECED, 0xECED, 0xF4EE, 0xF4EE, 0xFE76, 0xFEB8, 0xFEB7, 0xFEB7, 0xF697, 0xF697,
  0xFED8, 0xD40C, 0xC265, 0xB225, 0xBAA6, 0xF4EE, 0xF52F, 0xF550, 0xECED, 0xEC8B, 0xECAC, 0xEC8C,
  0xC368, 0xBB27, 0xBB06, 0xD40A, 0xFD91, 0xF570, 0xFD91, 0x3103, 0x0000, 0x0000, 0x0000, 0x0000,
  0x0000, 0x0000, 0x0000, 0x0000, 0x0000, 0x0000, 0x0000, 0x0000, 0x0000, 0x0000, 0x0000, 0x0000,
  0x0000, 0x0000, 0x0000, 0x0000, 0x0000, 0x0000, 0x0000, 0x0000, 0x0000, 0x0000, 0x0000, 0x0000,
  0x0000, 0x0000, 0x0000, 0x0000, 0x0000, 0x0000, 0x0000, 0x0000, 0x0000, 0x0000, 0x0000, 0x0000,
  0x0000, 0x0000, 0x0000, 0x0000, 0x0000, 0x0000, 0x0000, 0x0000, 0x0000, 0x0000, 0x5ACB, 0xBDD7,
  0xAD75, 0xAD75, 0x82A7, 0x7A44, 0x7A45, 0x7A45, 0x8265, 0x8265, 0x7A25, 0x70E0, 0x70C0, 0x70A0,
  0xB245, 0xD347, 0xCB47, 0xD40B, 0xFEB8, 0xFEB8, 0xFEB8, 0xFED8, 0xFED8, 0xFEF8, 0xDCAE, 0xB1C3,
  0xC2A5, 0xCAC6, 0xF5F4, 0xFED8, 0xFED8, 0xF5D3, 0xF4ED, 0xF52E, 0xECCD, 0xAAE6, 0xAAE6, 0xA2A5,
  0xE5B3, 0xFF19, 0xFED8, 0xFE96, 0xF591, 0xFD91, 0xFD91, 0xF4CD, 0xECAC, 0xECAC, 0xF4ED, 0xF570,
  0xF570, 0xF570, 0xF4CD, 0xF4CC, 0xF4CD, 0xECCD, 0xF4CD, 0xECCD, 0xECCD, 0xFE96, 0xFEF8, 0xFEB8,
  0xFEF9, 0xFF3A, 0xFF19, 0xFF7B, 0xBB09, 0x90C0, 0xDB89, 0xEC6C, 0xEC8D, 0xF4EE, 0xF590, 0xF50E,
  0xF4CC, 0xF4AC, 0xECAC, 0xCBA8, 0xC367, 0xBB27, 0xD42B, 0xFDD2, 0xF591, 0xFDB1, 0x3103, 0x0000,
  0x0000, 0x0000, 0x0000, 0x0000, 0x0000, 0x0000, 0x0000, 0x0000, 0x0000, 0x0000, 0x0000, 0x0000,
  0x0000, 0x0000, 0x0000, 0x0000, 0x0000, 0x0000, 0x0000, 0x0000, 0x0000, 0x0000, 0x0000, 0x0000,
  0x0000, 0x0000, 0x0000, 0x0000, 0x0000, 0x0000, 0x0000, 0x0000, 0x0000, 0x0000, 0x0000, 0x0000,
  0x0000, 0x0000, 0x0000, 0x0000, 0x0000, 0x0000, 0x0000, 0x0000, 0x0000, 0x0000, 0x0000, 0x0000,
  0x0000, 0x52AA, 0xBDD7, 0xAD75, 0xB575, 0xAB48, 0xA2C6, 0xAB07, 0x9285, 0x79E3, 0x79E4, 0x79E3,
  0x70E0, 0x70C0, 0x70A0, 0x99A3, 0xBA65, 0xB244, 0xC308, 0xFE34, 0xF613, 0xF613, 0xF5F3, 0xF5B2,
  0xECCE, 0xDC2C, 0xD3CA, 0xDCAF, 0xE510, 0xF614, 0xFE14, 0xFE34, 0xED50, 0xE42A, 0xE44B, 0xDC0A,
  0xAAE6, 0xAAE6, 0xA2A5, 0xE593, 0xFF19, 0xFED8, 0xFE97, 0xF591, 0xFDB1, 0xFDB1, 0xEC8C, 0xE44A,
  0xE44B, 0xECCD, 0xF591, 0xF570, 0xF570, 0xF5D2, 0xF5F3, 0xF5F3, 0xF5F3, 0xF5F3, 0xF5D3, 0xF5F3,
  0xF614, 0xF5D3, 0xFE13, 0xDCF0, 0xB36B, 0xBB8B, 0xB38B, 0xBB29, 0xCB28, 0xE46C, 0xECAD, 0xEC6C,
  0xECAC, 0xECCD, 0xDC6B, 0xCBC9, 0xCBC9, 0xCBC9, 0xAB27, 0x9AC6, 0x92A6, 0xB368, 0xF4ED, 0xECCD,
  0xECCD, 0x28E2, 0x0000, 0x0000, 0x0000, 0x0000, 0x0000, 0x0000, 0x0000, 0x0000, 0x0000, 0x0000,
  0x0000, 0x0000, 0x0000, 0x0000, 0x0000, 0x0000, 0x0000, 0x0000, 0x0000, 0x0000, 0x0000, 0x0000,
  0x0000, 0x0000, 0x0000, 0x0000, 0x0000, 0x0000, 0x0000, 0x0000, 0x0000, 0x0000, 0x0000, 0x0000,
  0x0000, 0x0000, 0x0000, 0x0000, 0x0000, 0x0000, 0x0000, 0x0000, 0x0000, 0x0000, 0x0000, 0x0000,
  0x0000, 0x0000, 0x0000, 0x0000, 0x52AA, 0xBDD7, 0xAD75, 0xB575, 0xC3A9, 0xCB47, 0xCBA8, 0xA2A5,
  0x7182, 0x71A3, 0x71A3, 0x70E0, 0x70C0, 0x70C0, 0x9142, 0xA1A3, 0xA162, 0xBA86, 0xFD91, 0xF570,
  0xF570, 0xF4EE, 0xECAD, 0xDBA9, 0xDBCA, 0xFE76, 0xFF3A, 0xFEF9, 0xFDD2, 0xF570, 0xFDB1, 0xECCD,
  0xD387, 0xD3A8, 0xCB88, 0xAAE6, 0xAAE6, 0xA2A5, 0xE5B3, 0xFF19, 0xFEF9, 0xFE97, 0xF591, 0xFDB1,
  0xFDB1, 0xE44B, 0xDC09, 0xE409, 0xEC8C, 0xFD91, 0xF570, 0xF591, 0xFEB7, 0xFED8, 0xFED8, 0xFED8,
  0xFED8, 0xFED8, 0xFEB8, 0xF570, 0xF4EE, 0xFD70, 0xC328, 0x7020, 0x78A0, 0x7040, 0xC369, 0xFDB1,
  0xF550, 0xF50F, 0xE44A, 0xE44A, 0xEC6B, 0xCB88, 0xAAE6, 0xB307, 0xB327, 0x8265, 0x7A45, 0x7225,
  0xA2E7, 0xE42A, 0xDC09, 0xE42A, 0x28C2, 0x0000, 0x0000, 0x0000, 0x0000, 0x0000, 0x0000, 0x0000,
  0x0000, 0x0000, 0x0000, 0x0000, 0x0000, 0x0000, 0x0000, 0x0000, 0x0000, 0x0000, 0x0000, 0x0000,
  0x0000, 0x0000, 0x0000, 0x0000, 0x0000, 0x0000, 0x0000, 0x0000, 0x0000, 0x0000, 0x0000, 0x0000,
  0x0000, 0x0000, 0x0000, 0x0000, 0x0000, 0x0000, 0x0000, 0x0000, 0x0000, 0x0000, 0x0000, 0x0000,
  0x0000, 0x0000, 0x0000, 0x0000, 0x0000, 0x0000, 0x0000, 0x52AA, 0xBDF7, 0xB596, 0xB595, 0xC3A9,
  0xC347, 0xCB68, 0x9A85, 0x71A3, 0x79C3, 0x71A3, 0x70C0, 0x70C0, 0x70C0, 0x8101, 0x9142, 0xA1A3,
  0xBA86, 0xFDB1, 0xFD91, 0xFDD2, 0xECAD, 0xE3EA, 0xEC6B, 0xF530, 0xFED9, 0xFED8, 0xFED8, 0xFDD2,
  0xFD91, 0xFDD2, 0xECCD, 0xD3A8, 0xDBE9, 0xD3A8, 0xAAE6, 0xAAE6, 0xA2A5, 0xE5B3, 0xFF19, 0xFED9,
  0xFE96, 0xFD91, 0xFDB1, 0xFDB1, 0xE46B, 0xE40A, 0xE40A, 0xECAC, 0xFD91, 0xF571, 0xF591, 0xFE96,
  0xFEB7, 0xFEB7, 0xFEB7, 0xFEB7, 0xFEB7, 0xFE97, 0xF591, 0xF54F, 0xFDB1, 0xC369, 0x78C0, 0x8121,
  0x78C0, 0xCBCA, 0xFD90, 0xF54F, 0xF50E, 0xEC6B, 0xEC6B, 0xEC8B, 0xCBA9, 0xB327, 0xBB47, 0xBB47,
  0x8A85, 0x7A65, 0x7A45, 0xA327, 0xEC4A, 0xE44A, 0xE44A, 0x28C2, 0x0000, 0x0000, 0x0000, 0x0000,
  0x0000, 0x0000, 0x0000, 0x0000, 0x0000, 0x0000, 0x0000, 0x0000, 0x0000, 0x0000, 0x0000, 0x0000,
  0x0000, 0x0000, 0x0000, 0x0000, 0x0000, 0x0000, 0x0000, 0x0000, 0x0000, 0x0000, 0x0000, 0x0000,
  0x0000, 0x0000, 0x0000, 0x0000, 0x0000, 0x0000, 0x0000, 0x0000, 0x0000, 0x0000, 0x0000, 0x0000,
  0x0000, 0x0000, 0x0000, 0x0000, 0x0000, 0x0000, 0x0000, 0x0000, 0x0000, 0x0000, 0x528A, 0xB5B6,
  0xA534, 0xAD54, 0xC3C9, 0xCB88, 0xCBA8, 0xA2A6, 0x71A3, 0x79E3, 0x79C3, 0x7901, 0x78E1, 0x78E0,
  0x80E1, 0x8921, 0xA182, 0xB266, 0xF570, 0xF550, 0xF571, 0xEC8D, 0xE40A, 0xECAC, 0xF571, 0xFED8,
  0xFEB8, 0xFED8, 0xF5D2, 0xF570, 0xFD91, 0xE48C, 0xD388, 0xD3C9, 0xD3A8, 0xAB06, 0xAB06, 0xAAE6,
  0xE5F4, 0xFF3A, 0xFED9, 0xFEB8, 0xFDD2, 0xFDB1, 0xFDD2, 0xECAC, 0xE42A, 0xE42A, 0xEC8C, 0xF591,
  0xF570, 0xF550, 0xFE55, 0xFE97, 0xFE97, 0xFE97, 0xFE96, 0xFE97, 0xFEB7, 0xF570, 0xECEE, 0xF550,
  0xC349, 0x78A0, 0x8921, 0x80E0, 0xCB8A, 0xF52F, 0xECEE, 0xECCD, 0xE44A, 0xE44A, 0xE46B, 0xCBA8,
  0xB327, 0xBB27, 0xBB27, 0x8A85, 0x7A45, 0x7A45, 0xA307, 0xE44A, 0xDC0A, 0xE42A, 0x28C1, 0x0000,
  0x0000, 0x0000, 0x0000, 0x0000, 0x0000, 0x0000, 0x0000, 0x0000, 0x0000, 0x0000, 0x0000, 0x0000,
  0x0000, 0x0000, 0x0000, 0x0000, 0x0000, 0x0000, 0x0000, 0x0000, 0x0000, 0x0000, 0x0000, 0x0000,
  0x0000, 0x0000, 0x0000, 0x0000, 0x0000, 0x0000, 0x0000, 0x0000, 0x0000, 0x0000, 0x0000, 0x0000,
  0x0000, 0x0000, 0x0000, 0x0000, 0x0000, 0x0000, 0x0000, 0x0000, 0x0000, 0x0000, 0x0000, 0x0000,
  0x0000, 0x2965, 0x6B4D, 0x630C, 0x6B2C, 0xE530, 0xF550, 0xFD91, 0xBBCA, 0x69C3, 0x7204, 0x7204,
  0xA2C6, 0xA2A5, 0xA1E4, 0x7901, 0x70E0, 0x78C0, 0x8962, 0xDBE9, 0xCB28, 0xA9E4, 0xDC0B, 0xFD91,
  0xF52F, 0xF570, 0xFE14, 0xFE14, 0xFE34, 0xE46B, 0xDBE9, 0xE42A, 0xC388, 0xA2C6, 0xA2E6, 0xAB06,
  0xD3C8, 0xD3C8, 0xD3A8, 0xF677, 0xFF9D, 0xFF5C, 0xFF5B, 0xFE97, 0xFE76, 0xFE97, 0xF570, 0xF4CD,
  0xF4ED, 0xEC8C, 0xDC0A, 0xDC0A, 0xDBE9, 0xECED, 0xF52F, 0xF50E, 0xF52F, 0xF550, 0xF550, 0xF54F,
  0xCB48, 0xBA65, 0x9162, 0x9142, 0x9942, 0xA9C3, 0xA9C3, 0x8942, 0x8942, 0x99A3, 0xA224, 0xBB47,
  0xBB47, 0xBB47, 0xBB27, 0xBB27, 0xBB27, 0xBB27, 0x8A85, 0x7A45, 0x7A45, 0x92A6, 0xB327, 0xB307,
  0xB327, 0x2081, 0x0000, 0x0000, 0x0000, 0x0000, 0x0000, 0x0000, 0x0000, 0x0000, 0x0000, 0x0000,
  0x0000, 0x0000, 0x0000, 0x0000, 0x0000, 0x0000, 0x0000, 0x0000, 0x0000, 0x0000, 0x0000, 0x0000,
  0x0000, 0x0000, 0x0000, 0x0000, 0x0000, 0x0000, 0x0000, 0x0000, 0x0000, 0x0000, 0x0000, 0x0000,
  0x0000, 0x0000, 0x0000, 0x0000, 0x0000, 0x0000, 0x0000, 0x0000, 0x0000, 0x0000, 0x0000, 0x0000,
  0x0000, 0x0000, 0x0000, 0x0000, 0x2925, 0x630C, 0x5AEB, 0x630C, 0xE530, 0xFD91, 0xFDD2, 0xBBEB,
  0x69C3, 0x7204, 0x7A24, 0xAAE6, 0xAAE6, 0xAA85, 0x8121, 0x70C0, 0x70C0, 0x8942, 0xCB27, 0xBA86,
  0xA9C3, 0xDC0B, 0xFDB1, 0xF550, 0xF591, 0xFE13, 0xFE13, 0xFE14, 0xE44B, 0xDBC8, 0xE409, 0xC368,
  0x9AA5, 0x9AA6, 0xA2C6, 0xDBC8, 0xDC09, 0xDBA8, 0xF635, 0xFF9D, 0xFF7D, 0xFF1A, 0xFE76, 0xFE97,
  0xFEB7, 0xF54F, 0xECCD, 0xF50E, 0xECAC, 0xDBC8, 0xDBE9, 0xDBE9, 0xF4ED, 0xF4EE, 0xF4ED, 0xF52E,
  0xF54F, 0xF52F, 0xF52F, 0xC307, 0xB224, 0x9121, 0x9142, 0xA9E4, 0xB1E4, 0xB204, 0x8921, 0x80E0,
  0x9962, 0xA1E3, 0xBB27, 0xBB27, 0xBB27, 0xBB27, 0xBB27, 0xBB27, 0xBB47, 0x8A85, 0x7A45, 0x7A65,
  0x92A6, 0xAB07, 0xAB06, 0xAB07, 0x2081, 0x0000, 0x0000, 0x0000, 0x0000, 0x0000, 0x0000, 0x0000,
  0x0000, 0x0000, 0x0000, 0x0000, 0x0000, 0x0000, 0x0000, 0x0000, 0x0000, 0x0000, 0x0000, 0x0000,
  0x0000, 0x0000, 0x0000, 0x0000, 0x0000, 0x0000, 0x0000, 0x0000, 0x0000, 0x0000, 0x0000, 0x0000,
  0x0000, 0x0000, 0x0000, 0x0000, 0x0000, 0x0000, 0x0000, 0x0000, 0x0000, 0x0000, 0x0000, 0x0000,
  0x0000, 0x0000, 0x0000, 0x0000, 0x0000, 0x0000, 0x0000, 0x2965, 0x6B6D, 0x632C, 0x6B6D, 0xED71,
  0xFDB1, 0xFE13, 0xBBEB, 0x69C3, 0x7A24, 0x7224, 0xA2E6, 0xAAE6, 0xB306, 0x8142, 0x70C0, 0x78E0,
  0x9142, 0xBA45, 0xB225, 0xBA04, 0xE46C, 0xFD90, 0xF550, 0xF591, 0xFE35, 0xFE34, 0xFE34, 0xE44B,
  0xE409, 0xE42A, 0xC368, 0x9AA6, 0xA2C6, 0xAB07, 0xE409, 0xE409, 0xE3C8, 0xFEB8, 0xFFFF, 0xFFDE,
  0xFF9C, 0xFEF8, 0xFEF8, 0xFEF9, 0xFD90, 0xFD0E, 0xFD4F, 0xF4AD, 0xDBC9, 0xDBE9, 0xDC09, 0xF4EE,
  0xF50E, 0xF50E, 0xF52F, 0xF54F, 0xF54F, 0xF54F, 0xD348, 0xB245, 0x9141, 0xA182, 0xA9A3, 0xA9A3,
  0xA9A3, 0x9141, 0x8901, 0x9962, 0xA1E3, 0xBB47, 0xBB47, 0xBB47, 0xBB47, 0xB327, 0xB327, 0xB327,
  0x8A85, 0x7A45, 0x7A45, 0x92A6, 0xBB47, 0xBB47, 0xBB47, 0x20A1, 0x0000, 0x0000, 0x0000, 0x0000,
  0x0000, 0x0000, 0x0000, 0x0000, 0x0000, 0x0000, 0x0000, 0x0000, 0x0000, 0x0000, 0x0000, 0x0000,
  0x0000, 0x0000, 0x0000, 0x0000, 0x0000, 0x0000, 0x0000, 0x0000, 0x0000, 0x0000, 0x0000, 0x0000,
  0x0000, 0x0000, 0x0000, 0x0000, 0x0000, 0x0000, 0x0000, 0x0000, 0x0000, 0x0000, 0x0000, 0x0000,
  0x0000, 0x0000, 0x0000, 0x0000, 0x0000, 0x0000, 0x0000, 0x0000, 0x0000, 0x0000, 0x18C3, 0x39C7,
  0x31A6, 0x39C6, 0xCC4C, 0xE4AD, 0xE4AD, 0xAB48, 0x71A2, 0x71A3, 0x71A3, 0x9AA5, 0x9AA6, 0x92A6,
  0x7962, 0x70C0, 0x70E0, 0x7901, 0x9183, 0x9983, 0x9142, 0xD40B, 0xFD91, 0xF550, 0xF570, 0xF550,
  0xF550, 0xF570, 0xCBC9, 0xC367, 0xCBA8, 0xAB07, 0x8265, 0x9285, 0x9AA6, 0xAB27, 0xAB07, 0xB306,
  0xC4AF, 0xCD53, 0xC511, 0xC511, 0xC4CF, 0xC4CF, 0xC48E, 0xBBEB, 0xBBCA, 0xBBA9, 0xC3C9, 0xDBE9,
  0xDBE9, 0xDBE9, 0xE44B, 0xE46B, 0xE44B, 0xECAD, 0xF550, 0xF54F, 0xF52F, 0xB286, 0xA1C3, 0x8901,
  0xB265, 0xD3CA, 0xCB69, 0xD3CA, 0xAA04, 0x8901, 0x99C3, 0xAA24, 0xBB47, 0xBB47, 0xBB47, 0xC368,
  0xCB88, 0xC388, 0xCB88, 0x8AA6, 0x7A45, 0x8265, 0x8265, 0x7A24, 0x7A04, 0x7A25, 0x1060, 0x0000,
  0x0000, 0x0000, 0x0000, 0x0000, 0x0000, 0x0000, 0x0000, 0x0000, 0x0000, 0x0000, 0x0000, 0x0000,
  0x0000, 0x0000, 0x0000, 0x0000, 0x0000, 0x0000, 0x0000, 0x0000, 0x0000, 0x0000, 0x0000, 0x0000,
  0x0000, 0x0000, 0x0000, 0x0000, 0x0000, 0x0000, 0x0000, 0x0000, 0x0000, 0x0000, 0x0000, 0x0000,
  0x0000, 0x0000, 0x0000, 0x0000, 0x0000, 0x0000, 0x0000, 0x0000, 0x0000, 0x0000, 0x0000, 0x0000,
  0x0000, 0x0000, 0x0000, 0x0000, 0x0000, 0xAAE6, 0xCB67, 0xCB67, 0xA265, 0x6921, 0x7121, 0x7141,
  0x7A44, 0x8245, 0x8265, 0x7962, 0x70C0, 0x70E0, 0x70C0, 0x70C0, 0x78E0, 0x6860, 0xC3AA, 0xFD91,
  0xF550, 0xF52F, 0xEC6B, 0xEC6B, 0xEC4B, 0xB327, 0xAAE6, 0xB306, 0x92A6, 0x7224, 0x7A25, 0x7A25,
  0x7224, 0x7224, 0x7A24, 0x7A24, 0x7A03, 0x7A03, 0x7A03, 0x7A24, 0x7A04, 0x7A04, 0x7204, 0x7204,
  0x69E4, 0x9285, 0xDBE9, 0xD3C9, 0xD3C9, 0xD3A8, 0xD3A8, 0xD388, 0xDC4B, 0xFD70, 0xF52F, 0xF54F,
  0x99C3, 0x8921, 0x8901, 0xBB08, 0xFDF2, 0xF570, 0xFDF2, 0xB2C7, 0x9101, 0xAA24, 0xAA65, 0xBB47,
  0xBB47, 0xBB47, 0xCBA8, 0xDBE9, 0xDBE9, 0xDC09, 0x8AA6, 0x7A45, 0x8A85, 0x5183, 0x0000, 0x0000,
  0x0000, 0x0000, 0x0000, 0x0000, 0x0000, 0x0000, 0x0000, 0x0000, 0x0000, 0x0000, 0x0000, 0x0000,
  0x0000, 0x0000, 0x0000, 0x0000, 0x0000, 0x0000, 0x0000, 0x0000, 0x0000, 0x0000, 0x0000, 0x0000,
  0x0000, 0x0000, 0x0000, 0x0000, 0x0000, 0x0000, 0x0000, 0x0000, 0x0000, 0x0000, 0x0000, 0x0000,
  0x0000, 0x0000, 0x0000, 0x0000, 0x0000, 0x0000, 0x0000, 0x0000, 0x0000, 0x0000, 0x0000, 0x0000,
  0x0000, 0x0000, 0x0000, 0x0000, 0x0000, 0x0000, 0x0000, 0x0820, 0xB327, 0xCB88, 0xD3A8, 0xA285,
  0x6921, 0x7162, 0x7162, 0x7A25, 0x7A45, 0x8265, 0x7162, 0x70C0, 0x70E0, 0x70C0, 0x78E0, 0x78E0,
  0x7080, 0xCBCB, 0xFDB1, 0xF570, 0xF50F, 0xEC8C, 0xECAC, 0xEC8C, 0xBB47, 0xAAE6, 0xB307, 0x9AA6,
  0x7A25, 0x7A45, 0x7A45, 0x7A45, 0x8245, 0x8245, 0x8265, 0x8A85, 0x8A85, 0x8A85, 0x8A85, 0x8285,
  0x8A85, 0x7A45, 0x7A25, 0x7224, 0x9AC6, 0xDBE9, 0xD3C8, 0xD3E9, 0xD3C9, 0xD3C9, 0xD3A8, 0xE44B,
  0xFD70, 0xF54F, 0xF54F, 0xA1E4, 0x8941, 0x8901, 0xBB07, 0xFD91, 0xF52F, 0xFD91, 0xBB08, 0xA1C3,
  0xAA24, 0xAA65, 0xBB47, 0xBB47, 0xBB47, 0xCBA8, 0xDBE9, 0xDBE9, 0xDBE9, 0x92A6, 0x7A45, 0x8A85,
  0x5183, 0x0000, 0x0000, 0x0000, 0x0000, 0x0000, 0x0000, 0x0000, 0x0000, 0x0000, 0x0000, 0x0000,
  0x0000, 0x0000, 0x0000, 0x0000, 0x0000, 0x0000, 0x0000, 0x0000, 0x0000, 0x0000, 0x0000, 0x0000,
  0x0000, 0x0000, 0x0000, 0x0000, 0x0000, 0x0000, 0x0000, 0x0000, 0x0000, 0x0000, 0x0000, 0x0000,
  0x0000, 0x0000, 0x0000, 0x0000, 0x0000, 0x0000, 0x0000, 0x0000, 0x0000, 0x0000, 0x0000, 0x0000,
  0x0000, 0x0000, 0x0000, 0x0000, 0x0000, 0x0000, 0x0000, 0x0000, 0x0000, 0x0000, 0x0820, 0xB307,
  0xCB88, 0xCB88, 0x9A85, 0x6941, 0x7182, 0x6962, 0x7A24, 0x7A45, 0x7A45, 0x7142, 0x70C0, 0x70E0,
  0x70C0, 0x70C0, 0x78E0, 0x7080, 0xCBCA, 0xFD90, 0xED0F, 0xECEE, 0xEC8B, 0xEC8C, 0xEC8C, 0xB347,
  0xAAE6, 0xB307, 0x92A6, 0x7A45, 0x7A45, 0x7A45, 0x7A45, 0x7A45, 0x7A45, 0x8245, 0x8265, 0x8265,
  0x8265, 0x8245, 0x8265, 0x8265, 0x7A24, 0x7224, 0x7224, 0x9AE6, 0xDBE9, 0xD3C9, 0xD3C9, 0xDBE9,
  0xDBE9, 0xD3C9, 0xE46C, 0xF54F, 0xF52F, 0xF52F, 0x99C4, 0x8941, 0x8901, 0xBB08, 0xFDB1, 0xF550,
  0xFD91, 0xC369, 0xAA24, 0xAA44, 0xB285, 0xBB47, 0xBB47, 0xBB47, 0xCBA8, 0xE42A, 0xDC09, 0xDC09,
  0x92A6, 0x7A45, 0x8A85, 0x5183, 0x0000, 0x0000, 0x0000, 0x0000, 0x0000, 0x0000, 0x0000, 0x0000,
  0x0000, 0x0000, 0x0000, 0x0000, 0x0000, 0x0000, 0x0000, 0x0000, 0x0000, 0x0000, 0x0000, 0x0000,
  0x0000, 0x0000, 0x0000, 0x0000, 0x0000, 0x0000, 0x0000, 0x0000, 0x0000, 0x0000, 0x0000, 0x0000,
  0x0000, 0x0000, 0x0000, 0x0000, 0x0000, 0x0000, 0x0000, 0x0000, 0x0000, 0x0000, 0x0000, 0x0000,
  0x0000, 0x0000, 0x0000, 0x0000, 0x0000, 0x0000, 0x0000, 0x0000, 0x0000, 0x0000, 0x0000, 0x0000,
  0x0000, 0x0020, 0x7269, 0x82CA, 0x7ACB, 0x7A67, 0x71E3, 0x71E4, 0x71E4, 0x6941, 0x6921, 0x7101,
  0x8182, 0xAA85, 0xAA85, 0x99E3, 0x70C0, 0x78E0, 0x70A0, 0xB265, 0xCAE7, 0x9982, 0xAA04, 0xDBE9,
  0xDBE9, 0xDC09, 0xAB07, 0x9AA6, 0x9AC6, 0x9AA6, 0x9AA6, 0x9AC6, 0x9AA6, 0x8245, 0x7A45, 0x7A45,
  0x7A45, 0x7A45, 0x7A45, 0x7A65, 0xA2C6, 0xAB06, 0xAB07, 0xBB47, 0xC368, 0xC368, 0xCBA8, 0xD3C9,
  0xD3C8, 0xE42A, 0xF50E, 0xF52F, 0xF52F, 0xECCD, 0xCB88, 0xD3A8, 0xD3A8, 0x99A3, 0x8942, 0x8901,
  0xBB28, 0xFDD2, 0xF570, 0xFD91, 0xCBEA, 0xB2E6, 0xB307, 0xB307, 0xBB47, 0xBB47, 0xBB27, 0xDC4B,
  0xF52E, 0xF4EE, 0xF50E, 0x92E7, 0x7A45, 0x8A85, 0x5183, 0x0000, 0x0000, 0x0000, 0x0000, 0x0000,
  0x0000, 0x0000, 0x0000, 0x0000, 0x0000, 0x0000, 0x0000, 0x0000, 0x0000, 0x0000, 0x0000, 0x0000,
  0x0000, 0x0000, 0x0000, 0x0000, 0x0000, 0x0000, 0x0000, 0x0000, 0x0000, 0x0000, 0x0000, 0x0000,
  0x0000, 0x0000, 0x0000, 0x0000, 0x0000, 0x0000, 0x0000, 0x0000, 0x0000, 0x0000, 0x0000, 0x0000,
  0x0000, 0x0000, 0x0000, 0x0000, 0x0000, 0x0000, 0x0000, 0x0000, 0x0000, 0x0000, 0x0000, 0x0000,
  0x0000, 0x0000, 0x0000, 0x0000, 0x0000, 0x6249, 0x72AB, 0x72AB, 0x7268, 0x7204, 0x7204, 0x7204,
  0x6921, 0x6901, 0x68E0, 0x91C3, 0xBAE6, 0xB2E6, 0xA224, 0x70C0, 0x78E0, 0x78C0, 0xA1E4, 0xBA45,
  0x9942, 0xA1E3, 0xDBE9, 0xDBC9, 0xDBE9, 0xA2E6, 0x9AC6, 0x9AC6, 0x9AC6, 0x9AC6, 0x9AC6, 0x9AC6,
  0x8A65, 0x8245, 0x7A45, 0x7A45, 0x7A45, 0x7A45, 0x8A85, 0xCB88, 0xCB88, 0xCBA8, 0xD3C9, 0xD3E9,
  0xD3C9, 0xD3C9, 0xDC0A, 0xECAC, 0xF50E, 0xF52F, 0xF52F, 0xF550, 0xECCD, 0xCB67, 0xCB88, 0xCB67,
  0x9982, 0x9142, 0x8901, 0xBB28, 0xFDD1, 0xF550, 0xFD91, 0xCC0A, 0xB306, 0xBB47, 0xBB27, 0xBB47,
  0xBB47, 0xBB27, 0xDC6C, 0xFD4F, 0xF52F, 0xF52F, 0x92C7, 0x7A24, 0x8A85, 0x5183, 0x0000, 0x0000,
  0x0000, 0x0000, 0x0000, 0x0000, 0x0000, 0x0000, 0x0000, 0x0000, 0x0000, 0x0000, 0x0000, 0x0000,
  0x0000, 0x0000, 0x0000, 0x0000, 0x0000, 0x0000, 0x0000, 0x0000, 0x0000, 0x0000, 0x0000, 0x0000,
  0x0000, 0x0000, 0x0000, 0x0000, 0x0000, 0x0000, 0x0000, 0x0000, 0x0000, 0x0000, 0x0000, 0x0000,
  0x0000, 0x0000, 0x0000, 0x0000, 0x0000, 0x0000, 0x0000, 0x0000, 0x0000, 0x0000, 0x0000, 0x0000,
  0x0000, 0x0000, 0x0000, 0x0000, 0x0000, 0x0000, 0x0000, 0x0000, 0x6A6A, 0x7ACB, 0x7ACC, 0x7A88,
  0x7204, 0x7224, 0x7204, 0x6921, 0x6921, 0x68E0, 0x9203, 0xBAE6, 0xB2E6, 0xA244, 0x70C0, 0x78E0,
  0x78C0, 0x88E0, 0x9101, 0xB204, 0xC2C6, 0xDC09, 0xDBE9, 0xDBE9, 0xAB06, 0x9AC6, 0x9AC6, 0x9AA6,
  0x92A6, 0x9AA6, 0x9AA6, 0x8265, 0x8245, 0x7A45, 0x7224, 0x7224, 0x7224, 0x8265, 0xC367, 0xC347,
  0xC367, 0xCB87, 0xD388, 0xCB87, 0xD3C9, 0xF4CD, 0xF4ED, 0xF4ED, 0xF52F, 0xF52F, 0xFD50, 0xECCD,
  0xCB67, 0xCB87, 0xCB67, 0x9982, 0x9142, 0x8901, 0xC348, 0xFDD1, 0xF550, 0xFD91, 0xCBEA, 0xB2E6,
  0xB327, 0xB327, 0xBB27, 0xBB47, 0xB327, 0xDC4B, 0xFD4F, 0xF52F, 0xF52F, 0x9AE7, 0x8265, 0x92A6,
  0x59A3, 0x0000, 0x0000, 0x0000, 0x0000, 0x0000, 0x0000, 0x0000, 0x0000, 0x0000, 0x0000, 0x0000,
  0x0000, 0x0000, 0x0000, 0x0000, 0x0000, 0x0000, 0x0000, 0x0000, 0x0000, 0x0000, 0x0000, 0x0000,
  0x0000, 0x0000, 0x0000, 0x0000, 0x0000, 0x0000, 0x0000, 0x0000, 0x0000, 0x0000, 0x0000, 0x0000,
  0x0000, 0x0000, 0x0000, 0x0000, 0x0000, 0x0000, 0x0000, 0x0000, 0x0000, 0x0000, 0x0000, 0x0000,
  0x0000, 0x0000, 0x0000, 0x0000, 0x0000, 0x0000, 0x0000, 0x0000, 0x0000, 0x0000, 0x0000, 0x41A6,
  0x51E7, 0x49E8, 0x6206, 0x7A44, 0x7A45, 0x7A24, 0x7162, 0x7141, 0x6921, 0x9224, 0xBB06, 0xB2E6,
  0xA265, 0x70C0, 0x78E0, 0x70C0, 0xAA24, 0xBAA6, 0xD369, 0xD388, 0xC367, 0xCB88, 0xCB88, 0xA2E6,
  0x9AC6, 0x9AC6, 0xAB07, 0xBB67, 0xBB47, 0xBB47, 0xBB68, 0xBB88, 0xBB88, 0xBB88, 0xBBA9, 0xBBA9,
  0xC3C9, 0xE48C, 0xE4AD, 0xE48C, 0xED30, 0xED91, 0xED71, 0xED92, 0xF5F3, 0xF5F3, 0xF5D3, 0xF550,
  0xF52F, 0xF550, 0xECEE, 0xDBE9, 0xDC0A, 0xDC0A, 0xA1E3, 0x9982, 0x9141, 0xC349, 0xFDD2, 0xF591,
  0xFDB1, 0xDC6C, 0xCBA9, 0xD3E9, 0xCBC9, 0xC388, 0xCB88, 0xC367, 0xE4AD, 0xFD70, 0xF54F, 0xFD70,
  0x7A66, 0x5183, 0x61C4, 0x3922, 0x0000, 0x0000, 0x0000, 0x0000, 0x0000, 0x0000, 0x0000, 0x0000,
  0x0000, 0x0000, 0x0000, 0x0000, 0x0000, 0x0000, 0x0000, 0x0000, 0x0000, 0x0000, 0x0000, 0x0000,
  0x0000, 0x0000, 0x0000, 0x0000, 0x0000, 0x0000, 0x0000, 0x0000, 0x0000, 0x0000, 0x0000, 0x0000,
  0x0000, 0x0000, 0x0000, 0x0000, 0x0000, 0x0000, 0x0000, 0x0000, 0x0000, 0x0000, 0x0000, 0x0000,
  0x0000, 0x0000, 0x0000, 0x0000, 0x0000, 0x0000, 0x0000, 0x0000, 0x0000, 0x0000, 0x0000, 0x0000,
  0x0000, 0x0000, 0x1082, 0x10A2, 0x0862, 0x4964, 0x8A85, 0x8245, 0x8245, 0x71A3, 0x71A3, 0x6982,
  0x9265, 0xB306, 0xB306, 0xA2A5, 0x78C0, 0x78E0, 0x6880, 0xCBCA, 0xFD6F, 0xFD2E, 0xE4AC, 0xAAE6,
  0xAAE6, 0xAAE6, 0xAAE6, 0xAAE6, 0xA2E6, 0xBB47, 0xDBC8, 0xD3C8, 0xDBE9, 0xEC4A, 0xEC6B, 0xEC4B,
  0xF4AC, 0xF4ED, 0xF4CC, 0xF4ED, 0xFD70, 0xFD91, 0xFD70, 0xFE76, 0xFED8, 0xFED8, 0xFED8, 0xFEB8,
  0xFEB7, 0xFEB7, 0xF591, 0xF52F, 0xF54F, 0xF50E, 0xECAC, 0xF4AC, 0xF4CC, 0xAA44, 0xA1A3, 0x9982,
  0xCB69, 0xFDF3, 0xF5B2, 0xFDD2, 0xF52F, 0xF4CC, 0xF4CD, 0xEC8C, 0xDBE9, 0xDBE9, 0xDBC8, 0xECEE,
  0xFDB2, 0xF591, 0xFDD2, 0x3144, 0x0000, 0x0000, 0x0000, 0x0000, 0x0000, 0x0000, 0x0000, 0x0000,
  0x0000, 0x0000, 0x0000, 0x0000, 0x0000, 0x0000, 0x0000, 0x0000, 0x0000, 0x0000, 0x0000, 0x0000,
  0x0000, 0x0000, 0x0000, 0x0000, 0x0000, 0x0000, 0x0000, 0x0000, 0x0000, 0x0000, 0x0000, 0x0000,
  0x0000, 0x0000, 0x0000, 0x0000, 0x0000, 0x0000, 0x0000, 0x0000, 0x0000, 0x0000, 0x0000, 0x0000,
  0x0000, 0x0000, 0x0000, 0x0000, 0x0000, 0x0000, 0x0000, 0x0000, 0x0000, 0x0000, 0x0000, 0x0000,
  0x0000, 0x0000, 0x0000, 0x0000, 0x0000, 0x10A2, 0x18C3, 0x1083, 0x4984, 0x8A85, 0x8245, 0x8245,
  0x79A3, 0x7182, 0x7182, 0x9244, 0xB306, 0xB306, 0xA2A5, 0x70C0, 0x78E0, 0x6880, 0xC389, 0xFD2E,
  0xF50E, 0xDC6B, 0xAAE6, 0xAB06, 0xAAE6, 0xAAE6, 0xAAE6, 0xA2E6, 0xBB47, 0xD3C8, 0xD3A8, 0xD3C9,
  0xE42A, 0xE42A, 0xE44A, 0xEC8B, 0xECAC, 0xEC8C, 0xECCD, 0xF570, 0xF550, 0xF550, 0xFE76, 0xFEB7,
  0xFEB7, 0xFEB7, 0xFE97, 0xFE97, 0xFE97, 0xF570, 0xF54F, 0xF550, 0xF50E, 0xEC8C, 0xECAC, 0xECAC,
  0xB244, 0xA1A3, 0x9962, 0xCB8A, 0xFE13, 0xF5B1, 0xFDD2, 0xF52F, 0xECAC, 0xECAC, 0xEC8C, 0xDBE9,
  0xDBE9, 0xDBC8, 0xECEE, 0xFDB2, 0xF591, 0xFDD2, 0x3944, 0x0000, 0x0000, 0x0000, 0x0000, 0x0000,
  0x0000, 0x0000, 0x0000, 0x0000, 0x0000, 0x0000, 0x0000, 0x0000, 0x0000, 0x0000, 0x0000, 0x0000,
  0x0000, 0x0000, 0x0000, 0x0000, 0x0000, 0x0000, 0x0000, 0x0000, 0x0000, 0x0000, 0x0000, 0x0000,
  0x0000, 0x0000, 0x0000, 0x0000, 0x0000, 0x0000, 0x0000, 0x0000, 0x0000, 0x0000, 0x0000, 0x0000,
  0x0000, 0x0000, 0x0000, 0x0000, 0x0000, 0x0000, 0x0000, 0x0000, 0x0000, 0x0000, 0x0000, 0x0000,
  0x0000, 0x0000, 0x0000, 0x0000, 0x0000, 0x0000, 0x0000, 0x0000, 0x1082, 0x18A3, 0x1083, 0x4964,
  0x8A65, 0x8265, 0x8265, 0x71A3, 0x7182, 0x7182, 0x9A64, 0xB306, 0xB306, 0xAAA5, 0x78E0, 0x70E0,
  0x70A0, 0xCBA9, 0xFD4F, 0xF52F, 0xE48C, 0xA2C6, 0xAB06, 0xAB06, 0xAAE6, 0xAAE6, 0xAAE6, 0xBB47,
  0xD3C8, 0xD3C8, 0xD3C9, 0xE44A, 0xE44B, 0xEC6B, 0xECCD, 0xF4CD, 0xECED, 0xF50E, 0xF570, 0xF570,
  0xF570, 0xF655, 0xF676, 0xF655, 0xFE76, 0xFEB7, 0xFEB7, 0xFEB7, 0xF591, 0xF54F, 0xF570, 0xF50F,
  0xECAC, 0xECAC, 0xECAC, 0xAA24, 0xA1C3, 0xA182, 0xCB89, 0xFE13, 0xF5B2, 0xFDD2, 0xF52F, 0xECAC,
  0xF4CD, 0xEC8C, 0xDBC9, 0xDC09, 0xDBE9, 0xECEE, 0xFDB2, 0xF591, 0xFDD2, 0x3944, 0x0000, 0x0000,
  0x0000, 0x0000, 0x0000, 0x0000, 0x0000, 0x0000, 0x0000, 0x0000, 0x0000, 0x0000, 0x0000, 0x0000,
  0x0000, 0x0000, 0x0000, 0x0000, 0x0000, 0x0000, 0x0000, 0x0000, 0x0000, 0x0000, 0x0000, 0x0000,
  0x0000, 0x0000, 0x0000, 0x0000, 0x0000, 0x0000, 0x0000, 0x0000, 0x0000, 0x0000, 0x0000, 0x0000,
  0x0000, 0x0000, 0x0000, 0x0000, 0x0000, 0x0000, 0x0000, 0x0000, 0x0000, 0x0000, 0x0000, 0x0000,
  0x0000, 0x0000, 0x0000, 0x0000, 0x0000, 0x0000, 0x0000, 0x0000, 0x0000, 0x0000, 0x0000, 0x0020,
  0x0020, 0x0000, 0x5183, 0xB327, 0xB306, 0xAAE6, 0x7A24, 0x7A24, 0x7224, 0x9285, 0xB2E6, 0xAB06,
  0xA2A5, 0x8921, 0x8921, 0x80E0, 0xD40B, 0xFD90, 0xF54F, 0xECCD, 0xCB67, 0xCB67, 0xCB88, 0xE48C,
  0xECCD, 0xECCD, 0xE46B, 0xE42A, 0xE44B, 0xE44B, 0xF4CD, 0xF50E, 0xF4EE, 0xF5F3, 0xFE76, 0xFE96,
  0xFE55, 0xFDD2, 0xFDF3, 0xFDF3, 0xECAC, 0xEC8C, 0xE44A, 0xED50, 0xFED8, 0xFE97, 0xFE97, 0xFE55,
  0xFE55, 0xFE55, 0xF5D3, 0xECAC, 0xECAC, 0xECAC, 0xC307, 0xBAC6, 0xC2C5, 0xDC2B, 0xFDF3, 0xF5B2,
  0xFDD2, 0xF52F, 0xECAC, 0xECCC, 0xECCD, 0xF50E, 0xF52F, 0xF550, 0xDC4B, 0xC388, 0xCBC9, 0xCBC9,
  0x30C2, 0x0000, 0x0000, 0x0000, 0x0000, 0x0000, 0x0000, 0x0000, 0x0000, 0x0000, 0x0000, 0x0000,
  0x0000, 0x0000, 0x0000, 0x0000, 0x0000, 0x0000, 0x0000, 0x0000, 0x0000, 0x0000, 0x0000, 0x0000,
  0x0000, 0x0000, 0x0000, 0x0000, 0x0000, 0x0000, 0x0000, 0x0000, 0x0000, 0x0000, 0x0000, 0x0000,
  0x0000, 0x0000, 0x0000, 0x0000, 0x0000, 0x0000, 0x0000, 0x0000, 0x0000, 0x0000, 0x0000, 0x0000,
  0x0000, 0x0000, 0x0000, 0x0000, 0x0000, 0x0000, 0x0000, 0x0000, 0x0000, 0x0000, 0x0000, 0x0000,
  0x0000, 0x0000, 0x0000, 0x0000, 0x0000, 0x5983, 0xCB67, 0xB327, 0xB307, 0x8265, 0x7A45, 0x7A45,
  0x92A6, 0xAAE6, 0xAAE6, 0xA2A5, 0x9141, 0x9142, 0x8900, 0xD40B, 0xFD90, 0xF570, 0xECEE, 0xD3A8,
  0xD3A8, 0xD3A8, 0xF4EE, 0xF52F, 0xF52F, 0xECAD, 0xE44B, 0xE46B, 0xEC8C, 0xF50E, 0xF50E, 0xF4EE,
  0xF5F3, 0xFEB7, 0xFE97, 0xF655, 0xFDD3, 0xFDF3, 0xFDF3, 0xECAD, 0xE44A, 0xE42A, 0xED2F, 0xFEB7,
  0xF697, 0xF697, 0xFE96, 0xFE76, 0xFE96, 0xF5F3, 0xECAC, 0xECAC, 0xECAC, 0xCB68, 0xC327, 0xC306,
  0xDC6C, 0xFDF3, 0xF5B2, 0xFDD2, 0xF52F, 0xECAC, 0xECCC, 0xF4ED, 0xF570, 0xF570, 0xFD91, 0xDC4B,
  0xBB26, 0xBB47, 0xC367, 0x28C1, 0x0000, 0x0000, 0x0000, 0x0000, 0x0000, 0x0000, 0x0000, 0x0000,
  0x0000, 0x0000, 0x0000, 0x0000, 0x0000, 0x0000, 0x0000, 0x0000, 0x0000, 0x0000, 0x0000, 0x0000,
  0x0000, 0x0000, 0x0000, 0x0000, 0x0000, 0x0000, 0x0000, 0x0000, 0x0000, 0x0000, 0x0000, 0x0000,
  0x0000, 0x0000, 0x0000, 0x0000, 0x0000, 0x0000, 0x0000, 0x0000, 0x0000, 0x0000, 0x0000, 0x0000,
  0x0000, 0x0000, 0x0000, 0x0000, 0x0000, 0x0000, 0x0000, 0x0000, 0x0000, 0x0000, 0x0000, 0x0000,
  0x0000, 0x0000, 0x0000, 0x0000, 0x0000, 0x0000, 0x0000, 0x0000, 0x5983, 0xC347, 0xB306, 0xAB06,
  0x7A45, 0x7A45, 0x7A45, 0x92A6, 0xB2E6, 0xAB06, 0xAAA5, 0x8921, 0x9142, 0x8900, 0xD40B, 0xFD90,
  0xFD70, 0xECEE, 0xCB67, 0xCB88, 0xD3A8, 0xF4EE, 0xF52F, 0xF52F, 0xF4EE, 0xEC6B, 0xEC6B, 0xECAC,
  0xFD4F, 0xFD2F, 0xFD2E, 0xFE75, 0xFEF8, 0xFED7, 0xFEB7, 0xFE34, 0xFE34, 0xFE34, 0xF4CD, 0xEC8B,
  0xEC6B, 0xF550, 0xFF19, 0xFEF8, 0xFEF8, 0xFEB7, 0xFE97, 0xFED8, 0xF614, 0xEC8C, 0xECCC, 0xECAC,
  0xC327, 0xC306, 0xBAE6, 0xDC2B, 0xFDF3, 0xF5B2, 0xFDD2, 0xF52F, 0xECAC, 0xECCD, 0xF4ED, 0xF570,
  0xF570, 0xFD91, 0xDC4B, 0xBB47, 0xC368, 0xCB88, 0x28C1, 0x0000, 0x0000, 0x0000, 0x0000, 0x0000,
  0x0000, 0x0000, 0x0000, 0x0000, 0x0000, 0x0000, 0x0000, 0x0000, 0x0000, 0x0000, 0x0000, 0x0000,
  0x0000, 0x0000, 0x0000, 0x0000, 0x0000, 0x0000, 0x0000, 0x0000, 0x0000, 0x0000, 0x0000, 0x0000,
  0x0000, 0x0000, 0x0000, 0x0000, 0x0000, 0x0000, 0x0000, 0x0000, 0x0000, 0x0000, 0x0000, 0x0000,
  0x0000, 0x0000, 0x0000, 0x0000, 0x0000, 0x0000, 0x0000, 0x0000, 0x0000, 0x0000, 0x0000, 0x0000,
  0x0000, 0x0000, 0x0000, 0x0000, 0x0000, 0x0000, 0x0000, 0x0000, 0x0000, 0x0000, 0x0000, 0x61A3,
  0xCB88, 0xC347, 0xC368, 0x8265, 0x7A45, 0x7A45, 0x92A5, 0xAAE6, 0xA2E6, 0xA285, 0x8921, 0x8921,
  0x80C0, 0xD40B, 0xFDB1, 0xF570, 0xED0E, 0xDBE9, 0xDC2A, 0xDC2A, 0xE48C, 0xECAD, 0xECCD, 0xD42B,
  0xC388, 0xCBC9, 0xC389, 0xA328, 0xA348, 0xAB48, 0x9B69, 0x9349, 0x9B49, 0x9349, 0x9308, 0x9328,
  0x9308, 0x92C6, 0x9AC6, 0x9285, 0xA369, 0xCCEF, 0xC4AF, 0xC4AF, 0xE550, 0xF5B2, 0xEDB2, 0xED50,
  0xF4CD, 0xF4ED, 0xF4ED, 0xD3C9, 0xD388, 0xD388, 0xE48D, 0xFE13, 0xF5D2, 0xFDF3, 0xF52F, 0xECAC,
  0xECCD, 0xF4ED, 0xF591, 0xF571, 0xFD91, 0xDC4B, 0xC347, 0xC368, 0xCB88, 0x28C1, 0x0000, 0x0000,
  0x0000, 0x0000, 0x0000, 0x0000, 0x0000, 0x0000, 0x0000, 0x0000, 0x0000, 0x0000, 0x0000, 0x0000,
  0x0000, 0x0000, 0x0000, 0x0000, 0x0000, 0x0000, 0x0000, 0x0000, 0x0000, 0x0000, 0x0000, 0x0000,
  0x0000, 0x0000, 0x0000, 0x0000, 0x0000, 0x0000, 0x0000, 0x0000, 0x0000, 0x0000, 0x0000, 0x0000,
  0x0000, 0x0000, 0x0000, 0x0000, 0x0000, 0x0000, 0x0000, 0x0000, 0x0000, 0x0000, 0x0000, 0x0000,
  0x0000, 0x0000, 0x0000, 0x0000, 0x0000, 0x0000, 0x0000, 0x0000, 0x0000, 0x0000, 0x0000, 0x0000,
  0x0000, 0x0000, 0x69E4, 0xEC29, 0xDBE9, 0xD3C9, 0x8265, 0x7A45, 0x7A45, 0x9285, 0xA2C6, 0x9AC6,
  0x9A65, 0x7901, 0x8101, 0x78A0, 0xCBEB, 0xFDB1, 0xF550, 0xF550, 0xF50E, 0xF52F, 0xF52F, 0xD3C9,
  0xD388, 0xDBA8, 0xA2E6, 0x7A24, 0x8245, 0x7A24, 0x69E4, 0x7204, 0x7204, 0x69A3, 0x61A2, 0x61A2,
  0x6182, 0x61A3, 0x61A3, 0x61A3, 0x69E3, 0x69E4, 0x69E4, 0x71E3, 0x8224, 0x8224, 0x8224, 0xCB87,
  0xDBC8, 0xD387, 0xE44A, 0xF550, 0xF52F, 0xF54F, 0xECCD, 0xEC8B, 0xEC8B, 0xF52F, 0xFE14, 0xFDF3,
  0xFE14, 0xF54F, 0xF4CC, 0xF4CD, 0xF4EE, 0xFDB2, 0xF5B2, 0xFDD3, 0xDC6C, 0xC347, 0xC368, 0xCB88,
  0x28C1, 0x0000, 0x0000, 0x0000, 0x0000, 0x0000, 0x0000, 0x0000, 0x0000, 0x0000, 0x0000, 0x0000,
  0x0000, 0x0000, 0x0000, 0x0000, 0x0000, 0x0000, 0x0000, 0x0000, 0x0000, 0x0000, 0x0000, 0x0000,
  0x0000, 0x0000, 0x0000, 0x0000, 0x0000, 0x0000, 0x0000, 0x0000, 0x0000, 0x0000, 0x0000, 0x0000,
  0x0000, 0x0000, 0x0000, 0x0000, 0x0000, 0x0000, 0x0000, 0x0000, 0x0000, 0x0000, 0x0000, 0x0000,
  0x0000, 0x0000, 0x0000, 0x0000, 0x0000, 0x0000, 0x0000, 0x0000, 0x0000, 0x0000, 0x0000, 0x0000,
  0x0000, 0x0000, 0x0000, 0x0000, 0x0000, 0x69C4, 0xE429, 0xD3C9, 0xCBA8, 0x8265, 0x7A45, 0x7A45,
  0x9285, 0xA2C6, 0x9AC6, 0x9265, 0x7901, 0x8101, 0x70A0, 0xCBEB, 0xFDB1, 0xF550, 0xF550, 0xF52F,
  0xF50E, 0xF50E, 0xD3E9, 0xD3A8, 0xDBC9, 0xAB07, 0x8245, 0x8265, 0x7A45, 0x7224, 0x79E3, 0x7962,
  0x8142, 0x8941, 0x8941, 0x8941, 0x8941, 0x8941, 0x8941, 0x8121, 0x7941, 0x6982, 0x71E3, 0x8265,
  0x8265, 0x8A85, 0xD3C9, 0xDBE9, 0xDBC9, 0xE44B, 0xF54F, 0xF52F, 0xF54F, 0xECAC, 0xEC8C, 0xEC6B,
  0xF50E, 0xFE34, 0xFDF3, 0xFE14, 0xF54F, 0xF4CC, 0xF4CD, 0xF50E, 0xFDB2, 0xF5B2, 0xFDD3, 0xDC6C,
  0xC347, 0xC368, 0xCB88, 0x28C1, 0x0000, 0x0000, 0x0000, 0x0000, 0x0000, 0x0000, 0x0000, 0x0000,
  0x0000, 0x0000, 0x0000, 0x0000, 0x0000, 0x0000, 0x0000, 0x0000, 0x0000, 0x0000, 0x0000, 0x0000,
  0x0000, 0x0000, 0x0000, 0x0000, 0x0000, 0x0000, 0x0000, 0x0000, 0x0000, 0x0000, 0x0000, 0x0000,
  0x0000, 0x0000, 0x0000, 0x0000, 0x0000, 0x0000, 0x0000, 0x0000, 0x0000, 0x0000, 0x0000, 0x0000,
  0x0000, 0x0000, 0x0000, 0x0000, 0x0000, 0x0000, 0x0000, 0x0000, 0x0000, 0x0000, 0x0000, 0x0000,
  0x0000, 0x0000, 0x0000, 0x0000, 0x0000, 0x0000, 0x0000, 0x0000, 0x71E4, 0xEC29, 0xDBC8, 0xDBC9,
  0x8265, 0x7A45, 0x7A45, 0x9285, 0xA2C6, 0xA2C6, 0x9A85, 0x8101, 0x8101, 0x78A0, 0xD40B, 0xFDD1,
  0xF570, 0xF550, 0xF52F, 0xF52F, 0xF52F, 0xDC09, 0xD3A8, 0xE3E9, 0xA2E6, 0x7A45, 0x8265, 0x8265,
  0x8204, 0x8182, 0x8182, 0x9183, 0x99A3, 0x99A3, 0x99A3, 0xA1E4, 0x99C4, 0xA1E4, 0x91A3, 0x8983,
  0x81A3, 0x8A45, 0x92A6, 0x8A85, 0x9285, 0xCB88, 0xD3A8, 0xCB88, 0xDC2A, 0xFD70, 0xF54F, 0xF54F,
  0xECAC, 0xEC8B, 0xEC6B, 0xF50E, 0xFE34, 0xFE14, 0xFE34, 0xF550, 0xF4CC, 0xF4CD, 0xF50E, 0xFDD2,
  0xFDD2, 0xFDF3, 0xDC6C, 0xC347, 0xC368, 0xCB88, 0x28C1, 0x0000, 0x0000, 0x0000, 0x0000, 0x0000,
  0x0000, 0x0000, 0x0000, 0x0000, 0x0000, 0x0000, 0x0000, 0x0000, 0x0000, 0x0000, 0x0000, 0x0000,
  0x0000, 0x0000, 0x0000, 0x0000, 0x0000, 0x0000, 0x0000, 0x0000, 0x0000, 0x0000, 0x0000, 0x0000,
  0x0000, 0x0000, 0x0000, 0x0000, 0x0000, 0x0000, 0x0000, 0x0000, 0x0000, 0x0000, 0x0000, 0x0000,
  0x0000, 0x0000, 0x0000, 0x0000, 0x0000, 0x0000, 0x0000, 0x0000, 0x0000, 0x0000, 0x0000, 0x0000,
  0x0000, 0x0000, 0x0000, 0x0000, 0x0000, 0x0000, 0x0000, 0x0000, 0x0000, 0x0000, 0x0000, 0x2903,
  0x6267, 0x5A27, 0x6247, 0x9AC6, 0xA2E6, 0xA2E6, 0x92A6, 0x8245, 0x8A85, 0x8224, 0x68E0, 0x68E0,
  0x68C0, 0xB307, 0xD3EA, 0xCBC9, 0xDC0A, 0xE44B, 0xE46B, 0xE44B, 0x7A24, 0x69C3, 0x71E4, 0x69C3,
  0xAB06, 0xB327, 0xC368, 0xEC8B, 0xEC8B, 0xEC6B, 0xF570, 0xF5D3, 0xF5B2, 0xF614, 0xF71B, 0xF71A,
  0xFF3B, 0xF676, 0xF614, 0xF656, 0xF5D3, 0xECAC, 0xECAD, 0xDC6C, 0x4942, 0x3901, 0x30C1, 0x8265,
  0xF4AC, 0xE46B, 0xEC8B, 0xF50E, 0xF52F, 0xF52F, 0xF550, 0xF591, 0xF591, 0xF5B1, 0xF50E, 0xECCD,
  0xF4CD, 0xF4CD, 0xECCD, 0xECAC, 0xECCD, 0xD40A, 0xC347, 0xC367, 0xCB88, 0x28C1, 0x0000, 0x0000,
  0x0000, 0x0000, 0x0000, 0x0000, 0x0000, 0x0000, 0x0000, 0x0000, 0x0000, 0x0000, 0x0000, 0x0000,
  0x0000, 0x0000, 0x0000, 0x0000, 0x0000, 0x0000, 0x0000, 0x0000, 0x0000, 0x0000, 0x0000, 0x0000,
  0x0000, 0x0000, 0x0000, 0x0000, 0x0000, 0x0000, 0x0000, 0x0000, 0x0000, 0x0000, 0x0000, 0x0000,
  0x0000, 0x0000, 0x0000, 0x0000, 0x0000, 0x0000, 0x0000, 0x0000, 0x0000, 0x0000, 0x0000, 0x0000,
  0x0000, 0x0000, 0x0000, 0x0000, 0x0000, 0x0000, 0x0000, 0x0000, 0x0000, 0x0000, 0x0000, 0x0000,
  0x0000, 0x0000, 0x10C3, 0x31A7, 0x2986, 0x39C7, 0xA2E6, 0xB306, 0xB307, 0x92A6, 0x7A45, 0x7A65,
  0x7A24, 0x60E0, 0x60E0, 0x60C0, 0xA285, 0xC367, 0xBB27, 0xCB88, 0xE409, 0xE40A, 0xDBE9, 0x5162,
  0x4121, 0x4121, 0x8244, 0xCB88, 0xC347, 0xCB88, 0xECAC, 0xECAC, 0xEC8C, 0xF591, 0xFE13, 0xFDD2,
  0xFE55, 0xFF5C, 0xFF5B, 0xFF5B, 0xFEB7, 0xFE76, 0xFEB7, 0xF5F3, 0xF4CD, 0xF50E, 0xECAD, 0x38E1,
  0x28A0, 0x1860, 0x7204, 0xEC6A, 0xDC2A, 0xE42A, 0xF52F, 0xFD70, 0xF570, 0xF570, 0xF570, 0xF570,
  0xF570, 0xF50E, 0xECCD, 0xF4ED, 0xECCD, 0xE44A, 0xE44A, 0xEC6B, 0xD3C9, 0xC347, 0xC367, 0xCB88,
  0x28C1, 0x0000, 0x0000, 0x0000, 0x0000, 0x0000, 0x0000, 0x0000, 0x0000, 0x0000, 0x0000, 0x0000,
  0x0000, 0x0000, 0x0000, 0x0000, 0x0000, 0x0000, 0x0000, 0x0000, 0x0000, 0x0000, 0x0000, 0x0000,
  0x0000, 0x0000, 0x0000, 0x0000, 0x0000, 0x0000, 0x0000, 0x0000, 0x0000, 0x0000, 0x0000, 0x0000,
  0x0000, 0x0000, 0x0000, 0x0000, 0x0000, 0x0000, 0x0000, 0x0000, 0x0000, 0x0000, 0x0000, 0x0000,
  0x0000, 0x0000, 0x0000, 0x0000, 0x0000, 0x0000, 0x0000, 0x0000, 0x0000, 0x0000, 0x0000, 0x0000,
  0x0000, 0x0000, 0x0000, 0x0000, 0x0000, 0x18C3, 0x39A6, 0x3186, 0x41C6, 0xAB07, 0xB306, 0xBB27,
  0x9AA6, 0x7A45, 0x7A65, 0x7204, 0x60C0, 0x68E0, 0x58A0, 0xA2A5, 0xD3A8, 0xC367, 0xCBA8, 0xE42A,
  0xE42A, 0xDC0A, 0x5162, 0x4121, 0x4101, 0x9AA5, 0xCB88, 0xBB27, 0xCBA8, 0xF4CD, 0xF4CD, 0xF4AC,
  0xFDB2, 0xFE54, 0xFE13, 0xFE97, 0xFFBD, 0xFF9D, 0xFF9D, 0xFED8, 0xFEB7, 0xFED8, 0xFDF3, 0xECCD,
  0xF50E, 0xE4AD, 0x30E1, 0x20A0, 0x1860, 0x7224, 0xF48B, 0xE42A, 0xE44A, 0xF52F, 0xF570, 0xF570,
  0xF591, 0xFD91, 0xFD91, 0xFDB1, 0xF52F, 0xF4CD, 0xF4ED, 0xF4CD, 0xEC6B, 0xEC6B, 0xEC8B, 0xD3E9,
  0xC347, 0xCB68, 0xCB88, 0x28C1, 0x0000, 0x0000, 0x0000, 0x0000, 0x0000, 0x0000, 0x0000, 0x0000,
  0x0000, 0x0000, 0x0000, 0x0000, 0x0000, 0x0000, 0x0000, 0x0000, 0x0000, 0x0000, 0x0000, 0x0000,
  0x0000, 0x0000, 0x0000, 0x0000, 0x0000, 0x0000, 0x0000, 0x0000, 0x0000, 0x0000, 0x0000, 0x0000,
  0x0000, 0x0000, 0x0000, 0x0000, 0x0000, 0x0000, 0x0000, 0x0000, 0x0000, 0x0000, 0x0000, 0x0000,
  0x0000, 0x0000, 0x0000, 0x0000, 0x0000, 0x0000, 0x0000, 0x0000, 0x0000, 0x0000, 0x0000, 0x0000,
  0x0000, 0x0000, 0x0000, 0x0000, 0x0000, 0x0000, 0x0000, 0x0000, 0x18E3, 0x4208, 0x4208, 0x4207,
  0x92C6, 0x9AC6, 0x9AC7, 0x8A85, 0x8245, 0x8265, 0x7A24, 0x6921, 0x6941, 0x6101, 0xA285, 0xC367,
  0xB327, 0xBB67, 0xDBE9, 0xDC09, 0xD3C9, 0x7A04, 0x69E3, 0x69C3, 0xA2C6, 0xC367, 0xBB47, 0xC388,
  0xCBEA, 0xCBC9, 0xCBC9, 0xCC4C, 0xCC8D, 0xCC6D, 0xCCAE, 0xCD52, 0xCD52, 0xCD52, 0xDD51, 0xE530,
  0xDD30, 0xE50F, 0xF4AC, 0xF4CD, 0xE46B, 0x6142, 0x50E1, 0x48C1, 0x9245, 0xE44A, 0xDC0A, 0xDC0A,
  0xF54F, 0xFD91, 0xF591, 0xF550, 0xECCE, 0xECCE, 0xF50F, 0xECED, 0xECCD, 0xECCD, 0xECAC, 0xE42A,
  0xDC2A, 0xE44A, 0xCBA8, 0xB327, 0xBB47, 0xBB47, 0x28A1, 0x0000, 0x0000, 0x0000, 0x0000, 0x0000,
  0x0000, 0x0000, 0x0000, 0x0000, 0x0000, 0x0000, 0x0000, 0x0000, 0x0000, 0x0000, 0x0000, 0x0000,
  0x0000, 0x0000, 0x0000, 0x0000, 0x0000, 0x0000, 0x0000, 0x0000, 0x0000, 0x0000, 0x0000, 0x0000,
  0x0000, 0x0000, 0x0000, 0x0000, 0x0000, 0x0000, 0x0000, 0x0000, 0x0000, 0x0000, 0x0000, 0x0000,
  0x0000, 0x0000, 0x0000, 0x0000, 0x0000, 0x0000, 0x0000, 0x0000, 0x0000, 0x0000, 0x0000, 0x0000,
  0x0000, 0x0000, 0x0000, 0x0000, 0x0000, 0x0000, 0x0000, 0x0000, 0x0000, 0x0000, 0x0000, 0x31A6,
  0x738E, 0x6B6D, 0x6B4D, 0x31A6, 0x3186, 0x2966, 0x6205, 0x9AA5, 0x9285, 0x9285, 0x8265, 0x7A45,
  0x7A45, 0x8265, 0x8265, 0x8265, 0x8A85, 0xB306, 0xB307, 0xB327, 0xCB88, 0xD3A8, 0xD3A8, 0xCB88,
  0xBB47, 0xBB47, 0xB327, 0x8A65, 0x8A65, 0x8A65, 0x8244, 0x7A24, 0x7A24, 0x7A24, 0x7A23, 0x8224,
  0x7A24, 0xA2A5, 0xB2E6, 0xAAC5, 0xC388, 0xEC8B, 0xE44B, 0xE44B, 0xB1E4, 0xA183, 0xA9C3, 0xAA04,
  0xBB47, 0xBB47, 0xBB47, 0xED2F, 0xFDB2, 0xFDF2, 0xDC4D, 0xA9A3, 0xBA65, 0xCAE7, 0xDBC9, 0xE44A,
  0xE42A, 0xDC0A, 0xBB27, 0xBB27, 0xBB47, 0x9AC6, 0x7A45, 0x8265, 0x8265, 0x1881, 0x0000, 0x0000,
  0x0000, 0x0000, 0x0000, 0x0000, 0x0000, 0x0000, 0x0000, 0x0000, 0x0000, 0x0000, 0x0000, 0x0000,
  0x0000, 0x0000, 0x0000, 0x0000, 0x0000, 0x0000, 0x0000, 0x0000, 0x0000, 0x0000, 0x0000, 0x0000,
  0x0000, 0x0000, 0x0000, 0x0000, 0x0000, 0x0000, 0x0000, 0x0000, 0x0000, 0x0000, 0x0000, 0x0000,
  0x0000, 0x0000, 0x0000, 0x0000, 0x0000, 0x0000, 0x0000, 0x0000, 0x0000, 0x0000, 0x0000, 0x0000,
  0x0000, 0x0000, 0x0000, 0x0000, 0x0000, 0x0000, 0x0000, 0x0000, 0x0000, 0x0000, 0x0000, 0x0000,
  0x0000, 0x0000, 0x31A6, 0x73AE, 0x6B4D, 0x6B4D, 0x31A6, 0x3185, 0x2986, 0x6A26, 0x9AA5, 0x9285,
  0x9285, 0x8245, 0x7A45, 0x8265, 0x8265, 0x8245, 0x8265, 0x92A6, 0xB307, 0xB307, 0xB307, 0xCBA8,
  0xD3A8, 0xD3A8, 0xCB68, 0xBB47, 0xBB47, 0xB327, 0x9285, 0x92A5, 0x92A5, 0x8A85, 0x8265, 0x8A65,
  0x8A85, 0x8A86, 0x8A86, 0x8A86, 0xAB07, 0xBB27, 0xB307, 0xCBA8, 0xEC6B, 0xEC6B, 0xEC6B, 0xC2C6,
  0xB245, 0xA9C3, 0xA9E4, 0xC347, 0xC367, 0xBB47, 0xED2F, 0xFDB2, 0xFDF2, 0xDC4D, 0xA183, 0xC2C6,
  0xDB88, 0xDC09, 0xE42A, 0xE44A, 0xDC0A, 0xBB27, 0xBB47, 0xBB47, 0x9AC6, 0x7A65, 0x8265, 0x8285,
  0x1881, 0x0000, 0x0000, 0x0000, 0x0000, 0x0000, 0x0000, 0x0000, 0x0000, 0x0000, 0x0000, 0x0000,
  0x0000, 0x0000, 0x0000, 0x0000, 0x0000, 0x0000, 0x0000, 0x0000, 0x0000, 0x0000, 0x0000, 0x0000,
  0x0000, 0x0000, 0x0000, 0x0000, 0x0000, 0x0000, 0x0000, 0x0000, 0x0000, 0x0000, 0x0000, 0x0000,
  0x0000, 0x0000, 0x0000, 0x0000, 0x0000, 0x0000, 0x0000, 0x0000, 0x0000, 0x0000, 0x0000, 0x0000,
  0x0000, 0x0000, 0x0000, 0x0000, 0x0000, 0x0000, 0x0000, 0x0000, 0x0000, 0x0000, 0x0000, 0x0000,
  0x0000, 0x0000, 0x0000, 0x0000, 0x0000, 0x3186, 0x738E, 0x6B6D, 0x6B4D, 0x39C7, 0x3186, 0x2986,
  0x6A26, 0xA2C5, 0x9AA5, 0x9AA6, 0x7A45, 0x7A45, 0x7A45, 0x8265, 0x8265, 0x8265, 0x92A6, 0xBB27,
  0xB327, 0xB327, 0xD3A8, 0xDBC9, 0xDBC8, 0xCB88, 0xBB47, 0xC367, 0xBB27, 0x8A85, 0x9285, 0x9285,
  0x8245, 0x8245, 0x8265, 0x8245, 0x8244, 0x8244, 0x8244, 0xAAE6, 0xB326, 0xAAE6, 0xC368, 0xEC8B,
  0xEC6B, 0xEC6B, 0xD3C9, 0xCB67, 0xA9E3, 0xAA04, 0xBB27, 0xBB27, 0xBB26, 0xED30, 0xFDD2, 0xFDF3,
  0xDC6D, 0xA142, 0xCB07, 0xEC8B, 0xE42A, 0xE44A, 0xEC6B, 0xE42A, 0xC347, 0xBB47, 0xCB67, 0x9AC6,
  0x7245, 0x7A45, 0x7A45, 0x1881, 0x0000, 0x0000, 0x0000, 0x0000, 0x0000, 0x0000, 0x0000, 0x0000,
  0x0000, 0x0000, 0x0000, 0x0000, 0x0000, 0x0000, 0x0000, 0x0000, 0x0000, 0x0000, 0x0000, 0x0000,
  0x0000, 0x0000, 0x0000, 0x0000, 0x0000, 0x0000, 0x0000, 0x0000, 0x0000, 0x0000, 0x0000, 0x0000,
  0x0000, 0x0000, 0x0000, 0x0000, 0x0000, 0x0000, 0x0000, 0x0000, 0x0000, 0x0000, 0x0000, 0x0000,
  0x0000, 0x0000, 0x0000, 0x0000, 0x0000, 0x0000, 0x0000, 0x0000, 0x0000, 0x0000, 0x0000, 0x0000,
  0x0000, 0x0000, 0x0000, 0x0000, 0x0000, 0x0000, 0x0000, 0x0000, 0x31A6, 0x73AE, 0x738E, 0x6B6D,
  0x2124, 0x2104, 0x18E3, 0x4185, 0x5A06, 0x5A06, 0x6226, 0x8A85, 0x9285, 0x8A85, 0x8265, 0x8265,
  0x8265, 0x8265, 0x92A6, 0x92A6, 0x92A6, 0xBB27, 0xCB68, 0xC368, 0xB327, 0xAAE6, 0xAAE6, 0xA2E6,
  0x9AC6, 0x9AA6, 0x92A5, 0xC388, 0xD42A, 0xD3E9, 0xD44B, 0xDD92, 0xDD71, 0xDD92, 0xDC8D, 0xD40A,
  0xD40A, 0xDC2A, 0xEC6B, 0xE46B, 0xE44B, 0xE44B, 0xE46B, 0xB245, 0xB224, 0xE4AD, 0xE4CE, 0xE4AD,
  0xECEE, 0xF50E, 0xF52E, 0xE44C, 0xC2C6, 0xD388, 0xE44A, 0xCBA8, 0xC388, 0xCBA8, 0xC388, 0x9AC6,
  0x9AC6, 0x9AC6, 0xA2E6, 0xAB07, 0xB327, 0xB347, 0x20A1, 0x0000, 0x0000, 0x0000, 0x0000, 0x0000,
  0x0000, 0x0000, 0x0000, 0x0000, 0x0000, 0x0000, 0x0000, 0x0000, 0x0000, 0x0000, 0x0000, 0x0000,
  0x0000, 0x0000, 0x0000, 0x0000, 0x0000, 0x0000, 0x0000, 0x0000, 0x0000, 0x0000, 0x0000, 0x0000,
  0x0000, 0x0000, 0x0000, 0x0000, 0x0000, 0x0000, 0x0000, 0x0000, 0x0000, 0x0000, 0x0000, 0x0000,
  0x0000, 0x0000, 0x0000, 0x0000, 0x0000, 0x0000, 0x0000, 0x0000, 0x0000, 0x0000, 0x0000, 0x0000,
  0x0000, 0x0000, 0x0000, 0x0000, 0x0000, 0x0000, 0x0000, 0x0000, 0x0000, 0x0000, 0x0000, 0x31A6,
  0x7BCF, 0x738E, 0x6B6D, 0x18C3, 0x1082, 0x1082, 0x1904, 0x2986, 0x2166, 0x39A6, 0x9AA6, 0x9AA6,
  0x9AA6, 0x8A85, 0x7A45, 0x8265, 0x7A45, 0x7A45, 0x7A45, 0x7A45, 0xAAE6, 0xBB06, 0xB327, 0xAB06,
  0x9AC6, 0x9AA6, 0x9AC6, 0xA2C6, 0xA2C6, 0xAAC6, 0xDC2A, 0xF4CC, 0xEC8B, 0xF52E, 0xFEB7, 0xFEB7,
  0xFEB7, 0xF52F, 0xF4CD, 0xF50E, 0xF4CD, 0xE44B, 0xE46B, 0xEC6B, 0xECCD, 0xF4ED, 0xBA65, 0xB245,
  0xFD91, 0xFDB1, 0xFDB1, 0xECCD, 0xEC6B, 0xEC8C, 0xEC6B, 0xE42A, 0xDC09, 0xDBE9, 0xC368, 0xB306,
  0xB327, 0xAAE6, 0x7A45, 0x8245, 0x7225, 0xAB27, 0xDBE8, 0xD3A8, 0xDBC9, 0x30C1, 0x0000, 0x0000,
  0x0000, 0x0000, 0x0000, 0x0000, 0x0000, 0x0000, 0x0000, 0x0000, 0x0000, 0x0000, 0x0000, 0x0000,
  0x0000, 0x0000, 0x0000, 0x0000, 0x0000, 0x0000, 0x0000, 0x0000, 0x0000, 0x0000, 0x0000, 0x0000,
  0x0000, 0x0000, 0x0000, 0x0000, 0x0000, 0x0000, 0x0000, 0x0000, 0x0000, 0x0000, 0x0000, 0x0000,
  0x0000, 0x0000, 0x0000, 0x0000, 0x0000, 0x0000, 0x0000, 0x0000, 0x0000, 0x0000, 0x0000, 0x0000,
  0x0000, 0x0000, 0x0000, 0x0000, 0x0000, 0x0000, 0x0000, 0x0000, 0x0000, 0x0000, 0x0000, 0x0000,
  0x0000, 0x0000, 0x31A6, 0x7BCF, 0x738E, 0x6B4D, 0x18C3, 0x10A2, 0x10A2, 0x2124, 0x39A6, 0x3186,
  0x41E6, 0x9AA6, 0x9AA6, 0x9AC6, 0x8A85, 0x7A45, 0x7A45, 0x8265, 0x8265, 0x8265, 0x7A45, 0xAAE6,
  0xBB27, 0xBB47, 0xB307, 0x9AC6, 0xA2E6, 0xA2E6, 0xA2C6, 0xAAE6, 0xAAE6, 0xD3E9, 0xEC8C, 0xEC6B,
  0xECEE, 0xFE76, 0xF676, 0xF676, 0xF50E, 0xEC8C, 0xF4CD, 0xEC8C, 0xEC4A, 0xE44B, 0xE44B, 0xECAC,
  0xF4ED, 0xBA86, 0xB245, 0xF570, 0xF591, 0xF591, 0xF4CD, 0xEC8C, 0xECAC, 0xEC8C, 0xDBE9, 0xDC09,
  0xE42A, 0xCB88, 0xB327, 0xBB47, 0xB327, 0x8265, 0x8265, 0x7A45, 0xAB07, 0xD3A8, 0xCBA8, 0xD3A8,
  0x28C1, 0x0000, 0x0000, 0x0000, 0x0000, 0x0000, 0x0000, 0x0000, 0x0000, 0x0000, 0x0000, 0x0000,
  0x0000, 0x0000, 0x0000, 0x0000, 0x0000, 0x0000, 0x0000, 0x0000, 0x0000, 0x0000, 0x0000, 0x0000,
  0x0000, 0x0000, 0x0000, 0x0000, 0x0000, 0x0000, 0x0000, 0x0000, 0x0000, 0x0000, 0x0000, 0x0000,
  0x0000, 0x0000, 0x0000, 0x0000, 0x0000, 0x0000, 0x0000, 0x0000, 0x0000, 0x0000, 0x0000, 0x0000,
  0x0000, 0x0000, 0x0000, 0x0000, 0x0000, 0x0000, 0x0000, 0x0000, 0x0000, 0x0000, 0x0000, 0x0000,
  0x0000, 0x0000, 0x0000, 0x0000, 0x0000, 0x31A6, 0x7BCF, 0x738E, 0x6B4D, 0x18C3, 0x1082, 0x1082,
  0x2104, 0x3165, 0x2966, 0x41C6, 0x8A85, 0x92A6, 0x92A6, 0x8A85, 0x8265, 0x8A65, 0x8265, 0x8245,
  0x8245, 0x8245, 0xAAE6, 0xB306, 0xB307, 0xAAC6, 0x9A85, 0x9A85, 0x9AA5, 0xB307, 0xBB47, 0xB347,
  0xDC4B, 0xF4ED, 0xECAC, 0xF54F, 0xFE97, 0xFE76, 0xFE97, 0xF591, 0xF52F, 0xF52F, 0xF50E, 0xECCD,
  0xECAC, 0xEC8C, 0xECCD, 0xF50E, 0xBA86, 0xB225, 0xF570, 0xF591, 0xF570, 0xECAC, 0xEC8C, 0xECAC,
  0xE44A, 0xDBC9, 0xDBE9, 0xDC09, 0xC367, 0xB306, 0xBB27, 0xAB06, 0x8265, 0x8265, 0x7A45, 0xB347,
  0xDBE9, 0xD3A8, 0xDBE9, 0x30C2, 0x0000, 0x0000, 0x0000, 0x0000, 0x0000, 0x0000, 0x0000, 0x0000,
  0x0000, 0x0000, 0x0000, 0x0000, 0x0000, 0x0000, 0x0000, 0x0000, 0x0000, 0x0000, 0x0000, 0x0000,
  0x0000, 0x0000, 0x0000, 0x0000, 0x0000, 0x0000, 0x0000, 0x0000, 0x0000, 0x0000, 0x0000, 0x0000,
  0x0000, 0x0000, 0x0000, 0x0000, 0x0000, 0x0000, 0x0000, 0x0000, 0x0000, 0x0000, 0x0000, 0x0000,
  0x0000, 0x0000, 0x0000, 0x0000, 0x0000, 0x0000, 0x0000, 0x0000, 0x0000, 0x0000, 0x0000, 0x0000,
  0x0000, 0x0000, 0x0000, 0x0000, 0x0000, 0x0000, 0x0000, 0x0000, 0x31A6, 0x73AE, 0x738E, 0x6B6D,
  0x0861, 0x0000, 0x0000, 0x0841, 0x1082, 0x1082, 0x10A2, 0x3165, 0x3985, 0x2965, 0x8266, 0xBB26,
  0xB306, 0xA2C6, 0x8245, 0x8265, 0x8245, 0x7121, 0x68E0, 0x7101, 0x7101, 0x8101, 0x70C0, 0x8962,
  0xECAC, 0xECCD, 0xEC8C, 0xF5D2, 0xFE96, 0xF676, 0xFE76, 0xFEB7, 0xFEB7, 0xFEB7, 0xFF3A, 0xFF5C,
  0xFF5C, 0xFF3B, 0xFE97, 0xFE96, 0xFE97, 0xF570, 0xF52F, 0xB225, 0xA182, 0xE46B, 0xEC8B, 0xEC8B,
  0xD3C9, 0xCB88, 0xD3A8, 0xB327, 0x92A5, 0x92A6, 0x92A6, 0x8A85, 0x8265, 0x8A65, 0x8265, 0x8A65,
  0x8A85, 0x8244, 0xC42B, 0xFD90, 0xF52F, 0xFD70, 0x3923, 0x0000, 0x0000, 0x0000, 0x0000, 0x0000,
  0x0000, 0x0000, 0x0000, 0x0000, 0x0000, 0x0000, 0x0000, 0x0000, 0x0000, 0x0000, 0x0000, 0x0000,
  0x0000, 0x0000, 0x0000, 0x0000, 0x0000, 0x0000, 0x0000, 0x0000, 0x0000, 0x0000, 0x0000, 0x0000,
  0x0000, 0x0000, 0x0000, 0x0000, 0x0000, 0x0000, 0x0000, 0x0000, 0x0000, 0x0000, 0x0000, 0x0000,
  0x0000, 0x0000, 0x0000, 0x0000, 0x0000, 0x0000, 0x0000, 0x0000, 0x0000, 0x0000, 0x0000, 0x0000,
  0x0000, 0x0000, 0x0000, 0x0000, 0x0000, 0x0000, 0x0000, 0x0000, 0x0000, 0x0000, 0x0000, 0x31A6,
  0x73AE, 0x738E, 0x6B4D, 0x0841, 0x0000, 0x0000, 0x0840, 0x0861, 0x0841, 0x1082, 0x2945, 0x2965,
  0x1925, 0x8266, 0xBB26, 0xB306, 0xA2C6, 0x8245, 0x8265, 0x8245, 0x68E1, 0x60C0, 0x60C0, 0x70C0,
  0x78E0, 0x70C0, 0x8962, 0xECCC, 0xF4ED, 0xEC8C, 0xF5D2, 0xFE97, 0xF676, 0xF676, 0xF6B7, 0xFEB7,
  0xFEB7, 0xFF1A, 0xFF5C, 0xFF5C, 0xFF1A, 0xFE97, 0xFE97, 0xFEB7, 0xF570, 0xFD2F, 0xBAA6, 0xA9C3,
  0xE44B, 0xE44B, 0xEC6B, 0xCBA8, 0xC367, 0xCB88, 0xB327, 0x8265, 0x8A65, 0x8A85, 0x8265, 0x8245,
  0x8265, 0x8265, 0x8A85, 0x8A85, 0x8245, 0xC42B, 0xFDB1, 0xF570, 0xFD91, 0x3943, 0x0000, 0x0000,
  0x0000, 0x0000, 0x0000, 0x0000, 0x0000, 0x0000, 0x0000, 0x0000, 0x0000, 0x0000, 0x0000, 0x0000,
  0x0000, 0x0000, 0x0000, 0x0000, 0x0000, 0x0000, 0x0000, 0x0000, 0x0000, 0x0000, 0x0000, 0x0000,
  0x0000, 0x0000, 0x0000, 0x0000, 0x0000, 0x0000, 0x0000, 0x0000, 0x0000, 0x0000, 0x0000, 0x0000,
  0x0000, 0x0000, 0x0000, 0x0000, 0x0000, 0x0000, 0x0000, 0x0000, 0x0000, 0x0000, 0x0000, 0x0000,
  0x0000, 0x0000, 0x0000, 0x0000, 0x0000, 0x0000, 0x0000, 0x0000, 0x0000, 0x0000, 0x0000, 0x0000,
  0x0000, 0x0000, 0x31A6, 0x73AE, 0x738E, 0x6B4D, 0x0020, 0x0000, 0x0000, 0x0020, 0x1061, 0x0861,
  0x10A2, 0x2965, 0x3165, 0x2966, 0x8AA6, 0xC347, 0xBB27, 0xAB06, 0x8265, 0x8A65, 0x8245, 0x68E1,
  0x68C0, 0x68C0, 0x70E0, 0x80E1, 0x78C0, 0x8962, 0xF4CD, 0xF4ED, 0xF4CC, 0xFE34, 0xFEF8, 0xFED7,
  0xFED8, 0xFEF9, 0xFEF9, 0xFEF9, 0xFF7C, 0xFF9D, 0xFF9D, 0xFF7C, 0xFED8, 0xFEF8, 0xFEF8, 0xFDB1,
  0xFD4F, 0xF52F, 0xF4CD, 0xEC8B, 0xEC8B, 0xEC8B, 0xD3A8, 0xCB87, 0xD3A8, 0xBB47, 0x8265, 0x8A85,
  0x8A85, 0x8265, 0x7A45, 0x7A45, 0x8265, 0x8244, 0x8245, 0x7A04, 0xC42B, 0xFDB1, 0xF550, 0xFD91,
  0x3923, 0x0000, 0x0000, 0x0000, 0x0000, 0x0000, 0x0000, 0x0000, 0x0000, 0x0000, 0x0000, 0x0000,
  0x0000, 0x0000, 0x0000, 0x0000, 0x0000, 0x0000, 0x0000, 0x0000, 0x0000, 0x0000, 0x0000, 0x0000,
  0x0000, 0x0000, 0x0000, 0x0000, 0x0000, 0x0000, 0x0000, 0x0000, 0x0000, 0x0000, 0x0000, 0x0000,
  0x0000, 0x0000, 0x0000, 0x0000, 0x0000, 0x0000, 0x0000, 0x0000, 0x0000, 0x0000, 0x0000, 0x0000,
  0x0000, 0x0000, 0x0000, 0x0000, 0x0000, 0x0000, 0x0000, 0x0000, 0x0000, 0x0000, 0x0000, 0x0000,
  0x0000, 0x0000, 0x0000, 0x0000, 0x0000, 0x31A6, 0x73AE, 0x736D, 0x6B4D, 0x10A3, 0x0861, 0x1082,
  0x0861, 0x0841, 0x0841, 0x0861, 0x18C3, 0x18E3, 0x18E3, 0x61E4, 0x9A85, 0x9285, 0x9285, 0x8245,
  0x8245, 0x8245, 0x6942, 0x6921, 0x68E0, 0x68E0, 0x78E0, 0x70C0, 0x8962, 0xDC2A, 0xDC2A, 0xDC2A,
  0xDCCE, 0xD531, 0xD510, 0xD531, 0xDD71, 0xDD71, 0xDD51, 0xEDF4, 0xF635, 0xF636, 0xF615, 0xE592,
  0xE592, 0xE592, 0xE4CE, 0xE46C, 0xE48C, 0xE46C, 0xDC09, 0xDC2A, 0xDC0A, 0xBB47, 0xAB06, 0xB327,
  0xA2E6, 0x8265, 0x8A65, 0x8265, 0x8A85, 0x9AC6, 0x92A6, 0x9AC6, 0xB3A9, 0xB3AA, 0xAB89, 0xDCEF,
  0xFDF2, 0xF591, 0xFDD2, 0x3944, 0x0000, 0x0000, 0x0000, 0x0000, 0x0000, 0x0000, 0x0000, 0x0000,
  0x0000, 0x0000, 0x0000, 0x0000, 0x0000, 0x0000, 0x0000, 0x0000, 0x0000, 0x0000, 0x0000, 0x0000,
  0x0000, 0x0000, 0x0000, 0x0000, 0x0000, 0x0000, 0x0000, 0x0000, 0x0000, 0x0000, 0x0000, 0x0000,
  0x0000, 0x0000, 0x0000, 0x0000, 0x0000, 0x0000, 0x0000, 0x0000, 0x0000, 0x0000, 0x0000, 0x0000,
  0x0000, 0x0000, 0x0000, 0x0000, 0x0000, 0x0000, 0x0000, 0x0000, 0x0000, 0x0000, 0x0000, 0x0000,
  0x0000, 0x0000, 0x0000, 0x0000, 0x0000, 0x0000, 0x0000, 0x0000, 0x31A6, 0x73AE, 0x736D, 0x6B4D,
  0x3186, 0x2965, 0x3186, 0x10A2, 0x0000, 0x0000, 0x0000, 0x0000, 0x0000, 0x0000, 0x30E1, 0x61A2,
  0x5982, 0x61A3, 0x7A45, 0x7A25, 0x7A45, 0x7A45, 0x7A45, 0x71E4, 0x6921, 0x68C0, 0x68C0, 0x7141,
  0xB306, 0xB2E6, 0xB306, 0x9AA5, 0x8A44, 0x8A64, 0x9265, 0xA2A5, 0xA2A5, 0xA2A5, 0xCB67, 0xE3E8,
  0xDBE8, 0xDBA8, 0xBB26, 0xBB26, 0xBB06, 0xBB26, 0xBB27, 0xBB27, 0xBB47, 0xC347, 0xBB47, 0xC347,
  0x92A6, 0x7A45, 0x7A45, 0x7A45, 0x8265, 0x8265, 0x7A65, 0xAAE6, 0xC367, 0xBB27, 0xCBA9, 0xFDF3,
  0xFDF3, 0xFDD2, 0xFDF3, 0xFE14, 0xFE14, 0xFE55, 0x3964, 0x0000, 0x0000, 0x0000, 0x0000, 0x0000,
  0x0000, 0x0000, 0x0000, 0x0000, 0x0000, 0x0000, 0x0000, 0x0000, 0x0000, 0x0000, 0x0000, 0x0000,
  0x0000, 0x0000, 0x0000, 0x0000, 0x0000, 0x0000, 0x0000, 0x0000, 0x0000, 0x0000, 0x0000, 0x0000,
  0x0000, 0x0000, 0x0000, 0x0000, 0x0000, 0x0000, 0x0000, 0x0000, 0x0000, 0x0000, 0x0000, 0x0000,
  0x0000, 0x0000, 0x0000, 0x0000, 0x0000, 0x0000, 0x0000, 0x0000, 0x0000, 0x0000, 0x0000, 0x0000,
  0x0000, 0x0000, 0x0000, 0x0000, 0x0000, 0x0000, 0x0000, 0x0000, 0x0000, 0x0000, 0x0000, 0x31A6,
  0x73AE, 0x736D, 0x6B6D, 0x3186, 0x2945, 0x2965, 0x10A2, 0x0000, 0x0000, 0x0000, 0x0000, 0x0000,
  0x0000, 0x3901, 0x61C3, 0x5982, 0x61C3, 0x7A45, 0x7A25, 0x7A45, 0x7A45, 0x7A25, 0x7A45, 0x7182,
  0x68C0, 0x68C0, 0x7121, 0xB306, 0xB327, 0xBB27, 0xA2C6, 0x9285, 0x92A6, 0x9AC6, 0xAAE6, 0xAAE6,
  0xA2E6, 0xCBA8, 0xDC0A, 0xDC0A, 0xD3C9, 0xBB47, 0xBB47, 0xBB47, 0xC347, 0xC347, 0xC347, 0xC347,
  0xC347, 0xC347, 0xC367, 0x92A6, 0x7A45, 0x8265, 0x8265, 0x8265, 0x8265, 0x7A65, 0xA2E6, 0xC347,
  0xBB47, 0xCBA9, 0xF5B2, 0xFDB2, 0xF5B2, 0xF5F3, 0xFE14, 0xFE14, 0xFE34, 0x3964, 0x0000, 0x0000,
  0x0000, 0x0000, 0x0000, 0x0000, 0x0000, 0x0000, 0x0000, 0x0000, 0x0000, 0x0000, 0x0000, 0x0000,
  0x0000, 0x0000, 0x0000, 0x0000, 0x0000, 0x0000, 0x0000, 0x0000, 0x0000, 0x0000, 0x0000, 0x0000,
  0x0000, 0x0000, 0x0000, 0x0000, 0x0000, 0x0000, 0x0000, 0x0000, 0x0000, 0x0000, 0x0000, 0x0000,
  0x0000, 0x0000, 0x0000, 0x0000, 0x0000, 0x0000, 0x0000, 0x0000, 0x0000, 0x0000, 0x0000, 0x0000,
  0x0000, 0x0000, 0x0000, 0x0000, 0x0000, 0x0000, 0x0000, 0x0000, 0x0000, 0x0000, 0x0000, 0x0000,
  0x0000, 0x0000, 0x31A6, 0x73AE, 0x736D, 0x6B4D, 0x3186, 0x2945, 0x3186, 0x10A2, 0x0000, 0x0000,
  0x0000, 0x0000, 0x0000, 0x0000, 0x38E1, 0x61A2, 0x5982, 0x61C3, 0x8265, 0x8265, 0x8265, 0x8265,
  0x8265, 0x8285, 0x79A3, 0x70C0, 0x68C0, 0x7921, 0xC347, 0xC347, 0xC347, 0xA2E6, 0x9AA6, 0x9AC6,
  0xA2C6, 0xB307, 0xB307, 0xAB07, 0xDBE9, 0xEC2A, 0xEC2A, 0xE409, 0xCB67, 0xCB67, 0xCB67, 0xCB67,
  0xC367, 0xCB67, 0xC367, 0xC367, 0xC367, 0xCB67, 0x92A6, 0x7A45, 0x8265, 0x8265, 0x7A45, 0x8265,
  0x7A45, 0x9AC6, 0xC347, 0xBB06, 0xC388, 0xFDB2, 0xFDD3, 0xFDD2, 0xFE13, 0xFE35, 0xFE34, 0xFE55,
  0x3964, 0x0000, 0x0000, 0x0000, 0x0000, 0x0000, 0x0000, 0x0000, 0x0000, 0x0000, 0x0000, 0x0000,
  0x0000, 0x0000, 0x0000, 0x0000, 0x0000, 0x0000, 0x0000, 0x0000, 0x0000, 0x0000, 0x0000, 0x0000,
  0x0000, 0x0000, 0x0000, 0x0000, 0x0000, 0x0000, 0x0000, 0x0000, 0x0000, 0x0000, 0x0000, 0x0000,
  0x0000, 0x0000, 0x0000, 0x0000, 0x0000, 0x0000, 0x0000, 0x0000, 0x0000, 0x0000, 0x0000, 0x0000,
  0x0000, 0x0000, 0x0000, 0x0000, 0x0000, 0x0000, 0x0000, 0x0000, 0x0000, 0x0000, 0x0000, 0x0000,
  0x0000, 0x0000, 0x0000, 0x0000, 0x0000, 0x3186, 0x738E, 0x6B4D, 0x6B2D, 0x3186, 0x2965, 0x3186,
  0x10A2, 0x0000, 0x0000, 0x0000, 0x18C3, 0x18C3, 0x18C3, 0x3164, 0x49C6, 0x41C6, 0x41C5, 0x3943,
  0x3943, 0x3943, 0x3922, 0x3902, 0x3922, 0x38E1, 0x38A0, 0x30A0, 0x40C1, 0x5163, 0x5163, 0x5163,
  0x4962, 0x4142, 0x4142, 0x4142, 0x4962, 0x4962, 0x4963, 0x59A3, 0x59A3, 0x59A3, 0x59A4, 0x69E4,
  0x6A04, 0x61E4, 0x8A65, 0x9AC6, 0x9AC6, 0x9AC6, 0x9AA6, 0x92A6, 0x92A6, 0x8265, 0x8265, 0x7A65,
  0x8A85, 0xAAE6, 0xAAE6, 0xA2C5, 0xCC2C, 0xED71, 0xE50F, 0xED50, 0xF5B1, 0xF591, 0xFDB1, 0xF570,
  0xF50E, 0xF50E, 0xF52F, 0x3123, 0x0000, 0x0000, 0x0000, 0x0000, 0x0000, 0x0000, 0x0000, 0x0000,
  0x0000, 0x0000, 0x0000, 0x0000, 0x0000, 0x0000, 0x0000, 0x0000, 0x0000, 0x0000, 0x0000, 0x0000,
  0x0000, 0x0000, 0x0000, 0x0000, 0x0000, 0x0000, 0x0000, 0x0000, 0x0000, 0x0000, 0x0000, 0x0000,
  0x0000, 0x0000, 0x0000, 0x0000, 0x0000, 0x0000, 0x0000, 0x0000, 0x0000, 0x0000, 0x0000, 0x0000,
  0x0000, 0x0000, 0x0000, 0x0000, 0x0000, 0x0000, 0x0000, 0x0000, 0x0000, 0x0000, 0x0000, 0x0000,
  0x0000, 0x0000, 0x0000, 0x0000, 0x0000, 0x0000, 0x0000, 0x0000, 0x3186, 0x736E, 0x6B2D, 0x6B2D,
  0x3186, 0x2965, 0x3186, 0x10A2, 0x0000, 0x0000, 0x0020, 0x2945, 0x2945, 0x2945, 0x31A6, 0x39E8,
  0x39E8, 0x31A7, 0x0882, 0x0882, 0x0882, 0x0000, 0x0000, 0x0000, 0x0000, 0x1081, 0x1081, 0x1081,
  0x1060, 0x1060, 0x1060, 0x1060, 0x1060, 0x1060, 0x1060, 0x1060, 0x1060, 0x1060, 0x1040, 0x1040,
  0x1040, 0x1060, 0x18C2, 0x18C2, 0x18A2, 0x61E4, 0x7A45, 0x7A45, 0x7A45, 0x7A45, 0x7A65, 0x7A45,
  0x7A65, 0x8265, 0x7A65, 0x92A6, 0xC347, 0xBB47, 0xBB06, 0xE4EF, 0xFE76, 0xFE34, 0xFE14, 0xF591,
  0xF571, 0xFD91, 0xF4EE, 0xEC6B, 0xEC8B, 0xF4AC, 0x3102, 0x0000, 0x0000, 0x0000, 0x0000, 0x0000,
  0x0000, 0x0000, 0x0000, 0x0000, 0x0000, 0x0000, 0x0000, 0x0000, 0x0000, 0x0000, 0x0000, 0x0000,
  0x0000, 0x0000, 0x0000, 0x0000, 0x0000, 0x0000, 0x0000, 0x0000, 0x0000, 0x0000, 0x0000, 0x0000,
  0x0000, 0x0000, 0x0000, 0x0000, 0x0000, 0x0000, 0x0000, 0x0000, 0x0000, 0x0000, 0x0000, 0x0000,
  0x0000, 0x0000, 0x0000, 0x0000, 0x0000, 0x0000, 0x0000, 0x0000, 0x0000, 0x0000, 0x0000, 0x0000,
  0x0000, 0x0000, 0x0000, 0x0000, 0x0000, 0x0000, 0x0000, 0x0000, 0x0000, 0x0000, 0x0000, 0x3186,
  0x736E, 0x734D, 0x6B2D, 0x3186, 0x2945, 0x3186, 0x10A2, 0x0000, 0x0000, 0x0020, 0x2124, 0x2945,
  0x2924, 0x31A6, 0x39E7, 0x39E7, 0x3186, 0x10A2, 0x10A2, 0x10A2, 0x0020, 0x0000, 0x0000, 0x0820,
  0x1881, 0x1881, 0x1881, 0x20A1, 0x20A1, 0x20A1, 0x1881, 0x1881, 0x18A1, 0x1881, 0x18A1, 0x18A1,
  0x1881, 0x18A1, 0x18A1, 0x20A1, 0x20A1, 0x20E2, 0x20E2, 0x28E2, 0x6A04, 0x8265, 0x7A45, 0x7A45,
  0x7A45, 0x7A45, 0x7A45, 0x7A45, 0x7A65, 0x7A45, 0x92A6, 0xBB27, 0xB327, 0xB306, 0xDCCE, 0xFE55,
  0xFE14, 0xFE14, 0xF591, 0xF591, 0xF591, 0xF50E, 0xECAC, 0xECAC, 0xF4CC, 0x3102, 0x0000, 0x0000,
  0x0000, 0x0000, 0x0000, 0x0000, 0x0000, 0x0000, 0x0000, 0x0000, 0x0000, 0x0000, 0x0000, 0x0000,
  0x0000, 0x0000, 0x0000, 0x0000, 0x0000, 0x0000, 0x0000, 0x0000, 0x0000, 0x0000, 0x0000, 0x0000,
  0x0000, 0x0000, 0x0000, 0x0000, 0x0000, 0x0000, 0x0000, 0x0000, 0x0000, 0x0000, 0x0000, 0x0000,
  0x0000, 0x0000, 0x0000, 0x0000, 0x0000, 0x0000, 0x0000, 0x0000, 0x0000, 0x0000, 0x0000, 0x0000,
  0x0000, 0x0000, 0x0000, 0x0000, 0x0000, 0x0000, 0x0000, 0x0000, 0x0000, 0x0000, 0x0000, 0x0000,
  0x0000, 0x0000, 0x3186, 0x734E, 0x6B0C, 0x6B0C, 0x31A6, 0x2965, 0x31A6, 0x18C3, 0x0000, 0x0000,
  0x0020, 0x2944, 0x2945, 0x2945, 0x39C6, 0x4207, 0x4208, 0x39C7, 0x10A2, 0x10A2, 0x18C3, 0x0841,
  0x0000, 0x0000, 0x0820, 0x1061, 0x1060, 0x1061, 0x1860, 0x1860, 0x1860, 0x1860, 0x1860, 0x1860,
  0x1860, 0x1860, 0x1860, 0x1860, 0x1060, 0x1060, 0x1060, 0x1881, 0x28E2, 0x2902, 0x28E2, 0x6A04,
  0x8A85, 0x8245, 0x8265, 0x8AA6, 0x8AA6, 0x82A6, 0x8AA6, 0x8AA6, 0x8265, 0x92C6, 0xC388, 0xC388,
  0xBB27, 0xE4EF, 0xFE55, 0xFDF3, 0xFDF3, 0xF591, 0xF591, 0xF591, 0xF50E, 0xEC8C, 0xEC8C, 0xF4AC,
  0x3102, 0x0000, 0x0000, 0x0000, 0x0000, 0x0000, 0x0000, 0x0000, 0x0000, 0x0000, 0x0000, 0x0000,
  0x0000, 0x0000, 0x0000, 0x0000, 0x0000, 0x0000, 0x0000, 0x0000, 0x0000, 0x0000, 0x0000, 0x0000,
  0x0000, 0x0000, 0x0000, 0x0000, 0x0000, 0x0000, 0x0000, 0x0000, 0x0000, 0x0000, 0x0000, 0x0000,
  0x0000, 0x0000, 0x0000, 0x0000, 0x0000, 0x0000, 0x0000, 0x0000, 0x0000, 0x0000, 0x0000, 0x0000,
  0x0000, 0x0000, 0x0000, 0x0000, 0x0000, 0x0000, 0x0000, 0x0000, 0x0000, 0x0000, 0x0000, 0x0000,
  0x0000, 0x0000, 0x0000, 0x0000, 0x0000, 0x18C3, 0x31A6, 0x2965, 0x31A6, 0x5AAA, 0x52AA, 0x630C,
  0x2965, 0x0000, 0x0000, 0x0020, 0x2945, 0x2945, 0x2124, 0x528A, 0x6B4D, 0x6B2C, 0x630C, 0x2965,
  0x2965, 0x31A6, 0x18E3, 0x1081, 0x10A2, 0x0861, 0x0000, 0x0000, 0x0000, 0x0000, 0x0000, 0x0000,
  0x0000, 0x0000, 0x0000, 0x0000, 0x0000, 0x0000, 0x0000, 0x0000, 0x0000, 0x0000, 0x0000, 0x5162,
  0x61C3, 0x5162, 0x8244, 0xB307, 0xAAE6, 0xB348, 0xEE35, 0xF656, 0xF677, 0xED71, 0xEC8C, 0xECAC,
  0xED0F, 0xF5F3, 0xF5F3, 0xF614, 0xF570, 0xF4ED, 0xF4EE, 0xF50E, 0xF591, 0xF591, 0xFDB1, 0xECCD,
  0xDBE9, 0xDBE9, 0xE409, 0x30E2, 0x0000, 0x0000, 0x0000, 0x0000, 0x0000, 0x0000, 0x0000, 0x0000,
  0x0000, 0x0000, 0x0000, 0x0000, 0x0000, 0x0000, 0x0000, 0x0000, 0x0000, 0x0000, 0x0000, 0x0000,
  0x0000, 0x0000, 0x0000, 0x0000, 0x0000, 0x0000, 0x0000, 0x0000, 0x0000, 0x0000, 0x0000, 0x0000,
  0x0000, 0x0000, 0x0000, 0x0000, 0x0000, 0x0000, 0x0000, 0x0000, 0x0000, 0x0000, 0x0000, 0x0000,
  0x0000, 0x0000, 0x0000, 0x0000, 0x0000, 0x0000, 0x0000, 0x0000, 0x0000, 0x0000, 0x0000, 0x0000,
  0x0000, 0x0000, 0x0000, 0x0000, 0x0000, 0x0000, 0x0000, 0x0000, 0x10A2, 0x2965, 0x2965, 0x3185,
  0x5ACA, 0x5ACB, 0x630C, 0x2965, 0x0000, 0x0000, 0x0020, 0x2945, 0x2965, 0x2124, 0x528A, 0x6B6D,
  0x6B6D, 0x5AEB, 0x3186, 0x3186, 0x31A6, 0x18E3, 0x10A2, 0x18C3, 0x0861, 0x0000, 0x0000, 0x0000,
  0x0000, 0x0000, 0x0000, 0x0000, 0x0000, 0x0000, 0x0000, 0x0000, 0x0000, 0x0000, 0x0000, 0x0000,
  0x0000, 0x0820, 0x59A3, 0x61C3, 0x5983, 0x9285, 0xB327, 0xB306, 0xBB68, 0xF676, 0xFEB7, 0xFED8,
  0xF5B2, 0xF4AD, 0xF4CD, 0xF570, 0xFE55, 0xFE14, 0xFE55, 0xF570, 0xECAC, 0xF4CD, 0xF4ED, 0xF591,
  0xF591, 0xFDB2, 0xECCD, 0xDBC8, 0xDBE9, 0xE409, 0x30E2, 0x0000, 0x0000, 0x0000, 0x0000, 0x0000,
  0x0000, 0x0000, 0x0000, 0x0000, 0x0000, 0x0000, 0x0000, 0x0000, 0x0000, 0x0000, 0x0000, 0x0000,
  0x0000, 0x0000, 0x0000, 0x0000, 0x0000, 0x0000, 0x0000, 0x0000, 0x0000, 0x0000, 0x0000, 0x0000,
  0x0000, 0x0000, 0x0000, 0x0000, 0x0000, 0x0000, 0x0000, 0x0000, 0x0000, 0x0000, 0x0000, 0x0000,
  0x0000, 0x0000, 0x0000, 0x0000, 0x0000, 0x0000, 0x0000, 0x0000, 0x0000, 0x0000, 0x0000, 0x0000,
  0x0000, 0x0000, 0x0000, 0x0000, 0x0000, 0x0000, 0x0000, 0x0000, 0x0000, 0x0000, 0x0000, 0x10A2,
  0x3186, 0x2965, 0x31A6, 0x52AA, 0x5ACB, 0x630C, 0x2965, 0x0000, 0x0000, 0x0020, 0x2945, 0x2965,
  0x2124, 0x528A, 0x6B6D, 0x6B6D, 0x5AEB, 0x2945, 0x2965, 0x2965, 0x18C3, 0x10A2, 0x10A2, 0x0861,
  0x0000, 0x0000, 0x0000, 0x0000, 0x0000, 0x0000, 0x0000, 0x0000, 0x0000, 0x0000, 0x0000, 0x0000,
  0x0000, 0x0000, 0x0000, 0x0000, 0x0000, 0x5142, 0x5962, 0x5162, 0x8A64, 0xB2E6, 0xAAA5, 0xAB07,
  0xF697, 0xFEF8, 0xFED8, 0xFDB1, 0xFCED, 0xFD0E, 0xFD4F, 0xFE55, 0xFE55, 0xFE55, 0xF591, 0xF50E,
  0xF50E, 0xF52E, 0xFDB1, 0xFD91, 0xFDB2, 0xECCD, 0xDBE9, 0xDC09, 0xE409, 0x30E2, 0x0000, 0x0000,
  0x0000, 0x0000, 0x0000, 0x0000, 0x0000, 0x0000, 0x0000, 0x0000, 0x0000, 0x0000, 0x0000, 0x0000,
  0x0000, 0x0000, 0x0000, 0x0000, 0x0000, 0x0000, 0x0000, 0x0000, 0x0000, 0x0000, 0x0000, 0x0000,
  0x0000, 0x0000, 0x0000, 0x0000, 0x0000, 0x0000, 0x0000, 0x0000, 0x0000, 0x0000, 0x0000, 0x0000,
  0x0000, 0x0000, 0x0000, 0x0000, 0x0000, 0x0000, 0x0000, 0x0000, 0x0000, 0x0000, 0x0000, 0x0000,
  0x0000, 0x0000, 0x0000, 0x0000, 0x0000, 0x0000, 0x0000, 0x0000, 0x0000, 0x0000, 0x0000, 0x0000,
  0x0000, 0x0000, 0x1082, 0x2945, 0x2124, 0x2945, 0x52AA, 0x5ACB, 0x630C, 0x2965, 0x0000, 0x0000,
  0x0020, 0x2945, 0x2965, 0x2124, 0x528A, 0x6B2C, 0x630C, 0x630C, 0x4A49, 0x4A49, 0x528A, 0x2965,
  0x18C3, 0x2104, 0x18C3, 0x0020, 0x0020, 0x0020, 0x0020, 0x0020, 0x0020, 0x1060, 0x2081, 0x2081,
  0x2081, 0x20A1, 0x20A1, 0x20A1, 0x28C1, 0x38E2, 0x3902, 0x3902, 0x8265, 0x92C6, 0x92A6, 0xB3AA,
  0xCC6D, 0xC42C, 0xCC6D, 0xED92, 0xEDB2, 0xEDD3, 0xDCCE, 0xCBEA, 0xCC0B, 0xDC8C, 0xF570, 0xF591,
  0xF5B2, 0xE48D, 0xD3A9, 0xE42B, 0xE44C, 0xF54F, 0xF550, 0xF570, 0xE46C, 0xCBA8, 0xCBA8, 0xCBA8,
  0x28C1, 0x0000, 0x0000, 0x0000, 0x0000, 0x0000, 0x0000, 0x0000, 0x0000, 0x0000, 0x0000, 0x0000,
  0x0000, 0x0000, 0x0000, 0x0000, 0x0000, 0x0000, 0x0000, 0x0000, 0x0000, 0x0000, 0x0000, 0x0000,
  0x0000, 0x0000, 0x0000, 0x0000, 0x0000, 0x0000, 0x0000, 0x0000, 0x0000, 0x0000, 0x0000, 0x0000,
  0x0000, 0x0000, 0x0000, 0x0000, 0x0000, 0x0000, 0x0000, 0x0000, 0x0000, 0x0000, 0x0000, 0x0000,
  0x0000, 0x0000, 0x0000, 0x0000, 0x0000, 0x0000, 0x0000, 0x0000, 0x0000, 0x0000, 0x0000, 0x0000,
  0x0000, 0x0000, 0x0000, 0x0000, 0x0000, 0x0841, 0x10A2, 0x1082, 0x18C3, 0x52AA, 0x5ACB, 0x630C,
  0x2965, 0x0000, 0x0000, 0x0020, 0x2945, 0x2965, 0x2945, 0x4228, 0x5AAA, 0x526A, 0x62EB, 0x8410,
  0x83F0, 0x8431, 0x4228, 0x2945, 0x3186, 0x2945, 0x1082, 0x10A2, 0x10A2, 0x10A2, 0x10A2, 0x1082,
  0x4143, 0x69E3, 0x61C3, 0x61C3, 0x61C3, 0x69C3, 0x61C3, 0x8245, 0xA2C6, 0x9AA5, 0x9AA6, 0xECCC,
  0xFD2E, 0xF4CD, 0xFE14, 0xFF19, 0xFEF8, 0xFE97, 0xCBA8, 0xCB47, 0xD388, 0x9AC6, 0x7224, 0x7204,
  0x92A6, 0xE42A, 0xDBE9, 0xE44A, 0xC2C6, 0x9922, 0xB224, 0xCAE7, 0xECAC, 0xECAC, 0xF4ED, 0xCBC9,
  0xA2C6, 0xAAE6, 0xAAE6, 0x20A1, 0x0000, 0x0000, 0x0000, 0x0000, 0x0000, 0x0000, 0x0000, 0x0000,
  0x0000, 0x0000, 0x0000, 0x0000, 0x0000, 0x0000, 0x0000, 0x0000, 0x0000, 0x0000, 0x0000, 0x0000,
  0x0000, 0x0000, 0x0000, 0x0000, 0x0000, 0x0000, 0x0000, 0x0000, 0x0000, 0x0000, 0x0000, 0x0000,
  0x0000, 0x0000, 0x0000, 0x0000, 0x0000, 0x0000, 0x0000, 0x0000, 0x0000, 0x0000, 0x0000, 0x0000,
  0x0000, 0x0000, 0x0000, 0x0000, 0x0000, 0x0000, 0x0000, 0x0000, 0x0000, 0x0000, 0x0000, 0x0000,
  0x0000, 0x0000, 0x0000, 0x0000, 0x0000, 0x0000, 0x0000, 0x0000, 0x0841, 0x10A2, 0x10A2, 0x18C3,
  0x52AA, 0x5ACB, 0x630C, 0x2965, 0x0000, 0x0000, 0x0020, 0x2945, 0x2965, 0x2945, 0x4208, 0x5AAA,
  0x5A8A, 0x62EB, 0x7BD0, 0x7BCF, 0x7BF0, 0x4208, 0x2945, 0x3186, 0x2124, 0x1082, 0x10A2, 0x10A2,
  0x10A2, 0x10A2, 0x1082, 0x4143, 0x69C3, 0x61A3, 0x61A3, 0x61A3, 0x61C3, 0x61A3, 0x8244, 0x9AA5,
  0x9285, 0x9AA6, 0xE4AC, 0xECED, 0xECAC, 0xF5F3, 0xFEB8, 0xFEB7, 0xF676, 0xD3E9, 0xCBA8, 0xD3C8,
  0x9AC6, 0x7A45, 0x7A45, 0x92C6, 0xE44A, 0xE42A, 0xE44B, 0xBAA6, 0x9962, 0xBA65, 0xCB07, 0xECAD,
  0xECCD, 0xF4ED, 0xCBEA, 0xA2C6, 0xAAE6, 0xAB06, 0x20A1, 0x0000, 0x0000, 0x0000, 0x0000, 0x0000,
  0x0000, 0x0000, 0x0000, 0x0000, 0x0000, 0x0000, 0x0000, 0x0000, 0x0000, 0x0000, 0x0000, 0x0000,
  0x0000, 0x0000, 0x0000, 0x0000, 0x0000, 0x0000, 0x0000, 0x0000, 0x0000, 0x0000, 0x0000, 0x0000,
  0x0000, 0x0000, 0x0000, 0x0000, 0x0000, 0x0000, 0x0000, 0x0000, 0x0000, 0x0000, 0x0000, 0x0000,
  0x0000, 0x0000, 0x0000, 0x0000, 0x0000, 0x0000, 0x0000, 0x0000, 0x0000, 0x0000, 0x0000, 0x0000,
  0x0000, 0x0000, 0x0000, 0x0000, 0x0000, 0x0000, 0x0000, 0x0000, 0x0000, 0x0000, 0x0000, 0x0841,
  0x10A2, 0x10A2, 0x18C3, 0x52AA, 0x5AEB, 0x632C, 0x2965, 0x0000, 0x0000, 0x0020, 0x2945, 0x2965,
  0x2945, 0x4A28, 0x5ACB, 0x5A8A, 0x62EB, 0x7BF0, 0x7BD0, 0x83F0, 0x4208, 0x2945, 0x2985, 0x2124,
  0x1082, 0x10A2, 0x10A2, 0x10A2, 0x10A2, 0x10A2, 0x4143, 0x69C3, 0x61C3, 0x61C3, 0x61C3, 0x61C3,
  0x61C3, 0x8A64, 0x9285, 0x9285, 0x9AC6, 0xECAC, 0xF4ED, 0xECAC, 0xF614, 0xFEF9, 0xFEF9, 0xFEB7,
  0xD3E9, 0xD3A8, 0xDBC8, 0xA2E6, 0x7A24, 0x7A45, 0x9AC6, 0xEC4A, 0xE42A, 0xEC6B, 0xAA44, 0x88C0,
  0xB204, 0xCAE7, 0xF4CD, 0xF4ED, 0xFD0E, 0xCBEA, 0xA2C6, 0xAAE6, 0xAB06, 0x20A1, 0x0000, 0x0000,
  0x0000, 0x0000, 0x0000, 0x0000, 0x0000, 0x0000, 0x0000, 0x0000, 0x0000, 0x0000, 0x0000, 0x0000,
  0x0000, 0x0000, 0x0000, 0x0000, 0x0000, 0x0000, 0x0000, 0x0000, 0x0000, 0x0000, 0x0000, 0x0000,
  0x0000, 0x0000, 0x0000, 0x0000, 0x0000, 0x0000, 0x0000, 0x0000, 0x0000, 0x0000, 0x0000, 0x0000,
  0x0000, 0x0000, 0x0000, 0x0000, 0x0000, 0x0000, 0x0000, 0x0000, 0x0000, 0x0000, 0x0000, 0x0000,
  0x0000, 0x0000, 0x0000, 0x0000, 0x0000, 0x0000, 0x0000, 0x0000, 0x0000, 0x0000, 0x0000, 0x0000,
  0x0000, 0x0000, 0x0841, 0x10A2, 0x10A2, 0x18C3, 0x39C7, 0x39E7, 0x4208, 0x18E3, 0x0000, 0x0000,
  0x0000, 0x10A2, 0x10A2, 0x10A2, 0x31A6, 0x4228, 0x4208, 0x4A49, 0x736E, 0x736E, 0x736E, 0x5AEB,
  0x52AA, 0x5AEB, 0x4A49, 0x2104, 0x2124, 0x2124, 0x2124, 0x2124, 0x2124, 0x51A4, 0x7A24, 0x7224,
  0x7A25, 0x9285, 0x92A5, 0x9285, 0xC42B, 0xE50F, 0xE50F, 0xE50F, 0xECCD, 0xF4CC, 0xF4CD, 0xE48C,
  0xD42B, 0xDC6D, 0xCC2B, 0x92A6, 0x8A85, 0x92A6, 0x9AC6, 0xA2E6, 0xA2E6, 0xAB07, 0xC368, 0xC368,
  0xC388, 0xC327, 0xC2E6, 0xD3A9, 0xDBC9, 0xC388, 0xC388, 0xC3A8, 0xA2E7, 0x7A45, 0x8265, 0x8265,
  0x1881, 0x0000, 0x0000, 0x0000, 0x0000, 0x0000, 0x0000, 0x0000, 0x0000, 0x0000, 0x0000, 0x0000,
  0x0000, 0x0000, 0x0000, 0x0000, 0x0000, 0x0000, 0x0000, 0x0000, 0x0000, 0x0000, 0x0000, 0x0000,
  0x0000, 0x0000, 0x0000, 0x0000, 0x0000, 0x0000, 0x0000, 0x0000, 0x0000, 0x0000, 0x0000, 0x0000,
  0x0000, 0x0000, 0x0000, 0x0000, 0x0000, 0x0000, 0x0000, 0x0000, 0x0000, 0x0000, 0x0000, 0x0000,
  0x0000, 0x0000, 0x0000, 0x0000, 0x0000, 0x0000, 0x0000, 0x0000, 0x0000, 0x0000, 0x0000, 0x0000,
  0x0000, 0x0000, 0x0000, 0x0000, 0x0000, 0x0841, 0x18A2, 0x10A2, 0x18C3, 0x2965, 0x2965, 0x3186,
  0x10A2, 0x0000, 0x0000, 0x0000, 0x0861, 0x0861, 0x0841, 0x2944, 0x39E7, 0x39C6, 0x4208, 0x6B4C,
  0x6B2C, 0x6B2C, 0x6B4D, 0x6B4D, 0x6B6D, 0x52AA, 0x2124, 0x2965, 0x2965, 0x2965, 0x2965, 0x2145,
  0x59E5, 0x8265, 0x7A45, 0x8265, 0xAAE6, 0xAB07, 0xA2C6, 0xDCCE, 0xFE34, 0xFDF3, 0xFDD2, 0xECCD,
  0xECAC, 0xF4CD, 0xD3C9, 0xBB26, 0xC347, 0xBB06, 0x7A25, 0x7224, 0x7224, 0x9AC6, 0xBB27, 0xB327,
  0xBB27, 0xB327, 0xBB27, 0xB307, 0xD3E9, 0xEC8B, 0xEC6B, 0xE42A, 0xB306, 0xAAE6, 0xB306, 0x8A85,
  0x6A04, 0x7204, 0x7204, 0x1861, 0x0000, 0x0000, 0x0000, 0x0000, 0x0000, 0x0000, 0x0000, 0x0000,
  0x0000, 0x0000, 0x0000, 0x0000, 0x0000, 0x0000, 0x0000, 0x0000, 0x0000, 0x0000, 0x0000, 0x0000,
  0x0000, 0x0000, 0x0000, 0x0000, 0x0000, 0x0000, 0x0000, 0x0000, 0x0000, 0x0000, 0x0000, 0x0000,
  0x0000, 0x0000, 0x0000, 0x0000, 0x0000, 0x0000, 0x0000, 0x0000, 0x0000, 0x0000, 0x0000, 0x0000,
  0x0000, 0x0000, 0x0000, 0x0000, 0x0000, 0x0000, 0x0000, 0x0000, 0x0000, 0x0000, 0x0000, 0x0000,
  0x0000, 0x0000, 0x0000, 0x0000, 0x0000, 0x0000, 0x0000, 0x0000, 0x0841, 0x18C3, 0x10A2, 0x18C3,
  0x3186, 0x3186, 0x31A6, 0x18C3, 0x0000, 0x0000, 0x0000, 0x0861, 0x1082, 0x0841, 0x2965, 0x4208,
  0x39C7, 0x4228, 0x6B4D, 0x6B4D, 0x6B4D, 0x6B4D, 0x6B2C, 0x6B6D, 0x52AA, 0x2124, 0x2965, 0x2965,
  0x2945, 0x2945, 0x2145, 0x59E5, 0x8245, 0x7225, 0x8245, 0xAAE6, 0xA2E6, 0xA2A5, 0xDCCE, 0xFE14,
  0xF5D2, 0xF5B2, 0xF4CD, 0xF4CC, 0xF4ED, 0xDC0A, 0xCB67, 0xCB88, 0xC367, 0x8265, 0x7A45, 0x7A25,
  0x9AA6, 0xB327, 0xB307, 0xB327, 0xBB27, 0xBB27, 0xB327, 0xD3C9, 0xEC6B, 0xE44B, 0xE42A, 0xB327,
  0xB327, 0xBB27, 0x92A6, 0x7224, 0x7A25, 0x7A25, 0x1881, 0x0000, 0x0000, 0x0000, 0x0000, 0x0000,
  0x0000, 0x0000, 0x0000, 0x0000, 0x0000, 0x0000, 0x0000, 0x0000, 0x0000, 0x0000, 0x0000, 0x0000,
  0x0000, 0x0000, 0x0000, 0x0000, 0x0000, 0x0000, 0x0000, 0x0000, 0x0000, 0x0000, 0x0000, 0x0000,
  0x0000, 0x0000, 0x0000, 0x0000, 0x0000, 0x0000, 0x0000, 0x0000, 0x0000, 0x0000, 0x0000, 0x0000,
  0x0000, 0x0000, 0x0000, 0x0000, 0x0000, 0x0000, 0x0000, 0x0000, 0x0000, 0x0000, 0x0000, 0x0000,
  0x0000, 0x0000, 0x0000, 0x0000, 0x0000, 0x0000, 0x0000, 0x0000, 0x0000, 0x0000, 0x0000, 0x0841,
  0x10A2, 0x1082, 0x10A2, 0x2965, 0x2945, 0x3186, 0x10A2, 0x0000, 0x0000, 0x0000, 0x0841, 0x0861,
  0x0841, 0x2124, 0x39C7, 0x3186, 0x39E7, 0x630C, 0x5AEB, 0x5AEB, 0x630C, 0x630C, 0x6B4D, 0x4A69,
  0x2124, 0x2965, 0x2965, 0x3185, 0x3985, 0x39A5, 0x6A25, 0x8265, 0x8265, 0x92A6, 0xBB47, 0xB347,
  0xB327, 0xE4EE, 0xFDD2, 0xF591, 0xF591, 0xE48C, 0xE46B, 0xE46B, 0xC389, 0xA2E6, 0xB307, 0xAB07,
  0x8265, 0x8265, 0x8265, 0xA2E6, 0xBB47, 0xBB47, 0xBB47, 0xC367, 0xC368, 0xBB68, 0xCBC9, 0xDC0A,
  0xDC0A, 0xD3E9, 0xAB06, 0xA2E6, 0xAB07, 0x92A5, 0x61E4, 0x69E4, 0x7204, 0x1861, 0x0000, 0x0000,
  0x0000, 0x0000, 0x0000, 0x0000, 0x0000, 0x0000, 0x0000, 0x0000, 0x0000, 0x0000, 0x0000, 0x0000,
  0x0000, 0x0000, 0x0000, 0x0000, 0x0000, 0x0000, 0x0000, 0x0000, 0x0000, 0x0000, 0x0000, 0x0000,
  0x0000, 0x0000, 0x0000, 0x0000, 0x0000, 0x0000, 0x0000, 0x0000, 0x0000, 0x0000, 0x0000, 0x0000,
  0x0000, 0x0000, 0x0000, 0x0000, 0x0000, 0x0000, 0x0000, 0x0000, 0x0000, 0x0000, 0x0000, 0x0000,
  0x0000, 0x0000, 0x0000, 0x0000, 0x0000, 0x0000, 0x0000, 0x0000, 0x0000, 0x0000, 0x0000, 0x0000,
  0x0000, 0x0000, 0x0000, 0x0000, 0x0000, 0x0000, 0x1082, 0x10A2, 0x10A2, 0x0841, 0x0000, 0x0000,
  0x0000, 0x0000, 0x0000, 0x0000, 0x0841, 0x1082, 0x0861, 0x1082, 0x2945, 0x2945, 0x2944, 0x39E7,
  0x4A49, 0x4A28, 0x39E7, 0x2965, 0x2965, 0x3165, 0x6A04, 0x7A45, 0x7A45, 0x92A6, 0xB307, 0xB306,
  0xC368, 0xECAC, 0xECAC, 0xECCC, 0xECCC, 0xECAC, 0xECAC, 0xECAC, 0xAB07, 0x9AA6, 0xA2C6, 0x5A06,
  0x2986, 0x3186, 0x39C6, 0xA2E6, 0xAB06, 0xA2E6, 0xC388, 0xDC09, 0xDBE9, 0xDBE9, 0xDBE9, 0xDBE9,
  0xE42A, 0xBB48, 0x92A5, 0xA2C6, 0x9AA6, 0x7A25, 0x7224, 0x8265, 0x4943, 0x0000, 0x0820, 0x0820,
  0x0000, 0x0000, 0x0000, 0x0000, 0x0000, 0x0000, 0x0000, 0x0000, 0x0000, 0x0000, 0x0000, 0x0000,
  0x0000, 0x0000, 0x0000, 0x0000, 0x0000, 0x0000, 0x0000, 0x0000, 0x0000, 0x0000, 0x0000, 0x0000,
  0x0000, 0x0000, 0x0000, 0x0000, 0x0000, 0x0000, 0x0000, 0x0000, 0x0000, 0x0000, 0x0000, 0x0000,
  0x0000, 0x0000, 0x0000, 0x0000, 0x0000, 0x0000, 0x0000, 0x0000, 0x0000, 0x0000, 0x0000, 0x0000,
  0x0000, 0x0000, 0x0000, 0x0000, 0x0000, 0x0000, 0x0000, 0x0000, 0x0000, 0x0000, 0x0000, 0x0000,
  0x0000, 0x0000, 0x0000, 0x0000, 0x0000, 0x0000, 0x0000, 0x0000, 0x0000, 0x1082, 0x10A2, 0x10A2,
  0x0841, 0x0000, 0x0000, 0x0000, 0x0000, 0x0000, 0x0000, 0x0841, 0x1081, 0x0861, 0x10A2, 0x2944,
  0x2945, 0x2945, 0x39E7, 0x4228, 0x4228, 0x39E7, 0x2965, 0x2965, 0x3165, 0x7224, 0x7A44, 0x7224,
  0x9285, 0xB306, 0xAB06, 0xB327, 0xEC8C, 0xECAC, 0xECAC, 0xECAC, 0xECAC, 0xECAC, 0xE48C, 0xA2E6,
  0x9AA6, 0xA2E6, 0x6206, 0x2966, 0x3186, 0x39A6, 0x9AC6, 0xAAE6, 0xA2E6, 0xC368, 0xDBE9, 0xD3E9,
  0xD3E9, 0xDBE9, 0xD3E9, 0xDC0A, 0xBB47, 0x9285, 0x9AA6, 0x9286, 0x7A25, 0x7224, 0x7A45, 0x4122,
  0x0000, 0x0000, 0x0000, 0x0000, 0x0000, 0x0000, 0x0000, 0x0000, 0x0000, 0x0000, 0x0000, 0x0000,
  0x0000, 0x0000, 0x0000, 0x0000, 0x0000, 0x0000, 0x0000, 0x0000, 0x0000, 0x0000, 0x0000, 0x0000,
  0x0000, 0x0000, 0x0000, 0x0000, 0x0000, 0x0000, 0x0000, 0x0000, 0x0000, 0x0000, 0x0000, 0x0000,
  0x0000, 0x0000, 0x0000, 0x0000, 0x0000, 0x0000, 0x0000, 0x0000, 0x0000, 0x0000, 0x0000, 0x0000,
  0x0000, 0x0000, 0x0000, 0x0000, 0x0000, 0x0000, 0x0000, 0x0000, 0x0000, 0x0000, 0x0000, 0x0000,
  0x0000, 0x0000, 0x0000, 0x0000, 0x0000, 0x0000, 0x0000, 0x0000, 0x0000, 0x0000, 0x0000, 0x0000,
  0x10A2, 0x10A2, 0x18C3, 0x0841, 0x0000, 0x0000, 0x0000, 0x0000, 0x0000, 0x0000, 0x0841, 0x1082,
  0x0861, 0x10A2, 0x2965, 0x2965, 0x2945, 0x4208, 0x4A69, 0x4A69, 0x4228, 0x2965, 0x2965, 0x39A6,
  0x8265, 0x8265, 0x7A45, 0xAB06, 0xCB67, 0xBB27, 0xCB88, 0xFD0D, 0xFD2D, 0xFD0D, 0xFD0D, 0xFD0D,
  0xFD0D, 0xFCCD, 0xAB07, 0xAAE6, 0xBB27, 0x6A46, 0x2986, 0x31A6, 0x41C6, 0xB307, 0xBB27, 0xB327,
  0xD3C9, 0xEC4A, 0xEC2A, 0xEC4A, 0xEC4A, 0xEC4A, 0xF46A, 0xCB88, 0xA2C6, 0xAAE6, 0xA2E6, 0x8265,
  0x7A45, 0x8A85, 0x4963, 0x0000, 0x0000, 0x0000, 0x0000, 0x0000, 0x0000, 0x0000, 0x0000, 0x0000,
  0x0000, 0x0000, 0x0000, 0x0000, 0x0000, 0x0000, 0x0000, 0x0000, 0x0000, 0x0000, 0x0000, 0x0000,
  0x0000, 0x0000, 0x0000, 0x0000, 0x0000, 0x0000, 0x0000, 0x0000, 0x0000, 0x0000, 0x0000, 0x0000,
  0x0000, 0x0000, 0x0000, 0x0000, 0x0000, 0x0000, 0x0000, 0x0000, 0x0000, 0x0000, 0x0000, 0x0000,
  0x0000, 0x0000, 0x0000, 0x0000, 0x0000, 0x0000, 0x0000, 0x0000, 0x0000, 0x0000, 0x0000, 0x0000,
  0x0000, 0x0000, 0x0000, 0x0000, 0x0000, 0x0000, 0x0000, 0x0000, 0x0000, 0x0000, 0x0000, 0x0000,
  0x0000, 0x0000, 0x0000, 0x0841, 0x0841, 0x0841, 0x0020, 0x0000, 0x0000, 0x0000, 0x0000, 0x0000,
  0x0000, 0x0020, 0x0020, 0x0020, 0x0841, 0x10A2, 0x10A2, 0x1082, 0x18E3, 0x2104, 0x2104, 0x18E3,
  0x1082, 0x10A2, 0x18A2, 0x3102, 0x3902, 0x3902, 0x4963, 0x5983, 0x5163, 0x59A3, 0x7246, 0x7246,
  0x7246, 0x7246, 0x7246, 0x7246, 0x7225, 0x4963, 0x4943, 0x5163, 0x3103, 0x10A2, 0x10A2, 0x18C3,
  0x4963, 0x5163, 0x5163, 0x59A4, 0x69E4, 0x69E4, 0x69E4, 0x69E4, 0x69E4, 0x6A04, 0x59A3, 0x4943,
  0x4963, 0x4943, 0x3902, 0x3902, 0x4122, 0x2081, 0x0000, 0x0000, 0x0000, 0x0000, 0x0000, 0x0000,
  0x0000, 0x0000, 0x0000, 0x0000, 0x0000, 0x0000, 0x0000, 0x0000, 0x0000, 0x0000, 0x0000, 0x0000,
  0x0000, 0x0000, 0x0000, 0x0000, 0x0000, 0x0000, 0x0000, 0x0000, 0x0000, 0x0000, 0x0000, 0x0000,
  0x0000, 0x0000, 0x0000, 0x0000, 0x0000, 0x0000, 0x0000, 0x0000, 0x0000, 0x0000, 0x0000, 0x0000,
  0x0000, 0x0000, 0x0000, 0x0000, 0x0000, 0x0000, 0x0000, 0x0000, 0x0000, 0x0000, 0x0000, 0x0000,
  0x0000, 0x0000, 0x0000, 0x0000, 0x0000, 0x0000, 0x0000, 0x0000, 0x0000, 0x0000, 0x0000, 0x0000,
  0x0000, 0x0000, 0x0000, 0x0000, 0x0000, 0x0000, 0x0000, 0x0000, 0x0000, 0x0000, 0x0000, 0x0000,
  0x0000, 0x0000, 0x0000, 0x0000, 0x0000, 0x0000, 0x0000, 0x0000, 0x0000, 0x0000, 0x0000, 0x0000,
  0x0000, 0x0000, 0x0000, 0x0000, 0x0000, 0x0000, 0x0000, 0x0000, 0x0000, 0x0000, 0x0000, 0x0000,
  0x0000, 0x0000, 0x0000, 0x0000, 0x0000, 0x0000, 0x0000, 0x0000, 0x0000, 0x0000, 0x0000, 0x0000,
  0x0000, 0x0000, 0x0000, 0x0000, 0x0000, 0x0000, 0x0000, 0x0000, 0x0000, 0x0000, 0x0000, 0x0000,
  0x0000, 0x0000, 0x0000, 0x0000, 0x0000, 0x0000, 0x0000, 0x0000, 0x0000, 0x0000, 0x0000, 0x0000,
  0x0000, 0x0000, 0x0000, 0x0000, 0x0000, 0x0000, 0x0000, 0x0000, 0x0000, 0x0000, 0x0000, 0x0000,
  0x0000, 0x0000, 0x0000, 0x0000, 0x0000, 0x0000, 0x0000, 0x0000, 0x0000, 0x0000, 0x0000, 0x0000,
  0x0000, 0x0000, 0x0000, 0x0000, 0x0000, 0x0000, 0x0000, 0x0000, 0x0000, 0x0000, 0x0000, 0x0000,
  0x0000, 0x0000, 0x0000, 0x0000, 0x0000, 0x0000, 0x0000, 0x0000, 0x0000, 0x0000, 0x0000, 0x0000,
  0x0000, 0x0000, 0x0000, 0x0000, 0x0000, 0x0000, 0x0000, 0x0000, 0x0000, 0x0000, 0x0000, 0x0000,
  0x0000, 0x0000, 0x0000, 0x0000, 0x0000, 0x0000, 0x0000, 0x0000, 0x0000, 0x0000, 0x0000, 0x0000,
  0x0000, 0x0000, 0x0000, 0x0000, 0x0000, 0x0000, 0x0000, 0x0000, 0x0000, 0x0000, 0x0000, 0x0000,
  0x0000, 0x0000, 0x0000, 0x0000, 0x0000, 0x0000, 0x0000, 0x0000, 0x0000, 0x0000, 0x0000, 0x0000,
  0x0000, 0x0000, 0x0000, 0x0000, 0x0000, 0x0000, 0x0000, 0x0000, 0x0000, 0x0000, 0x0000, 0x0000,
  0x0000, 0x0000, 0x0000, 0x0000, 0x0000, 0x0000, 0x0000, 0x0000, 0x0000, 0x0000, 0x0000, 0x0000,
  0x0000, 0x0000, 0x0000, 0x0000, 0x0000, 0x0000, 0x0000, 0x0000, 0x0000, 0x0000, 0x0000, 0x0000,
  0x0000, 0x0000, 0x0000, 0x0000, 0x0000, 0x0000, 0x0000, 0x0000, 0x0000, 0x0000, 0x0000, 0x0000,
  0x0000, 0x0000, 0x0000, 0x0000, 0x0000, 0x0000, 0x0000, 0x0000, 0x0000, 0x0000, 0x0000, 0x0000,
  0x0000, 0x0000, 0x0000, 0x0000, 0x0000, 0x0000, 0x0000, 0x0000, 0x0000, 0x0000, 0x0000, 0x0000,
  0x0000, 0x0000, 0x0000, 0x0000, 0x0000, 0x0000, 0x0000, 0x0000, 0x0000, 0x0000, 0x0000, 0x0000,
  0x0000, 0x0000, 0x0000, 0x0000, 0x0000, 0x0000, 0x0000, 0x0000, 0x0000, 0x0000, 0x0000, 0x0000,
  0x0000, 0x0000, 0x0000, 0x0000, 0x0000, 0x0000, 0x0000, 0x0000, 0x0000, 0x0000, 0x0000, 0x0000,
  0x0000, 0x0000, 0x0000, 0x0000, 0x0000, 0x0000, 0x0000, 0x0000, 0x0000, 0x0000, 0x0000, 0x0000,
  0x0000, 0x0000, 0x0000, 0x0000, 0x0000, 0x0000, 0x0000, 0x0000, 0x0000, 0x0000, 0x0000, 0x0000,
  0x0000, 0x0000, 0x0000, 0x0000, 0x0000, 0x0000, 0x0000, 0x0000, 0x0000, 0x0000, 0x0000, 0x0000,
  0x0000, 0x0000, 0x0000, 0x0000, 0x0000, 0x0000, 0x0000, 0x0000, 0x0000, 0x0000, 0x0000, 0x0000,
  0x0000, 0x0000, 0x0000, 0x0000, 0x0000, 0x0000, 0x0000, 0x0000, 0x0000, 0x0000, 0x0000, 0x0000,
  0x0000, 0x0000, 0x0000, 0x0000, 0x0000, 0x0000, 0x0000, 0x0000, 0x0000, 0x0000, 0x0000, 0x0000,
  0x0000, 0x0000, 0x0000, 0x0000, 0x0000, 0x0000, 0x0000, 0x0000, 0x0000, 0x0000, 0x0000, 0x0000,
  0x0000, 0x0000, 0x0000, 0x0000, 0x0000, 0x0000, 0x0000, 0x0000, 0x0000, 0x0000, 0x0000, 0x0000,
  0x0000, 0x0000, 0x0000, 0x0000, 0x0000, 0x0000, 0x0000, 0x0000, 0x0000, 0x0000, 0x0000, 0x0000,
  0x0000, 0x0000, 0x0000, 0x0000, 0x0000, 0x0000, 0x0000, 0x0000, 0x0000, 0x0000, 0x0000, 0x0000,
  0x0000, 0x0000, 0x0000, 0x0000, 0x0000, 0x0000, 0x0000, 0x0000, 0x0000, 0x0000, 0x0000, 0x0000,
  0x0000, 0x0000, 0x0000, 0x0000, 0x0000, 0x0000, 0x0000, 0x0000, 0x0000, 0x0000, 0x0000, 0x0000,
  0x0000, 0x0000, 0x0000, 0x0000, 0x0000, 0x0000, 0x0000, 0x0000, 0x0000, 0x0000, 0x0000, 0x0000,
  0x0000, 0x0000, 0x0000, 0x0000, 0x0000, 0x0000, 0x0000, 0x0000, 0x0000, 0x0000, 0x0000, 0x0000,
  0x0000, 0x0000, 0x0000, 0x0000, 0x0000, 0x0000, 0x0000, 0x0000, 0x0000, 0x0000, 0x0000, 0x0000,
  0x0000, 0x0000, 0x0000, 0x0000, 0x0000, 0x0000, 0x0000, 0x0000, 0x0000, 0x0000, 0x0000, 0x0000,
  0x0000, 0x0000, 0x0000, 0x0000, 0x0000, 0x0000, 0x0000, 0x0000, 0x0000, 0x0000, 0x0000, 0x0000,
  0x0000, 0x0000, 0x0000, 0x0000, 0x0000, 0x0000, 0x0000, 0x0000, 0x0000, 0x0000, 0x0000, 0x0000,
  0x0000, 0x0000, 0x0000, 0x0000, 0x0000, 0x0000, 0x0000, 0x0000, 0x0000, 0x0000, 0x0000, 0x0000,
  0x0000, 0x0000, 0x0000, 0x0000, 0x0000, 0x0000, 0x0000, 0x0000, 0x0000, 0x0000, 0x0000, 0x0000,
  0x0000, 0x0000, 0x0000, 0x0000, 0x0000, 0x0000, 0x0000, 0x0000, 0x0000, 0x0000, 0x0000, 0x0000,
  0x0000, 0x0000, 0x0000, 0x0000, 0x0000, 0x0000, 0x0000, 0x0000, 0x0000, 0x0000, 0x0000, 0x0000,
  0x0000, 0x0000, 0x0000, 0x0000, 0x0000, 0x0000, 0x0000, 0x0000, 0x0000, 0x0000, 0x0000, 0x0000,
  0x0000, 0x0000, 0x0000, 0x0000, 0x0000, 0x0000, 0x0000, 0x0000, 0x0000, 0x0000, 0x0000, 0x0000,
  0x0000, 0x0000, 0x0000, 0x0000, 0x0000, 0x0000, 0x0000, 0x0000, 0x0000, 0x0000, 0x0000, 0x0000,
  0x0000, 0x0000, 0x0000, 0x0000, 0x0000, 0x0000, 0x0000, 0x0000, 0x0000, 0x0000, 0x0000, 0x0000,
  0x0000, 0x0000, 0x0000, 0x0000, 0x0000, 0x0000, 0x0000, 0x0000, 0x0000, 0x0000, 0x0000, 0x0000,
  0x0000, 0x0000, 0x0000, 0x0000, 0x0000, 0x0000, 0x0000, 0x0000, 0x0000, 0x0000, 0x0000, 0x0000,
  0x0000, 0x0000, 0x0000, 0x0000, 0x0000, 0x0000, 0x0000, 0x0000, 0x0000, 0x0000, 0x0000, 0x0000,
  0x0000, 0x0000, 0x0000, 0x0000, 0x0000, 0x0000, 0x0000, 0x0000, 0x0000, 0x0000, 0x0000, 0x0000,
  0x0000, 0x0000, 0x0000, 0x0000, 0x0000, 0x0000, 0x0000, 0x0000, 0x0000
};

static const uint16_t WOLF_FACE_NEUTRAL[] PROGMEM = {
  0x0000, 0x0000, 0x0000, 0x0000, 0x0000, 0x0000, 0x0000, 0x0000, 0x0000, 0x0000, 0x0000, 0x0000,
  0x0000, 0x0000, 0x0000, 0x0000, 0x0000, 0x0000, 0x0000, 0x0000, 0x0000, 0x0000, 0x0000, 0x0000,
  0x0000, 0x0000, 0x0000, 0x0000, 0x0000, 0x0000, 0x0000, 0x0000, 0x0000, 0x0000, 0x0000, 0x0000,
  0x0000, 0x0000, 0x0000, 0x0000, 0x0000, 0x0000, 0x0000, 0x0000, 0x0000, 0x0000, 0x0000, 0x0000,
  0x0000, 0x0000, 0x0000, 0x0000, 0x0000, 0x0000, 0x0000, 0x0000, 0x0000, 0x0000, 0x0000, 0x0000,
  0x0000, 0x0000, 0x0000, 0x0000, 0x0000, 0x0000, 0x0000, 0x0000, 0x0000, 0x0000, 0x0000, 0x0000,
  0x0000, 0x0000, 0x0000, 0x0000, 0x0000, 0x0000, 0x0000, 0x0000, 0x0000, 0x0000, 0x0000, 0x0000,
  0x0000, 0x0000, 0x0000, 0x0000, 0x0000, 0x0000, 0x0000, 0x0000, 0x0000, 0x0000, 0x0000, 0x0000,
  0x0000, 0x0000, 0x0000, 0x0000, 0x0000, 0x0000, 0x0000, 0x0000, 0x0000, 0x0000, 0x0000, 0x0000,
  0x0000, 0x0000, 0x0000, 0x0000, 0x0000, 0x0000, 0x0000, 0x0000, 0x0000, 0x0000, 0x0000, 0x0000,
  0x0000, 0x0000, 0x0000, 0x0000, 0x0000, 0x0000, 0x0000, 0x0000, 0x0000, 0x0000, 0x0000, 0x0000,
  0x0000, 0x0000, 0x0000, 0x0000, 0x0000, 0x0000, 0x0000, 0x0000, 0x0000, 0x0000, 0x0000, 0x0000,
  0x0000, 0x0000, 0x0000, 0x0000, 0x0000, 0x0000, 0x0000, 0x0000, 0x0000, 0x0000, 0x0000, 0x0000,
  0x0000, 0x0000, 0x0000, 0x0000, 0x0000, 0x0000, 0x0000, 0x0000, 0x0000, 0x0000, 0x0000, 0x0000,
  0x0000, 0x0000, 0x0000, 0x0000, 0x0000, 0x0000, 0x0000, 0x0000, 0x0000, 0x0000, 0x0000, 0x0000,
  0x0000, 0x0000, 0x0000, 0x0000, 0x0000, 0x0000, 0x0000, 0x0000, 0x0000, 0x0000, 0x0000, 0x0000,
  0x0000, 0x0000, 0x0000, 0x0000, 0x0000, 0x0000, 0x0000, 0x0000, 0x0000, 0x0000, 0x0000, 0x0000,
  0x0000, 0x0000, 0x0000, 0x0000, 0x0000, 0x0000, 0x0000, 0x0000, 0x0000, 0x0000, 0x0000, 0x0000,
  0x0000, 0x0000, 0x0000, 0x0000, 0x0000, 0x0000, 0x0000, 0x0000, 0x0000, 0x0000, 0x0000, 0x0000,
  0x0000, 0x0000, 0x0000, 0x0000, 0x0000, 0x0000, 0x0000, 0x0000, 0x0000, 0x0000, 0x0000, 0x0000,
  0x0000, 0x0000, 0x0000, 0x0000, 0x0000, 0x0000, 0x0000, 0x0000, 0x0000, 0x0000, 0x0000, 0x0000,
  0x0000, 0x0000, 0x0000, 0x0000, 0x0000, 0x0000, 0x0000, 0x0000, 0x0000, 0x0000, 0x0000, 0x0000,
  0x0000, 0x0000, 0x0000, 0x0000, 0x0000, 0x0000, 0x0000, 0x0000, 0x0000, 0x0000, 0x0000, 0x0000,
  0x0000, 0x0000, 0x0000, 0x0000, 0x0000, 0x0000, 0x0000, 0x0000, 0x0000, 0x0000, 0x0000, 0x0000,
  0x0000, 0x0000, 0x0000, 0x0000, 0x0000, 0x0000, 0x0000, 0x0000, 0x0000, 0x0000, 0x0000, 0x0000,
  0x0000, 0x0000, 0x0000, 0x0000, 0x0000, 0x0000, 0x0000, 0x0000, 0x0000, 0x0000, 0x0000, 0x0000,
  0x0000, 0x0000, 0x0000, 0x0000, 0x0000, 0x0000, 0x0000, 0x0000, 0x0000, 0x0000, 0x0000, 0x0000,
  0x0000, 0x0000, 0x0000, 0x0000, 0x0000, 0x0000, 0x0000, 0x0000, 0x0000, 0x0000, 0x0000, 0x0000,
  0x0000, 0x0000, 0x0000, 0x0000, 0x0000, 0x0000, 0x0000, 0x0000, 0x0000, 0x0000, 0x0000, 0x0000,
  0x0000, 0x0000, 0x0000, 0x0000, 0x0000, 0x0000, 0x0000, 0x0000, 0x0000, 0x0000, 0x0000, 0x0000,
  0x0000, 0x0000, 0x0000, 0x0000, 0x0000, 0x0000, 0x0000, 0x0000, 0x0000, 0x0000, 0x0000, 0x0000,
  0x0000, 0x0000, 0x0000, 0x0000, 0x0000, 0x0000, 0x0000, 0x0000, 0x0000, 0x0000, 0x0000, 0x0000,
  0x0000, 0x0000, 0x0000, 0x0000, 0x0000, 0x0000, 0x0000, 0x0000, 0x0000, 0x0000, 0x0000, 0x0000,
  0x0000, 0x0000, 0x0000, 0x0000, 0x0000, 0x0000, 0x0000, 0x0000, 0x0000, 0x0000, 0x0000, 0x0000,
  0x0000, 0x0000, 0x0000, 0x0000, 0x0000, 0x0000, 0x0000, 0x0000, 0x0000, 0x0000, 0x0000, 0x0000,
  0x0000, 0x0000, 0x0000, 0x0000, 0x0000, 0x0000, 0x0000, 0x0000, 0x0000, 0x0000, 0x0000, 0x0000,
  0x0000, 0x0000, 0x0000, 0x0000, 0x0000, 0x0000, 0x0000, 0x0000, 0x0000, 0x0000, 0x0000, 0x0000,
  0x0000, 0x0000, 0x0000, 0x0000, 0x0000, 0x0000, 0x0000, 0x0000, 0x0000, 0x0000, 0x0000, 0x0000,
  0x0000, 0x0000, 0x0000, 0x0000, 0x0000, 0x0000, 0x0000, 0x0000, 0x0000, 0x0000, 0x0000, 0x0000,
  0x0000, 0x0000, 0x0000, 0x0000, 0x0000, 0x0000, 0x0000, 0x0000, 0x0000, 0x0000, 0x0000, 0x0000,
  0x0000, 0x0000, 0x0000, 0x0000, 0x0000, 0x0000, 0x0000, 0x0000, 0x0000, 0x0000, 0x0000, 0x0000,
  0x0000, 0x0000, 0x0000, 0x0000, 0x0000, 0x0000, 0x0000, 0x0000, 0x0000, 0x0000, 0x0000, 0x0000,
  0x0000, 0x0000, 0x0000, 0x0000, 0x0000, 0x0000, 0x0000, 0x0000, 0x0000, 0x0000, 0x0000, 0x0000,
  0x0000, 0x0000, 0x0000, 0x0000, 0x0000, 0x0000, 0x0000, 0x0000, 0x0000, 0x0000, 0x0000, 0x0000,
  0x0000, 0x0000, 0x0000, 0x0000, 0x0000, 0x0000, 0x0000, 0x0000, 0x0000, 0x0000, 0x0000, 0x0000,
  0x0000, 0x0000, 0x0000, 0x0000, 0x0000, 0x0000, 0x0000, 0x0000, 0x0000, 0x0000, 0x0000, 0x0000,
  0x0000, 0x0000, 0x0000, 0x0000, 0x0000, 0x0000, 0x0000, 0x0000, 0x0000, 0x0000, 0x0000, 0x0000,
  0x0000, 0x0000, 0x0000, 0x0000, 0x0000, 0x0000, 0x0000, 0x0000, 0x0000, 0x0000, 0x0000, 0x0000,
  0x0000, 0x0000, 0x0000, 0x0020, 0x31A6, 0x39C7, 0x39A7, 0x31A6, 0x39E7, 0x4228, 0x4228, 0x4228,
  0x4228, 0x4228, 0x4228, 0x4A49, 0x2965, 0x2104, 0x2104, 0x2104, 0x2104, 0x2104, 0x2104, 0x2104,
  0x2104, 0x2104, 0x2124, 0x2104, 0x4984, 0x59C4, 0x59C4, 0x59C4, 0x59C4, 0x59C4, 0x59C4, 0x59C4,
  0x59E4, 0x59E4, 0x59C4, 0x59C4, 0x59C4, 0x59C4, 0x59C4, 0x59C4, 0x59C4, 0x59C4, 0x59C4, 0x59C4,
  0x59C4, 0x59C4, 0x59C4, 0x59C4, 0x59C4, 0x59E4, 0x1061, 0x0000, 0x0000, 0x0000, 0x0000, 0x0000,
  0x0000, 0x0000, 0x0000, 0x0000, 0x0000, 0x0000, 0x0000, 0x0000, 0x0000, 0x0000, 0x0000, 0x0000,
  0x0000, 0x0000, 0x0000, 0x0000, 0x0000, 0x0000, 0x0000, 0x0000, 0x0000, 0x0000, 0x0000, 0x0000,
  0x0000, 0x0000, 0x0000, 0x0000, 0x0000, 0x0000, 0x0000, 0x0000, 0x0000, 0x0000, 0x0000, 0x0000,
  0x0000, 0x0000, 0x0000, 0x0000, 0x0000, 0x0000, 0x0000, 0x0000, 0x0000, 0x0000, 0x0000, 0x0000,
  0x0000, 0x0000, 0x0000, 0x0000, 0x0000, 0x0000, 0x0000, 0x0000, 0x0000, 0x0000, 0x0000, 0x0000,
  0x0000, 0x0000, 0x0000, 0x0000, 0x0000, 0x0000, 0x0000, 0x0000, 0x0000, 0x0000, 0x0000, 0x0000,
  0x0000, 0x0000, 0x0000, 0x0000, 0x0000, 0x0000, 0x0841, 0x52AA, 0x5ACB, 0x5ACB, 0x5ACA, 0x632C,
  0x6B6D, 0x6B6D, 0x6B6D, 0x6B6D, 0x6B6D, 0x6B6D, 0x738E, 0x4A69, 0x31A6, 0x39C7, 0x39C7, 0x39C7,
  0x39C7, 0x39C7, 0x39C7, 0x39C7, 0x39C7, 0x39C7, 0x31C7, 0x7287, 0x92E7, 0x92E7, 0x92E7, 0x92E7,
  0x92E7, 0x92E7, 0x92E7, 0x92E7, 0x92E7, 0x92E7, 0x92E7, 0x92E7, 0x92E7, 0x92E7, 0x92E7, 0x92E7,
  0x92E7, 0x92E7, 0x92E7, 0x92E7, 0x92E7, 0x92E7, 0x92E7, 0x92E7, 0x9307, 0x20A1, 0x0000, 0x0000,
  0x0000, 0x0000, 0x0000, 0x0000, 0x0000, 0x0000, 0x0000, 0x0000, 0x0000, 0x0000, 0x0000, 0x0000,
  0x0000, 0x0000, 0x0000, 0x0000, 0x0000, 0x0000, 0x0000, 0x0000, 0x0000, 0x0000, 0x0000, 0x0000,
  0x0000, 0x0000, 0x0000, 0x0000, 0x0000, 0x0000, 0x0000, 0x0000, 0x0000, 0x0000, 0x0000, 0x0000,
  0x0000, 0x0000, 0x0000, 0x0000, 0x0000, 0x0000, 0x0000, 0x0000, 0x0000, 0x0000, 0x0000, 0x0000,
  0x0000, 0x0000, 0x0000, 0x0000, 0x0000, 0x0000, 0x0000, 0x0000, 0x0000, 0x0000, 0x0000, 0x0000,
  0x0000, 0x0000, 0x0000, 0x0000, 0x0000, 0x0000, 0x0000, 0x0000, 0x0000, 0x0000, 0x0000, 0x0000,
  0x0000, 0x0000, 0x0000, 0x0000, 0x0000, 0x0000, 0x0000, 0x0000, 0x0000, 0x0841, 0x528A, 0x52AA,
  0x52AA, 0x52AA, 0x630C, 0x632C, 0x632C, 0x632C, 0x632C, 0x632C, 0x632C, 0x6B4D, 0x4228, 0x31A6,
  0x39C6, 0x31A6, 0x31A6, 0x31A6, 0x31A6, 0x31A6, 0x39A6, 0x39C6, 0x39C7, 0x31A6, 0x6A46, 0x8AC7,
  0x8AC7, 0x8AC7, 0x8AC7, 0x8AC7, 0x8AC7, 0x8AC7, 0x8AC7, 0x8AC7, 0x8AC7, 0x8AC7, 0x8AC7, 0x8AC7,
  0x8AC7, 0x8AC7, 0x8AC7, 0x8AC7, 0x8AC7, 0x8AC7, 0x8AC7, 0x8AC7, 0x8AC7, 0x8AC7, 0x8AC7, 0x8AC7,
  0x20A1, 0x0000, 0x0000, 0x0000, 0x0000, 0x0000, 0x0000, 0x0000, 0x0000, 0x0000, 0x0000, 0x0000,
  0x0000, 0x0000, 0x0000, 0x0000, 0x0000, 0x0000, 0x0000, 0x0000, 0x0000, 0x0000, 0x0000, 0x0000,
  0x0000, 0x0000, 0x0000, 0x0000, 0x0000, 0x0000, 0x0000, 0x0000, 0x0000, 0x0000, 0x0000, 0x0000,
  0x0000, 0x0000, 0x0000, 0x0000, 0x0000, 0x0000, 0x0000, 0x0000, 0x0000, 0x0000, 0x0000, 0x0000,
  0x0000, 0x0000, 0x0000, 0x0000, 0x0000, 0x0000, 0x0000, 0x0000, 0x0000, 0x0000, 0x0000, 0x0000,
  0x0000, 0x0000, 0x0000, 0x0000, 0x0000, 0x0000, 0x0000, 0x0000, 0x0000, 0x0000, 0x0000, 0x0000,
  0x0000, 0x0000, 0x0000, 0x0000, 0x0000, 0x0000, 0x0000, 0x0000, 0x0000, 0x0000, 0x0000, 0x0000,
  0x0000, 0x528A, 0x52AA, 0x52AA, 0x52AA, 0x632C, 0x6B6D, 0x6B4D, 0x6B6D, 0x6B6D, 0x6B6D, 0x6B6D,
  0x738D, 0x4A49, 0x31A6, 0x31A7, 0x31A6, 0x31A7, 0x31A7, 0x31A6, 0x31A7, 0x31A7, 0x31A7, 0x31A7,
  0x29A7, 0x6247, 0x8AC7, 0x82C7, 0x82C7, 0x82C7, 0x82C7, 0x82C7, 0x82C7, 0x82C7, 0x82C7, 0x82C7,
  0x82C7, 0x82C7, 0x82C7, 0x82C7, 0x82C7, 0x82A7, 0x82A7, 0x82C7, 0x82C7, 0x82C7, 0x82C7, 0x82C7,
  0x82C7, 0x82A7, 0x8AC8, 0x1081, 0x0000, 0x0000, 0x0000, 0x0000, 0x0000, 0x0000, 0x0000, 0x0000,
  0x0000, 0x0000, 0x0000, 0x0000, 0x0000, 0x0000, 0x0000, 0x0000, 0x0000, 0x0000, 0x0000, 0x0000,
  0x0000, 0x0000, 0x0000, 0x0000, 0x0000, 0x0000, 0x0000, 0x0000, 0x0000, 0x0000, 0x0000, 0x0000,
  0x0000, 0x0000, 0x0000, 0x0000, 0x0000, 0x0000, 0x0000, 0x0000, 0x0000, 0x0000, 0x0000, 0x0000,
  0x0000, 0x0000, 0x0000, 0x0000, 0x0000, 0x0000, 0x0000, 0x0000, 0x0000, 0x0000, 0x0000, 0x0000,
  0x0000, 0x0000, 0x0000, 0x0000, 0x0000, 0x0000, 0x0000, 0x0000, 0x0000, 0x0000, 0x0000, 0x0000,
  0x0000, 0x0000, 0x0000, 0x0000, 0x0000, 0x0000, 0x0000, 0x0000, 0x0000, 0x0000, 0x0000, 0x0020,
  0x4228, 0x4A69, 0x4A69, 0x528A, 0x6B6D, 0x6B6D, 0x6B6D, 0x6B6D, 0x52AA, 0x4A49, 0x4A49, 0x4A49,
  0x4A49, 0x4A49, 0x4A49, 0x4A49, 0x5A47, 0x6A47, 0x6247, 0x6A67, 0x7267, 0x6A67, 0x6A67, 0x7287,
  0x9308, 0x9307, 0x92E7, 0x9328, 0xB367, 0xC387, 0xBB67, 0xBB87, 0xCB85, 0xD383, 0xD384, 0xD384,
  0xD384, 0xD384, 0xD384, 0xD364, 0xD364, 0xD364, 0xD364, 0xD364, 0xD363, 0xD364, 0xD364, 0xD363,
  0xD363, 0xD364, 0xD364, 0xD384, 0xD384, 0xD384, 0x9263, 0x7204, 0x7A24, 0x7A24, 0x7204, 0x71E4,
  0x69E4, 0x7A04, 0x28A1, 0x0000, 0x0000, 0x0000, 0x0000, 0x0000, 0x0000, 0x0000, 0x0000, 0x0000,
  0x0000, 0x0000, 0x0000, 0x0000, 0x0000, 0x0000, 0x0000, 0x0000, 0x0000, 0x0000, 0x0000, 0x0000,
  0x0000, 0x0000, 0x0000, 0x0000, 0x0000, 0x0000, 0x0000, 0x0000, 0x0000, 0x0000, 0x0000, 0x0000,
  0x0000, 0x0000, 0x0000, 0x0000, 0x0000, 0x0000, 0x0000, 0x0000, 0x0000, 0x0000, 0x0000, 0x0000,
  0x0000, 0x0000, 0x0000, 0x0000, 0x0000, 0x0000, 0x0000, 0x0000, 0x0000, 0x0000, 0x0000, 0x0000,
  0x0000, 0x0000, 0x0000, 0x0000, 0x0000, 0x0000, 0x0000, 0x0000, 0x0000, 0x0000, 0x0000, 0x0000,
  0x0000, 0x0000, 0x0861, 0x7BCF, 0x840F, 0x83EF, 0x83EF, 0x7BCF, 0x7BCF, 0x7BCF, 0x7BEF, 0x4A69,
  0x3185, 0x31A6, 0x31A6, 0x31A6, 0x31A6, 0x31A6, 0x31A6, 0x6247, 0x8AC7, 0x82A7, 0x8AC7, 0x92E7,
  0x92E7, 0x9AE7, 0x92E7, 0xCBA8, 0xDBE8, 0xD3E8, 0xDBE9, 0xE3E7, 0xE3E7, 0xE3E7, 0xE3E8, 0xFC03,
  0xFBE1, 0xFBE1, 0xFBE1, 0xFC01, 0xFBE1, 0xFBE1, 0xFBE1, 0xFBE1, 0xFBE1, 0xFBE1, 0xFBE1, 0xFBE1,
  0xFBE1, 0xFBE1, 0xFBE1, 0xFBE1, 0xFBE1, 0xFBE1, 0xFBE1, 0xFBE1, 0xFBE1, 0xEBC5, 0xCB87, 0xCB87,
  0xCB87, 0xBB46, 0xB326, 0xBB26, 0xC346, 0x4102, 0x0000, 0x0000, 0x0000, 0x0000, 0x0000, 0x0000,
  0x0000, 0x0000, 0x0000, 0x0000, 0x0000, 0x0000, 0x0000, 0x0000, 0x0000, 0x0000, 0x0000, 0x0000,
  0x0000, 0x0000, 0x0000, 0x0000, 0x0000, 0x0000, 0x0000, 0x0000, 0x0000, 0x0000, 0x0000, 0x0000,
  0x0000, 0x0000, 0x0000, 0x0000, 0x0000, 0x0000, 0x0000, 0x0000, 0x0000, 0x0000, 0x0000, 0x0000,
  0x0000, 0x0000, 0x0000, 0x0000, 0x0000, 0x0000, 0x0000, 0x0000, 0x0000, 0x0000, 0x0000, 0x0000,
  0x0000, 0x0000, 0x0000, 0x0000, 0x0000, 0x0000, 0x0000, 0x0000, 0x0000, 0x0000, 0x0000, 0x0000,
  0x0000, 0x0000, 0x0000, 0x0000, 0x0000, 0x0861, 0x738D, 0x7BCF, 0x73AE, 0x7BAE, 0x7BCE, 0x7BAE,
  0x73AE, 0x7BCF, 0x5289, 0x31A6, 0x39C7, 0x39C7, 0x39C7, 0x39C7, 0x39C7, 0x31C7, 0x6247, 0x82A7,
  0x82A7, 0x82A7, 0x8AC7, 0x92E7, 0x92E7, 0x8AC7, 0xBB68, 0xD3C8, 0xCBC8, 0xCBC8, 0xDBC7, 0xE3E7,
  0xE3E7, 0xDBE8, 0xF3E3, 0xFBE1, 0xFBE2, 0xFBE2, 0xFBE2, 0xFBE2, 0xFBE2, 0xFBE2, 0xFBE2, 0xFBE2,
  0xFBE2, 0xFBE2, 0xFBE2, 0xFBE2, 0xFBE2, 0xFBE2, 0xFBE2, 0xFBE2, 0xFBE2, 0xFBE2, 0xFBE2, 0xFBE1,
  0xDBA4, 0xBB47, 0xBB66, 0xC366, 0xAB06, 0xAB06, 0xAB06, 0xB326, 0x4102, 0x0000, 0x0000, 0x0000,
  0x0000, 0x0000, 0x0000, 0x0000, 0x0000, 0x0000, 0x0000, 0x0000, 0x0000, 0x0000, 0x0000, 0x0000,
  0x0000, 0x0000, 0x0000, 0x0000, 0x0000, 0x0000, 0x0000, 0x0000, 0x0000, 0x0000, 0x0000, 0x0000,
  0x0000, 0x0000, 0x0000, 0x0000, 0x0000, 0x0000, 0x0000, 0x0000, 0x0000, 0x0000, 0x0000, 0x0000,
  0x0000, 0x0000, 0x0000, 0x0000, 0x0000, 0x0000, 0x0000, 0x0000, 0x0000, 0x0000, 0x0000, 0x0000,
  0x0000, 0x0000, 0x0000, 0x0000, 0x0000, 0x0000, 0x0000, 0x0000, 0x0000, 0x0000, 0x0000, 0x0000,
  0x0000, 0x0000, 0x0000, 0x0000, 0x0000, 0x0000, 0x0000, 0x0000, 0x0020, 0x73AE, 0x7BEF, 0x7BCF,
  0x7BEF, 0x7BCF, 0x7BCF, 0x7BCF, 0x7BEF, 0x528A, 0x3186, 0x39C7, 0x39C7, 0x31C7, 0x31A7, 0x31A6,
  0x31A7, 0x6247, 0x82A7, 0x7AA7, 0x82A7, 0x8AC7, 0x8AC7, 0x8AC7, 0x8AC7, 0xBB88, 0xD3E9, 0xCBC9,
  0xCBC9, 0xDBE8, 0xDBE7, 0xE3E8, 0xDBE8, 0xF3C4, 0xFBC1, 0xFBC2, 0xFBC1, 0xFBC1, 0xFBC1, 0xFBC1,
  0xFBC1, 0xFBC1, 0xFBC1, 0xFBC1, 0xFBC2, 0xFBC1, 0xFBC2, 0xFBC2, 0xFBC1, 0xFBC1, 0xFBC1, 0xFBC1,
  0xFBC1, 0xFBC1, 0xFBC1, 0xDB64, 0xB327, 0xBB27, 0xBB47, 0xAB06, 0xAAE6, 0xA2E6, 0xB327, 0x3902,
  0x0000, 0x0000, 0x0000, 0x0000, 0x0000, 0x0000, 0x0000, 0x0000, 0x0000, 0x0000, 0x0000, 0x0000,
  0x0000, 0x0000, 0x0000, 0x0000, 0x0000, 0x0000, 0x0000, 0x0000, 0x0000, 0x0000, 0x0000, 0x0000,
  0x0000, 0x0000, 0x0000, 0x0000, 0x0000, 0x0000, 0x0000, 0x0000, 0x0000, 0x0000, 0x0000, 0x0000,
  0x0000, 0x0000, 0x0000, 0x0000, 0x0000, 0x0000, 0x0000, 0x0000, 0x0000, 0x0000, 0x0000, 0x0000,
  0x0000, 0x0000, 0x0000, 0x0000, 0x0000, 0x0000, 0x0000, 0x0000, 0x0000, 0x0000, 0x0000, 0x0000,
  0x0000, 0x0000, 0x0000, 0x0000, 0x0000, 0x0000, 0x0000, 0x0020, 0x4A4A, 0x528A, 0x526A, 0x528A,
  0x630C, 0x62EB, 0x630C, 0x630C, 0x6B4C, 0x6B4C, 0x632C, 0x6B4C, 0x4A49, 0x3186, 0x39C7, 0x31A6,
  0x5207, 0x6A67, 0x6A67, 0x6A67, 0xA327, 0xBB67, 0xBB67, 0xBB67, 0xCB65, 0xD364, 0xD364, 0xD384,
  0xE3C4, 0xEBE4, 0xEBC4, 0xEBE4, 0xF3E4, 0xF3E4, 0xF3E4, 0xF3C4, 0xFCC3, 0xFD43, 0xFD43, 0xFD43,
  0xFD43, 0xFD43, 0xFD43, 0xFD43, 0xFD43, 0xFD43, 0xFD43, 0xFD43, 0xFD43, 0xFD43, 0xFD43, 0xFD43,
  0xFD43, 0xFD43, 0xFD43, 0xFD43, 0xFD43, 0xFD43, 0xF524, 0xE525, 0xED25, 0xE525, 0xE464, 0xE3E3,
  0xDBE3, 0xE403, 0x9AA3, 0x7A03, 0x8203, 0x8223, 0x2080, 0x0000, 0x0000, 0x0000, 0x0000, 0x0000,
  0x0000, 0x0000, 0x0000, 0x0000, 0x0000, 0x0000, 0x0000, 0x0000, 0x0000, 0x0000, 0x0000, 0x0000,
  0x0000, 0x0000, 0x0000, 0x0000, 0x0000, 0x0000, 0x0000, 0x0000, 0x0000, 0x0000, 0x0000, 0x0000,
  0x0000, 0x0000, 0x0000, 0x0000, 0x0000, 0x0000, 0x0000, 0x0000, 0x0000, 0x0000, 0x0000, 0x0000,
  0x0000, 0x0000, 0x0000, 0x0000, 0x0000, 0x0000, 0x0000, 0x0000, 0x0000, 0x0000, 0x0000, 0x0000,
  0x0000, 0x0000, 0x0000, 0x0000, 0x0000, 0x0000, 0x0000, 0x0000, 0x0000, 0x0000, 0x0841, 0x83D0,
  0x8C31, 0x8C11, 0x83F0, 0x528A, 0x528A, 0x528A, 0x528A, 0x5AEB, 0x5AEB, 0x5ACB, 0x5AEB, 0x4208,
  0x3186, 0x39A6, 0x31A7, 0x6A67, 0x8AE7, 0x82C7, 0x8AC7, 0xCBA7, 0xE3E8, 0xDBE8, 0xDBE8, 0xF3E4,
  0xFBE2, 0xFBE3, 0xFBE3, 0xFBE2, 0xFBC1, 0xFBC1, 0xFBC1, 0xFBE1, 0xFBE1, 0xFBE1, 0xFBC1, 0xFD63,
  0xFE44, 0xFE04, 0xFE24, 0xFE24, 0xFE24, 0xFE24, 0xFE24, 0xFE24, 0xFE24, 0xFE24, 0xFE24, 0xFE24,
  0xFE24, 0xFE24, 0xFE24, 0xFE24, 0xFE24, 0xFE24, 0xFE24, 0xFE24, 0xFE24, 0xFE44, 0xFE44, 0xFE44,
  0xFE64, 0xFD62, 0xFCC1, 0xFCE1, 0xFCE1, 0xDBC4, 0xCB46, 0xCB45, 0xD386, 0x30C1, 0x0000, 0x0000,
  0x0000, 0x0000, 0x0000, 0x0000, 0x0000, 0x0000, 0x0000, 0x0000, 0x0000, 0x0000, 0x0000, 0x0000,
  0x0000, 0x0000, 0x0000, 0x0000, 0x0000, 0x0000, 0x0000, 0x0000, 0x0000, 0x0000, 0x0000, 0x0000,
  0x0000, 0x0000, 0x0000, 0x0000, 0x0000, 0x0000, 0x0000, 0x0000, 0x0000, 0x0000, 0x0000, 0x0000,
  0x0000, 0x0000, 0x0000, 0x0000, 0x0000, 0x0000, 0x0000, 0x0000, 0x0000, 0x0000, 0x0000, 0x0000,
  0x0000, 0x0000, 0x0000, 0x0000, 0x0000, 0x0000, 0x0000, 0x0000, 0x0000, 0x0000, 0x0000, 0x0000,
  0x0000, 0x0841, 0x738F, 0x83D0, 0x83D0, 0x7BAF, 0x52AA, 0x52AA, 0x52AA, 0x52AA, 0x5AEB, 0x5AEB,
  0x5AEB, 0x630B, 0x4228, 0x3186, 0x39C6, 0x31A7, 0x6247, 0x82C7, 0x82C7, 0x82C7, 0xC387, 0xDBC8,
  0xD3C8, 0xD3E8, 0xF3E4, 0xFBC3, 0xF3E3, 0xF3E3, 0xFBE2, 0xFBE2, 0xFBE2, 0xFBE2, 0xFBE2, 0xFBE2,
  0xFBE2, 0xFBC2, 0xFD63, 0xFE24, 0xFE04, 0xFE04, 0xFE04, 0xFE04, 0xFE04, 0xFE04, 0xFE04, 0xFE04,
  0xFE04, 0xFE04, 0xFE04, 0xFE04, 0xFE04, 0xFE04, 0xFE04, 0xFE04, 0xFE04, 0xFE04, 0xFE04, 0xFE04,
  0xFE24, 0xFE24, 0xFE24, 0xFE24, 0xFD42, 0xFCE2, 0xFD02, 0xFD02, 0xCBA4, 0xBB05, 0xC345, 0xC345,
  0x28C1, 0x0000, 0x0000, 0x0000, 0x0000, 0x0000, 0x0000, 0x0000, 0x0000, 0x0000, 0x0000, 0x0000,
  0x0000, 0x0000, 0x0000, 0x0000, 0x0000, 0x0000, 0x0000, 0x0000, 0x0000, 0x0000, 0x0000, 0x0000,
  0x0000, 0x0000, 0x0000, 0x0000, 0x0000, 0x0000, 0x0000, 0x0000, 0x0000, 0x0000, 0x0000, 0x0000,
  0x0000, 0x0000, 0x0000, 0x0000, 0x0000, 0x0000, 0x0000, 0x0000, 0x0000, 0x0000, 0x0000, 0x0000,
  0x0000, 0x0000, 0x0000, 0x0000, 0x0000, 0x0000, 0x0000, 0x0000, 0x0000, 0x0000, 0x0000, 0x0000,
  0x0000, 0x0000, 0x0000, 0x0000, 0x0841, 0x7B8F, 0x83F0, 0x83F0, 0x7BCF, 0x52AA, 0x528A, 0x52AA,
  0x52AA, 0x630B, 0x630C, 0x630B, 0x6B2C, 0x4228, 0x2966, 0x31A7, 0x31A7, 0x6247, 0x82C7, 0x82C7,
  0x7AC7, 0xC388, 0xDBE8, 0xD3C8, 0xD3E8, 0xF3C4, 0xFBE3, 0xF3E3, 0xF3C3, 0xFBE2, 0xFBC1, 0xFBE2,
  0xFBE2, 0xFBC1, 0xFBC1, 0xFBC1, 0xFB81, 0xFD43, 0xFE24, 0xFE04, 0xFE04, 0xFE04, 0xFE04, 0xFE04,
  0xFE04, 0xFE04, 0xFE04, 0xFE04, 0xFE04, 0xFE04, 0xFE24, 0xFE44, 0xFE45, 0xFE45, 0xFE44, 0xFE24,
  0xFE04, 0xFE04, 0xFE04, 0xFE44, 0xFE44, 0xFE44, 0xFE65, 0xFD43, 0xFCC2, 0xFCE2, 0xFD02, 0xCB84,
  0xBB06, 0xBB25, 0xC326, 0x28A1, 0x0000, 0x0000, 0x0000, 0x0000, 0x0000, 0x0000, 0x0000, 0x0000,
  0x0000, 0x0000, 0x0000, 0x0000, 0x0000, 0x0000, 0x0000, 0x0000, 0x0000, 0x0000, 0x0000, 0x0000,
  0x0000, 0x0000, 0x0000, 0x0000, 0x0000, 0x0000, 0x0000, 0x0000, 0x0000, 0x0000, 0x0000, 0x0000,
  0x0000, 0x0000, 0x0000, 0x0000, 0x0000, 0x0000, 0x0000, 0x0000, 0x0000, 0x0000, 0x0000, 0x0000,
  0x0000, 0x0000, 0x0000, 0x0000, 0x0000, 0x0000, 0x0000, 0x0000, 0x0000, 0x0000, 0x0000, 0x0000,
  0x0000, 0x0000, 0x0000, 0x0000, 0x0000, 0x0000, 0x0000, 0x0861, 0x7BAF, 0x83F0, 0x83F0, 0x7BAF,
  0x5ACB, 0x52AA, 0x5AAA, 0x52AA, 0x31A6, 0x3186, 0x31A6, 0x3186, 0x4A06, 0x6247, 0x6247, 0x6267,
  0x9307, 0xAB48, 0xA328, 0xA328, 0xE3C5, 0xF3E4, 0xEBE4, 0xEBC4, 0xF3E3, 0xFBE2, 0xFBE2, 0xFBE2,
  0xFBE2, 0xFBE2, 0xFBE2, 0xFBC2, 0xFCE3, 0xFD43, 0xFD43, 0xFD23, 0xFDC4, 0xFE24, 0xFE04, 0xFE04,
  0xFE04, 0xFE04, 0xFE04, 0xFE04, 0xFE04, 0xFE04, 0xFE04, 0xFE04, 0xFE24, 0xFD63, 0xFCA2, 0xFCC3,
  0xFCC3, 0xFCE3, 0xFE04, 0xFE24, 0xFE04, 0xFE24, 0xFD83, 0xFD43, 0xFD63, 0xFD43, 0xFD83, 0xFDC3,
  0xFDC3, 0xFDE3, 0xECA3, 0xE444, 0xE464, 0xEC84, 0x7A64, 0x51A4, 0x59C4, 0x61E4, 0x1060, 0x0000,
  0x0000, 0x0000, 0x0000, 0x0000, 0x0000, 0x0000, 0x0000, 0x0000, 0x0000, 0x0000, 0x0000, 0x0000,
  0x0000, 0x0000, 0x0000, 0x0000, 0x0000, 0x0000, 0x0000, 0x0000, 0x0000, 0x0000, 0x0000, 0x0000,
  0x0000, 0x0000, 0x0000, 0x0000, 0x0000, 0x0000, 0x0000, 0x0000, 0x0000, 0x0000, 0x0000, 0x0000,
  0x0000, 0x0000, 0x0000, 0x0000, 0x0000, 0x0000, 0x0000, 0x0000, 0x0000, 0x0000, 0x0000, 0x0000,
  0x0000, 0x0000, 0x0000, 0x0000, 0x0000, 0x0000, 0x0000, 0x0000, 0x0000, 0x0000, 0x1062, 0x7BB0,
  0x83D0, 0x83F0, 0x83D0, 0x5ACB, 0x5ACA, 0x5ACB, 0x528A, 0x10A2, 0x1082, 0x10A2, 0x0861, 0x51C5,
  0x92E7, 0x82A7, 0x82A7, 0xB347, 0xC388, 0xBB88, 0xBB88, 0xF3C3, 0xFBE1, 0xFBE1, 0xFBE1, 0xFBE2,
  0xFBE2, 0xFBE2, 0xFBE2, 0xFBE2, 0xFBE2, 0xFBE2, 0xFBC2, 0xFDA4, 0xFE64, 0xFE24, 0xFE44, 0xFE24,
  0xFE24, 0xFE24, 0xFE24, 0xFE04, 0xFE04, 0xFE04, 0xFE04, 0xFE04, 0xFE04, 0xFE04, 0xFE04, 0xFE24,
  0xFCE3, 0xFB61, 0xFBC1, 0xFBA1, 0xFBE2, 0xFDE4, 0xFE24, 0xFE04, 0xFE24, 0xFD02, 0xFCA1, 0xFCC2,
  0xFC61, 0xFD84, 0xFE85, 0xFE45, 0xFE65, 0xFD83, 0xFD43, 0xFD63, 0xFD63, 0xA366, 0x8AC7, 0x92E7,
  0x92E7, 0x18A1, 0x0000, 0x0000, 0x0000, 0x0000, 0x0000, 0x0000, 0x0000, 0x0000, 0x0000, 0x0000,
  0x0000, 0x0000, 0x0000, 0x0000, 0x0000, 0x0000, 0x0000, 0x0000, 0x0000, 0x0000, 0x0000, 0x0000,
  0x0000, 0x0000, 0x0000, 0x0000, 0x0000, 0x0000, 0x0000, 0x0000, 0x0000, 0x0000, 0x0000, 0x0000,
  0x0000, 0x0000, 0x0000, 0x0000, 0x0000, 0x0000, 0x0000, 0x0000, 0x0000, 0x0000, 0x0000, 0x0000,
  0x0000, 0x0000, 0x0000, 0x0000, 0x0000, 0x0000, 0x0000, 0x0000, 0x0000, 0x0000, 0x0000, 0x0000,
  0x0000, 0x1062, 0x7B8F, 0x83D0, 0x83F0, 0x7BCF, 0x5ACB, 0x52AA, 0x5AAA, 0x528A, 0x18E3, 0x10A2,
  0x18C2, 0x10A2, 0x51C5, 0x82C7, 0x82A7, 0x7AA7, 0xAB27, 0xBB88, 0xBB88, 0xB368, 0xEBC3, 0xFBE2,
  0xFBC2, 0xFBE2, 0xFBE2, 0xFBE2, 0xFBE2, 0xFBE2, 0xFBE2, 0xFBE2, 0xFBE2, 0xFBC2, 0xFD84, 0xFE24,
  0xFE04, 0xFE04, 0xFE24, 0xFE24, 0xFE04, 0xFE04, 0xFE04, 0xFE04, 0xFE04, 0xFE04, 0xFE04, 0xFE04,
  0xFE04, 0xFE04, 0xFE24, 0xFD03, 0xFBA1, 0xFBE2, 0xFBE2, 0xFC02, 0xFDC4, 0xFE04, 0xFE04, 0xFE04,
  0xFD22, 0xFCC2, 0xFCE2, 0xFC82, 0xFD84, 0xFE65, 0xFE45, 0xFE45, 0xFD63, 0xFD03, 0xFD23, 0xFD43,
  0xA346, 0x82A7, 0x8AC6, 0x8AA7, 0x1881, 0x0000, 0x0000, 0x0000, 0x0000, 0x0000, 0x0000, 0x0000,
  0x0000, 0x0000, 0x0000, 0x0000, 0x0000, 0x0000, 0x0000, 0x0000, 0x0000, 0x0000, 0x0000, 0x0000,
  0x0000, 0x0000, 0x0000, 0x0000, 0x0000, 0x0000, 0x0000, 0x0000, 0x0000, 0x0000, 0x0000, 0x0000,
  0x0000, 0x0000, 0x0000, 0x0000, 0x0000, 0x0000, 0x0000, 0x0000, 0x0000, 0x0000, 0x0000, 0x0000,
  0x0000, 0x0000, 0x0000, 0x0000, 0x0000, 0x0000, 0x0000, 0x0000, 0x0000, 0x0000, 0x0000, 0x0000,
  0x0000, 0x0000, 0x0000, 0x0000, 0x0821, 0x83D0, 0x83F1, 0x83F1, 0x83D0, 0x5AEB, 0x5ACB, 0x5AEB,
  0x52AA, 0x18C3, 0x10A2, 0x18A2, 0x1082, 0x51C5, 0x8AC7, 0x82A7, 0x82A7, 0xAB47, 0xC3A8, 0xBB88,
  0xBB88, 0xF3E3, 0xFC01, 0xFBE1, 0xFC01, 0xFBE1, 0xFBE1, 0xFBE1, 0xFBE1, 0xFBE2, 0xFBE2, 0xFC02,
  0xFCA2, 0xFE04, 0xFE65, 0xFE64, 0xFE65, 0xFE45, 0xFE45, 0xFE45, 0xFE45, 0xFE44, 0xFE44, 0xFE44,
  0xFE44, 0xFE24, 0xFE24, 0xFE24, 0xFE24, 0xFE44, 0xFD23, 0xFBC1, 0xFC01, 0xFBE1, 0xFC21, 0xFE23,
  0xFE64, 0xFE44, 0xFE64, 0xFD42, 0xFCE1, 0xFD02, 0xFCA1, 0xFDA4, 0xFE85, 0xFE65, 0xFE85, 0xFDA4,
  0xFD43, 0xFD43, 0xFD63, 0x9B46, 0x7A87, 0x82A7, 0x8AA7, 0x1881, 0x0000, 0x0000, 0x0000, 0x0000,
  0x0000, 0x0000, 0x0000, 0x0000, 0x0000, 0x0000, 0x0000, 0x0000, 0x0000, 0x0000, 0x0000, 0x0000,
  0x0000, 0x0000, 0x0000, 0x0000, 0x0000, 0x0000, 0x0000, 0x0000, 0x0000, 0x0000, 0x0000, 0x0000,
  0x0000, 0x0000, 0x0000, 0x0000, 0x0000, 0x0000, 0x0000, 0x0000, 0x0000, 0x0000, 0x0000, 0x0000,
  0x0000, 0x0000, 0x0000, 0x0000, 0x0000, 0x0000, 0x0000, 0x0000, 0x0000, 0x0000, 0x0000, 0x0000,
  0x0000, 0x0000, 0x0000, 0x0841, 0x4228, 0x4208, 0x4208, 0x4228, 0x6B4D, 0x738E, 0x736E, 0x6B2D,
  0x4A49, 0x4228, 0x4228, 0x4207, 0x18C3, 0x10A2, 0x18A2, 0x1082, 0x49C5, 0x7AC8, 0x7288, 0x7288,
  0x9B27, 0xA327, 0xA327, 0xA348, 0xBB65, 0xC364, 0xC365, 0xBB65, 0xE3C5, 0xF405, 0xEBE5, 0xEBE5,
  0xF3E3, 0xFBE3, 0xF403, 0xFC43, 0xFCC3, 0xFD03, 0xFCE3, 0xFCE3, 0xFCE3, 0xFCE3, 0xFCE3, 0xFCE3,
  0xFCE3, 0xFCE3, 0xFCE3, 0xFCE3, 0xFCE3, 0xFCE3, 0xFCE3, 0xFCE3, 0xFCE3, 0xE444, 0xCB64, 0xD384,
  0xD384, 0xCB84, 0xCC45, 0xCC85, 0xCC85, 0xCC65, 0xD445, 0xE445, 0xDC45, 0xDC05, 0xF4E4, 0xFDA3,
  0xFD83, 0xFDA3, 0xFCC3, 0xFC62, 0xFC82, 0xFC82, 0xD384, 0xBB24, 0xC344, 0xCB64, 0x28A0, 0x0000,
  0x0000, 0x0000, 0x0000, 0x0000, 0x0000, 0x0000, 0x0000, 0x0000, 0x0000, 0x0000, 0x0000, 0x0000,
  0x0000, 0x0000, 0x0000, 0x0000, 0x0000, 0x0000, 0x0000, 0x0000, 0x0000, 0x0000, 0x0000, 0x0000,
  0x0000, 0x0000, 0x0000, 0x0000, 0x0000, 0x0000, 0x0000, 0x0000, 0x0000, 0x0000, 0x0000, 0x0000,
  0x0000, 0x0000, 0x0000, 0x0000, 0x0000, 0x0000, 0x0000, 0x0000, 0x0000, 0x0000, 0x0000, 0x0000,
  0x0000, 0x0000, 0x0000, 0x0000, 0x0000, 0x0000, 0x1082, 0x7BEF, 0x83F0, 0x8410, 0x7BEF, 0x5AEB,
  0x5ACB, 0x5AEB, 0x5ACB, 0x31A6, 0x3186, 0x3185, 0x2965, 0x10A2, 0x10A2, 0x10A2, 0x1082, 0x41C6,
  0x6AA9, 0x6289, 0x6289, 0x82A7, 0x8AC7, 0x8AC7, 0x8AC7, 0x82A7, 0x82A7, 0x82C7, 0x82A7, 0xCBA8,
  0xE408, 0xDBE8, 0xDBE8, 0xEBE5, 0xF3E4, 0xF3E4, 0xF3C4, 0xF3A3, 0xFBA2, 0xFBA3, 0xF3A3, 0xFBA2,
  0xFBA1, 0xFBA1, 0xFBA1, 0xFBA1, 0xFBA1, 0xFBA1, 0xFBA1, 0xFBA1, 0xFBC2, 0xFBA1, 0xFBA1, 0xFBC1,
  0xD364, 0x9AE7, 0xA307, 0xA307, 0x9AE7, 0x92A7, 0x92A7, 0x9AC7, 0x92A7, 0xB348, 0xC389, 0xBB89,
  0xBB69, 0xE445, 0xFCE1, 0xFCC2, 0xFCC2, 0xFBE2, 0xFB82, 0xFBA1, 0xFBA1, 0xFBC1, 0xFBE1, 0xFBE1,
  0xFBE1, 0x30C0, 0x0000, 0x0000, 0x0000, 0x0000, 0x0000, 0x0000, 0x0000, 0x0000, 0x0000, 0x0000,
  0x0000, 0x0000, 0x0000, 0x0000, 0x0000, 0x0000, 0x0000, 0x0000, 0x0000, 0x0000, 0x0000, 0x0000,
  0x0000, 0x0000, 0x0000, 0x0000, 0x0000, 0x0000, 0x0000, 0x0000, 0x0000, 0x0000, 0x0000, 0x0000,
  0x0000, 0x0000, 0x0000, 0x0000, 0x0000, 0x0000, 0x0000, 0x0000, 0x0000, 0x0000, 0x0000, 0x0000,
  0x0000, 0x0000, 0x0000, 0x0000, 0x0000, 0x0000, 0x0000, 0x0000, 0x0000, 0x1082, 0x73AE, 0x7BCF,
  0x7BEF, 0x73AE, 0x5AEB, 0x5AEB, 0x630B, 0x5ACB, 0x31A6, 0x3186, 0x3186, 0x3186, 0x10A2, 0x10A2,
  0x18C2, 0x1082, 0x41C6, 0x6AA9, 0x6288, 0x6A89, 0x82C7, 0x8AC7, 0x8AC7, 0x8AC7, 0x8AC7, 0x8AC7,
  0x8AC7, 0x8AC7, 0xCBA7, 0xE3E7, 0xDBE7, 0xDBE8, 0xEBC5, 0xF3C4, 0xF3E4, 0xF3E4, 0xF3E3, 0xF3E3,
  0xF3E3, 0xF3E3, 0xFBE2, 0xFBE2, 0xFBE2, 0xFBE2, 0xFBE2, 0xFBE2, 0xFBE2, 0xFBE2, 0xFBE2, 0xFBE2,
  0xFBE2, 0xFBE2, 0xFC01, 0xD384, 0xA307, 0xAB27, 0xA307, 0xA307, 0x9B07, 0x9B07, 0x9B07, 0x9B07,
  0xB368, 0xC3A8, 0xC3A8, 0xBB89, 0xE465, 0xFD02, 0xFCE2, 0xFCE2, 0xFC02, 0xFBC2, 0xFBC2, 0xFBC2,
  0xFBC2, 0xFBC2, 0xFBC2, 0xFBC2, 0x30C0, 0x0000, 0x0000, 0x0000, 0x0000, 0x0000, 0x0000, 0x0000,
  0x0000, 0x0000, 0x0000, 0x0000, 0x0000, 0x0000, 0x0000, 0x0000, 0x0000, 0x0000, 0x0000, 0x0000,
  0x0000, 0x0000, 0x0000, 0x0000, 0x0000, 0x0000, 0x0000, 0x0000, 0x0000, 0x0000, 0x0000, 0x0000,
  0x0000, 0x0000, 0x0000, 0x0000, 0x0000, 0x0000, 0x0000, 0x0000, 0x0000, 0x0000, 0x0000, 0x0000,
  0x0000, 0x0000, 0x0000, 0x0000, 0x0000, 0x0000, 0x0000, 0x0000, 0x0000, 0x0000, 0x0000, 0x0000,
  0x1082, 0x73AE, 0x73AE, 0x73AE, 0x738E, 0x62EB, 0x5AEB, 0x62EB, 0x5ACA, 0x31A6, 0x31A6, 0x31A6,
  0x3186, 0x18C3, 0x10A2, 0x18C2, 0x1082, 0x41C6, 0x6AA9, 0x6289, 0x6289, 0x82C7, 0x8AC7, 0x8AC7,
  0x8AC7, 0x8AC7, 0x8AC7, 0x8AC7, 0x8AC7, 0xD3C7, 0xEC07, 0xE3E7, 0xE3E7, 0xF3E4, 0xFBE3, 0xFBE4,
  0xFC04, 0xFBE2, 0xFBE2, 0xFC02, 0xFC03, 0xFC02, 0xFC01, 0xFC01, 0xFC01, 0xFC01, 0xFC01, 0xFC01,
  0xFC01, 0xFC01, 0xFBE1, 0xFBE1, 0xFBE1, 0xFBE1, 0xD384, 0xAB07, 0xAB27, 0xB327, 0xAB07, 0x9AE7,
  0x9AE7, 0x9AE7, 0x92E7, 0xBB88, 0xCBA8, 0xCBA8, 0xC389, 0xE464, 0xFD21, 0xFD02, 0xFD02, 0xFC22,
  0xFBA2, 0xFBC2, 0xFBC2, 0xFBC2, 0xFBC2, 0xFBC2, 0xFBE2, 0x30C0, 0x0000, 0x0000, 0x0000, 0x0000,
  0x0000, 0x0000, 0x0000, 0x0000, 0x0000, 0x0000, 0x0000, 0x0000, 0x0000, 0x0000, 0x0000, 0x0000,
  0x0000, 0x0000, 0x0000, 0x0000, 0x0000, 0x0000, 0x0000, 0x0000, 0x0000, 0x0000, 0x0000, 0x0000,
  0x0000, 0x0000, 0x0000, 0x0000, 0x0000, 0x0000, 0x0000, 0x0000, 0x0000, 0x0000, 0x0000, 0x0000,
  0x0000, 0x0000, 0x0000, 0x0000, 0x0000, 0x0000, 0x0000, 0x0000, 0x0000, 0x0000, 0x0000, 0x0000,
  0x0000, 0x0000, 0x0000, 0x18C3, 0xA4F3, 0x9CF3, 0xA513, 0x94B2, 0x5ACB, 0x5ACA, 0x5ACB, 0x52AA,
  0x2945, 0x2104, 0x2124, 0x2124, 0x18C3, 0x10A2, 0x18A2, 0x1082, 0x51E6, 0x7AC8, 0x72A8, 0x7AA8,
  0x82C7, 0x8AC7, 0x8AC7, 0x8AC7, 0x8AC7, 0x8AC7, 0x8AC7, 0x8AC7, 0xAB47, 0xBB67, 0xB347, 0xB347,
  0xBB46, 0xC365, 0xC365, 0xC365, 0xC365, 0xC365, 0xC365, 0xC365, 0xC364, 0xC364, 0xC364, 0xC364,
  0xCB64, 0xCB64, 0xCB64, 0xCB64, 0xC364, 0xDB83, 0xFBE2, 0xF3C2, 0xFC02, 0xAB24, 0x6247, 0x7266,
  0x7267, 0x7A87, 0x92E7, 0x92E7, 0x92E7, 0x92E7, 0xA327, 0xAB48, 0xAB47, 0xA328, 0xD3E6, 0xF484,
  0xEC65, 0xEC65, 0xF404, 0xFBC2, 0xFBC2, 0xF3C3, 0xFBC2, 0xFBC2, 0xFBC2, 0xFBE2, 0x30C0, 0x0000,
  0x0000, 0x0000, 0x0000, 0x0000, 0x0000, 0x0000, 0x0000, 0x0000, 0x0000, 0x0000, 0x0000, 0x0000,
  0x0000, 0x0000, 0x0000, 0x0000, 0x0000, 0x0000, 0x0000, 0x0000, 0x0000, 0x0000, 0x0000, 0x0000,
  0x0000, 0x0000, 0x0000, 0x0000, 0x0000, 0x0000, 0x0000, 0x0000, 0x0000, 0x0000, 0x0000, 0x0000,
  0x0000, 0x0000, 0x0000, 0x0000, 0x0000, 0x0000, 0x0000, 0x0000, 0x0000, 0x0000, 0x0000, 0x0000,
  0x0000, 0x0000, 0x0000, 0x0000, 0x0000, 0x0000, 0x18E3, 0xCE58, 0xCE59, 0xD699, 0xBDF7, 0x52AA,
  0x528A, 0x52AA, 0x4A69, 0x10A2, 0x1082, 0x10A2, 0x10A2, 0x10A2, 0x10A2, 0x18A2, 0x10A2, 0x59E5,
  0x92E7, 0x8AC7, 0x8AC7, 0x8AC7, 0x8AC7, 0x8AC7, 0x8AC7, 0x8AC7, 0x8AE7, 0x8AE7, 0x8AE7, 0x8AC7,
  0x82C7, 0x82A7, 0x82C7, 0x82C7, 0x82C7, 0x82C7, 0x82C7, 0x82A7, 0x82A7, 0x82C7, 0x82C7, 0x82C7,
  0x82C7, 0x82C7, 0x82C7, 0x82C7, 0x82C7, 0x82C7, 0x8AC7, 0x7AA7, 0xB345, 0xFBE2, 0xF3C3, 0xFC03,
  0x82A5, 0x2166, 0x31A6, 0x2986, 0x49E7, 0x92E7, 0x8AC7, 0x92E7, 0x92E7, 0x8AC7, 0x8AC7, 0x8AC7,
  0x82C7, 0xBB68, 0xE3C8, 0xDBC8, 0xDBE9, 0xE3C6, 0xF3C3, 0xF3C3, 0xF3C3, 0xFBC2, 0xFBC2, 0xFBC2,
  0xFBE2, 0x30C0, 0x0000, 0x0000, 0x0000, 0x0000, 0x0000, 0x0000, 0x0000, 0x0000, 0x0000, 0x0000,
  0x0000, 0x0000, 0x0000, 0x0000, 0x0000, 0x0000, 0x0000, 0x0000, 0x0000, 0x0000, 0x0000, 0x0000,
  0x0000, 0x0000, 0x0000, 0x0000, 0x0000, 0x0000, 0x0000, 0x0000, 0x0000, 0x0000, 0x0000, 0x0000,
  0x0000, 0x0000, 0x0000, 0x0000, 0x0000, 0x0000, 0x0000, 0x0000, 0x0000, 0x0000, 0x0000, 0x0000,
  0x0000, 0x0000, 0x0000, 0x0000, 0x0000, 0x0000, 0x0000, 0x0000, 0x0000, 0x18E3, 0xC618, 0xC638,
  0xCE59, 0xB5B6, 0x52AA, 0x52AA, 0x5AAA, 0x4A69, 0x10A2, 0x10A2, 0x10A2, 0x10A2, 0x10A2, 0x18C2,
  0x18C3, 0x10A2, 0x59E5, 0x92E7, 0x8AC7, 0x8AC7, 0x8AC7, 0x8AC7, 0x8AC7, 0x8AC7, 0x8AE7, 0x8AE7,
  0x8AE7, 0x8AE7, 0x8AE7, 0x8AE7, 0x8AE7, 0x8AE7, 0x8AE7, 0x8AE7, 0x8AE7, 0x8AE7, 0x8AE7, 0x92E7,
  0x92E7, 0x92E7, 0x92E7, 0x92E7, 0x92E7, 0x8AE7, 0x92E7, 0x92E7, 0x92E7, 0x92E7, 0x8AE7, 0xBB45,
  0xFBE2, 0xF3C3, 0xFC03, 0x8AA5, 0x2986, 0x41C6, 0x39A6, 0x5207, 0x92E7, 0x92E7, 0x92E7, 0x92E7,
  0x8AE7, 0x8AE7, 0x92E7, 0x8AC7, 0xBB67, 0xE3E8, 0xDBE8, 0xDC08, 0xE3C6, 0xF3C3, 0xF3C3, 0xF3C3,
  0xFBC3, 0xFBC2, 0xFBC2, 0xFBE2, 0x30C0, 0x0000, 0x0000, 0x0000, 0x0000, 0x0000, 0x0000, 0x0000,
  0x0000, 0x0000, 0x0000, 0x0000, 0x0000, 0x0000, 0x0000, 0x0000, 0x0000, 0x0000, 0x0000, 0x0000,
  0x0000, 0x0000, 0x0000, 0x0000, 0x0000, 0x0000, 0x0000, 0x0000, 0x0000, 0x0000, 0x0000, 0x0000,
  0x0000, 0x0000, 0x0000, 0x0000, 0x0000, 0x0000, 0x0000, 0x0000, 0x0000, 0x0000, 0x0000, 0x0000,
  0x0000, 0x0000, 0x0000, 0x0000, 0x0000, 0x0000, 0x0000, 0x0000, 0x0000, 0x0000, 0x0000, 0x0000,
  0x18E3, 0xC618, 0xC638, 0xCE59, 0xB5B6, 0x52AA, 0x52AA, 0x5ACA, 0x528A, 0x18C3, 0x10A2, 0x10A2,
  0x10A2, 0x1082, 0x0882, 0x10A2, 0x0862, 0x59E5, 0x92E7, 0x8AC7, 0x8AC7, 0x8AC7, 0x8AC7, 0x8AC7,
  0x8AE7, 0x8AC7, 0x8AC7, 0x8AC7, 0x8AC7, 0x8AE7, 0x8AE7, 0x8AC7, 0x8AC7, 0x8AE7, 0x8AE7, 0x8AE7,
  0x8AE7, 0x8AC7, 0x8AC7, 0x8AC7, 0x8AC7, 0x8AC7, 0x8AC7, 0x8AC7, 0x8AE7, 0x8AE7, 0x8AE7, 0x8AE7,
  0x92E7, 0x8AE8, 0xC365, 0xFC02, 0xFBE2, 0xFC22, 0x8285, 0x1967, 0x29A6, 0x2187, 0x41E7, 0x92E7,
  0x8AC7, 0x8AC7, 0x8AC7, 0x8AC7, 0x8AE7, 0x8AE7, 0x82C7, 0xBB88, 0xEC28, 0xE408, 0xE408, 0xEBE6,
  0xFBC3, 0xF3C3, 0xF3C3, 0xFBE3, 0xFBE2, 0xFBC2, 0xFBE2, 0x30C0, 0x0000, 0x0000, 0x0000, 0x0000,
  0x0000, 0x0000, 0x0000, 0x0000, 0x0000, 0x0000, 0x0000, 0x0000, 0x0000, 0x0000, 0x0000, 0x0000,
  0x0000, 0x0000, 0x0000, 0x0000, 0x0000, 0x0000, 0x0000, 0x0000, 0x0000, 0x0000, 0x0000, 0x0000,
  0x0000, 0x0000, 0x0000, 0x0000, 0x0000, 0x0000, 0x0000, 0x0000, 0x0000, 0x0000, 0x0000, 0x0000,
  0x0000, 0x0000, 0x0000, 0x0000, 0x0000, 0x0000, 0x0000, 0x0000, 0x0000, 0x0000, 0x0000, 0x0000,
  0x0000, 0x0000, 0x0000, 0x18E3, 0xC618, 0xCE38, 0xCE59, 0xBDB6, 0x52AA, 0x52AA, 0x5ACB, 0x4A69,
  0x1082, 0x0861, 0x0861, 0x0841, 0x3943, 0x49A5, 0x49A4, 0x4184, 0x7266, 0x92E7, 0x8AC7, 0x8AC7,
  0x8AC7, 0x8AC7, 0x8AE7, 0x8AC7, 0xA328, 0xA348, 0xA348, 0xA348, 0x92E7, 0x8AC7, 0x8AE7, 0x8AE7,
  0x8AE7, 0x8AE7, 0x8AE7, 0x8AE7, 0xA328, 0xAB48, 0xA348, 0xAB48, 0xA348, 0xAB48, 0x9B08, 0x8AC7,
  0x8AE7, 0x8AE7, 0x8AE7, 0x92E7, 0x8AE8, 0xB346, 0xD3A5, 0xD385, 0xD3A5, 0xA305, 0x82A5, 0x8AA5,
  0x8AA5, 0x8AC6, 0xAB48, 0xAB48, 0xA328, 0xAB48, 0xA328, 0x8AE7, 0x8AC7, 0x8AC7, 0xAB27, 0xC387,
  0xBB67, 0xB368, 0xD3A6, 0xF3E4, 0xF3C4, 0xF3C5, 0xFBE3, 0xFBC2, 0xFBC2, 0xFBE2, 0x30C0, 0x0000,
  0x0000, 0x0000, 0x0000, 0x0000, 0x0000, 0x0000, 0x0000, 0x0000, 0x0000, 0x0000, 0x0000, 0x0000,
  0x0000, 0x0000, 0x0000, 0x0000, 0x0000, 0x0000, 0x0000, 0x0000, 0x0000, 0x0000, 0x0000, 0x0000,
  0x0000, 0x0000, 0x0000, 0x0000, 0x0000, 0x0000, 0x0000, 0x0000, 0x0000, 0x0000, 0x0000, 0x0000,
  0x0000, 0x0000, 0x0000, 0x0000, 0x0000, 0x0000, 0x0000, 0x0000, 0x0000, 0x0000, 0x0000, 0x0000,
  0x0000, 0x0000, 0x0000, 0x0000, 0x0000, 0x0000, 0x18E3, 0xC618, 0xCE19, 0xCE39, 0xBD97, 0x5AAA,
  0x52AA, 0x5ACB, 0x4A69, 0x0000, 0x0000, 0x0000, 0x0000, 0x6A05, 0x9B08, 0x92E7, 0x92E7, 0x92E7,
  0x8AC7, 0x8AC7, 0x8AC7, 0x8AC7, 0x8AC7, 0x8AE7, 0x8AC7, 0xBB88, 0xCBC9, 0xC3C9, 0xCBC9, 0x9B08,
  0x8AC7, 0x8AE7, 0x8AE7, 0x8AE7, 0x8AE7, 0x92E7, 0x8AE7, 0xBBA9, 0xD3E9, 0xCBC9, 0xCBE9, 0xCBE9,
  0xD40A, 0xB368, 0x8AC7, 0x8AE7, 0x8AE7, 0x8AE7, 0x92E7, 0x92E7, 0x9B28, 0x9B28, 0x9B28, 0x9308,
  0xC386, 0xFC04, 0xFBE4, 0xFC04, 0xEBE6, 0xC3C9, 0xCBC9, 0xC3C9, 0xCBC9, 0xBBA9, 0x8AC7, 0x8AC7,
  0x8AC7, 0x8AC7, 0x82C7, 0x8AC7, 0x82C7, 0xBB66, 0xEBE5, 0xE3C6, 0xEBC6, 0xF3C3, 0xFBC2, 0xFBC2,
  0xFBE2, 0x30C0, 0x0000, 0x0000, 0x0000, 0x0000, 0x0000, 0x0000, 0x0000, 0x0000, 0x0000, 0x0000,
  0x0000, 0x0000, 0x0000, 0x0000, 0x0000, 0x0000, 0x0000, 0x0000, 0x0000, 0x0000, 0x0000, 0x0000,
  0x0000, 0x0000, 0x0000, 0x0000, 0x0000, 0x0000, 0x0000, 0x0000, 0x0000, 0x0000, 0x0000, 0x0000,
  0x0000, 0x0000, 0x0000, 0x0000, 0x0000, 0x0000, 0x0000, 0x0000, 0x0000, 0x0000, 0x0000, 0x0000,
  0x0000, 0x0000, 0x0000, 0x0000, 0x0000, 0x0000, 0x0000, 0x0000, 0x0000, 0x18E3, 0xC618, 0xCE19,
  0xCE39, 0xBDB7, 0x5AAA, 0x52AA, 0x5ACB, 0x4A69, 0x0020, 0x0000, 0x0000, 0x0000, 0x6205, 0x92E7,
  0x8AC7, 0x8AC7, 0x8AC7, 0x8AC7, 0x8AC7, 0x8AC7, 0x8AC7, 0x8AE7, 0x8AE7, 0x8AC7, 0xB388, 0xC3C9,
  0xC3A9, 0xC3C9, 0x9B08, 0x8AE7, 0x8AE7, 0x92E7, 0x92E7, 0x92E7, 0x92E7, 0x8AE7, 0xBB88, 0xCBC9,
  0xCBC9, 0xCBC9, 0xCBC9, 0xCBE9, 0xAB68, 0x8AC7, 0x8AE7, 0x8AE7, 0x92E7, 0x92E7, 0x92E7, 0x9B08,
  0xA328, 0xA328, 0x9B28, 0xC366, 0xF3E4, 0xEBC5, 0xF3C4, 0xDBC6, 0xC3C9, 0xC3C9, 0xC3C9, 0xC3C9,
  0xB388, 0x8AC7, 0x8AC7, 0x8AC7, 0x8AC7, 0x8AE7, 0x92E7, 0x8AC7, 0xBB66, 0xEBC5, 0xE3C6, 0xEBC6,
  0xF3C3, 0xFBC2, 0xFBC2, 0xFBE2, 0x30C0, 0x0000, 0x0000, 0x0000, 0x0000, 0x0000, 0x0000, 0x0000,
  0x0000, 0x0000, 0x0000, 0x0000, 0x0000, 0x0000, 0x0000, 0x0000, 0x0000, 0x0000, 0x0000, 0x0000,
  0x0000, 0x0000, 0x0000, 0x0000, 0x0000, 0x0000, 0x0000, 0x0000, 0x0000, 0x0000, 0x0000, 0x0000,
  0x0000, 0x0000, 0x0000, 0x0000, 0x0000, 0x0000, 0x0000, 0x0000, 0x0000, 0x0000, 0x0000, 0x0000,
  0x0000, 0x0000, 0x0000, 0x0000, 0x0000, 0x0000, 0x0000, 0x0000, 0x0000, 0x0000, 0x0000, 0x0000,
  0x18E3, 0xC5F8, 0xCE19, 0xCE39, 0xBD97, 0x5AAA, 0x52AA, 0x5ACB, 0x4A69, 0x0020, 0x0000, 0x0000,
  0x0000, 0x61E5, 0x9307, 0x8AC7, 0x8AC7, 0x8AC7, 0x8AC7, 0x8AC7, 0x8AC7, 0x8AC7, 0x8AC7, 0x8AE7,
  0x8AC7, 0xBB88, 0xCBC9, 0xC3C9, 0xCBC9, 0x9307, 0x82C7, 0x8AC7, 0x8AC7, 0x8AC7, 0x8AC7, 0x8AC7,
  0x8AC7, 0xBB89, 0xCBE9, 0xCBC9, 0xCBC9, 0xCBC9, 0xD3E9, 0xAB68, 0x82C7, 0x8AC7, 0x8AC7, 0x8AE7,
  0x8AE7, 0x8AC7, 0x9B08, 0xA328, 0xA328, 0x9308, 0xC366, 0xF3C3, 0xEBA4, 0xF3C3, 0xDBA6, 0xBBA9,
  0xC3A8, 0xC3A8, 0xC3A8, 0xB389, 0x8AC7, 0x82A7, 0x8AC7, 0x8AC7, 0x8AC7, 0x8AE7, 0x82C7, 0xC366,
  0xFC05, 0xEBE5, 0xF3E6, 0xFBE3, 0xFBE2, 0xFBE2, 0xFC02, 0x30C0, 0x0000, 0x0000, 0x0000, 0x0000,
  0x0000, 0x0000, 0x0000, 0x0000, 0x0000, 0x0000, 0x0000, 0x0000, 0x0000, 0x0000, 0x0000, 0x0000,
  0x0000, 0x0000, 0x0000, 0x0000, 0x0000, 0x0000, 0x0000, 0x0000, 0x0000, 0x0000, 0x0000, 0x0000,
  0x0000, 0x0000, 0x0000, 0x0000, 0x0000, 0x0000, 0x0000, 0x0000, 0x0000, 0x0000, 0x0000, 0x0000,
  0x0000, 0x0000, 0x0000, 0x0000, 0x0000, 0x0000, 0x0000, 0x0000, 0x0000, 0x0000, 0x0000, 0x0000,
  0x0000, 0x0000, 0x0000, 0x18C3, 0xC5F8, 0xCE19, 0xCE39, 0xBD97, 0x5ACA, 0x52AA, 0x5ACB, 0x5289,
  0x0841, 0x0841, 0x0841, 0x0840, 0x7246, 0x92E7, 0x8AC7, 0x8AC7, 0x8AC7, 0x8AC7, 0x8AC7, 0x8AC7,
  0x8AC7, 0x8AC7, 0x8AC7, 0x8AC7, 0xA348, 0xAB68, 0xAB68, 0xAB68, 0xAB48, 0xAB48, 0xAB48, 0xAB48,
  0xAB68, 0xAB68, 0xAB68, 0xAB48, 0xC3A9, 0xCBE9, 0xCBC9, 0xCBC9, 0xCBC9, 0xCBE9, 0xBBA9, 0xA348,
  0xAB48, 0xA348, 0xA348, 0xA348, 0xA348, 0xB389, 0xBBA9, 0xBBA9, 0xB3A9, 0xD44A, 0xF4AA, 0xF48A,
  0xF489, 0xEC8B, 0xDC8C, 0xDC8C, 0xDC8C, 0xDC8C, 0xC3EA, 0xAB27, 0xAB48, 0xAB48, 0x92E7, 0x8AC7,
  0x8AE7, 0x8AC7, 0xAB27, 0xC366, 0xBB66, 0xC366, 0xC365, 0xCB64, 0xCB64, 0xCB84, 0x28A1, 0x0000,
  0x0000, 0x0000, 0x0000, 0x0000, 0x0000, 0x0000, 0x0000, 0x0000, 0x0000, 0x0000, 0x0000, 0x0000,
  0x0000, 0x0000, 0x0000, 0x0000, 0x0000, 0x0000, 0x0000, 0x0000, 0x0000, 0x0000, 0x0000, 0x0000,
  0x0000, 0x0000, 0x0000, 0x0000, 0x0000, 0x0000, 0x0000, 0x0000, 0x0000, 0x0000, 0x0000, 0x0000,
  0x0000, 0x0000, 0x0000, 0x0000, 0x0000, 0x0000, 0x0000, 0x0000, 0x0000, 0x0000, 0x0000, 0x0000,
  0x0000, 0x0000, 0x0000, 0x0000, 0x0000, 0x0000, 0x18C3, 0xC5F8, 0xCE18, 0xCE39, 0xBD96, 0x5AAA,
  0x52AA, 0x5ACB, 0x4A69, 0x10A2, 0x1082, 0x1082, 0x18C2, 0x8AA7, 0x8AC7, 0x8AC7, 0x8AC7, 0x8AC7,
  0x8AC7, 0x8AC7, 0x8AC7, 0x8AE7, 0x8AE7, 0x8AC7, 0x8AC7, 0x8AC7, 0x8AC7, 0x8AC7, 0x8AC7, 0xC3A9,
  0xD40A, 0xD3E9, 0xD3E9, 0xD3EA, 0xD3EA, 0xCBEA, 0xCBE9, 0xCBE9, 0xCBC9, 0xCBC9, 0xCBE9, 0xCBE9,
  0xCBE9, 0xCBE9, 0xCBE9, 0xC3C9, 0xC3C9, 0xC3C9, 0xC3C9, 0xC3C9, 0xD42A, 0xDC4B, 0xD42A, 0xDC6B,
  0xF54F, 0xF591, 0xF591, 0xF591, 0xF590, 0xFD90, 0xFD90, 0xFD90, 0xFDB0, 0xDC8C, 0xCBC9, 0xD40A,
  0xD40A, 0x9B07, 0x8AC7, 0x8AE7, 0x8AE7, 0x8AC7, 0x82C7, 0x82C7, 0x8AC7, 0x82C7, 0x82C7, 0x82C7,
  0x8AC7, 0x1881, 0x0000, 0x0000, 0x0000, 0x0000, 0x0000, 0x0000, 0x0000, 0x0000, 0x0000, 0x0000,
  0x0000, 0x0000, 0x0000, 0x0000, 0x0000, 0x0000, 0x0000, 0x0000, 0x0000, 0x0000, 0x0000, 0x0000,
  0x0000, 0x0000, 0x0000, 0x0000, 0x0000, 0x0000, 0x0000, 0x0000, 0x0000, 0x0000, 0x0000, 0x0000,
  0x0000, 0x0000, 0x0000, 0x0000, 0x0000, 0x0000, 0x0000, 0x0000, 0x0000, 0x0000, 0x0000, 0x0000,
  0x0000, 0x0000, 0x0000, 0x0000, 0x0000, 0x0000, 0x0000, 0x0000, 0x0000, 0x18C3, 0xC5F8, 0xCE18,
  0xCE39, 0xBD96, 0x5AAA, 0x52AA, 0x5ACB, 0x4A69, 0x10A2, 0x1082, 0x1082, 0x18C2, 0x82A6, 0x8AE7,
  0x8AC7, 0x8AC7, 0x8AC7, 0x8AC7, 0x8AC7, 0x8AC7, 0x8AE7, 0x8AE7, 0x8AE7, 0x8AE7, 0x8AC7, 0x8AE7,
  0x8AE7, 0x8AC7, 0xBBA9, 0xCBE9, 0xCBE9, 0xCBE9, 0xCBE9, 0xCBE9, 0xCBE9, 0xCBE9, 0xCBE9, 0xCBE9,
  0xCBE9, 0xCBE9, 0xCBE9, 0xCBE9, 0xCBE9, 0xC3C9, 0xC3C9, 0xC3C9, 0xC3C9, 0xC3C9, 0xC3A9, 0xCC0A,
  0xD44B, 0xD42B, 0xDC4B, 0xED2F, 0xF570, 0xF570, 0xF570, 0xF570, 0xF570, 0xF570, 0xF570, 0xF570,
  0xE4AD, 0xCBC9, 0xCBE9, 0xCC0A, 0x9B28, 0x8AC7, 0x8AE7, 0x8AE7, 0x8AC7, 0x8AC7, 0x8AE7, 0x8AE7,
  0x92E7, 0x92E7, 0x8AC7, 0x92E7, 0x1881, 0x0000, 0x0000, 0x0000, 0x0000, 0x0000, 0x0000, 0x0000,
  0x0000, 0x0000, 0x0000, 0x0000, 0x0000, 0x0000, 0x0000, 0x0000, 0x0000, 0x0000, 0x0000, 0x0000,
  0x0000, 0x0000, 0x0000, 0x0000, 0x0000, 0x0000, 0x0000, 0x0000, 0x0000, 0x0000, 0x0000, 0x0000,
  0x0000, 0x0000, 0x0000, 0x0000, 0x0000, 0x0000, 0x0000, 0x0000, 0x0000, 0x0000, 0x0000, 0x0000,
  0x0000, 0x0000, 0x0000, 0x0000, 0x0000, 0x0000, 0x0000, 0x0000, 0x0000, 0x0000, 0x0000, 0x0000,
  0x18C3, 0xC5F8, 0xCE18, 0xCE39, 0xBD97, 0x5AAA, 0x52AA, 0x5ACB, 0x4A69, 0x0882, 0x0861, 0x0861,
  0x10A2, 0x82A7, 0x8AE7, 0x8AC7, 0x8AC7, 0x8AC7, 0x8AE7, 0x8AE7, 0x8AE7, 0x8AE7, 0x8AE7, 0x8AE7,
  0x8AE7, 0x8AC7, 0x8AC7, 0x8AE7, 0x8AC7, 0xBBA9, 0xCBE9, 0xCBE9, 0xCBE9, 0xCBE9, 0xCBE9, 0xCBE9,
  0xCBE9, 0xCBE9, 0xCBC9, 0xCBE9, 0xCBE9, 0xCBC9, 0xCBC9, 0xC3C9, 0xC3C9, 0xC3A9, 0xC3A9, 0xC3A9,
  0xC3A9, 0xC3A9, 0xCBE9, 0xD40A, 0xD40A, 0xDC6B, 0xF54F, 0xF570, 0xF570, 0xF570, 0xF570, 0xF56F,
  0xF56F, 0xF56F, 0xFD90, 0xDC8C, 0xC3A8, 0xCBE9, 0xCC0A, 0x9B07, 0x82A7, 0x8AC7, 0x8AC7, 0x8AC7,
  0x8AC7, 0x8AC7, 0x8AC7, 0x8AE7, 0x8AC7, 0x8AC7, 0x92E7, 0x1881, 0x0000, 0x0000, 0x0000, 0x0000,
  0x0000, 0x0000, 0x0000, 0x0000, 0x0000, 0x0000, 0x0000, 0x0000, 0x0000, 0x0000, 0x0000, 0x0000,
  0x0000, 0x0000, 0x0000, 0x0000, 0x0000, 0x0000, 0x0000, 0x0000, 0x0000, 0x0000, 0x0000, 0x0000,
  0x0000, 0x0000, 0x0000, 0x0000, 0x0000, 0x0000, 0x0000, 0x0000, 0x0000, 0x0000, 0x0000, 0x0000,
  0x0000, 0x0000, 0x0000, 0x0000, 0x0000, 0x0000, 0x0000, 0x0000, 0x0000, 0x0000, 0x0000, 0x0000,
  0x0000, 0x0000, 0x0000, 0x18C3, 0xC5F8, 0xCE18, 0xCE39, 0xBD96, 0x52AA, 0x52AA, 0x52CB, 0x528A,
  0x49A5, 0x49A4, 0x4184, 0x51C4, 0x8AC7, 0x8AC7, 0x8AC7, 0x8AC7, 0x8AC7, 0x8AE7, 0x8AE7, 0x8AE7,
  0x8AE7, 0x8AE7, 0x8AE7, 0x8AE7, 0x8AC7, 0x8AE7, 0x8AE7, 0x8AC7, 0xBBA9, 0xCBE9, 0xCBE9, 0xCBE9,
  0xCBE9, 0xCBE9, 0xCBE9, 0xCBE9, 0xCBE9, 0xCBE9, 0xCBC9, 0xD42A, 0xDC6C, 0xDC8C, 0xDC8C, 0xDC6C,
  0xDC6C, 0xD46C, 0xD46C, 0xD46C, 0xD46C, 0xE4CE, 0xE50F, 0xE4EF, 0xED2F, 0xF5B1, 0xF5B2, 0xF5B2,
  0xF5B2, 0xF5B2, 0xF5B2, 0xF5B2, 0xF5B2, 0xFDD2, 0xED30, 0xDCCE, 0xE4CD, 0xE48C, 0xB368, 0xA348,
  0xAB48, 0xAB68, 0x92E7, 0x8AC7, 0x8AC7, 0x8AC7, 0x8AC7, 0x8AC7, 0x8AC7, 0x92E7, 0x1881, 0x0000,
  0x0000, 0x0000, 0x0000, 0x0000, 0x0000, 0x0000, 0x0000, 0x0000, 0x0000, 0x0000, 0x0000, 0x0000,
  0x0000, 0x0000, 0x0000, 0x0000, 0x0000, 0x0000, 0x0000, 0x0000, 0x0000, 0x0000, 0x0000, 0x0000,
  0x0000, 0x0000, 0x0000, 0x0000, 0x0000, 0x0000, 0x0000, 0x0000, 0x0000, 0x0000, 0x0000, 0x0000,
  0x0000, 0x0000, 0x0000, 0x0000, 0x0000, 0x0000, 0x0000, 0x0000, 0x0000, 0x0000, 0x0000, 0x0000,
  0x0000, 0x0000, 0x0000, 0x0000, 0x0000, 0x0000, 0x18C3, 0xC5F8, 0xCE18, 0xCE39, 0xBD97, 0x52AA,
  0x52AA, 0x52AA, 0x5ACA, 0x92E7, 0x92E7, 0x92E7, 0x92E7, 0x8AC7, 0x8AC7, 0x8AC7, 0x8AE7, 0x8AE7,
  0x8AE7, 0x8AE7, 0x8AE7, 0x8AE7, 0x8AE7, 0x8AE7, 0x8AE7, 0x8AE7, 0x8AE7, 0x8AE7, 0x8AE7, 0xBBA9,
  0xCBE9, 0xCBE9, 0xCBE9, 0xCBE9, 0xCBE9, 0xCBE9, 0xCBE9, 0xCBE9, 0xCBE9, 0xCBC9, 0xDC6B, 0xF54E,
  0xF54F, 0xF54F, 0xF54F, 0xF54F, 0xED4F, 0xED4F, 0xED4F, 0xED2F, 0xFDF3, 0xFE34, 0xFE14, 0xFE14,
  0xFE14, 0xFDF4, 0xFDF4, 0xFDF4, 0xFDF4, 0xFE15, 0xFE14, 0xFE14, 0xFDF4, 0xFE14, 0xFE35, 0xF591,
  0xF56F, 0xD42B, 0xCBC9, 0xD3E9, 0xD40A, 0x9B28, 0x8AA7, 0x8AC7, 0x8AC7, 0x8AC7, 0x8AC7, 0x8AC7,
  0x92E7, 0x1881, 0x0000, 0x0000, 0x0000, 0x0000, 0x0000, 0x0000, 0x0000, 0x0000, 0x0000, 0x0000,
  0x0000, 0x0000, 0x0000, 0x0000, 0x0000, 0x0000, 0x0000, 0x0000, 0x0000, 0x0000, 0x0000, 0x0000,
  0x0000, 0x0000, 0x0000, 0x0000, 0x0000, 0x0000, 0x0000, 0x0000, 0x0000, 0x0000, 0x0000, 0x0000,
  0x0000, 0x0000, 0x0000, 0x0000, 0x0000, 0x0000, 0x0000, 0x0000, 0x0000, 0x0000, 0x0000, 0x0000,
  0x0000, 0x0000, 0x0000, 0x0000, 0x0000, 0x0000, 0x0000, 0x0000, 0x0000, 0x18C3, 0xC5F8, 0xCE18,
  0xCE19, 0xBD97, 0x5AAA, 0x52AA, 0x52AA, 0x5AAA, 0x8AC7, 0x8AC7, 0x8AC7, 0x8AC7, 0x8AC7, 0x8AE7,
  0x8AC7, 0x8AC7, 0x8AE7, 0x8AE7, 0x8AE7, 0x8AE7, 0x8AE7, 0x92E7, 0x8AE7, 0x8AE7, 0x8AE7, 0x8AE7,
  0x8AE7, 0x8AE7, 0xBBA9, 0xCBE9, 0xCBE9, 0xCBE9, 0xCBE9, 0xCBE9, 0xCBE9, 0xCBE9, 0xCBE9, 0xCBEA,
  0xCBC9, 0xDC4B, 0xF52E, 0xF52F, 0xF54F, 0xF54F, 0xED4F, 0xED2F, 0xED2F, 0xED2F, 0xED2F, 0xF5D3,
  0xF5F4, 0xF5F3, 0xF5F3, 0xF5F4, 0xFDF4, 0xF5F4, 0xFDF4, 0xF5F4, 0xFE14, 0xFE14, 0xF614, 0xF614,
  0xFE14, 0xF5F4, 0xF570, 0xF56F, 0xD42B, 0xCBC9, 0xCBE9, 0xCBEA, 0x9B08, 0x8AA7, 0x8AC7, 0x8AC7,
  0x8AC7, 0x8AC7, 0x8AC7, 0x92E7, 0x1881, 0x0000, 0x0000, 0x0000, 0x0000, 0x0000, 0x0000, 0x0000,
  0x0000, 0x0000, 0x0000, 0x0000, 0x0000, 0x0000, 0x0000, 0x0000, 0x0000, 0x0000, 0x0000, 0x0000,
  0x0000, 0x0000, 0x0000, 0x0000, 0x0000, 0x0000, 0x0000, 0x0000, 0x0000, 0x0000, 0x0000, 0x0000,
  0x0000, 0x0000, 0x0000, 0x0000, 0x0000, 0x0000, 0x0000, 0x0000, 0x0000, 0x0000, 0x0000, 0x0000,
  0x0000, 0x0000, 0x0000, 0x0000, 0x0000, 0x0000, 0x0000, 0x0000, 0x0000, 0x0000, 0x0000, 0x0000,
  0x18E3, 0xC5F8, 0xCE18, 0xCE19, 0xBD97, 0x5AAA, 0x52AA, 0x52AA, 0x5AAA, 0x82C7, 0x8AC7, 0x8AC7,
  0x8AC7, 0x8AC7, 0x8AC7, 0x8AE7, 0x8AE7, 0x8AE7, 0x8AE7, 0x8AE7, 0x8AE7, 0x82C7, 0x82C7, 0x82C7,
  0x82C8, 0x8AC7, 0x8AC7, 0x8AC7, 0x8AC7, 0xBBA9, 0xD3E9, 0xCBE9, 0xCBE9, 0xCBE9, 0xCBE9, 0xCBE9,
  0xCBE9, 0xCBE9, 0xCBC9, 0xC3A9, 0xD44B, 0xF52E, 0xF52E, 0xF52E, 0xF52E, 0xED2E, 0xED2E, 0xED2E,
  0xED2E, 0xED2F, 0xF5F3, 0xFE14, 0xFE14, 0xFE14, 0xF5F4, 0xFDF4, 0xFDF4, 0xF5F3, 0xF5F4, 0xFDF4,
  0xFDF4, 0xFDF4, 0xFDF4, 0xFDF3, 0xFDF3, 0xF590, 0xF56F, 0xD40A, 0xCBA8, 0xCBC9, 0xD3E9, 0x9B07,
  0x82A7, 0x8AC7, 0x8AC7, 0x8AC7, 0x8AC7, 0x8AC7, 0x92E7, 0x1881, 0x0000, 0x0000, 0x0000, 0x0000,
  0x0000, 0x0000, 0x0000, 0x0000, 0x0000, 0x0000, 0x0000, 0x0000, 0x0000, 0x0000, 0x0000, 0x0000,
  0x0000, 0x0000, 0x0000, 0x0000, 0x0000, 0x0000, 0x0000, 0x0000, 0x0000, 0x0000, 0x0000, 0x0000,
  0x0000, 0x0000, 0x0000, 0x0000, 0x0000, 0x0000, 0x0000, 0x0000, 0x0000, 0x0000, 0x0000, 0x0000,
  0x0000, 0x0000, 0x0000, 0x0000, 0x0000, 0x0000, 0x0000, 0x0000, 0x0000, 0x0000, 0x0000, 0x0000,
  0x0000, 0x0000, 0x0000, 0x18E3, 0xC618, 0xCE18, 0xCE39, 0xB596, 0x52AA, 0x5AAA, 0x52AA, 0x62CA,
  0xA348, 0xAB48, 0xAB48, 0xAB48, 0x8AE7, 0x8AC7, 0x8AE7, 0x8AC7, 0x8AC7, 0x8AE7, 0x8AE7, 0x8AE7,
  0xB325, 0xC345, 0xBB45, 0xBB45, 0xB347, 0xAB48, 0xAB68, 0xAB68, 0xC3C9, 0xCBE9, 0xCBE9, 0xCBE9,
  0xCBE9, 0xCBE9, 0xCBE9, 0xD40A, 0xDC8C, 0xDC8C, 0xDC6C, 0xE4CD, 0xF590, 0xF591, 0xF591, 0xF591,
  0xF591, 0xF591, 0xF591, 0xF591, 0xF591, 0xF5F3, 0xF614, 0xF5F4, 0xF5F4, 0xF5F4, 0xFDF4, 0xFE15,
  0xFE56, 0xFE77, 0xFE98, 0xFE98, 0xFE98, 0xF697, 0xF697, 0xFE98, 0xF614, 0xF5B2, 0xE4AD, 0xDC8C,
  0xDCAC, 0xE4CD, 0xA348, 0x82A6, 0x8AC7, 0x8AC7, 0x8AC7, 0x8AC7, 0x8AC7, 0x92E7, 0x1881, 0x0000,
  0x0000, 0x0000, 0x0000, 0x0000, 0x0000, 0x0000, 0x0000, 0x0000, 0x0000, 0x0000, 0x0000, 0x0000,
  0x0000, 0x0000, 0x0000, 0x0000, 0x0000, 0x0000, 0x0000, 0x0000, 0x0000, 0x0000, 0x0000, 0x0000,
  0x0000, 0x0000, 0x0000, 0x0000, 0x0000, 0x0000, 0x0000, 0x0000, 0x0000, 0x0000, 0x0000, 0x0000,
  0x0000, 0x0000, 0x0000, 0x0000, 0x0000, 0x0000, 0x0000, 0x0000, 0x0000, 0x0000, 0x0000, 0x0000,
  0x0000, 0x0000, 0x0000, 0x0000, 0x0000, 0x0000, 0x18E3, 0xC618, 0xC638, 0xCE59, 0xB5B6, 0x5ACB,
  0x5AAA, 0x52AB, 0x62EA, 0xCBE9, 0xD3E9, 0xD3E9, 0xCBE9, 0x92E7, 0x8AC7, 0x8AC7, 0x8AC7, 0x8AE7,
  0x8AE7, 0x8AE7, 0x8AE7, 0xEBA3, 0xFBE1, 0xFBE1, 0xFBE1, 0xDBE7, 0xCBEA, 0xD3E9, 0xD3E9, 0xCBE9,
  0xCBE9, 0xCBE9, 0xCBE9, 0xCBE9, 0xCBE9, 0xCBE9, 0xD44B, 0xF54F, 0xFDB1, 0xFD90, 0xFD6F, 0xFDD3,
  0xFE14, 0xFE14, 0xFE14, 0xFE14, 0xFE14, 0xFE14, 0xFE14, 0xFE14, 0xF614, 0xF614, 0xF5F4, 0xF614,
  0xF614, 0xFDF4, 0xFE56, 0xFEB8, 0xFEFA, 0xF75C, 0xF73C, 0xF73C, 0xF73C, 0xF73C, 0xF73C, 0xF677,
  0xF635, 0xFDB1, 0xFD70, 0xFD90, 0xFDB0, 0xAB89, 0x82A6, 0x8AC7, 0x8AC7, 0x8AC7, 0x8AC7, 0x8AC7,
  0x92E7, 0x1881, 0x0000, 0x0000, 0x0000, 0x0000, 0x0000, 0x0000, 0x0000, 0x0000, 0x0000, 0x0000,
  0x0000, 0x0000, 0x0000, 0x0000, 0x0000, 0x0000, 0x0000, 0x0000, 0x0000, 0x0000, 0x0000, 0x0000,
  0x0000, 0x0000, 0x0000, 0x0000, 0x0000, 0x0000, 0x0000, 0x0000, 0x0000, 0x0000, 0x0000, 0x0000,
  0x0000, 0x0000, 0x0000, 0x0000, 0x0000, 0x0000, 0x0000, 0x0000, 0x0000, 0x0000, 0x0000, 0x0000,
  0x0000, 0x0000, 0x0000, 0x0000, 0x0000, 0x0000, 0x0000, 0x0000, 0x0000, 0x18E3, 0xC618, 0xC638,
  0xCE59, 0xB5B6, 0x5ACB, 0x5ACA, 0x52CB, 0x62EA, 0xC3C9, 0xCBC9, 0xCBE9, 0xC3C9, 0x92E7, 0x8AC7,
  0x8AC7, 0x8AC7, 0x8AC7, 0x8AE7, 0x8AE7, 0x8AE7, 0xE3A3, 0xFBE2, 0xFBE2, 0xFBC2, 0xD3E7, 0xCBEA,
  0xCBE9, 0xCBE9, 0xCBE9, 0xCBE9, 0xCBE9, 0xCBE9, 0xCBE9, 0xCBEA, 0xCBE9, 0xD42B, 0xE4AC, 0xE4AB,
  0xE4AC, 0xECED, 0xF5D2, 0xFDF4, 0xFDF3, 0xFDF4, 0xFDF4, 0xF5F3, 0xF5F3, 0xF5F3, 0xF5F3, 0xF5F3,
  0xF5F3, 0xF5F3, 0xF5F4, 0xF5F4, 0xF5D3, 0xF635, 0xF698, 0xF6D9, 0xF71B, 0xF71B, 0xF71B, 0xF71B,
  0xF71B, 0xF71B, 0xF636, 0xF615, 0xF590, 0xF54F, 0xF56F, 0xFD90, 0xAB89, 0x82A6, 0x8AE7, 0x8AC7,
  0x8AC7, 0x8AC7, 0x8AE7, 0x92E7, 0x1881, 0x0000, 0x0000, 0x0000, 0x0000, 0x0000, 0x0000, 0x0000,
  0x0000, 0x0000, 0x0000, 0x0000, 0x0000, 0x0000, 0x0000, 0x0000, 0x0000, 0x0000, 0x0000, 0x0000,
  0x0000, 0x0000, 0x0000, 0x0000, 0x0000, 0x0000, 0x0000, 0x0000, 0x0000, 0x0000, 0x0000, 0x0000,
  0x0000, 0x0000, 0x0000, 0x0000, 0x0000, 0x0000, 0x0000, 0x0000, 0x0000, 0x0000, 0x0000, 0x0000,
  0x0000, 0x0000, 0x0000, 0x0000, 0x0000, 0x0000, 0x0000, 0x0000, 0x0000, 0x0000, 0x0000, 0x0000,
  0x18E3, 0xC618, 0xC638, 0xCE59, 0xB5B6, 0x5ACB, 0x5ACA, 0x52CB, 0x62EB, 0xCBEA, 0xD3E9, 0xD3E9,
  0xCBE9, 0x92E7, 0x8AC7, 0x8AC7, 0x8AC7, 0x8AC7, 0x8AE7, 0x8AE7, 0x8AE7, 0xE382, 0xFBC1, 0xFBC1,
  0xFBC0, 0xD3C7, 0xC3C9, 0xCBC9, 0xCBC9, 0xCBC9, 0xCBC9, 0xCBC9, 0xCBC9, 0xCBC9, 0xCBC9, 0xCBC9,
  0xCBA9, 0xE48B, 0xECCC, 0xE4AC, 0xED2E, 0xFDD3, 0xFDF4, 0xFDF4, 0xFDF4, 0xFE14, 0xFE34, 0xFE14,
  0xFE14, 0xFE14, 0xFE34, 0xFE35, 0xFE35, 0xFE35, 0xFE55, 0xFE35, 0xFE76, 0xFF1A, 0xFF5B, 0xFF9D,
  0xFF9D, 0xFF9D, 0xFF9D, 0xFF7D, 0xFF7D, 0xFEB7, 0xFE76, 0xFDB1, 0xF56F, 0xF56F, 0xFD90, 0xAB89,
  0x8286, 0x8AC7, 0x8AC7, 0x8AC7, 0x8AC7, 0x8AC7, 0x92E7, 0x1881, 0x0000, 0x0000, 0x0000, 0x0000,
  0x0000, 0x0000, 0x0000, 0x0000, 0x0000, 0x0000, 0x0000, 0x0000, 0x0000, 0x0000, 0x0000, 0x0000,
  0x0000, 0x0000, 0x0000, 0x0000, 0x0000, 0x0000, 0x0000, 0x0000, 0x0000, 0x0000, 0x0000, 0x0000,
  0x0000, 0x0000, 0x0000, 0x0000, 0x0000, 0x0000, 0x0000, 0x0000, 0x0000, 0x0000, 0x0000, 0x0000,
  0x0000, 0x0000, 0x0000, 0x0000, 0x0000, 0x0000, 0x0000, 0x0000, 0x0000, 0x0000, 0x0000, 0x0000,
  0x0000, 0x0000, 0x0000, 0x18E3, 0xC618, 0xC638, 0xCE59, 0xB5B6, 0x5ACB, 0x5ACB, 0x5ACB, 0x62EB,
  0xAB68, 0xB368, 0xB368, 0xAB68, 0x8AE7, 0x8AC7, 0x8AC7, 0x8AC7, 0x8AC7, 0x8AE7, 0x8AE7, 0x8AC7,
  0xE427, 0xFC87, 0xFC67, 0xFC87, 0xE46A, 0xDC6C, 0xDC8C, 0xDC8C, 0xDC8C, 0xDC6C, 0xDC8C, 0xDC6C,
  0xDCAD, 0xDCAE, 0xDCCE, 0xDCCD, 0xED50, 0xF5B1, 0xF591, 0xF591, 0xFDF3, 0xFE14, 0xFDF4, 0xFE14,
  0xF5B2, 0xE530, 0xED30, 0xED30, 0xED30, 0xD4CF, 0xCCAF, 0xCCAF, 0xCCCF, 0xB44E, 0x9BCD, 0xA40E,
  0x9C50, 0xA4B1, 0xAD13, 0xAD13, 0xAD13, 0xAD13, 0xAD13, 0xAD13, 0xACB0, 0xA42E, 0xE50F, 0xFD8F,
  0xF56F, 0xFD90, 0xB3AA, 0x9AE7, 0xA328, 0xA348, 0x92E7, 0x8AC7, 0x8AC7, 0x92E7, 0x1881, 0x0000,
  0x0000, 0x0000, 0x0000, 0x0000, 0x0000, 0x0000, 0x0000, 0x0000, 0x0000, 0x0000, 0x0000, 0x0000,
  0x0000, 0x0000, 0x0000, 0x0000, 0x0000, 0x0000, 0x0000, 0x0000, 0x0000, 0x0000, 0x0000, 0x0000,
  0x0000, 0x0000, 0x0000, 0x0000, 0x0000, 0x0000, 0x0000, 0x0000, 0x0000, 0x0000, 0x0000, 0x0000,
  0x0000, 0x0000, 0x0000, 0x0000, 0x0000, 0x0000, 0x0000, 0x0000, 0x0000, 0x0000, 0x0000, 0x0000,
  0x0000, 0x0000, 0x0000, 0x0000, 0x0000, 0x0000, 0x18E3, 0xC638, 0xCE38, 0xCE59, 0xBDB7, 0x62CB,
  0x5ACB, 0x5ACB, 0x62CA, 0x82C7, 0x8AC7, 0x8AC7, 0x8AC7, 0x8AC7, 0x8AC7, 0x8AC7, 0x8AC7, 0x8AC7,
  0x8AE7, 0x8AE7, 0x8AC7, 0xE4EE, 0xFD90, 0xF590, 0xF590, 0xFD90, 0xFD70, 0xFD6F, 0xFD90, 0xFD90,
  0xFD6F, 0xFD6F, 0xFD6F, 0xFE13, 0xFE35, 0xFE14, 0xFE35, 0xFE14, 0xFDF4, 0xFE14, 0xFE14, 0xFE14,
  0xFE14, 0xF5F4, 0xFE35, 0xE50F, 0xCBA8, 0xD409, 0xCBE9, 0xD3E9, 0x9AE7, 0x8286, 0x82A6, 0x92E7,
  0x3943, 0x0021, 0x0861, 0x0020, 0x10C3, 0x2965, 0x2945, 0x2945, 0x2965, 0x2965, 0x2965, 0x3186,
  0x2145, 0xBC4D, 0xFDB0, 0xF54F, 0xFD90, 0xD42A, 0xC388, 0xC3C9, 0xC3C9, 0x9B07, 0x8AC7, 0x8AC7,
  0x92E7, 0x1881, 0x0000, 0x0000, 0x0000, 0x0000, 0x0000, 0x0000, 0x0000, 0x0000, 0x0000, 0x0000,
  0x0000, 0x0000, 0x0000, 0x0000, 0x0000, 0x0000, 0x0000, 0x0000, 0x0000, 0x0000, 0x0000, 0x0000,
  0x0000, 0x0000, 0x0000, 0x0000, 0x0000, 0x0000, 0x0000, 0x0000, 0x0000, 0x0000, 0x0000, 0x0000,
  0x0000, 0x0000, 0x0000, 0x0000, 0x0000, 0x0000, 0x0000, 0x0000, 0x0000, 0x0000, 0x0000, 0x0000,
  0x0000, 0x0000, 0x0000, 0x0000, 0x0000, 0x0000, 0x0000, 0x0000, 0x0000, 0x18E3, 0xC638, 0xCE38,
  0xCE59, 0xBDD7, 0x62CB, 0x5ACB, 0x5ACB, 0x62CA, 0x8AE7, 0x8AE7, 0x8AE7, 0x8AE7, 0x8AC7, 0x8AC7,
  0x8AC7, 0x8AC7, 0x8AC7, 0x8AC7, 0x8AC7, 0x8AC7, 0xDCCD, 0xFD6F, 0xF54F, 0xF54F, 0xF54F, 0xF56F,
  0xF56F, 0xF56F, 0xF56F, 0xF54F, 0xF56F, 0xF54F, 0xF5D2, 0xFDF4, 0xF5F4, 0xF5F4, 0xFDF4, 0xFDF4,
  0xFDF4, 0xFDF4, 0xFDF4, 0xF5F4, 0xF5F4, 0xFE14, 0xE4EF, 0xCBE9, 0xD40A, 0xCC0A, 0xD42A, 0xA348,
  0x8AC7, 0x8AE7, 0x9308, 0x49A5, 0x10A2, 0x18C3, 0x18A2, 0x2945, 0x39C7, 0x39C7, 0x39C7, 0x39C7,
  0x39E7, 0x39C7, 0x41E7, 0x39C7, 0xBC6D, 0xFD90, 0xF54F, 0xF56F, 0xCC0A, 0xBBA8, 0xC3C9, 0xC3A9,
  0x9B07, 0x8AC7, 0x8AE7, 0x92E7, 0x1881, 0x0000, 0x0000, 0x0000, 0x0000, 0x0000, 0x0000, 0x0000,
  0x0000, 0x0000, 0x0000, 0x0000, 0x0000, 0x0000, 0x0000, 0x0000, 0x0000, 0x0000, 0x0000, 0x0000,
  0x0000, 0x0000, 0x0000, 0x0000, 0x0000, 0x0000, 0x0000, 0x0000, 0x0000, 0x0000, 0x0000, 0x0000,
  0x0000, 0x0000, 0x0000, 0x0000, 0x0000, 0x0000, 0x0000, 0x0000, 0x0000, 0x0000, 0x0000, 0x0000,
  0x0000, 0x0000, 0x0000, 0x0000, 0x0000, 0x0000, 0x0000, 0x0000, 0x0000, 0x0000, 0x0000, 0x0000,
  0x10A2, 0xC638, 0xCE59, 0xCE59, 0xBDB7, 0x5ACB, 0x5ACB, 0x5ACB, 0x62CB, 0x82C7, 0x8AC7, 0x8AC7,
  0x8AC7, 0x92E7, 0x92E7, 0x92E7, 0x92E7, 0x9307, 0x9307, 0x9307, 0x92E7, 0xED2E, 0xFDD0, 0xFDB0,
  0xFDB0, 0xFD90, 0xFD90, 0xFD90, 0xFD90, 0xFD90, 0xFD90, 0xFD90, 0xFD90, 0xFDD3, 0xFDF4, 0xFDF4,
  0xFDF4, 0xFE14, 0xFE14, 0xFE14, 0xFE14, 0xFE14, 0xFE35, 0xFE14, 0xFE35, 0xED30, 0xD409, 0xD42A,
  0xD42A, 0xDC4A, 0xAB69, 0x92E7, 0x9307, 0xA348, 0x49C5, 0x0861, 0x10A2, 0x1082, 0x1904, 0x31A6,
  0x31A6, 0x31A7, 0x31A6, 0x2986, 0x29A6, 0x31A6, 0x2166, 0xC48D, 0xFDD0, 0xFD8F, 0xFDB0, 0xD42B,
  0xBB88, 0xC3C9, 0xC3C9, 0x9B08, 0x8AC7, 0x8AC7, 0x92E7, 0x1881, 0x0000, 0x0000, 0x0000, 0x0000,
  0x0000, 0x0000, 0x0000, 0x0000, 0x0000, 0x0000, 0x0000, 0x0000, 0x0000, 0x0000, 0x0000, 0x0000,
  0x0000, 0x0000, 0x0000, 0x0000, 0x0000, 0x0000, 0x0000, 0x0000, 0x0000, 0x0000, 0x0000, 0x0000,
  0x0000, 0x0000, 0x0000, 0x0000, 0x0000, 0x0000, 0x0000, 0x0000, 0x0000, 0x0000, 0x0000, 0x0000,
  0x0000, 0x0000, 0x0000, 0x0000, 0x0000, 0x0000, 0x0000, 0x0000, 0x0000, 0x0000, 0x0000, 0x0020,
  0x3186, 0x31A6, 0x3186, 0x4228, 0xC638, 0xC638, 0xCE59, 0xBDB6, 0x72C9, 0x72C9, 0x6ACA, 0x72E9,
  0xA328, 0xA328, 0xA348, 0xA348, 0x7287, 0x6A67, 0x7287, 0x7287, 0x6226, 0x6225, 0x6205, 0x6226,
  0xA3CB, 0xB42C, 0xB42C, 0xB42C, 0xD48D, 0xECED, 0xE4ED, 0xE4ED, 0xECED, 0xECED, 0xE4ED, 0xE4CD,
  0xF5B2, 0xFE14, 0xF5F3, 0xF5F4, 0xF5D3, 0xFDD2, 0xFDD2, 0xFDD2, 0xED71, 0xED50, 0xED30, 0xED51,
  0xCC6D, 0xB368, 0xBBA9, 0xBBA9, 0xBBC9, 0x7266, 0x51A4, 0x59E5, 0x6205, 0x3123, 0x18E3, 0x2924,
  0x20E3, 0x3164, 0x5A27, 0x5227, 0x5207, 0x5A27, 0x6A87, 0x6A67, 0x7288, 0x6247, 0x93AB, 0xC48E,
  0xBC4D, 0xBC6E, 0xC40A, 0xC3A8, 0xC3C9, 0xC3C9, 0x9B08, 0x8AC7, 0x8AC7, 0x92E7, 0x1881, 0x0000,
  0x0000, 0x0000, 0x0000, 0x0000, 0x0000, 0x0000, 0x0000, 0x0000, 0x0000, 0x0000, 0x0000, 0x0000,
  0x0000, 0x0000, 0x0000, 0x0000, 0x0000, 0x0000, 0x0000, 0x0000, 0x0000, 0x0000, 0x0000, 0x0000,
  0x0000, 0x0000, 0x0000, 0x0000, 0x0000, 0x0000, 0x0000, 0x0000, 0x0000, 0x0000, 0x0000, 0x0000,
  0x0000, 0x0000, 0x0000, 0x0000, 0x0000, 0x0000, 0x0000, 0x0000, 0x0000, 0x0000, 0x0000, 0x0000,
  0x0000, 0x0000, 0x0841, 0x7BEF, 0x8C51, 0x8430, 0x9492, 0xC618, 0xC618, 0xC638, 0xBDB5, 0x92E7,
  0x92C7, 0x8AC7, 0x92E7, 0xCBE9, 0xD3E9, 0xD409, 0xC3EA, 0x41C7, 0x3186, 0x31A6, 0x39A7, 0x10A3,
  0x0882, 0x10A2, 0x10A2, 0x2125, 0x2966, 0x2986, 0x2146, 0x9308, 0xD3E9, 0xC3A9, 0xCBC9, 0xCBC9,
  0xCBC9, 0xC3C9, 0xC3A8, 0xED91, 0xFE14, 0xF5F3, 0xF5F3, 0xF590, 0xF54F, 0xF54F, 0xFD6F, 0xDC4B,
  0xC3A8, 0xCBC9, 0xCBE9, 0x9B07, 0x82A7, 0x8AC7, 0x8AC7, 0x8AE7, 0x20A1, 0x0000, 0x0000, 0x0000,
  0x18C3, 0x41E7, 0x41C6, 0x39C7, 0x6247, 0x92E7, 0x92E7, 0x8AC7, 0x9B28, 0xD40A, 0xD3E9, 0xDC0A,
  0xC3EA, 0x4A49, 0x4249, 0x4249, 0x3A29, 0x9329, 0xCBC9, 0xC3C9, 0xC3E9, 0x9B07, 0x8AC7, 0x8AC7,
  0x92E7, 0x1881, 0x0000, 0x0000, 0x0000, 0x0000, 0x0000, 0x0000, 0x0000, 0x0000, 0x0000, 0x0000,
  0x0000, 0x0000, 0x0000, 0x0000, 0x0000, 0x0000, 0x0000, 0x0000, 0x0000, 0x0000, 0x0000, 0x0000,
  0x0000, 0x0000, 0x0000, 0x0000, 0x0000, 0x0000, 0x0000, 0x0000, 0x0000, 0x0000, 0x0000, 0x0000,
  0x0000, 0x0000, 0x0000, 0x0000, 0x0000, 0x0000, 0x0000, 0x0000, 0x0000, 0x0000, 0x0000, 0x0000,
  0x0000, 0x0000, 0x0000, 0x0000, 0x0000, 0x0841, 0x73AE, 0x8410, 0x7BEF, 0x8430, 0xC618, 0xC618,
  0xC638, 0xBDB6, 0x8AE7, 0x8AC7, 0x8AC7, 0x92E7, 0xCBE9, 0xCBE9, 0xCBE9, 0xC3C9, 0x41C7, 0x39C6,
  0x41C7, 0x39A6, 0x18E3, 0x18A2, 0x18C2, 0x18C2, 0x3165, 0x39A6, 0x39A6, 0x31A6, 0x9B49, 0xD3E9,
  0xC3C9, 0xCBE9, 0xCBE9, 0xCBE9, 0xCBE9, 0xC3C9, 0xED71, 0xF614, 0xF5F3, 0xF5F3, 0xF590, 0xF54F,
  0xF54F, 0xFD6F, 0xDC6B, 0xCBE9, 0xCBEA, 0xD40A, 0xA348, 0x8AC7, 0x8AE7, 0x8AC7, 0x9307, 0x28E2,
  0x0000, 0x0020, 0x0000, 0x20E3, 0x41C7, 0x39A6, 0x39C7, 0x6247, 0x8AE7, 0x8AC7, 0x8AC7, 0x9B28,
  0xC3C9, 0xC3C9, 0xCBE9, 0xB3A9, 0x5289, 0x5289, 0x5289, 0x4A8A, 0x9349, 0xCBE9, 0xC3C9, 0xC3E9,
  0x9B07, 0x8AA7, 0x8AC7, 0x92C7, 0x20A1, 0x0000, 0x0000, 0x0000, 0x0000, 0x0000, 0x0000, 0x0000,
  0x0000, 0x0000, 0x0000, 0x0000, 0x0000, 0x0000, 0x0000, 0x0000, 0x0000, 0x0000, 0x0000, 0x0000,
  0x0000, 0x0000, 0x0000, 0x0000, 0x0000, 0x0000, 0x0000, 0x0000, 0x0000, 0x0000, 0x0000, 0x0000,
  0x0000, 0x0000, 0x0000, 0x0000, 0x0000, 0x0000, 0x0000, 0x0000, 0x0000, 0x0000, 0x0000, 0x0000,
  0x0000, 0x0000, 0x0000, 0x0000, 0x0000, 0x0000, 0x0000, 0x0000, 0x0841, 0x738E, 0x7BEF, 0x7BCE,
  0x8410, 0xC617, 0xC638, 0xC658, 0xBDB6, 0x8AC7, 0x8AC7, 0x8AC7, 0x9307, 0xD409, 0xD409, 0xDC09,
  0xCBE9, 0x41C6, 0x3186, 0x3986, 0x3986, 0x10A2, 0x1082, 0x1082, 0x1082, 0x2965, 0x31A6, 0x39C6,
  0x31A7, 0xA349, 0xDC2A, 0xD40A, 0xD40A, 0xD40A, 0xD40A, 0xD42A, 0xD40A, 0xF5B2, 0xFE34, 0xFE34,
  0xFE34, 0xFDB1, 0xFD6F, 0xFD90, 0xFD90, 0xDC6B, 0xCBE9, 0xCBE9, 0xD3EA, 0xAB68, 0x8AC7, 0x92E7,
  0x8AC7, 0x9B07, 0x28C2, 0x0000, 0x0000, 0x0000, 0x18C3, 0x41C7, 0x39A6, 0x39A6, 0x6226, 0x92C6,
  0x8AC7, 0x8AA7, 0xA348, 0xDC2A, 0xD40A, 0xDC2A, 0xC3CA, 0x4A69, 0x4249, 0x4A69, 0x4249, 0x9329,
  0xCBE9, 0xC3A9, 0xC3C9, 0x9B07, 0x8AC7, 0x8AC7, 0x8AC7, 0x1040, 0x0000, 0x0000, 0x0000, 0x0000,
  0x0000, 0x0000, 0x0000, 0x0000, 0x0000, 0x0000, 0x0000, 0x0000, 0x0000, 0x0000, 0x0000, 0x0000,
  0x0000, 0x0000, 0x0000, 0x0000, 0x0000, 0x0000, 0x0000, 0x0000, 0x0000, 0x0000, 0x0000, 0x0000,
  0x0000, 0x0000, 0x0000, 0x0000, 0x0000, 0x0000, 0x0000, 0x0000, 0x0000, 0x0000, 0x0000, 0x0000,
  0x0000, 0x0000, 0x0000, 0x0000, 0x0000, 0x0000, 0x0000, 0x0000, 0x0000, 0x0000, 0x0000, 0x0841,
  0x8C51, 0x9CB2, 0x9492, 0x9CD3, 0xC618, 0xC618, 0xC638, 0xBDB6, 0x8AE7, 0x8AC7, 0x8AC7, 0x92E7,
  0xA349, 0xA328, 0xA348, 0x9B28, 0x5269, 0x5269, 0x5269, 0x5269, 0x3186, 0x2945, 0x2965, 0x2965,
  0x2945, 0x2945, 0x2965, 0x2145, 0x7266, 0x9B07, 0x92E7, 0x92E7, 0x92E7, 0x92E7, 0x92E7, 0x92C7,
  0xC48E, 0xDD30, 0xD50F, 0xD510, 0xE4EE, 0xECED, 0xE4ED, 0xED0E, 0xD44B, 0xCBE9, 0xCBE9, 0xD40A,
  0x9B28, 0x6A67, 0x7267, 0x7287, 0x7287, 0x2903, 0x1082, 0x1082, 0x1082, 0x2945, 0x4A28, 0x4208,
  0x41E8, 0x6289, 0x8B29, 0x8329, 0x832A, 0x8B09, 0x92E7, 0x92C7, 0x92E7, 0x82A7, 0x6ACA, 0x834B,
  0x7B4B, 0x7B4B, 0xB3EB, 0xDC6B, 0xD44B, 0xDC6C, 0x9B28, 0x8AA7, 0x8AC7, 0x8AC7, 0x5184, 0x4143,
  0x4943, 0x4963, 0x1060, 0x0000, 0x0000, 0x0000, 0x0000, 0x0000, 0x0000, 0x0000, 0x0000, 0x0000,
  0x0000, 0x0000, 0x0000, 0x0000, 0x0000, 0x0000, 0x0000, 0x0000, 0x0000, 0x0000, 0x0000, 0x0000,
  0x0000, 0x0000, 0x0000, 0x0000, 0x0000, 0x0000, 0x0000, 0x0000, 0x0000, 0x0000, 0x0000, 0x0000,
  0x0000, 0x0000, 0x0000, 0x0000, 0x0000, 0x0000, 0x0000, 0x0000, 0x0000, 0x0000, 0x0000, 0x0000,
  0x0000, 0x0000, 0x1061, 0xBDF7, 0xCE79, 0xCE58, 0xCE38, 0xC618, 0xC5F8, 0xC619, 0xBD96, 0x8AE7,
  0x8AC7, 0x8AE7, 0x82A7, 0x39A6, 0x3186, 0x3186, 0x39E7, 0x7BEF, 0x8430, 0x8410, 0x8410, 0x6B2C,
  0x62CB, 0x62EB, 0x630C, 0x2124, 0x1082, 0x10A2, 0x1082, 0x0882, 0x0882, 0x0882, 0x0862, 0x0862,
  0x0882, 0x0882, 0x0862, 0x6A25, 0x8AC6, 0x82A6, 0x82A6, 0xB348, 0xC3A9, 0xBBA9, 0xBBA9, 0xCBC9,
  0xCBE9, 0xCBE9, 0xD40A, 0x7288, 0x2166, 0x31A6, 0x31A6, 0x3186, 0x39A6, 0x39C7, 0x39C7, 0x39A6,
  0x4A49, 0x5AEB, 0x5ACB, 0x5ACA, 0x6B4D, 0x7BF0, 0x7BCF, 0x8410, 0x5AEB, 0x0041, 0x0861, 0x0882,
  0x0061, 0xB40B, 0xF54F, 0xED0F, 0xED0F, 0xF54F, 0xFD6F, 0xF56F, 0xFD90, 0xA369, 0x8AA6, 0x8AC7,
  0x8AC7, 0xCBE9, 0xDC2A, 0xD409, 0xE44A, 0x3902, 0x0000, 0x0000, 0x0000, 0x0000, 0x0000, 0x0000,
  0x0000, 0x0000, 0x0000, 0x0000, 0x0000, 0x0000, 0x0000, 0x0000, 0x0000, 0x0000, 0x0000, 0x0000,
  0x0000, 0x0000, 0x0000, 0x0000, 0x0000, 0x0000, 0x0000, 0x0000, 0x0000, 0x0000, 0x0000, 0x0000,
  0x0000, 0x0000, 0x0000, 0x0000, 0x0000, 0x0000, 0x0000, 0x0000, 0x0000, 0x0000, 0x0000, 0x0000,
  0x0000, 0x0000, 0x0000, 0x0000, 0x0000, 0x0861, 0xBDD6, 0xCE38, 0xC618, 0xC618, 0xC5F8, 0xC5F8,
  0xC619, 0xBD96, 0x8AE7, 0x8AC7, 0x92E7, 0x82C7, 0x41C6, 0x39C6, 0x39C6, 0x41E7, 0x7BEF, 0x83EF,
  0x83EF, 0x83EF, 0x630B, 0x62CB, 0x62EB, 0x62EB, 0x2124, 0x1082, 0x10A2, 0x10A2, 0x10A2, 0x10A2,
  0x10A2, 0x10A2, 0x18A2, 0x18C2, 0x18C3, 0x10A2, 0x7246, 0x92E7, 0x8AC7, 0x8AE7, 0xB388, 0xC3C9,
  0xC3C9, 0xC3C9, 0xCBE9, 0xCBE9, 0xCBE9, 0xD40A, 0x72A8, 0x2986, 0x39C6, 0x39A6, 0x39A6, 0x39A6,
  0x39A6, 0x39C6, 0x39A6, 0x4A49, 0x5ACB, 0x5ACB, 0x5ACA, 0x6B4D, 0x7BEF, 0x7BCF, 0x8410, 0x5AEB,
  0x0861, 0x10A2, 0x10A2, 0x0882, 0xB3EB, 0xED2F, 0xDCEE, 0xE50E, 0xED4F, 0xF56F, 0xF56F, 0xFD6F,
  0xA369, 0x8AA6, 0x8AC7, 0x8AC7, 0xBBA9, 0xCBC9, 0xCBC9, 0xD40A, 0x3902, 0x0000, 0x0000, 0x0000,
  0x0000, 0x0000, 0x0000, 0x0000, 0x0000, 0x0000, 0x0000, 0x0000, 0x0000, 0x0000, 0x0000, 0x0000,
  0x0000, 0x0000, 0x0000, 0x0000, 0x0000, 0x0000, 0x0000, 0x0000, 0x0000, 0x0000, 0x0000, 0x0000,
  0x0000, 0x0000, 0x0000, 0x0000, 0x0000, 0x0000, 0x0000, 0x0000, 0x0000, 0x0000, 0x0000, 0x0000,
  0x0000, 0x0000, 0x0000, 0x0000, 0x0000, 0x0000, 0x0000, 0x0000, 0x0861, 0xBDD6, 0xCE58, 0xC618,
  0xC618, 0xCE18, 0xCE18, 0xCE39, 0xC5B6, 0x8AE7, 0x8AC7, 0x92E7, 0x82C7, 0x39A6, 0x31A6, 0x3186,
  0x39C7, 0x7BCF, 0x7BEF, 0x7BEF, 0x7BCF, 0x5ACB, 0x5AAA, 0x5AAA, 0x5ACB, 0x18E3, 0x0861, 0x1082,
  0x1082, 0x10A2, 0x10A2, 0x10A2, 0x10A2, 0x1082, 0x1082, 0x1082, 0x0882, 0x6A46, 0x92E7, 0x8AC7,
  0x8AC7, 0xB368, 0xC3A9, 0xC3A9, 0xC3A9, 0xCBC9, 0xCBE9, 0xCBE9, 0xD40A, 0x6A88, 0x2166, 0x29A7,
  0x2986, 0x2987, 0x3186, 0x3186, 0x3186, 0x3165, 0x4208, 0x52AA, 0x52AA, 0x528A, 0x632C, 0x7BEF,
  0x7BCF, 0x8410, 0x5AEB, 0x0861, 0x10A2, 0x10A2, 0x0882, 0xB40C, 0xED4F, 0xE4EE, 0xE50E, 0xED2E,
  0xF54F, 0xF56F, 0xFD6F, 0xA369, 0x8AA6, 0x8AC7, 0x8AC7, 0xBBA9, 0xCBC9, 0xCBC9, 0xD409, 0x3902,
  0x0000, 0x0000, 0x0000, 0x0000, 0x0000, 0x0000, 0x0000, 0x0000, 0x0000, 0x0000, 0x0000, 0x0000,
  0x0000, 0x0000, 0x0000, 0x0000, 0x0000, 0x0000, 0x0000, 0x0000, 0x0000, 0x0000, 0x0000, 0x0000,
  0x0000, 0x0000, 0x0000, 0x0000, 0x0000, 0x0000, 0x0000, 0x0000, 0x0000, 0x0000, 0x0000, 0x0000,
  0x0000, 0x0000, 0x0000, 0x0000, 0x0000, 0x0000, 0x0000, 0x0000, 0x0000, 0x0000, 0x0000, 0x0861,
  0xBDD7, 0xCE58, 0xC638, 0xC618, 0xB596, 0xB576, 0xB5B7, 0xAD14, 0x8AE7, 0x8AE7, 0x92E7, 0x8AC7,
  0x6247, 0x5A47, 0x5A27, 0x6288, 0x8C51, 0x9471, 0x9472, 0x8C51, 0x83CF, 0x83EF, 0x83CF, 0x83CF,
  0x39E7, 0x2945, 0x2965, 0x2965, 0x18E3, 0x10A2, 0x10A2, 0x10A2, 0x2903, 0x3123, 0x3123, 0x2923,
  0x7A66, 0x92E7, 0x8AC7, 0x8AC7, 0xBBCA, 0xD42B, 0xCC0A, 0xCC0A, 0xCBEA, 0xCBE9, 0xCBE9, 0xD409,
  0x8AE7, 0x5A05, 0x6225, 0x6225, 0x6225, 0x5A67, 0x5AAB, 0x5ACB, 0x5AAA, 0x6B4D, 0x7BEF, 0x7BCE,
  0x7BAE, 0x7BEF, 0x7BEF, 0x7BCF, 0x8410, 0x5AEB, 0x0861, 0x10A2, 0x10A2, 0x0882, 0xB40C, 0xF54F,
  0xE50E, 0xE50E, 0xF570, 0xFDB1, 0xF590, 0xFDD1, 0xA369, 0x82A6, 0x8AC7, 0x8AC7, 0xC3EA, 0xDC6B,
  0xD44B, 0xDC6B, 0x3923, 0x0000, 0x0000, 0x0000, 0x0000, 0x0000, 0x0000, 0x0000, 0x0000, 0x0000,
  0x0000, 0x0000, 0x0000, 0x0000, 0x0000, 0x0000, 0x0000, 0x0000, 0x0000, 0x0000, 0x0000, 0x0000,
  0x0000, 0x0000, 0x0000, 0x0000, 0x0000, 0x0000, 0x0000, 0x0000, 0x0000, 0x0000, 0x0000, 0x0000,
  0x0000, 0x0000, 0x0000, 0x0000, 0x0000, 0x0000, 0x0000, 0x0000, 0x0000, 0x0000, 0x0000, 0x0000,
  0x0000, 0x0000, 0x0861, 0xBDD7, 0xCE59, 0xC638, 0xBDF7, 0x7BCF, 0x7BAE, 0x7BCF, 0x7B8D, 0x8AE7,
  0x8AE7, 0x8AE7, 0x9307, 0xCBE9, 0xCBE9, 0xCBE9, 0xD42B, 0xC5D7, 0xCE18, 0xCDF8, 0xCDF8, 0xF6FB,
  0xFF1B, 0xF71B, 0xFF3B, 0x9492, 0x7BEF, 0x7BEF, 0x8410, 0x2965, 0x1082, 0x10A2, 0x10A2, 0x7266,
  0x92E7, 0x8AC7, 0x8AC7, 0x8AC7, 0x8AC7, 0x8AE7, 0x8AC7, 0xD4AE, 0xED70, 0xE550, 0xED50, 0xD46C,
  0xCBC9, 0xCBE9, 0xCBEA, 0xEC05, 0xFBE1, 0xFBE2, 0xFBE2, 0xFBC0, 0xE4CC, 0xC63A, 0xCE18, 0xC5F8,
  0xE69A, 0xFF7D, 0xF73C, 0xFF7D, 0xC5D7, 0x73AE, 0x7BEF, 0x8410, 0x5AEB, 0x0861, 0x10A2, 0x10A2,
  0x0882, 0xC44C, 0xFD90, 0xF54F, 0xF54F, 0xF634, 0xFE76, 0xF655, 0xFE96, 0xA3AA, 0x8AA6, 0x8AE7,
  0x8AC7, 0xE50F, 0xFDD1, 0xF590, 0xFDD1, 0x4184, 0x0000, 0x0000, 0x0000, 0x0000, 0x0000, 0x0000,
  0x0000, 0x0000, 0x0000, 0x0000, 0x0000, 0x0000, 0x0000, 0x0000, 0x0000, 0x0000, 0x0000, 0x0000,
  0x0000, 0x0000, 0x0000, 0x0000, 0x0000, 0x0000, 0x0000, 0x0000, 0x0000, 0x0000, 0x0000, 0x0000,
  0x0000, 0x0000, 0x0000, 0x0000, 0x0000, 0x0000, 0x0000, 0x0000, 0x0000, 0x0000, 0x0000, 0x0000,
  0x0000, 0x0000, 0x0000, 0x0000, 0x0000, 0x0861, 0xBDD7, 0xCE38, 0xC638, 0xBDF7, 0x7BCF, 0x7BCF,
  0x7BCF, 0x7BAE, 0x8AE7, 0x8AE7, 0x8AC7, 0x9307, 0xCBC9, 0xCBC9, 0xCBE9, 0xCC0A, 0xC5D7, 0xC5F8,
  0xC5D8, 0xCDF8, 0xEEDA, 0xF6FA, 0xF6FA, 0xF71B, 0x9491, 0x7BCE, 0x7BCF, 0x7BEF, 0x2965, 0x1082,
  0x18C3, 0x10A2, 0x6A46, 0x8AC7, 0x8AC7, 0x8AC7, 0x8AC7, 0x8AC7, 0x8AE7, 0x8AC7, 0xD48D, 0xED50,
  0xE52F, 0xED70, 0xD46C, 0xCBC9, 0xCBE9, 0xCBEA, 0xEBE5, 0xFBE1, 0xFBE2, 0xFBE2, 0xFBC1, 0xE4CC,
  0xC619, 0xCDD7, 0xC5D8, 0xDE9A, 0xF73C, 0xF71B, 0xFF5D, 0xC5D7, 0x73AE, 0x7BEF, 0x8410, 0x5AEB,
  0x1081, 0x10A2, 0x10A2, 0x0882, 0xC44C, 0xFD90, 0xF54F, 0xF54F, 0xF634, 0xFE75, 0xF655, 0xFE96,
  0xA38A, 0x8AA6, 0x8AC7, 0x8AC7, 0xE50F, 0xFDB1, 0xF570, 0xFDB1, 0x4164, 0x0000, 0x0000, 0x0000,
  0x0000, 0x0000, 0x0000, 0x0000, 0x0000, 0x0000, 0x0000, 0x0000, 0x0000, 0x0000, 0x0000, 0x0000,
  0x0000, 0x0000, 0x0000, 0x0000, 0x0000, 0x0000, 0x0000, 0x0000, 0x0000, 0x0000, 0x0000, 0x0000,
  0x0000, 0x0000, 0x0000, 0x0000, 0x0000, 0x0000, 0x0000, 0x0000, 0x0000, 0x0000, 0x0000, 0x0000,
  0x0000, 0x0000, 0x0000, 0x0000, 0x0000, 0x0000, 0x0000, 0x0000, 0x0861, 0xBDD7, 0xCE38, 0xC638,
  0xBDD7, 0x83EF, 0x7BEF, 0x7BEF, 0x7BCE, 0x8AE7, 0x8AE7, 0x8AE7, 0x92E7, 0xCBC9, 0xCBE9, 0xCBE9,
  0xCC0B, 0xCDF8, 0xC619, 0xCDF8, 0xCE19, 0xEEDA, 0xF71B, 0xF71B, 0xF71B, 0x9492, 0x73AF, 0x7BCF,
  0x7BF0, 0x2145, 0x0841, 0x1082, 0x0861, 0x6A25, 0x8AE7, 0x8AC7, 0x8AC7, 0x8AC7, 0x8AC7, 0x8AE7,
  0x82A7, 0xCC8D, 0xED70, 0xE52F, 0xED50, 0xD44B, 0xCBC9, 0xCBE9, 0xC3EA, 0xEBE5, 0xFBE1, 0xFBE2,
  0xFBE2, 0xFBA0, 0xE4AB, 0xC61A, 0xCDF8, 0xC5F8, 0xDE9A, 0xF75D, 0xF73C, 0xFF9E, 0xC5F7, 0x738E,
  0x7BEF, 0x8410, 0x5ACB, 0x0021, 0x0861, 0x0861, 0x0021, 0xBC2C, 0xFD90, 0xF54F, 0xF54F, 0xFE14,
  0xFE96, 0xFE76, 0xFEB7, 0xA3AB, 0x8AA6, 0x8AC7, 0x8AC7, 0xE50F, 0xFDD1, 0xF591, 0xFDD1, 0x4184,
  0x0000, 0x0000, 0x0000, 0x0000, 0x0000, 0x0000, 0x0000, 0x0000, 0x0000, 0x0000, 0x0000, 0x0000,
  0x0000, 0x0000, 0x0000, 0x0000, 0x0000, 0x0000, 0x0000, 0x0000, 0x0000, 0x0000, 0x0000, 0x0000,
  0x0000, 0x0000, 0x0000, 0x0000, 0x0000, 0x0000, 0x0000, 0x0000, 0x0000, 0x0000, 0x0000, 0x0000,
  0x0000, 0x0000, 0x0000, 0x0000, 0x0000, 0x0000, 0x0000, 0x0000, 0x0000, 0x0000, 0x0000, 0x1061,
  0xBDB6, 0xC638, 0xC638, 0xBDF7, 0x738E, 0x6B6D, 0x6B8E, 0x736D, 0x8AC7, 0x8AE7, 0x8AE7, 0x9307,
  0xCBC9, 0xCBE9, 0xCBE9, 0xCC0A, 0xCD95, 0xCDB6, 0xCD95, 0xCD95, 0xEE98, 0xF6D9, 0xF6D9, 0xFED9,
  0xA4B1, 0x8C0F, 0x944F, 0x942F, 0x4A07, 0x3964, 0x3984, 0x3984, 0x8AC7, 0x9B07, 0x9307, 0x9B07,
  0x9B08, 0x9B08, 0x9B08, 0x92E7, 0xD4AE, 0xF591, 0xED50, 0xED50, 0xDC8C, 0xD44B, 0xD44B, 0xD42B,
  0xE406, 0xF403, 0xF3E3, 0xF3E3, 0xF3A2, 0xE4AB, 0xCE18, 0xD5F6, 0xCDD6, 0xE658, 0xF6FA, 0xF6DA,
  0xFF1A, 0xCDD5, 0x8C0F, 0x942F, 0x9C50, 0x7B8D, 0x3144, 0x3985, 0x3985, 0x3165, 0xCC8E, 0xFDB0,
  0xF570, 0xF570, 0xF5F3, 0xF5F3, 0xF5F3, 0xF634, 0xA38A, 0x82A6, 0x8AC7, 0x8AC7, 0xDCEE, 0xF570,
  0xED2F, 0xF570, 0x4164, 0x0000, 0x0000, 0x0000, 0x0000, 0x0000, 0x0000, 0x0000, 0x0000, 0x0000,
  0x0000, 0x0000, 0x0000, 0x0000, 0x0000, 0x0000, 0x0000, 0x0000, 0x0000, 0x0000, 0x0000, 0x0000,
  0x0000, 0x0000, 0x0000, 0x0000, 0x0000, 0x0000, 0x0000, 0x0000, 0x0000, 0x0000, 0x0000, 0x0000,
  0x0000, 0x0000, 0x0000, 0x0000, 0x0000, 0x0000, 0x0000, 0x0000, 0x0000, 0x0000, 0x0000, 0x0000,
  0x0000, 0x0000, 0x0861, 0xB5B6, 0xC618, 0xC618, 0xB5B6, 0x39C7, 0x39A6, 0x31C7, 0x41E7, 0x8AC7,
  0x8AE7, 0x8AE7, 0x9307, 0xCBE9, 0xCBE9, 0xCBE9, 0xCBE9, 0xCBE9, 0xCC0A, 0xCBE9, 0xCBE9, 0xF54E,
  0xFD90, 0xF56F, 0xF56F, 0xF56F, 0xF56F, 0xF56F, 0xF56F, 0xF56F, 0xF590, 0xF54F, 0xF56F, 0xD44B,
  0xCBC9, 0xCBE9, 0xCBE9, 0xCBE9, 0xCBE9, 0xCBE9, 0xCBC9, 0xED71, 0xF614, 0xF5F3, 0xF5F4, 0xF5B1,
  0xF56F, 0xF56F, 0xFD6F, 0xE4AC, 0xCBC9, 0xCBE9, 0xCBE9, 0xCBE9, 0xECED, 0xFD90, 0xF56F, 0xF56F,
  0xF56F, 0xF56F, 0xF54F, 0xF54F, 0xF56F, 0xF56F, 0xF56F, 0xF54F, 0xF590, 0xFE14, 0xFDF3, 0xFDF3,
  0xFE14, 0xFDF4, 0xFDF3, 0xFDF3, 0xFE14, 0xDC8C, 0xCBC9, 0xD40A, 0xD3EA, 0x92E7, 0x8AC7, 0x8AE7,
  0x8AC7, 0xBBA9, 0xCBE9, 0xCBE9, 0xD40A, 0x3902, 0x0000, 0x0000, 0x0000, 0x0000, 0x0000, 0x0000,
  0x0000, 0x0000, 0x0000, 0x0000, 0x0000, 0x0000, 0x0000, 0x0000, 0x0000, 0x0000, 0x0000, 0x0000,
  0x0000, 0x0000, 0x0000, 0x0000, 0x0000, 0x0000, 0x0000, 0x0000, 0x0000, 0x0000, 0x0000, 0x0000,
  0x0000, 0x0000, 0x0000, 0x0000, 0x0000, 0x0000, 0x0000, 0x0000, 0x0000, 0x0000, 0x0000, 0x0000,
  0x0000, 0x0000, 0x0000, 0x0000, 0x0000, 0x0861, 0xB596, 0xC618, 0xC618, 0xB5B6, 0x39E7, 0x31A6,
  0x31A7, 0x41E7, 0x8AC7, 0x8AE7, 0x8AC7, 0x9307, 0xCBE9, 0xCBE9, 0xCBE9, 0xCBEA, 0xCBEA, 0xCBEA,
  0xCBEA, 0xCC0A, 0xF54F, 0xFD8F, 0xF56F, 0xF570, 0xF56F, 0xF56F, 0xF570, 0xF590, 0xF570, 0xF56F,
  0xF56F, 0xFD90, 0xD42A, 0xCBC9, 0xCBE9, 0xCBE9, 0xCBE9, 0xCBE9, 0xCBE9, 0xCBE9, 0xED91, 0xF614,
  0xF5F3, 0xF614, 0xF5B1, 0xF56F, 0xF56F, 0xFD90, 0xE4CD, 0xCBC9, 0xCBE9, 0xCBEA, 0xCBE9, 0xED0E,
  0xFD90, 0xF54F, 0xF56F, 0xF56F, 0xF56F, 0xF56F, 0xF56F, 0xF56F, 0xF56F, 0xF56F, 0xF56F, 0xF590,
  0xFDF3, 0xFDF4, 0xFDF4, 0xFDF4, 0xFDF4, 0xFE14, 0xFDF4, 0xFE14, 0xDC8C, 0xCBE9, 0xD40A, 0xD40A,
  0x9B08, 0x8AC7, 0x8AE7, 0x8AC7, 0xBBA9, 0xCBE9, 0xCBC9, 0xD40A, 0x3902, 0x0000, 0x0000, 0x0000,
  0x0000, 0x0000, 0x0000, 0x0000, 0x0000, 0x0000, 0x0000, 0x0000, 0x0000, 0x0000, 0x0000, 0x0000,
  0x0000, 0x0000, 0x0000, 0x0000, 0x0000, 0x0000, 0x0000, 0x0000, 0x0000, 0x0000, 0x0000, 0x0000,
  0x0000, 0x0000, 0x0000, 0x0000, 0x0000, 0x0000, 0x0000, 0x0000, 0x0000, 0x0000, 0x0000, 0x0000,
  0x0000, 0x0000, 0x0000, 0x0000, 0x0000, 0x0000, 0x0000, 0x0000, 0x0861, 0xB596, 0xC617, 0xC618,
  0xB5B6, 0x39C7, 0x31A6, 0x31A6, 0x41E7, 0x8AC7, 0x8AE7, 0x8AC7, 0x9307, 0xCBE9, 0xCBEA, 0xCBEA,
  0xCBEA, 0xCBE9, 0xCBE9, 0xCBE9, 0xCC0A, 0xF52E, 0xFD6F, 0xF56F, 0xF56F, 0xF56F, 0xF56F, 0xF56F,
  0xF56F, 0xF56F, 0xF56F, 0xF56F, 0xFD6F, 0xD42A, 0xCBC9, 0xCBE9, 0xCBC9, 0xCBE9, 0xCBE9, 0xCBEA,
  0xCBE9, 0xED50, 0xF614, 0xF5F3, 0xF614, 0xF5B1, 0xF56F, 0xF56F, 0xFD90, 0xE4AC, 0xCBC9, 0xCBE9,
  0xCBE9, 0xCBC9, 0xE4ED, 0xFD90, 0xF56F, 0xF56F, 0xF56F, 0xF56F, 0xF56F, 0xF56F, 0xF56F, 0xF56F,
  0xF56F, 0xF56F, 0xFDB1, 0xFE14, 0xFDF3, 0xFDF4, 0xFDF4, 0xFE14, 0xFDF4, 0xFDF3, 0xFE34, 0xDC8D,
  0xCBC9, 0xD3E9, 0xD40A, 0x9B07, 0x82A6, 0x8AC7, 0x82C7, 0xC3A9, 0xD3E9, 0xCBE9, 0xD40A, 0x3902,
  0x0000, 0x0000, 0x0000, 0x0000, 0x0000, 0x0000, 0x0000, 0x0000, 0x0000, 0x0000, 0x0000, 0x0000,
  0x0000, 0x0000, 0x0000, 0x0000, 0x0000, 0x0000, 0x0000, 0x0000, 0x0000, 0x0000, 0x0000, 0x0000,
  0x0000, 0x0000, 0x0000, 0x0000, 0x0000, 0x0000, 0x0000, 0x0000, 0x0000, 0x0000, 0x0000, 0x0000,
  0x0000, 0x0000, 0x0000, 0x0000, 0x0000, 0x0000, 0x0000, 0x0000, 0x0000, 0x0000, 0x0000, 0x1061,
  0xB596, 0xC618, 0xC618, 0xB5B6, 0x39C7, 0x31A6, 0x31A6, 0x41E6, 0x8AC7, 0x8AE7, 0x8AC7, 0x92E7,
  0xCBE9, 0xCBEA, 0xCBEA, 0xCC0A, 0xD42A, 0xD42A, 0xD42A, 0xD40A, 0xF54F, 0xFDB1, 0xFDB1, 0xFDB1,
  0xFDB1, 0xFDB1, 0xFDB1, 0xFDB1, 0xFDB1, 0xFDB1, 0xFDB1, 0xFDB1, 0xDC8C, 0xD42B, 0xD42A, 0xD42A,
  0xCC0A, 0xCBE9, 0xCBEA, 0xCBC9, 0xED71, 0xFE55, 0xF655, 0xF635, 0xF591, 0xF590, 0xF590, 0xFDB1,
  0xE4CD, 0xD40A, 0xD44B, 0xD44B, 0xD42A, 0xED0E, 0xFD90, 0xF590, 0xF570, 0xF590, 0xF5B1, 0xF5B1,
  0xF5B1, 0xF5B1, 0xF5B1, 0xFDB1, 0xFDB1, 0xFDF2, 0xFE35, 0xFE14, 0xFE35, 0xFE35, 0xFE35, 0xFE35,
  0xFE14, 0xFE35, 0xDCAD, 0xD42A, 0xD44B, 0xDC4B, 0xA369, 0x9328, 0x9B48, 0x9B49, 0xC3C9, 0xCBE9,
  0xCBC9, 0xD40A, 0x3902, 0x0000, 0x0000, 0x0000, 0x0000, 0x0000, 0x0000, 0x0000, 0x0000, 0x0000,
  0x0000, 0x0000, 0x0000, 0x0000, 0x0000, 0x0000, 0x0000, 0x0000, 0x0000, 0x0000, 0x0000, 0x0000,
  0x0000, 0x0000, 0x0000, 0x0000, 0x0000, 0x0000, 0x0000, 0x0000, 0x0000, 0x0000, 0x0000, 0x0000,
  0x0000, 0x0000, 0x0000, 0x0000, 0x0000, 0x0000, 0x0000, 0x0000, 0x0000, 0x0000, 0x0000, 0x0000,
  0x0000, 0x0000, 0x0861, 0xB596, 0xC618, 0xC618, 0xB595, 0x39C7, 0x31A6, 0x31A6, 0x41E6, 0x8AC7,
  0x8AE7, 0x8AC7, 0x92E7, 0xCBE9, 0xCBEA, 0xCBE9, 0xD40A, 0xF54F, 0xF56F, 0xF56F, 0xF52E, 0xF635,
  0xFEFA, 0xFED9, 0xFED9, 0xFED9, 0xFED9, 0xFED9, 0xFED9, 0xFED9, 0xFED9, 0xFED9, 0xFEF9, 0xF635,
  0xF5F3, 0xF5D3, 0xF5F3, 0xD44B, 0xCBC9, 0xCBEA, 0xCBC9, 0xEE36, 0xFF3B, 0xF71B, 0xF71B, 0xFE56,
  0xFDF4, 0xFE14, 0xFE14, 0xFDF4, 0xF5F4, 0xF5F4, 0xF5F4, 0xF5F4, 0xF5F4, 0xFE14, 0xFE14, 0xF5F3,
  0xF677, 0xF71A, 0xF6FA, 0xF6FA, 0xF6F9, 0xF6F9, 0xF6F9, 0xFEF9, 0xFEF9, 0xF6F9, 0xFEF9, 0xFEF9,
  0xFEFA, 0xF6FA, 0xF6F9, 0xFEFA, 0xF6FA, 0xF614, 0xF5D3, 0xF5F3, 0xF5F3, 0xF5D3, 0xF5D2, 0xF5D3,
  0xF5D3, 0xD44B, 0xCBC9, 0xCBE9, 0xD40A, 0x3902, 0x0000, 0x0000, 0x0000, 0x0000, 0x0000, 0x0000,
  0x0000, 0x0000, 0x0000, 0x0000, 0x0000, 0x0000, 0x0000, 0x0000, 0x0000, 0x0000, 0x0000, 0x0000,
  0x0000, 0x0000, 0x0000, 0x0000, 0x0000, 0x0000, 0x0000, 0x0000, 0x0000, 0x0000, 0x0000, 0x0000,
  0x0000, 0x0000, 0x0000, 0x0000, 0x0000, 0x0000, 0x0000, 0x0000, 0x0000, 0x0000, 0x0000, 0x0000,
  0x0000, 0x0000, 0x0000, 0x0000, 0x0000, 0x0861, 0xB596, 0xC618, 0xC618, 0xB575, 0x39C7, 0x31A6,
  0x31A6, 0x41E6, 0x8AC7, 0x8AE7, 0x8AC7, 0x9307, 0xCBE9, 0xCC0A, 0xCBE9, 0xD40A, 0xF54F, 0xF56F,
  0xF56F, 0xF54F, 0xF676, 0xFF1A, 0xFEF9, 0xFEF9, 0xFEF9, 0xFEF9, 0xFEF9, 0xFEF9, 0xFEF9, 0xFEF9,
  0xFED9, 0xFEF9, 0xFE35, 0xF5F3, 0xF5F3, 0xFE14, 0xD44B, 0xCBC9, 0xCBEA, 0xCBC9, 0xEE56, 0xFF5C,
  0xF6FA, 0xF73B, 0xFE77, 0xFDF4, 0xFE14, 0xFE14, 0xFE14, 0xFE14, 0xFE14, 0xFE14, 0xFE14, 0xFE14,
  0xFE14, 0xFE14, 0xFDF4, 0xFE97, 0xF71A, 0xF6FA, 0xF6FA, 0xF6FA, 0xF6F9, 0xFEF9, 0xFEF9, 0xFF19,
  0xFEFA, 0xFEFA, 0xFEFA, 0xFEFA, 0xFEFA, 0xF6FA, 0xFEFA, 0xF6FA, 0xF655, 0xFDF3, 0xFDF4, 0xFDF4,
  0xFDF3, 0xFDF3, 0xF5F3, 0xFDF3, 0xD44B, 0xCBC9, 0xCBE9, 0xD40A, 0x3902, 0x0000, 0x0000, 0x0000,
  0x0000, 0x0000, 0x0000, 0x0000, 0x0000, 0x0000, 0x0000, 0x0000, 0x0000, 0x0000, 0x0000, 0x0000,
  0x0000, 0x0000, 0x0000, 0x0000, 0x0000, 0x0000, 0x0000, 0x0000, 0x0000, 0x0000, 0x0000, 0x0000,
  0x0000, 0x0000, 0x0000, 0x0000, 0x0000, 0x0000, 0x0000, 0x0000, 0x0000, 0x0000, 0x0000, 0x0000,
  0x0000, 0x0000, 0x0000, 0x0000, 0x0000, 0x0000, 0x0000, 0x0000, 0x0861, 0xB596, 0xC618, 0xC618,
  0xB596, 0x39C7, 0x31A6, 0x31A6, 0x41E7, 0x8AE7, 0x8AE7, 0x8AC7, 0x9307, 0xCBE9, 0xCBEA, 0xCBE9,
  0xD40A, 0xF54F, 0xF54F, 0xF56F, 0xF54F, 0xF656, 0xF6FA, 0xF6F9, 0xFEF9, 0xFEFA, 0xFEFA, 0xFEFA,
  0xFEF9, 0xF6F9, 0xFEF9, 0xF6F9, 0xFEF9, 0xFE35, 0xFDF3, 0xFE14, 0xFE14, 0xD44B, 0xCBC9, 0xCBEA,
  0xCBC9, 0xEE56, 0xFF5C, 0xF71B, 0xF73B, 0xFE76, 0xFDF4, 0xFE14, 0xFE14, 0xFE14, 0xFE14, 0xFE14,
  0xFE14, 0xFE14, 0xFE14, 0xFE14, 0xFE14, 0xFDF4, 0xFE97, 0xF71A, 0xF6FA, 0xF6FA, 0xF6FA, 0xF6F9,
  0xF6F9, 0xF719, 0xFF1A, 0xFEFA, 0xFEFA, 0xFEFA, 0xFEFA, 0xFEFA, 0xFEFA, 0xF6FA, 0xF6FA, 0xF655,
  0xFDF3, 0xFE14, 0xFDF4, 0xFDF3, 0xFDF3, 0xFDF3, 0xFDF3, 0xD44B, 0xCBC9, 0xCBE9, 0xD40A, 0x3902,
  0x0000, 0x0000, 0x0000, 0x0000, 0x0000, 0x0000, 0x0000, 0x0000, 0x0000, 0x0000, 0x0000, 0x0000,
  0x0000, 0x0000, 0x0000, 0x0000, 0x0000, 0x0000, 0x0000, 0x0000, 0x0000, 0x0000, 0x0000, 0x0000,
  0x0000, 0x0000, 0x0000, 0x0000, 0x0000, 0x0000, 0x0000, 0x0000, 0x0000, 0x0000, 0x0000, 0x0000,
  0x0000, 0x0000, 0x0000, 0x0000, 0x0000, 0x0000, 0x0000, 0x0000, 0x0000, 0x0000, 0x0000, 0x0861,
  0xB596, 0xC618, 0xC618, 0xB596, 0x39C7, 0x39C6, 0x39E7, 0x4A07, 0x8AE7, 0x8AE7, 0x8AE7, 0x9307,
  0xCBE9, 0xCBEA, 0xCBE9, 0xD40A, 0xF54F, 0xF56F, 0xF56F, 0xF54F, 0xF655, 0xF6FA, 0xFEF9, 0xF6F9,
  0xFED9, 0xF6D9, 0xF6D9, 0xFED9, 0xF6D9, 0xFED8, 0xFED8, 0xF6D9, 0xF614, 0xF5D2, 0xF5D3, 0xF5D3,
  0xD44B, 0xCBC9, 0xCBEA, 0xCBC9, 0xEE36, 0xFF5C, 0xF71B, 0xF73B, 0xFE76, 0xFDF4, 0xFE14, 0xFE14,
  0xFE14, 0xFDF4, 0xFDF4, 0xFDF4, 0xFDF4, 0xFDF4, 0xFDF4, 0xFE14, 0xFDF3, 0xFE77, 0xF6FA, 0xF6FA,
  0xF6FA, 0xF6F9, 0xF6F9, 0xF6F9, 0xFEFA, 0xFF1A, 0xFEFA, 0xF6FA, 0xFEFA, 0xF6FA, 0xFEF9, 0xFEF9,
  0xFEF9, 0xFEFA, 0xFE35, 0xFDF3, 0xFDF3, 0xFDF3, 0xF5D2, 0xF5D2, 0xF5D2, 0xF5D2, 0xD46B, 0xCC0A,
  0xCC0A, 0xD42A, 0x3902, 0x0000, 0x0000, 0x0000, 0x0000, 0x0000, 0x0000, 0x0000, 0x0000, 0x0000,
  0x0000, 0x0000, 0x0000, 0x0000, 0x0000, 0x0000, 0x0000, 0x0000, 0x0000, 0x0000, 0x0000, 0x0000,
  0x0000, 0x0000, 0x0000, 0x0000, 0x0000, 0x0000, 0x0000, 0x0000, 0x0000, 0x0000, 0x0000, 0x0000,
  0x0000, 0x0000, 0x0000, 0x0000, 0x0000, 0x0000, 0x0000, 0x0000, 0x0000, 0x0000, 0x0000, 0x0000,
  0x0000, 0x0000, 0x0861, 0xB5B6, 0xC638, 0xC638, 0xBDB6, 0x82C7, 0x82A7, 0x8AC7, 0x8AC7, 0x8AC7,
  0x8AE7, 0x8AE7, 0x9308, 0xCBE9, 0xCBEA, 0xCBE9, 0xD40A, 0xF54F, 0xF56F, 0xF56F, 0xF54F, 0xF655,
  0xF71A, 0xFEF9, 0xF6FA, 0xFE56, 0xFE14, 0xFE14, 0xFE35, 0xFDD2, 0xF590, 0xF570, 0xF590, 0xDC6B,
  0xCC0A, 0xD42A, 0xD40A, 0xCBEA, 0xCBE9, 0xCBEA, 0xCBC9, 0xEE56, 0xFF5C, 0xF71B, 0xF73B, 0xFE76,
  0xFDF4, 0xFE14, 0xFE15, 0xFDD2, 0xF56F, 0xF570, 0xF570, 0xF570, 0xF570, 0xF570, 0xF570, 0xF56F,
  0xF5F3, 0xF655, 0xF655, 0xF634, 0xFE97, 0xF71A, 0xF6FA, 0xF6FA, 0xF6FA, 0xF6F9, 0xFEF9, 0xFF19,
  0xFEF9, 0xFE35, 0xFE14, 0xFE34, 0xFE35, 0xF591, 0xF56F, 0xF570, 0xFD90, 0xDC8C, 0xD40A, 0xD40A,
  0xD40A, 0xED70, 0xF5B1, 0xF570, 0xFDB1, 0x4184, 0x0000, 0x0000, 0x0000, 0x0000, 0x0000, 0x0000,
  0x0000, 0x0000, 0x0000, 0x0000, 0x0000, 0x0000, 0x0000, 0x0000, 0x0000, 0x0000, 0x0000, 0x0000,
  0x0000, 0x0000, 0x0000, 0x0000, 0x0000, 0x0000, 0x0000, 0x0000, 0x0000, 0x0000, 0x0000, 0x0000,
  0x0000, 0x0000, 0x0000, 0x0000, 0x0000, 0x0000, 0x0000, 0x0000, 0x0000, 0x0000, 0x0000, 0x0000,
  0x0000, 0x0000, 0x0000, 0x0000, 0x0000, 0x0861, 0xBDB6, 0xCE38, 0xC638, 0xBDD6, 0x8AE7, 0x8AE7,
  0x92E7, 0x8AE7, 0x8AE7, 0x8AE7, 0x8AE7, 0x9308, 0xCBE9, 0xCBEA, 0xCBE9, 0xD40A, 0xF54F, 0xF56F,
  0xF56F, 0xF54F, 0xF656, 0xFF1A, 0xFEF9, 0xF6F9, 0xFE35, 0xFE14, 0xFE14, 0xFE14, 0xF590, 0xF54F,
  0xF56F, 0xFD90, 0xD42A, 0xCBC9, 0xCBE9, 0xCBE9, 0xCBE9, 0xCBE9, 0xCBEA, 0xCBC9, 0xEE36, 0xFF5C,
  0xF71B, 0xF73B, 0xFE76, 0xFDF4, 0xFE14, 0xFE15, 0xFDD2, 0xF56F, 0xF56F, 0xF56F, 0xF56F, 0xF56F,
  0xF56F, 0xF56F, 0xF56F, 0xF5F2, 0xF634, 0xF634, 0xF634, 0xFE97, 0xF6FA, 0xF6FA, 0xF6FA, 0xF6FA,
  0xF6F9, 0xF6F9, 0xF719, 0xFEF9, 0xFE14, 0xFE14, 0xFE14, 0xFE14, 0xF590, 0xF54F, 0xF56F, 0xFD90,
  0xD44B, 0xCBC9, 0xCBE9, 0xCBE9, 0xF570, 0xFDD2, 0xF591, 0xFDF2, 0x4184, 0x0000, 0x0000, 0x0000,
  0x0000, 0x0000, 0x0000, 0x0000, 0x0000, 0x0000, 0x0000, 0x0000, 0x0000, 0x0000, 0x0000, 0x0000,
  0x0000, 0x0000, 0x0000, 0x0000, 0x0000, 0x0000, 0x0000, 0x0000, 0x0000, 0x0000, 0x0000, 0x0000,
  0x0000, 0x0000, 0x0000, 0x0000, 0x0000, 0x0000, 0x0000, 0x0000, 0x0000, 0x0000, 0x0000, 0x0000,
  0x0000, 0x0000, 0x0000, 0x0000, 0x0000, 0x0000, 0x0000, 0x0000, 0x0861, 0xBDD6, 0xCE38, 0xC638,
  0xBDD6, 0x9308, 0x8AC7, 0x8AC7, 0x8AE7, 0x8AE7, 0x8AE7, 0x8AE7, 0x9308, 0xCBE9, 0xCBEA, 0xCBE9,
  0xD40A, 0xF54F, 0xF56F, 0xF56F, 0xF54F, 0xF656, 0xF71A, 0xF6D9, 0xFEFA, 0xFE35, 0xFE14, 0xFE14,
  0xFE14, 0xF590, 0xF56F, 0xF570, 0xFD90, 0xD44B, 0xCBE9, 0xD40A, 0xCC0A, 0xCBEA, 0xCC0A, 0xCC0A,
  0xCBC9, 0xEE56, 0xFF5C, 0xF71B, 0xFF3C, 0xFE76, 0xFDF4, 0xFE14, 0xFE35, 0xFDB1, 0xF56F, 0xF56F,
  0xF56F, 0xFD6F, 0xFD6F, 0xF56F, 0xF56F, 0xF56F, 0xF5D2, 0xF655, 0xF655, 0xF634, 0xFE97, 0xF71A,
  0xF6FA, 0xF6FA, 0xF6FA, 0xF719, 0xFF19, 0xF719, 0xFEF9, 0xFE34, 0xFE14, 0xFE14, 0xFE14, 0xF591,
  0xFD6F, 0xFD6F, 0xFD6F, 0xD42A, 0xCBC9, 0xD40A, 0xD409, 0xED50, 0xFDB1, 0xF591, 0xFDD2, 0x4184,
  0x0000, 0x0000, 0x0000, 0x0000, 0x0000, 0x0000, 0x0000, 0x0000, 0x0000, 0x0000, 0x0000, 0x0000,
  0x0000, 0x0000, 0x0000, 0x0000, 0x0000, 0x0000, 0x0000, 0x0000, 0x0000, 0x0000, 0x0000, 0x0000,
  0x0000, 0x0000, 0x0000, 0x0000, 0x0000, 0x0000, 0x0000, 0x0000, 0x0000, 0x0000, 0x0000, 0x0000,
  0x0000, 0x0000, 0x0000, 0x0000, 0x0000, 0x0000, 0x0000, 0x0000, 0x0000, 0x0000, 0x0000, 0x0861,
  0xBDB6, 0xC638, 0xC638, 0xBDD6, 0x8AE7, 0x8AE7, 0x92E7, 0x8AE7, 0x8AE7, 0x8AE7, 0x8AE7, 0x9308,
  0xCBE9, 0xCBE9, 0xCBE9, 0xD40A, 0xF54F, 0xF56F, 0xF56F, 0xF54F, 0xF655, 0xF6FA, 0xF6F9, 0xFEFA,
  0xFE55, 0xFE14, 0xFDF4, 0xFDF4, 0xF590, 0xFD90, 0xF56F, 0xF56F, 0xDC4B, 0xCBE9, 0xCBE9, 0xCBE9,
  0xCBE9, 0xCC09, 0xCC0A, 0xCBC8, 0xEE56, 0xFF5C, 0xF6FA, 0xF71B, 0xF676, 0xFDF4, 0xFE14, 0xF614,
  0xF5B1, 0xF56F, 0xF58F, 0xF56F, 0xF56F, 0xF56F, 0xF56F, 0xF56F, 0xF54F, 0xF5D2, 0xF655, 0xF634,
  0xF634, 0xFE97, 0xF71A, 0xF6FA, 0xF6FA, 0xF6FA, 0xF6F9, 0xF6F9, 0xF719, 0xFEF9, 0xFE34, 0xFE14,
  0xFE14, 0xFE14, 0xFDB1, 0xF56F, 0xF56F, 0xF56F, 0xD44B, 0xCBE9, 0xCBE9, 0xCBC9, 0xED4F, 0xFDD1,
  0xF5B1, 0xFDD2, 0x4184, 0x0000, 0x0000, 0x0000, 0x0000, 0x0000, 0x0000, 0x0000, 0x0000, 0x0000,
  0x0000, 0x0000, 0x0000, 0x0000, 0x0000, 0x0000, 0x0000, 0x0000, 0x0000, 0x0000, 0x0000, 0x0000,
  0x0000, 0x0000, 0x0000, 0x0000, 0x0000, 0x0000, 0x0000, 0x0000, 0x0000, 0x0000, 0x0000, 0x0000,
  0x0000, 0x0000, 0x0000, 0x0000, 0x0000, 0x0000, 0x0000, 0x0000, 0x0000, 0x0000, 0x0000, 0x0000,
  0x0000, 0x0000, 0x0861, 0xB596, 0xC618, 0xBE18, 0xC5B6, 0xBBA9, 0xC3A9, 0xC3E9, 0xBBA9, 0x8AC7,
  0x8AE7, 0x8AE7, 0x9308, 0xCBE9, 0xCBE9, 0xCBE9, 0xCBE9, 0xD40A, 0xD42A, 0xD42A, 0xD40A, 0xF635,
  0xFF1A, 0xFEF9, 0xFEFA, 0xF5D2, 0xF570, 0xF570, 0xFD90, 0xDC6C, 0xD40A, 0xD40A, 0xD40A, 0xAB68,
  0x9307, 0x92E7, 0x9307, 0x9307, 0x9307, 0x9307, 0x9B07, 0x9B69, 0x9B8A, 0x9B6A, 0x9B6A, 0x9B69,
  0x9B69, 0x9B49, 0x9B49, 0x9B49, 0x9B48, 0x9B48, 0x9B48, 0x9B28, 0xC3CA, 0xD42A, 0xD40A, 0xCBE9,
  0xED50, 0xFE34, 0xF5F3, 0xFE14, 0xF5F3, 0xF590, 0xF591, 0xF590, 0xF5D2, 0xFE35, 0xFE14, 0xFE35,
  0xFE34, 0xF570, 0xF570, 0xF570, 0xFDB1, 0xDC8C, 0xD3EA, 0xD42A, 0xD42A, 0xA348, 0x9307, 0x92E7,
  0x92E7, 0xCBEA, 0xD42B, 0xD40A, 0xDC4B, 0x3903, 0x0000, 0x0000, 0x0000, 0x0000, 0x0000, 0x0000,
  0x0000, 0x0000, 0x0000, 0x0000, 0x0000, 0x0000, 0x0000, 0x0000, 0x0000, 0x0000, 0x0000, 0x0000,
  0x0000, 0x0000, 0x0000, 0x0000, 0x0000, 0x0000, 0x0000, 0x0000, 0x0000, 0x0000, 0x0000, 0x0000,
  0x0000, 0x0000, 0x0000, 0x0000, 0x0000, 0x0000, 0x0000, 0x0000, 0x0000, 0x0000, 0x0000, 0x0000,
  0x0000, 0x0000, 0x0000, 0x0000, 0x0000, 0x0861, 0xB596, 0xC618, 0xBDF8, 0xBDB5, 0xCBEA, 0xCBE9,
  0xCBE9, 0xC3C9, 0x8AC7, 0x8AC7, 0x8AC7, 0x9307, 0xCBE9, 0xCBE9, 0xCBE9, 0xCBE9, 0xCBE9, 0xCBE9,
  0xCBE9, 0xCBC9, 0xF635, 0xFF1A, 0xF6D9, 0xF6F9, 0xF5B1, 0xF54E, 0xF54F, 0xFD70, 0xD44B, 0xCBA9,
  0xCBC9, 0xCBE9, 0x9B07, 0x8AC7, 0x8AC7, 0x8AC7, 0x8AC7, 0x8AC7, 0x8AC7, 0x8AE7, 0x8AC7, 0x8AA6,
  0x8AC6, 0x8AC7, 0x8AC7, 0x8AC7, 0x8AC7, 0x8AC7, 0x8AC7, 0x8AC7, 0x8AC7, 0x8AC7, 0x8AC7, 0xBBA9,
  0xCBE9, 0xCBC9, 0xCBC9, 0xE530, 0xFE14, 0xF5F3, 0xFDF4, 0xF5B1, 0xF54E, 0xF54F, 0xF54F, 0xF590,
  0xFDF3, 0xFDF4, 0xFDF4, 0xFDF3, 0xF56F, 0xF56F, 0xF56F, 0xFD6F, 0xDC4B, 0xCBC9, 0xCBC9, 0xD3E9,
  0x9B07, 0x82A7, 0x8AC7, 0x8AE7, 0xBBA8, 0xCBC9, 0xCBC9, 0xD409, 0x3902, 0x0000, 0x0000, 0x0000,
  0x0000, 0x0000, 0x0000, 0x0000, 0x0000, 0x0000, 0x0000, 0x0000, 0x0000, 0x0000, 0x0000, 0x0000,
  0x0000, 0x0000, 0x0000, 0x0000, 0x0000, 0x0000, 0x0000, 0x0000, 0x0000, 0x0000, 0x0000, 0x0000,
  0x0000, 0x0000, 0x0000, 0x0000, 0x0000, 0x0000, 0x0000, 0x0000, 0x0000, 0x0000, 0x0000, 0x0000,
  0x0000, 0x0000, 0x0000, 0x0000, 0x0000, 0x0000, 0x0000, 0x0000, 0x0861, 0xB596, 0xC618, 0xBDF7,
  0xC5B6, 0xCBE9, 0xCBC9, 0xCBE9, 0xC3A9, 0x8AC7, 0x8AC7, 0x8AC7, 0x92E7, 0xCBE9, 0xCBE9, 0xCBE9,
  0xCBE9, 0xCBE9, 0xCBE9, 0xCBEA, 0xCBE9, 0xF635, 0xFF1A, 0xF6D9, 0xF6F9, 0xF5B1, 0xF54F, 0xF56F,
  0xFD70, 0xD44B, 0xCBC9, 0xCBE9, 0xCC0A, 0x9B07, 0x8AC7, 0x92E7, 0x92E7, 0x8AE7, 0x92E7, 0x8AE7,
  0x8AE7, 0x8AE7, 0x8AE7, 0x92E7, 0x92E7, 0x92E7, 0x8AE7, 0x8AE7, 0x92E7, 0x92E7, 0x92E7, 0x92E7,
  0x92E7, 0x8AE7, 0xB389, 0xCBE9, 0xCBEA, 0xCBC9, 0xE50F, 0xFE14, 0xF5F3, 0xFDF4, 0xF5B2, 0xF54F,
  0xF56F, 0xF56F, 0xF591, 0xFE14, 0xFE14, 0xFE14, 0xFDF3, 0xF56F, 0xF56F, 0xF56F, 0xFD90, 0xDC6B,
  0xCBC9, 0xD40A, 0xD40A, 0x9B08, 0x8AC7, 0x92E7, 0x8AC7, 0xC3A9, 0xD3EA, 0xCBC9, 0xD40A, 0x3902,
  0x0000, 0x0000, 0x0000, 0x0000, 0x0000, 0x0000, 0x0000, 0x0000, 0x0000, 0x0000, 0x0000, 0x0000,
  0x0000, 0x0000, 0x0000, 0x0000, 0x0000, 0x0000, 0x0000, 0x0000, 0x0000, 0x0000, 0x0000, 0x0000,
  0x0000, 0x0000, 0x0000, 0x0000, 0x0000, 0x0000, 0x0000, 0x0000, 0x0000, 0x0000, 0x0000, 0x0000,
  0x0000, 0x0000, 0x0000, 0x0000, 0x0000, 0x0000, 0x0000, 0x0000, 0x0000, 0x0000, 0x0000, 0x0861,
  0xB596, 0xC5F7, 0xBDF7, 0xBDB5, 0xCBE9, 0xCBC9, 0xCBE9, 0xC3A9, 0x8AC7, 0x8AC7, 0x8AC7, 0x92E7,
  0xCBE9, 0xCBE9, 0xCBE9, 0xCBE9, 0xCBE9, 0xCBE9, 0xCBEA, 0xCBE9, 0xF635, 0xFF1A, 0xF6D8, 0xF6F9,
  0xF5B1, 0xF54F, 0xF56F, 0xFD6F, 0xD44B, 0xCBC9, 0xCBE9, 0xCBE9, 0x9B28, 0x8AE7, 0x92E7, 0x92E7,
  0x92E7, 0x92E7, 0x8AE7, 0x8AE7, 0x8AE7, 0x8AE7, 0x8AE7, 0x8AE7, 0x8AE7, 0x8AE7, 0x8AE7, 0x8AE7,
  0x8AE7, 0x8AE7, 0x8AE7, 0x92E7, 0x8AE7, 0xB389, 0xD40A, 0xCC0A, 0xCBC8, 0xE50F, 0xFE34, 0xFDF4,
  0xFE14, 0xF5B1, 0xF54F, 0xF56F, 0xF54F, 0xF590, 0xFE14, 0xFDF4, 0xFE14, 0xFDF3, 0xF590, 0xF56F,
  0xF56F, 0xFD90, 0xDC4B, 0xCBE9, 0xD40A, 0xD40A, 0x9B08, 0x8AC7, 0x92E7, 0x8AC7, 0xC3C9, 0xD409,
  0xCBE9, 0xDC2A, 0x3902, 0x0000, 0x0000, 0x0000, 0x0000, 0x0000, 0x0000, 0x0000, 0x0000, 0x0000,
  0x0000, 0x0000, 0x0000, 0x0000, 0x0000, 0x0000, 0x0000, 0x0000, 0x0000, 0x0000, 0x0000, 0x0000,
  0x0000, 0x0000, 0x0000, 0x0000, 0x0000, 0x0000, 0x0000, 0x0000, 0x0000, 0x0000, 0x0000, 0x0000,
  0x0000, 0x0000, 0x0000, 0x0000, 0x0000, 0x0000, 0x0000, 0x0000, 0x0000, 0x0000, 0x0000, 0x0000,
  0x0000, 0x0000, 0x0841, 0x83EF, 0x8C51, 0x8451, 0x9450, 0xED2E, 0xED2E, 0xF52E, 0xE4CD, 0x8AE7,
  0x8AC7, 0x8AC7, 0x8AE7, 0x9B08, 0x9307, 0x9B07, 0x9B28, 0xCBE9, 0xCBE9, 0xCBE9, 0xCC0A, 0xF5B2,
  0xFE35, 0xF614, 0xF614, 0xDC8D, 0xD40A, 0xD42A, 0xD42A, 0xA348, 0x92E7, 0x9B07, 0x9307, 0xBBA9,
  0xC3C9, 0xC3C9, 0xC3C9, 0xC3C9, 0xC3C9, 0xC3C9, 0xC3C9, 0xC3C9, 0xC3C9, 0xC3C9, 0xBBA9, 0xDC8C,
  0xE50E, 0xE4EE, 0xE4EE, 0xE4EE, 0xE4EE, 0xE50E, 0xE50E, 0xE4EE, 0xED0E, 0xF52E, 0xED2E, 0xF52E,
  0xE4AD, 0xD42B, 0xD44B, 0xD42B, 0xE4EE, 0xFDF3, 0xF5D3, 0xFDF3, 0xFDD2, 0xF570, 0xF590, 0xFD90,
  0xF56F, 0xD42B, 0xD42A, 0xD44B, 0xD42A, 0xD40A, 0xCBE9, 0xCBEA, 0xD40A, 0x9B08, 0x8AC7, 0x8AE7,
  0x92E7, 0x4143, 0x20A1, 0x28C2, 0x28C1, 0x0820, 0x0000, 0x0000, 0x0000, 0x0000, 0x0000, 0x0000,
  0x0000, 0x0000, 0x0000, 0x0000, 0x0000, 0x0000, 0x0000, 0x0000, 0x0000, 0x0000, 0x0000, 0x0000,
  0x0000, 0x0000, 0x0000, 0x0000, 0x0000, 0x0000, 0x0000, 0x0000, 0x0000, 0x0000, 0x0000, 0x0000,
  0x0000, 0x0000, 0x0000, 0x0000, 0x0000, 0x0000, 0x0000, 0x0000, 0x0000, 0x0000, 0x0000, 0x0000,
  0x0000, 0x0000, 0x0000, 0x0000, 0x0000, 0x0841, 0x738E, 0x840F, 0x7BCF, 0x8C0F, 0xF56F, 0xF56F,
  0xFD90, 0xED0E, 0x8AE7, 0x8AC7, 0x8AE7, 0x8AE7, 0x8AC7, 0x8AE7, 0x8AC7, 0x8AE7, 0xCBC9, 0xCBE9,
  0xCBE9, 0xCC0A, 0xF5B2, 0xFDF3, 0xF5F3, 0xF5F3, 0xD42B, 0xCBC9, 0xCBC9, 0xCBE9, 0x9307, 0x82C7,
  0x8AE7, 0x8AC7, 0xC3C9, 0xD40A, 0xCBEA, 0xCBEA, 0xCBEA, 0xCBEA, 0xCBEA, 0xCBEA, 0xCBEA, 0xCBEA,
  0xCBEA, 0xCBE9, 0xECED, 0xFD90, 0xFD6F, 0xFD70, 0xFD90, 0xFD90, 0xFD90, 0xFD90, 0xFD90, 0xFD6F,
  0xFD6F, 0xF56F, 0xFD90, 0xDC8C, 0xCBC9, 0xCBE9, 0xCBC9, 0xE4CE, 0xFE14, 0xF5F3, 0xFE14, 0xFDD2,
  0xF54F, 0xF56F, 0xFD6F, 0xF52E, 0xCBE9, 0xCBE9, 0xCBE9, 0xCBE9, 0xCBE9, 0xCBE9, 0xCBE9, 0xD40A,
  0x9B08, 0x8AC7, 0x8AC7, 0x92E7, 0x1061, 0x0000, 0x0000, 0x0000, 0x0000, 0x0000, 0x0000, 0x0000,
  0x0000, 0x0000, 0x0000, 0x0000, 0x0000, 0x0000, 0x0000, 0x0000, 0x0000, 0x0000, 0x0000, 0x0000,
  0x0000, 0x0000, 0x0000, 0x0000, 0x0000, 0x0000, 0x0000, 0x0000, 0x0000, 0x0000, 0x0000, 0x0000,
  0x0000, 0x0000, 0x0000, 0x0000, 0x0000, 0x0000, 0x0000, 0x0000, 0x0000, 0x0000, 0x0000, 0x0000,
  0x0000, 0x0000, 0x0000, 0x0000, 0x0000, 0x0000, 0x0000, 0x0000, 0x0841, 0x73AE, 0x8410, 0x7BCF,
  0x8C0F, 0xF54F, 0xF56F, 0xFD6F, 0xE50E, 0x8AC7, 0x8AC7, 0x8AE7, 0x8AE7, 0x8AE7, 0x8AE7, 0x8AE7,
  0x92E7, 0xCBC9, 0xCBEA, 0xCBE9, 0xCC0A, 0xF5B2, 0xFE14, 0xF5F3, 0xFE14, 0xD44B, 0xCBC9, 0xCBE9,
  0xCBE9, 0x9B28, 0x8AE7, 0x92E7, 0x8AE7, 0xC3C9, 0xD40A, 0xCBE9, 0xCBEA, 0xCC0A, 0xCBEA, 0xCBEA,
  0xCBEA, 0xCBEA, 0xCBEA, 0xCC0A, 0xCBE9, 0xED0E, 0xFD90, 0xF56F, 0xF56F, 0xF56F, 0xF56F, 0xF56F,
  0xF56F, 0xF56F, 0xF56F, 0xF56F, 0xF54F, 0xFD70, 0xDC8C, 0xCBC9, 0xD40A, 0xCBC9, 0xE4EE, 0xFE34,
  0xF5F3, 0xFE14, 0xFDD2, 0xF56F, 0xF56F, 0xFD6F, 0xF54F, 0xCBEA, 0xCBE9, 0xCBE9, 0xCBEA, 0xCBEA,
  0xCBEA, 0xCBEA, 0xD40A, 0x9B07, 0x8AC7, 0x8AC7, 0x92E7, 0x20A1, 0x0000, 0x0000, 0x0000, 0x0000,
  0x0000, 0x0000, 0x0000, 0x0000, 0x0000, 0x0000, 0x0000, 0x0000, 0x0000, 0x0000, 0x0000, 0x0000,
  0x0000, 0x0000, 0x0000, 0x0000, 0x0000, 0x0000, 0x0000, 0x0000, 0x0000, 0x0000, 0x0000, 0x0000,
  0x0000, 0x0000, 0x0000, 0x0000, 0x0000, 0x0000, 0x0000, 0x0000, 0x0000, 0x0000, 0x0000, 0x0000,
  0x0000, 0x0000, 0x0000, 0x0000, 0x0000, 0x0000, 0x0000, 0x0000, 0x0000, 0x0000, 0x0000, 0x0841,
  0x8410, 0x8C51, 0x8430, 0x9450, 0xF590, 0xFD90, 0xFDB0, 0xED0E, 0x8AC7, 0x8AC7, 0x8AC7, 0x8AE7,
  0x8AE7, 0x8AE7, 0x8AE7, 0x92E7, 0xCBE9, 0xCBE9, 0xCBE9, 0xCBEA, 0xF5B2, 0xFE14, 0xF5F3, 0xFE14,
  0xD44B, 0xCBC9, 0xCBE9, 0xCBE9, 0x9B07, 0x82A6, 0x8AA7, 0x82A7, 0xBBA9, 0xCBE9, 0xCBE9, 0xCBE9,
  0xCBC9, 0xCBC9, 0xCBC9, 0xCBC9, 0xCBE9, 0xCBE9, 0xCBE9, 0xCBC9, 0xECED, 0xFD6F, 0xF54F, 0xF56F,
  0xF56F, 0xF56F, 0xF56F, 0xF54F, 0xF54F, 0xF56F, 0xF56F, 0xF56F, 0xFD90, 0xDC8C, 0xCBC9, 0xCC0A,
  0xCBC9, 0xE4CE, 0xFE34, 0xF5F3, 0xFE14, 0xFDD2, 0xF56F, 0xF56F, 0xFD90, 0xF54F, 0xD3EA, 0xCBE9,
  0xCBE9, 0xCBE9, 0xCBE9, 0xCBE9, 0xCBE9, 0xCBE9, 0x9B07, 0x8AC7, 0x8AC7, 0x92E7, 0x1881, 0x0000,
  0x0000, 0x0000, 0x0000, 0x0000, 0x0000, 0x0000, 0x0000, 0x0000, 0x0000, 0x0000, 0x0000, 0x0000,
  0x0000, 0x0000, 0x0000, 0x0000, 0x0000, 0x0000, 0x0000, 0x0000, 0x0000, 0x0000, 0x0000, 0x0000,
  0x0000, 0x0000, 0x0000, 0x0000, 0x0000, 0x0000, 0x0000, 0x0000, 0x0000, 0x0000, 0x0000, 0x0000,
  0x0000, 0x0000, 0x0000, 0x0000, 0x0000, 0x0000, 0x0000, 0x0000, 0x0000, 0x0000, 0x0000, 0x0000,
  0x0000, 0x0000, 0x0020, 0x31A6, 0x39C6, 0x31A6, 0x4A07, 0xDC6B, 0xE4AC, 0xE4AC, 0xD44B, 0x8AC7,
  0x8AC7, 0x8AC7, 0x8AE7, 0x8AE7, 0x8AE7, 0x8AE7, 0x92E7, 0xCBE9, 0xCBE9, 0xCBE9, 0xCBEA, 0xF5B2,
  0xFE14, 0xF5F3, 0xFE14, 0xD44B, 0xCBC9, 0xCBEA, 0xCBC9, 0xCC2B, 0xCC6C, 0xCC6C, 0xCC6C, 0xDCAD,
  0xE4CD, 0xE4CD, 0xE4CD, 0xE50F, 0xE530, 0xE52F, 0xE52F, 0xE4EE, 0xE4CD, 0xE4CD, 0xE4AC, 0xF5D2,
  0xFE76, 0xFE55, 0xFE55, 0xFE14, 0xF5F2, 0xF5F3, 0xF5F3, 0xF5F3, 0xF590, 0xF56F, 0xF56F, 0xFD90,
  0xDC8C, 0xCBC9, 0xCC0A, 0xCBC9, 0xE4CE, 0xFE34, 0xF5F3, 0xF614, 0xF5D2, 0xF56F, 0xF56F, 0xFD90,
  0xF54F, 0xCC0A, 0xCBE9, 0xCBEA, 0xCBE9, 0xDC8C, 0xECED, 0xE4CD, 0xECED, 0xA348, 0x8AA7, 0x8AC7,
  0x92E7, 0x1881, 0x0000, 0x0000, 0x0000, 0x0000, 0x0000, 0x0000, 0x0000, 0x0000, 0x0000, 0x0000,
  0x0000, 0x0000, 0x0000, 0x0000, 0x0000, 0x0000, 0x0000, 0x0000, 0x0000, 0x0000, 0x0000, 0x0000,
  0x0000, 0x0000, 0x0000, 0x0000, 0x0000, 0x0000, 0x0000, 0x0000, 0x0000, 0x0000, 0x0000, 0x0000,
  0x0000, 0x0000, 0x0000, 0x0000, 0x0000, 0x0000, 0x0000, 0x0000, 0x0000, 0x0000, 0x0000, 0x0000,
  0x0000, 0x0000, 0x0000, 0x0000, 0x0000, 0x0000, 0x0000, 0x0000, 0x0000, 0x1040, 0xCBC9, 0xCBC9,
  0xCBC9, 0xC3A9, 0x8AE7, 0x8AC7, 0x8AC7, 0x8AE7, 0x8AE7, 0x8AE7, 0x8AE7, 0x92E7, 0xCBE9, 0xCBE9,
  0xCBE9, 0xCBEA, 0xF5B2, 0xFE14, 0xF5F3, 0xFE14, 0xD44B, 0xCBC9, 0xCBEA, 0xCBE9, 0xF52E, 0xFDB0,
  0xFD90, 0xFD90, 0xFD70, 0xFD70, 0xFD70, 0xFD70, 0xFE13, 0xFE34, 0xFE14, 0xFE14, 0xFDD1, 0xFD6F,
  0xFD70, 0xFD6F, 0xFE97, 0xFF1A, 0xFEF9, 0xFF1A, 0xFEB7, 0xFE55, 0xFE55, 0xFE55, 0xFE55, 0xF5B1,
  0xF56F, 0xF56F, 0xFD90, 0xDC8C, 0xCBC9, 0xCC0A, 0xCBC9, 0xE4EE, 0xFE34, 0xF5F3, 0xF614, 0xF5D2,
  0xF56F, 0xF56F, 0xFD90, 0xF54F, 0xCBEA, 0xCBE9, 0xCBEA, 0xCBE9, 0xED0E, 0xFD90, 0xFD6F, 0xFDB0,
  0xA369, 0x8AA6, 0x8AC7, 0x92E7, 0x1881, 0x0000, 0x0000, 0x0000, 0x0000, 0x0000, 0x0000, 0x0000,
  0x0000, 0x0000, 0x0000, 0x0000, 0x0000, 0x0000, 0x0000, 0x0000, 0x0000, 0x0000, 0x0000, 0x0000,
  0x0000, 0x0000, 0x0000, 0x0000, 0x0000, 0x0000, 0x0000, 0x0000, 0x0000, 0x0000, 0x0000, 0x0000,
  0x0000, 0x0000, 0x0000, 0x0000, 0x0000, 0x0000, 0x0000, 0x0000, 0x0000, 0x0000, 0x0000, 0x0000,
  0x0000, 0x0000, 0x0000, 0x0000, 0x0000, 0x0000, 0x0000, 0x0000, 0x0000, 0x0000, 0x0000, 0x0000,
  0x1881, 0xCBC9, 0xCBE9, 0xCBE9, 0xC3C9, 0x92E7, 0x8AC7, 0x8AE7, 0x8AC7, 0x8AE7, 0x8AE7, 0x8AE7,
  0x92E7, 0xCBE9, 0xCBE9, 0xCBE9, 0xCBEA, 0xF5B2, 0xFE14, 0xF5F3, 0xFE14, 0xD44B, 0xCBC9, 0xCBEA,
  0xCBC9, 0xED0E, 0xF54F, 0xF54F, 0xF54F, 0xF54F, 0xF54F, 0xF54F, 0xF56F, 0xF5D2, 0xF5F3, 0xF5F3,
  0xF5F3, 0xF590, 0xF54F, 0xF56F, 0xF54F, 0xF676, 0xF6F9, 0xF6D8, 0xF6F9, 0xF696, 0xF634, 0xF634,
  0xF634, 0xF655, 0xF5B1, 0xF54F, 0xF54F, 0xF590, 0xDC8C, 0xCBC9, 0xCC0A, 0xCBC9, 0xE4EE, 0xFE34,
  0xF5F4, 0xF614, 0xF5D3, 0xF56F, 0xF56F, 0xFD70, 0xF54F, 0xD40A, 0xCBEA, 0xCBEA, 0xCBC9, 0xED0E,
  0xFD6F, 0xF56F, 0xFD90, 0xA349, 0x82A6, 0x8AC7, 0x8AC7, 0x1881, 0x0000, 0x0000, 0x0000, 0x0000,
  0x0000, 0x0000, 0x0000, 0x0000, 0x0000, 0x0000, 0x0000, 0x0000, 0x0000, 0x0000, 0x0000, 0x0000,
  0x0000, 0x0000, 0x0000, 0x0000, 0x0000, 0x0000, 0x0000, 0x0000, 0x0000, 0x0000, 0x0000, 0x0000,
  0x0000, 0x0000, 0x0000, 0x0000, 0x0000, 0x0000, 0x0000, 0x0000, 0x0000, 0x0000, 0x0000, 0x0000,
  0x0000, 0x0000, 0x0000, 0x0000, 0x0000, 0x0000, 0x0000, 0x0000, 0x0000, 0x0000, 0x0000, 0x0000,
  0x0000, 0x0000, 0x0000, 0x1881, 0xD3E9, 0xD409, 0xDC09, 0xCBC9, 0x8AC7, 0x8AE7, 0x8AE7, 0x8AE7,
  0x8AE7, 0x8AE7, 0x8AE7, 0x92E7, 0xCBE9, 0xCBE9, 0xCBE9, 0xCBEA, 0xF5B2, 0xFE14, 0xF5F4, 0xFE14,
  0xD44B, 0xCBC9, 0xCBEA, 0xCBE9, 0xFD6F, 0xFDF1, 0xFDD0, 0xFDD1, 0xFDB0, 0xFDB0, 0xFDB0, 0xFD90,
  0xFDF3, 0xFE34, 0xFE34, 0xFE14, 0xFD90, 0xFD90, 0xFD90, 0xFD6F, 0xFEB7, 0xFF3B, 0xFF3A, 0xFF1A,
  0xFEB7, 0xFE96, 0xFE96, 0xFE96, 0xFE96, 0xFE12, 0xFDD0, 0xFDD0, 0xFDF1, 0xECCD, 0xCBC9, 0xCC0A,
  0xCBC9, 0xE4EE, 0xFE34, 0xF5F4, 0xF614, 0xF5D3, 0xF56F, 0xF56F, 0xFD90, 0xF54F, 0xCBE9, 0xCBC9,
  0xCBC9, 0xCBC9, 0xED0E, 0xFD90, 0xF56F, 0xFD90, 0xAB89, 0x92E7, 0x9B07, 0x9B07, 0x18A1, 0x0000,
  0x0000, 0x0000, 0x0000, 0x0000, 0x0000, 0x0000, 0x0000, 0x0000, 0x0000, 0x0000, 0x0000, 0x0000,
  0x0000, 0x0000, 0x0000, 0x0000, 0x0000, 0x0000, 0x0000, 0x0000, 0x0000, 0x0000, 0x0000, 0x0000,
  0x0000, 0x0000, 0x0000, 0x0000, 0x0000, 0x0000, 0x0000, 0x0000, 0x0000, 0x0000, 0x0000, 0x0000,
  0x0000, 0x0000, 0x0000, 0x0000, 0x0000, 0x0000, 0x0000, 0x0000, 0x0000, 0x0000, 0x0000, 0x0000,
  0x0000, 0x0000, 0x0000, 0x0000, 0x0000, 0x0000, 0x1061, 0x936A, 0x936A, 0x934A, 0x934A, 0x8AE7,
  0x8AE7, 0x8AE7, 0x8AE7, 0x8AE7, 0x8AE7, 0x8AE7, 0x9307, 0xCBE9, 0xCBE9, 0xCBE9, 0xCBEA, 0xF5B2,
  0xFE14, 0xFDF4, 0xFE14, 0xD44B, 0xCBC9, 0xCBE9, 0xD40A, 0x8AE8, 0x7287, 0x72A7, 0x7287, 0xABAA,
  0xC42B, 0xBC0B, 0xBBEB, 0xDCAD, 0xE50F, 0xE4EE, 0xE4EE, 0xE4AD, 0xE4AC, 0xE4AC, 0xE4AC, 0xE50F,
  0xE571, 0xE551, 0xE571, 0xCCCF, 0xBC6D, 0xC48E, 0xC48E, 0xBC6D, 0x8B49, 0x7AE8, 0x8309, 0x7AC8,
  0xAB89, 0xD40A, 0xCBEA, 0xCBC9, 0xE4EE, 0xFE34, 0xF5F4, 0xF614, 0xF5D2, 0xF56F, 0xF56F, 0xF56F,
  0xF56F, 0xE4CD, 0xE4CD, 0xE4AD, 0xE4AC, 0xF54F, 0xFD6F, 0xF56F, 0xFD90, 0x6A66, 0x4143, 0x4143,
  0x4143, 0x0840, 0x0000, 0x0000, 0x0000, 0x0000, 0x0000, 0x0000, 0x0000, 0x0000, 0x0000, 0x0000,
  0x0000, 0x0000, 0x0000, 0x0000, 0x0000, 0x0000, 0x0000, 0x0000, 0x0000, 0x0000, 0x0000, 0x0000,
  0x0000, 0x0000, 0x0000, 0x0000, 0x0000, 0x0000, 0x0000, 0x0000, 0x0000, 0x0000, 0x0000, 0x0000,
  0x0000, 0x0000, 0x0000, 0x0000, 0x0000, 0x0000, 0x0000, 0x0000, 0x0000, 0x0000, 0x0000, 0x0000,
  0x0000, 0x0000, 0x0000, 0x0000, 0x0000, 0x0000, 0x0000, 0x0000, 0x0000, 0x0861, 0x52CB, 0x5ACB,
  0x52AB, 0x62CB, 0x8AE7, 0x8AE7, 0x8AC7, 0x8AC7, 0x8AE7, 0x8AE7, 0x8AE7, 0x9307, 0xCBE9, 0xCBE9,
  0xCBE9, 0xCBE9, 0xF5B2, 0xFE14, 0xF5F4, 0xFE14, 0xD44B, 0xCBC9, 0xCBE9, 0xD40A, 0x20A1, 0x0000,
  0x0000, 0x0000, 0x6A05, 0x8AC7, 0x8286, 0x82A7, 0xBBA9, 0xCBC9, 0xCBC9, 0xCBC9, 0xCBC9, 0xCBC9,
  0xCBC9, 0xCBE9, 0xCBC9, 0xCBC9, 0xCBA8, 0xCBE9, 0xA327, 0x8286, 0x8AA6, 0x82A6, 0x8AC6, 0x28E3,
  0x0021, 0x0861, 0x0000, 0x7A66, 0xDC4A, 0xCBE9, 0xCBC9, 0xE4CE, 0xFE34, 0xF5F3, 0xFE14, 0xF5D2,
  0xF56F, 0xF56F, 0xF56F, 0xF56F, 0xFD90, 0xFD90, 0xFD90, 0xFD90, 0xF56F, 0xF56F, 0xF56F, 0xFDB0,
  0x3123, 0x0000, 0x0000, 0x0000, 0x0000, 0x0000, 0x0000, 0x0000, 0x0000, 0x0000, 0x0000, 0x0000,
  0x0000, 0x0000, 0x0000, 0x0000, 0x0000, 0x0000, 0x0000, 0x0000, 0x0000, 0x0000, 0x0000, 0x0000,
  0x0000, 0x0000, 0x0000, 0x0000, 0x0000, 0x0000, 0x0000, 0x0000, 0x0000, 0x0000, 0x0000, 0x0000,
  0x0000, 0x0000, 0x0000, 0x0000, 0x0000, 0x0000, 0x0000, 0x0000, 0x0000, 0x0000, 0x0000, 0x0000,
  0x0000, 0x0000, 0x0000, 0x0000, 0x0000, 0x0000, 0x0000, 0x0000, 0x0000, 0x0000, 0x0000, 0x0000,
  0x0861, 0x5AAA, 0x62CB, 0x5ACB, 0x6AEA, 0x8AE7, 0x92E7, 0x8AE7, 0x8AE7, 0x8AE7, 0x8AE7, 0x8AE7,
  0x9307, 0xCBC9, 0xCBE9, 0xCBE9, 0xCBE9, 0xF5B2, 0xFE14, 0xF5F3, 0xFDF4, 0xD44C, 0xCBE9, 0xCBE9,
  0xD40A, 0x3922, 0x0820, 0x0840, 0x0820, 0x7266, 0x9308, 0x92E7, 0x9307, 0xC3C9, 0xD40A, 0xD40A,
  0xCC0A, 0xCC0A, 0xD40A, 0xD40A, 0xD40A, 0xD40A, 0xD40A, 0xD40A, 0xD40A, 0xAB68, 0x92E7, 0x92E8,
  0x92E7, 0x9B28, 0x4184, 0x10A2, 0x18C3, 0x10A2, 0x82A7, 0xDC2A, 0xCBEA, 0xCBC9, 0xE4CE, 0xFE14,
  0xF5F3, 0xFE14, 0xF5D2, 0xF56F, 0xF56F, 0xF56F, 0xF56F, 0xF56F, 0xF56F, 0xF56F, 0xF56F, 0xF56F,
  0xF56F, 0xF56F, 0xFD90, 0x3943, 0x0000, 0x0000, 0x0000, 0x0000, 0x0000, 0x0000, 0x0000, 0x0000,
  0x0000, 0x0000, 0x0000, 0x0000, 0x0000, 0x0000, 0x0000, 0x0000, 0x0000, 0x0000, 0x0000, 0x0000,
  0x0000, 0x0000, 0x0000, 0x0000, 0x0000, 0x0000, 0x0000, 0x0000, 0x0000, 0x0000, 0x0000, 0x0000,
  0x0000, 0x0000, 0x0000, 0x0000, 0x0000, 0x0000, 0x0000, 0x0000, 0x0000, 0x0000, 0x0000, 0x0000,
  0x0000, 0x0000, 0x0000, 0x0000, 0x0000, 0x0000, 0x0000, 0x0000, 0x0000, 0x0000, 0x0000, 0x0000,
  0x0000, 0x0000, 0x0000, 0x0861, 0x62EC, 0x630C, 0x630C, 0x6B0B, 0x8AC7, 0x8AC7, 0x8AC7, 0x8AC7,
  0x8AE7, 0x8AE7, 0x8AE7, 0x92E7, 0xCBE9, 0xD40A, 0xCBE9, 0xD40A, 0xF5F3, 0xFE34, 0xFE14, 0xFE35,
  0xD44B, 0xCBC8, 0xCBC9, 0xD409, 0x20A1, 0x0000, 0x0000, 0x0000, 0x61E4, 0x8AC6, 0x8AA6, 0x82A6,
  0xBB88, 0xCBE9, 0xCBC9, 0xCBE9, 0xCBC9, 0xCBC8, 0xCBC8, 0xCBC8, 0xCBC9, 0xCBC9, 0xCBC8, 0xD3E9,
  0xA328, 0x82A6, 0x8AC6, 0x8AA6, 0x92C7, 0x2903, 0x0021, 0x0862, 0x0021, 0x7246, 0xDC0A, 0xCBE9,
  0xC3A8, 0xDCCE, 0xFE34, 0xF5F3, 0xFE14, 0xF5D2, 0xF56F, 0xF56F, 0xF56F, 0xF56F, 0xF56F, 0xF56F,
  0xF56F, 0xF56F, 0xFD90, 0xFD90, 0xFD90, 0xFDB0, 0x3944, 0x0000, 0x0000, 0x0000, 0x0000, 0x0000,
  0x0000, 0x0000, 0x0000, 0x0000, 0x0000, 0x0000, 0x0000, 0x0000, 0x0000, 0x0000, 0x0000, 0x0000,
  0x0000, 0x0000, 0x0000, 0x0000, 0x0000, 0x0000, 0x0000, 0x0000, 0x0000, 0x0000, 0x0000, 0x0000,
  0x0000, 0x0000, 0x0000, 0x0000, 0x0000, 0x0000, 0x0000, 0x0000, 0x0000, 0x0000, 0x0000, 0x0000,
  0x0000, 0x0000, 0x0000, 0x0000, 0x0000, 0x0000, 0x0000, 0x0000, 0x0000, 0x0000, 0x0000, 0x0000,
  0x0000, 0x0000, 0x0000, 0x0000, 0x0000, 0x0000, 0x0020, 0x3186, 0x3186, 0x3165, 0x41C6, 0xAB48,
  0xAB68, 0xAB68, 0xAB48, 0x8AC7, 0x8AC7, 0x8AC7, 0x92E7, 0xAB68, 0xAB68, 0xAB68, 0xAB68, 0xDCAE,
  0xE50F, 0xE4EE, 0xE50F, 0xE4CD, 0xE4AC, 0xE4AC, 0xE4AC, 0x934A, 0x72EA, 0x7AE9, 0x7AE9, 0xB42D,
  0xC48D, 0xC46D, 0xBC6D, 0xDCCE, 0xE4EE, 0xE4EF, 0xE4EF, 0xE551, 0xE571, 0xE571, 0xE571, 0xE571,
  0xE571, 0xE551, 0xE571, 0xD4AE, 0xBC4D, 0xC48E, 0xC46E, 0xC46D, 0x8B29, 0x7AE8, 0x8309, 0x7AC8,
  0xBC0B, 0xECCD, 0xE4AC, 0xE48C, 0xED50, 0xFE14, 0xF5F4, 0xF614, 0xF5D2, 0xF56F, 0xF56F, 0xF56F,
  0xF570, 0xFDB1, 0xFDB2, 0xFDB2, 0xFDD2, 0xE4EE, 0xE48C, 0xE4AC, 0xECED, 0x3103, 0x0000, 0x0000,
  0x0000, 0x0000, 0x0000, 0x0000, 0x0000, 0x0000, 0x0000, 0x0000, 0x0000, 0x0000, 0x0000, 0x0000,
  0x0000, 0x0000, 0x0000, 0x0000, 0x0000, 0x0000, 0x0000, 0x0000, 0x0000, 0x0000, 0x0000, 0x0000,
  0x0000, 0x0000, 0x0000, 0x0000, 0x0000, 0x0000, 0x0000, 0x0000, 0x0000, 0x0000, 0x0000, 0x0000,
  0x0000, 0x0000, 0x0000, 0x0000, 0x0000, 0x0000, 0x0000, 0x0000, 0x0000, 0x0000, 0x0000, 0x0000,
  0x0000, 0x0000, 0x0000, 0x0000, 0x0000, 0x0000, 0x0000, 0x0000, 0x0000, 0x0000, 0x0000, 0x0000,
  0x0000, 0x1860, 0xD3E9, 0xD40A, 0xD409, 0xC3C9, 0x8AE7, 0x8AC7, 0x8AE7, 0x8AE7, 0x8AC7, 0x8AC7,
  0x8AC7, 0x8AC7, 0xBB88, 0xCBC9, 0xCBC9, 0xCBA8, 0xED2E, 0xFD90, 0xFD6F, 0xFD6F, 0xFE34, 0xFE75,
  0xFE55, 0xFE75, 0xFE55, 0xFE34, 0xFE34, 0xFE34, 0xFE14, 0xFE14, 0xFE14, 0xFE14, 0xFED9, 0xFF3B,
  0xFF1A, 0xFF1A, 0xFF1A, 0xFF1A, 0xFF1A, 0xFEF9, 0xFE35, 0xFE35, 0xFE35, 0xFE35, 0xFE55, 0xFDF2,
  0xFDB0, 0xFDB0, 0xFDB0, 0xFD90, 0xFD70, 0xFD70, 0xFD6F, 0xFDB1, 0xF614, 0xF614, 0xF614, 0xF5D3,
  0xF56F, 0xF56F, 0xF56F, 0xF590, 0xFE14, 0xFE14, 0xFDF4, 0xFE14, 0xD46C, 0xCBA8, 0xCBC9, 0xD3E9,
  0x30E2, 0x0000, 0x0000, 0x0000, 0x0000, 0x0000, 0x0000, 0x0000, 0x0000, 0x0000, 0x0000, 0x0000,
  0x0000, 0x0000, 0x0000, 0x0000, 0x0000, 0x0000, 0x0000, 0x0000, 0x0000, 0x0000, 0x0000, 0x0000,
  0x0000, 0x0000, 0x0000, 0x0000, 0x0000, 0x0000, 0x0000, 0x0000, 0x0000, 0x0000, 0x0000, 0x0000,
  0x0000, 0x0000, 0x0000, 0x0000, 0x0000, 0x0000, 0x0000, 0x0000, 0x0000, 0x0000, 0x0000, 0x0000,
  0x0000, 0x0000, 0x0000, 0x0000, 0x0000, 0x0000, 0x0000, 0x0000, 0x0000, 0x0000, 0x0000, 0x0000,
  0x0000, 0x0000, 0x0000, 0x0000, 0x20A1, 0xCBC9, 0xCBE9, 0xCBE9, 0xC3C9, 0x92E7, 0x8AC7, 0x8AC7,
  0x8AE7, 0x8AE7, 0x8AE7, 0x8AE7, 0x8AE7, 0xC3C9, 0xD3E9, 0xCBE9, 0xCBE9, 0xED0E, 0xF56F, 0xF54F,
  0xF54F, 0xF5B2, 0xF5F3, 0xF5D3, 0xF5F3, 0xF5F3, 0xF5F3, 0xF5F3, 0xF5F3, 0xF5F3, 0xF5F3, 0xF5F3,
  0xF5F3, 0xF697, 0xF6D9, 0xF6D9, 0xF6D9, 0xF6D9, 0xF6D9, 0xF6D9, 0xF6D9, 0xF614, 0xF5F3, 0xF5F4,
  0xF5F4, 0xF614, 0xF591, 0xF54F, 0xF54F, 0xF54F, 0xF54F, 0xF56F, 0xF56F, 0xF54F, 0xF5B1, 0xF614,
  0xF614, 0xF614, 0xF5F3, 0xF56F, 0xF56F, 0xF56F, 0xF570, 0xFDF4, 0xFDF4, 0xFDF3, 0xFE14, 0xDC8C,
  0xCBE9, 0xCBEA, 0xD40A, 0x30E2, 0x0000, 0x0000, 0x0000, 0x0000, 0x0000, 0x0000, 0x0000, 0x0000,
  0x0000, 0x0000, 0x0000, 0x0000, 0x0000, 0x0000, 0x0000, 0x0000, 0x0000, 0x0000, 0x0000, 0x0000,
  0x0000, 0x0000, 0x0000, 0x0000, 0x0000, 0x0000, 0x0000, 0x0000, 0x0000, 0x0000, 0x0000, 0x0000,
  0x0000, 0x0000, 0x0000, 0x0000, 0x0000, 0x0000, 0x0000, 0x0000, 0x0000, 0x0000, 0x0000, 0x0000,
  0x0000, 0x0000, 0x0000, 0x0000, 0x0000, 0x0000, 0x0000, 0x0000, 0x0000, 0x0000, 0x0000, 0x0000,
  0x0000, 0x0000, 0x0000, 0x0000, 0x0000, 0x0000, 0x0000, 0x2081, 0xCBE9, 0xCBE9, 0xCBE9, 0xC3C9,
  0x92E7, 0x8AC7, 0x8AC7, 0x8AE7, 0x8AE7, 0x8AE7, 0x8AE7, 0x8AE7, 0xC3C9, 0xD3E9, 0xCBE9, 0xCBE9,
  0xF52E, 0xFD90, 0xFD6F, 0xFD6F, 0xFDF3, 0xFE35, 0xFE34, 0xFE35, 0xFE34, 0xFE34, 0xFE34, 0xF634,
  0xFE14, 0xFDF4, 0xFE14, 0xFDF4, 0xF6B8, 0xF71A, 0xF6FA, 0xFEFA, 0xFEFA, 0xFF1A, 0xF6FA, 0xF6FA,
  0xF635, 0xF5F3, 0xF614, 0xF614, 0xF614, 0xF590, 0xF54F, 0xF54F, 0xF56F, 0xF56F, 0xF56F, 0xF56F,
  0xF54F, 0xF5B1, 0xF614, 0xF614, 0xF614, 0xF5F3, 0xF56F, 0xF56F, 0xF56F, 0xF590, 0xFDF4, 0xFE14,
  0xFE14, 0xFE35, 0xDC8C, 0xCBC9, 0xCBEA, 0xD40A, 0x30E2, 0x0000, 0x0000, 0x0000, 0x0000, 0x0000,
  0x0000, 0x0000, 0x0000, 0x0000, 0x0000, 0x0000, 0x0000, 0x0000, 0x0000, 0x0000, 0x0000, 0x0000,
  0x0000, 0x0000, 0x0000, 0x0000, 0x0000, 0x0000, 0x0000, 0x0000, 0x0000, 0x0000, 0x0000, 0x0000,
  0x0000, 0x0000, 0x0000, 0x0000, 0x0000, 0x0000, 0x0000, 0x0000, 0x0000, 0x0000, 0x0000, 0x0000,
  0x0000, 0x0000, 0x0000, 0x0000, 0x0000, 0x0000, 0x0000, 0x0000, 0x0000, 0x0000, 0x0000, 0x0000,
  0x0000, 0x0000, 0x0000, 0x0000, 0x0000, 0x0000, 0x0000, 0x0000, 0x0000, 0x0000, 0x2081, 0xCBC9,
  0xCBE9, 0xCBE9, 0xC3C9, 0x92E7, 0x8AC7, 0x8AC7, 0x8AE7, 0x8AE7, 0x8AE7, 0x8AE7, 0x8AE7, 0xC3C9,
  0xD3E9, 0xCBE9, 0xCBE9, 0xE4AC, 0xE4CD, 0xE4CD, 0xE4CC, 0xE50F, 0xE52F, 0xE52F, 0xE50F, 0xE52F,
  0xE52F, 0xE52F, 0xE52F, 0xF591, 0xFDD2, 0xF5B2, 0xFDB1, 0xF634, 0xF655, 0xF655, 0xF655, 0xF655,
  0xF655, 0xF655, 0xF635, 0xF5D2, 0xF5D3, 0xF5F3, 0xF5F3, 0xF5F3, 0xF5B1, 0xF5B1, 0xF5B1, 0xF5B1,
  0xF5B1, 0xFDB1, 0xF5B1, 0xF5B1, 0xF5D2, 0xF614, 0xF614, 0xF614, 0xF5F3, 0xF5B1, 0xF591, 0xF570,
  0xF570, 0xF5B2, 0xFDD2, 0xF5B2, 0xFDD2, 0xDC6C, 0xCBC9, 0xCBE9, 0xD40A, 0x30E2, 0x0000, 0x0000,
  0x0000, 0x0000, 0x0000, 0x0000, 0x0000, 0x0000, 0x0000, 0x0000, 0x0000, 0x0000, 0x0000, 0x0000,
  0x0000, 0x0000, 0x0000, 0x0000, 0x0000, 0x0000, 0x0000, 0x0000, 0x0000, 0x0000, 0x0000, 0x0000,
  0x0000, 0x0000, 0x0000, 0x0000, 0x0000, 0x0000, 0x0000, 0x0000, 0x0000, 0x0000, 0x0000, 0x0000,
  0x0000, 0x0000, 0x0000, 0x0000, 0x0000, 0x0000, 0x0000, 0x0000, 0x0000, 0x0000, 0x0000, 0x0000,
  0x0000, 0x0000, 0x0000, 0x0000, 0x0000, 0x0000, 0x0000, 0x0000, 0x0000, 0x0000, 0x0000, 0x0000,
  0x0000, 0x2081, 0xCBC9, 0xCBE9, 0xCBE9, 0xC3C9, 0x92E7, 0x8AC7, 0x8AC7, 0x8AC7, 0x8AE7, 0x8AE7,
  0x8AE7, 0x92E7, 0xC3C9, 0xD3E9, 0xCBE9, 0xCBE9, 0xCBE9, 0xCBC9, 0xCBC9, 0xCBC9, 0xCBC9, 0xCBC9,
  0xCBC9, 0xCBC9, 0xCBC9, 0xCBC9, 0xCBC9, 0xCBC9, 0xECED, 0xFD6F, 0xF54F, 0xF56F, 0xF54F, 0xF54E,
  0xF54F, 0xF54E, 0xF54F, 0xF54F, 0xF54E, 0xF54E, 0xF54F, 0xF570, 0xF570, 0xF570, 0xF570, 0xF5B2,
  0xF614, 0xF614, 0xF614, 0xF614, 0xFE14, 0xFE14, 0xFE14, 0xFDF4, 0xFDF4, 0xFDF4, 0xFDF4, 0xF5F4,
  0xFE14, 0xFDF4, 0xF570, 0xF56F, 0xF56F, 0xF54F, 0xF54F, 0xFD6F, 0xDC4B, 0xCBC9, 0xCBE9, 0xD40A,
  0x30E2, 0x0000, 0x0000, 0x0000, 0x0000, 0x0000, 0x0000, 0x0000, 0x0000, 0x0000, 0x0000, 0x0000,
  0x0000, 0x0000, 0x0000, 0x0000, 0x0000, 0x0000, 0x0000, 0x0000, 0x0000, 0x0000, 0x0000, 0x0000,
  0x0000, 0x0000, 0x0000, 0x0000, 0x0000, 0x0000, 0x0000, 0x0000, 0x0000, 0x0000, 0x0000, 0x0000,
  0x0000, 0x0000, 0x0000, 0x0000, 0x0000, 0x0000, 0x0000, 0x0000, 0x0000, 0x0000, 0x0000, 0x0000,
  0x0000, 0x0000, 0x0000, 0x0000, 0x0000, 0x0000, 0x0000, 0x0000, 0x0000, 0x0000, 0x0000, 0x0000,
  0x0000, 0x0000, 0x0000, 0x0000, 0x1881, 0xCBC9, 0xCBE9, 0xCBE9, 0xC3C9, 0x92E7, 0x8AE7, 0x8AE7,
  0x8AE7, 0x8AE7, 0x8AE7, 0x8AE7, 0x8AE7, 0xC3C9, 0xCBE9, 0xCBE9, 0xCBE9, 0xCBEA, 0xCBEA, 0xCC0A,
  0xCBEA, 0xCC0A, 0xCC0A, 0xCC0A, 0xCBEA, 0xCC0A, 0xCC0A, 0xCC0A, 0xCBEA, 0xED0E, 0xFD6F, 0xF56F,
  0xF56F, 0xF56F, 0xF56F, 0xF56F, 0xF56F, 0xF56F, 0xF570, 0xF570, 0xF570, 0xF56F, 0xF56F, 0xF56F,
  0xF56F, 0xF56F, 0xF5B1, 0xF614, 0xF614, 0xF614, 0xF614, 0xFE14, 0xFDF4, 0xFDF4, 0xFDF4, 0xFDF4,
  0xFDF4, 0xFDF4, 0xFE14, 0xFE14, 0xFDF3, 0xF56F, 0xF56F, 0xF56F, 0xF56F, 0xF56F, 0xFD90, 0xD44B,
  0xCBC9, 0xCBE9, 0xD40A, 0x30E2, 0x0000, 0x0000, 0x0000, 0x0000, 0x0000, 0x0000, 0x0000, 0x0000,
  0x0000, 0x0000, 0x0000, 0x0000, 0x0000, 0x0000, 0x0000, 0x0000, 0x0000, 0x0000, 0x0000, 0x0000,
  0x0000, 0x0000, 0x0000, 0x0000, 0x0000, 0x0000, 0x0000, 0x0000, 0x0000, 0x0000, 0x0000, 0x0000,
  0x0000, 0x0000, 0x0000, 0x0000, 0x0000, 0x0000, 0x0000, 0x0000, 0x0000, 0x0000, 0x0000, 0x0000,
  0x0000, 0x0000, 0x0000, 0x0000, 0x0000, 0x0000, 0x0000, 0x0000, 0x0000, 0x0000, 0x0000, 0x0000,
  0x0000, 0x0000, 0x0000, 0x0000, 0x0000, 0x0000, 0x0000, 0x20A1, 0xD3E9, 0xD409, 0xD409, 0xCBC9,
  0x8AE7, 0x8AC7, 0x8AC7, 0x8AC7, 0x8AE7, 0x8AE7, 0x8AE7, 0x8AE7, 0xCBC9, 0xD40A, 0xD40A, 0xD40A,
  0xCBEA, 0xCBEA, 0xCBEA, 0xCBE9, 0xCBE9, 0xCBC9, 0xCBC9, 0xCBC9, 0xCBC9, 0xCBA8, 0xCBA8, 0xC3A8,
  0xED0D, 0xFD6F, 0xF56F, 0xF56F, 0xF56F, 0xF56F, 0xF56F, 0xF56F, 0xF56F, 0xF56F, 0xF56F, 0xF56F,
  0xF56F, 0xF56F, 0xF56F, 0xF56F, 0xF54F, 0xF5B1, 0xF614, 0xF5F3, 0xF5F3, 0xF5F3, 0xFDF3, 0xFDF3,
  0xFDF3, 0xFDF4, 0xFDF4, 0xFDF4, 0xFDF4, 0xFE14, 0xFE14, 0xFDF4, 0xF56F, 0xF56F, 0xFD90, 0xFD90,
  0xFD90, 0xFDB0, 0xDC6B, 0xD3E9, 0xD40A, 0xDC2A, 0x30E2, 0x0000, 0x0000, 0x0000, 0x0000, 0x0000,
  0x0000, 0x0000, 0x0000, 0x0000, 0x0000, 0x0000, 0x0000, 0x0000, 0x0000, 0x0000, 0x0000, 0x0000,
  0x0000, 0x0000, 0x0000, 0x0000, 0x0000, 0x0000, 0x0000, 0x0000, 0x0000, 0x0000, 0x0000, 0x0000,
  0x0000, 0x0000, 0x0000, 0x0000, 0x0000, 0x0000, 0x0000, 0x0000, 0x0000, 0x0000, 0x0000, 0x0000,
  0x0000, 0x0000, 0x0000, 0x0000, 0x0000, 0x0000, 0x0000, 0x0000, 0x0000, 0x0000, 0x0000, 0x0000,
  0x0000, 0x0000, 0x0000, 0x0000, 0x0000, 0x0000, 0x0000, 0x0000, 0x0000, 0x0000, 0x1881, 0xA36A,
  0xA36A, 0x9B69, 0xA369, 0xA348, 0xA348, 0xA348, 0xA348, 0x8AE7, 0x8AE7, 0x8AE7, 0x8AE7, 0xB388,
  0xBBA9, 0xB389, 0xB389, 0xCBE9, 0xCBEA, 0xCBEA, 0xCBE9, 0xDC4B, 0xDC6C, 0xDC8C, 0xDC6C, 0xDCEF,
  0xDD10, 0xDD10, 0xDD10, 0xF591, 0xFDB1, 0xF5B1, 0xFDB1, 0xFDB1, 0xF5B1, 0xFDB1, 0xFDB1, 0xFDB1,
  0xFDB1, 0xF5B1, 0xF5B1, 0xF5B1, 0xF5B1, 0xF5B1, 0xF5B1, 0xF591, 0xF5F3, 0xF676, 0xF656, 0xF656,
  0xF656, 0xFE56, 0xFE56, 0xFE56, 0xFE35, 0xFDF4, 0xFDF4, 0xFE14, 0xFDF3, 0xFDD2, 0xF5B2, 0xF570,
  0xF54F, 0xECED, 0xE4CD, 0xECED, 0xED0E, 0xC3EA, 0xB368, 0xB388, 0xBBA9, 0x28C2, 0x0000, 0x0000,
  0x0000, 0x0000, 0x0000, 0x0000, 0x0000, 0x0000, 0x0000, 0x0000, 0x0000, 0x0000, 0x0000, 0x0000,
  0x0000, 0x0000, 0x0000, 0x0000, 0x0000, 0x0000, 0x0000, 0x0000, 0x0000, 0x0000, 0x0000, 0x0000,
  0x0000, 0x0000, 0x0000, 0x0000, 0x0000, 0x0000, 0x0000, 0x0000, 0x0000, 0x0000, 0x0000, 0x0000,
  0x0000, 0x0000, 0x0000, 0x0000, 0x0000, 0x0000, 0x0000, 0x0000, 0x0000, 0x0000, 0x0000, 0x0000,
  0x0000, 0x0000, 0x0000, 0x0000, 0x0000, 0x0000, 0x0000, 0x0000, 0x0000, 0x0000, 0x0000, 0x0000,
  0x0000, 0x0861, 0x4A6A, 0x4AAA, 0x4A8A, 0x5AAA, 0xCBE9, 0xD3E9, 0xD40A, 0xCBE9, 0x92E7, 0x8AC7,
  0x8AE7, 0x8AE7, 0x8AC7, 0x8AC7, 0x8AE7, 0x8AC7, 0xC3A9, 0xCBE9, 0xCBEA, 0xCBE9, 0xED0E, 0xFD90,
  0xFD90, 0xFD6F, 0xFED9, 0xFF7C, 0xFF5C, 0xFF7C, 0xFE56, 0xFDF3, 0xFE14, 0xFE14, 0xFE14, 0xFE14,
  0xFE14, 0xFE14, 0xFE14, 0xFE14, 0xFE14, 0xFE14, 0xFE14, 0xFDF4, 0xFDF4, 0xFE14, 0xFDF4, 0xFE77,
  0xF71A, 0xF6FA, 0xFEFA, 0xFEFA, 0xFEFA, 0xFEFA, 0xFF1A, 0xF697, 0xF5F3, 0xFDF4, 0xFE14, 0xF5D3,
  0xF54F, 0xF54F, 0xF570, 0xF52E, 0xCBC9, 0xCBC9, 0xCBC9, 0xCBE9, 0x9AE7, 0x82A7, 0x8AC7, 0x8AC7,
  0x20A1, 0x0000, 0x0000, 0x0000, 0x0000, 0x0000, 0x0000, 0x0000, 0x0000, 0x0000, 0x0000, 0x0000,
  0x0000, 0x0000, 0x0000, 0x0000, 0x0000, 0x0000, 0x0000, 0x0000, 0x0000, 0x0000, 0x0000, 0x0000,
  0x0000, 0x0000, 0x0000, 0x0000, 0x0000, 0x0000, 0x0000, 0x0000, 0x0000, 0x0000, 0x0000, 0x0000,
  0x0000, 0x0000, 0x0000, 0x0000, 0x0000, 0x0000, 0x0000, 0x0000, 0x0000, 0x0000, 0x0000, 0x0000,
  0x0000, 0x0000, 0x0000, 0x0000, 0x0000, 0x0000, 0x0000, 0x0000, 0x0000, 0x0000, 0x0000, 0x0000,
  0x0000, 0x0000, 0x0000, 0x0000, 0x0861, 0x528A, 0x52AA, 0x52AA, 0x62CA, 0xC3C9, 0xCBE9, 0xCBE9,
  0xC3C9, 0x92E7, 0x8AE7, 0x8AE7, 0x8AE7, 0x8AE7, 0x8AE7, 0x8AE7, 0x8AE7, 0xBBA9, 0xCBE9, 0xCBE9,
  0xCBE9, 0xED0E, 0xF56F, 0xF54F, 0xF54F, 0xFEB8, 0xF73B, 0xFF1B, 0xF71B, 0xFE35, 0xFDF3, 0xFDF4,
  0xFDF4, 0xFDF4, 0xFE14, 0xFE14, 0xFDF4, 0xFDF4, 0xFDF4, 0xFDF4, 0xFDF4, 0xFDF4, 0xFDF4, 0xFDF4,
  0xFE14, 0xFDF3, 0xFE76, 0xF6FA, 0xF6FA, 0xFEFA, 0xFEFA, 0xFEFA, 0xFEFA, 0xFEFA, 0xF697, 0xF5F3,
  0xFDF4, 0xFE14, 0xF5D2, 0xF56F, 0xF56F, 0xF56F, 0xED2E, 0xCBEA, 0xCBEA, 0xCBEA, 0xD40A, 0xA328,
  0x8AC7, 0x8AC7, 0x92E7, 0x20A1, 0x0000, 0x0000, 0x0000, 0x0000, 0x0000, 0x0000, 0x0000, 0x0000,
  0x0000, 0x0000, 0x0000, 0x0000, 0x0000, 0x0000, 0x0000, 0x0000, 0x0000, 0x0000, 0x0000, 0x0000,
  0x0000, 0x0000, 0x0000, 0x0000, 0x0000, 0x0000, 0x0000, 0x0000, 0x0000, 0x0000, 0x0000, 0x0000,
  0x0000, 0x0000, 0x0000, 0x0000, 0x0000, 0x0000, 0x0000, 0x0000, 0x0000, 0x0000, 0x0000, 0x0000,
  0x0000, 0x0000, 0x0000, 0x0000, 0x0000, 0x0000, 0x0000, 0x0000, 0x0000, 0x0000, 0x0000, 0x0000,
  0x0000, 0x0000, 0x0000, 0x0000, 0x0000, 0x0000, 0x0000, 0x0861, 0x4A69, 0x528A, 0x4A8A, 0x62CA,
  0xD42A, 0xD40A, 0xD40A, 0xD40A, 0x92E7, 0x8AC7, 0x8AC7, 0x8AC7, 0x8AE7, 0x8AE7, 0x8AE7, 0x8AC7,
  0xC3C9, 0xD40A, 0xD3EA, 0xCBE9, 0xF52E, 0xFD90, 0xFD90, 0xFD6F, 0xFED9, 0xFF5C, 0xFF3B, 0xFF3B,
  0xFE35, 0xFDF4, 0xFE14, 0xFE14, 0xFE14, 0xFE35, 0xFE35, 0xFE35, 0xFE14, 0xFE14, 0xFE14, 0xFE14,
  0xFE14, 0xFDF4, 0xFDF4, 0xFE14, 0xFDF3, 0xFE77, 0xF71A, 0xF6FA, 0xF6FA, 0xFEFA, 0xF71A, 0xFEFA,
  0xFF1B, 0xF698, 0xFDF4, 0xFE14, 0xFE14, 0xFDF3, 0xFD90, 0xFD90, 0xFD90, 0xF54F, 0xD40A, 0xD40A,
  0xD40A, 0xD40A, 0x9B28, 0x82A7, 0x8AC7, 0x8AC7, 0x20A1, 0x0000, 0x0000, 0x0000, 0x0000, 0x0000,
  0x0000, 0x0000, 0x0000, 0x0000, 0x0000, 0x0000, 0x0000, 0x0000, 0x0000, 0x0000, 0x0000, 0x0000,
  0x0000, 0x0000, 0x0000, 0x0000, 0x0000, 0x0000, 0x0000, 0x0000, 0x0000, 0x0000, 0x0000, 0x0000,
  0x0000, 0x0000, 0x0000, 0x0000, 0x0000, 0x0000, 0x0000, 0x0000, 0x0000, 0x0000, 0x0000, 0x0000,
  0x0000, 0x0000, 0x0000, 0x0000, 0x0000, 0x0000, 0x0000, 0x0000, 0x0000, 0x0000, 0x0000, 0x0000,
  0x0000, 0x0000, 0x0000, 0x0000, 0x0000, 0x0000, 0x0000, 0x0000, 0x0000, 0x0000, 0x0861, 0x5AEB,
  0x630C, 0x5AEB, 0x6B0B, 0x9B69, 0x9B48, 0xA349, 0xA348, 0x9B28, 0xA328, 0xA328, 0xA328, 0x92E7,
  0x8AE7, 0x8AE7, 0x8AE7, 0xAB68, 0xBB89, 0xBBA9, 0xBBA9, 0xDCAC, 0xED0E, 0xED0E, 0xED0E, 0xF677,
  0xFEB8, 0xF697, 0xF6D8, 0xF614, 0xFDD2, 0xF5D2, 0xFDD2, 0xED91, 0xED71, 0xED71, 0xED71, 0xF5B2,
  0xFDD2, 0xFDD2, 0xFDD2, 0xFDD3, 0xFDF4, 0xF5F4, 0xFE14, 0xFDF4, 0xF656, 0xF6D8, 0xF6B8, 0xF6B8,
  0xF6B8, 0xF6B8, 0xFEB8, 0xFEB8, 0xF656, 0xFDD2, 0xFDD2, 0xFDD2, 0xF5B1, 0xED0E, 0xECED, 0xED0E,
  0xE4CD, 0xB389, 0xBBA9, 0xBBA9, 0xBBA9, 0xA348, 0x9B28, 0xA328, 0xA348, 0x20C1, 0x0000, 0x0000,
  0x0000, 0x0000, 0x0000, 0x0000, 0x0000, 0x0000, 0x0000, 0x0000, 0x0000, 0x0000, 0x0000, 0x0000,
  0x0000, 0x0000, 0x0000, 0x0000, 0x0000, 0x0000, 0x0000, 0x0000, 0x0000, 0x0000, 0x0000, 0x0000,
  0x0000, 0x0000, 0x0000, 0x0000, 0x0000, 0x0000, 0x0000, 0x0000, 0x0000, 0x0000, 0x0000, 0x0000,
  0x0000, 0x0000, 0x0000, 0x0000, 0x0000, 0x0000, 0x0000, 0x0000, 0x0000, 0x0000, 0x0000, 0x0000,
  0x0000, 0x0000, 0x0000, 0x0000, 0x0000, 0x0000, 0x0000, 0x0000, 0x0000, 0x0000, 0x0000, 0x0000,
  0x0000, 0x1082, 0x7BCF, 0x7BEF, 0x83EF, 0x73AE, 0x2986, 0x2986, 0x2986, 0x39A6, 0xCBE9, 0xD40A,
  0xD3E9, 0xCBE9, 0x92E7, 0x8AC7, 0x8AE7, 0x8AE7, 0x8AC7, 0x8AC7, 0x8AC7, 0x82C7, 0xBB89, 0xCBE9,
  0xCBC9, 0xCBC9, 0xED30, 0xF5B1, 0xF591, 0xF5B1, 0xF590, 0xF54F, 0xF54F, 0xFD6F, 0xD42B, 0xCBA9,
  0xCBE9, 0xCBC9, 0xECED, 0xFD6F, 0xF56F, 0xF54F, 0xF590, 0xFDF4, 0xFDF4, 0xFDF4, 0xFDF4, 0xF634,
  0xF634, 0xF634, 0xF634, 0xF614, 0xFDF3, 0xF5F3, 0xF5F3, 0xF591, 0xF54E, 0xF54F, 0xFD6F, 0xECCD,
  0xCBA9, 0xCBE9, 0xCBE9, 0xBBA9, 0x8AC7, 0x8AE7, 0x8AC7, 0x82A7, 0xBBA9, 0xD40A, 0xCBE9, 0xDC2A,
  0x30E2, 0x0000, 0x0000, 0x0000, 0x0000, 0x0000, 0x0000, 0x0000, 0x0000, 0x0000, 0x0000, 0x0000,
  0x0000, 0x0000, 0x0000, 0x0000, 0x0000, 0x0000, 0x0000, 0x0000, 0x0000, 0x0000, 0x0000, 0x0000,
  0x0000, 0x0000, 0x0000, 0x0000, 0x0000, 0x0000, 0x0000, 0x0000, 0x0000, 0x0000, 0x0000, 0x0000,
  0x0000, 0x0000, 0x0000, 0x0000, 0x0000, 0x0000, 0x0000, 0x0000, 0x0000, 0x0000, 0x0000, 0x0000,
  0x0000, 0x0000, 0x0000, 0x0000, 0x0000, 0x0000, 0x0000, 0x0000, 0x0000, 0x0000, 0x0000, 0x0000,
  0x0000, 0x0000, 0x0000, 0x0000, 0x1082, 0x7BAE, 0x7BCF, 0x7BEF, 0x738E, 0x39C7, 0x31A6, 0x3186,
  0x41E6, 0xC3C9, 0xCBE9, 0xCBE9, 0xCBC9, 0x9307, 0x8AE7, 0x8AE7, 0x8AE7, 0x8AE7, 0x8AE7, 0x8AE7,
  0x8AE7, 0xBBA9, 0xCBE9, 0xCBE9, 0xCBC9, 0xED50, 0xF5D2, 0xF5B2, 0xF5B2, 0xF570, 0xF56F, 0xF56F,
  0xF56F, 0xDC4B, 0xCBE9, 0xCBEA, 0xCBE9, 0xECEE, 0xFD6F, 0xF54F, 0xF56F, 0xF590, 0xFDF3, 0xFDF4,
  0xFDF4, 0xF5F4, 0xF614, 0xF634, 0xF634, 0xF634, 0xF614, 0xF5F4, 0xF5F3, 0xF5F4, 0xF591, 0xF54F,
  0xF54F, 0xFD6F, 0xECEE, 0xCBE9, 0xCBE9, 0xCBE9, 0xC3C9, 0x92E7, 0x8AE7, 0x8AE7, 0x8AE7, 0xBBA9,
  0xD409, 0xCBE9, 0xD40A, 0x30E2, 0x0000, 0x0000, 0x0000, 0x0000, 0x0000, 0x0000, 0x0000, 0x0000,
  0x0000, 0x0000, 0x0000, 0x0000, 0x0000, 0x0000, 0x0000, 0x0000, 0x0000, 0x0000, 0x0000, 0x0000,
  0x0000, 0x0000, 0x0000, 0x0000, 0x0000, 0x0000, 0x0000, 0x0000, 0x0000, 0x0000, 0x0000, 0x0000,
  0x0000, 0x0000, 0x0000, 0x0000, 0x0000, 0x0000, 0x0000, 0x0000, 0x0000, 0x0000, 0x0000, 0x0000,
  0x0000, 0x0000, 0x0000, 0x0000, 0x0000, 0x0000, 0x0000, 0x0000, 0x0000, 0x0000, 0x0000, 0x0000,
  0x0000, 0x0000, 0x0000, 0x0000, 0x0000, 0x0000, 0x0000, 0x1082, 0x7BCF, 0x7BCF, 0x7BEF, 0x73AE,
  0x39C7, 0x31A6, 0x31A6, 0x41E7, 0xCBE9, 0xD409, 0xD40A, 0xD40A, 0x9307, 0x8AC7, 0x8AC7, 0x8AC7,
  0x8AC7, 0x8AC7, 0x8AE7, 0x8AC7, 0xBBA9, 0xD3E9, 0xCBE9, 0xCBE9, 0xF570, 0xFDF3, 0xFDD2, 0xFDD2,
  0xFD90, 0xFD6F, 0xFD90, 0xFD90, 0xDC4B, 0xCBE9, 0xCC0A, 0xCBE9, 0xED0E, 0xFD90, 0xF570, 0xFD6F,
  0xFDB1, 0xFE14, 0xFE14, 0xFE14, 0xFE14, 0xFE35, 0xFE55, 0xFE55, 0xFE55, 0xFE34, 0xFE14, 0xFE14,
  0xFE14, 0xFDD2, 0xFD6F, 0xF56F, 0xFD90, 0xED2E, 0xCBE9, 0xCBE9, 0xD3EA, 0xC3C9, 0x8AE7, 0x8AE7,
  0x8AE7, 0x8AC7, 0xBB88, 0xD3E9, 0xCBC9, 0xD3E9, 0x30E2, 0x0000, 0x0000, 0x0000, 0x0000, 0x0000,
  0x0000, 0x0000, 0x0000, 0x0000, 0x0000, 0x0000, 0x0000, 0x0000, 0x0000, 0x0000, 0x0000, 0x0000,
  0x0000, 0x0000, 0x0000, 0x0000, 0x0000, 0x0000, 0x0000, 0x0000, 0x0000, 0x0000, 0x0000, 0x0000,
  0x0000, 0x0000, 0x0000, 0x0000, 0x0000, 0x0000, 0x0000, 0x0000, 0x0000, 0x0000, 0x0000, 0x0000,
  0x0000, 0x0000, 0x0000, 0x0000, 0x0000, 0x0000, 0x0000, 0x0000, 0x0000, 0x0000, 0x0000, 0x0000,
  0x0000, 0x0000, 0x0000, 0x0000, 0x0000, 0x0000, 0x0000, 0x0000, 0x0000, 0x0000, 0x1082, 0x7BCF,
  0x7BCF, 0x7BEF, 0x73AE, 0x3186, 0x2965, 0x2965, 0x39A6, 0xA349, 0xAB69, 0xA349, 0xAB69, 0xA328,
  0x9B08, 0x9B28, 0x9B28, 0x92E7, 0x8AC7, 0x8AE7, 0x8AC7, 0xB388, 0xBBA9, 0xBBA9, 0xBB89, 0xD4AE,
  0xDD10, 0xDCEF, 0xDCEF, 0xED0E, 0xED0E, 0xED0E, 0xED0E, 0xD42B, 0xCBE9, 0xCC0A, 0xCBE9, 0xE4AC,
  0xED0E, 0xED0E, 0xED0E, 0xED2F, 0xED71, 0xED71, 0xED71, 0xED71, 0xED91, 0xEDB2, 0xEDB2, 0xEDB1,
  0xED91, 0xED71, 0xED71, 0xED71, 0xED50, 0xED0E, 0xED0E, 0xED0E, 0xDC8C, 0xBB88, 0xBBA9, 0xBBA9,
  0xB389, 0x8AE7, 0x8AE7, 0x8AE7, 0x8AC7, 0xC40A, 0xDC8C, 0xD46C, 0xDC8D, 0x3103, 0x0000, 0x0000,
  0x0000, 0x0000, 0x0000, 0x0000, 0x0000, 0x0000, 0x0000, 0x0000, 0x0000, 0x0000, 0x0000, 0x0000,
  0x0000, 0x0000, 0x0000, 0x0000, 0x0000, 0x0000, 0x0000, 0x0000, 0x0000, 0x0000, 0x0000, 0x0000,
  0x0000, 0x0000, 0x0000, 0x0000, 0x0000, 0x0000, 0x0000, 0x0000, 0x0000, 0x0000, 0x0000, 0x0000,
  0x0000, 0x0000, 0x0000, 0x0000, 0x0000, 0x0000, 0x0000, 0x0000, 0x0000, 0x0000, 0x0000, 0x0000,
  0x0000, 0x0000, 0x0000, 0x0000, 0x0000, 0x0000, 0x0000, 0x0000, 0x0000, 0x0000, 0x0000, 0x0000,
  0x0000, 0x1082, 0x7BCF, 0x7BCF, 0x7BEF, 0x738E, 0x18C3, 0x10A2, 0x10A2, 0x18C2, 0x3186, 0x31A6,
  0x3186, 0x3186, 0xB389, 0xD40A, 0xCBE9, 0xCBE9, 0x9B08, 0x8AC7, 0x8AE7, 0x8AC7, 0x8AC7, 0x8AC7,
  0x8AC7, 0x8AC7, 0x8AC7, 0x8AC7, 0x8AC7, 0x82C7, 0xBBA9, 0xD3E9, 0xCBC9, 0xCBC9, 0xCBE9, 0xCBEA,
  0xCBEA, 0xCBEA, 0xCBE9, 0xCBC9, 0xCBE9, 0xCBE9, 0xCBE9, 0xCBC9, 0xCBC9, 0xCBC9, 0xCBC9, 0xCBC9,
  0xCBC9, 0xCBC9, 0xCBC9, 0xCBC9, 0xCBC9, 0xCBC9, 0xCBC9, 0xCBC9, 0xCBC9, 0xCBC9, 0xCBC9, 0xB368,
  0x8AC7, 0x8AC7, 0x8AC7, 0x8AC7, 0x8AE7, 0x8AE7, 0x92E7, 0x8AA7, 0xDD30, 0xFE35, 0xF614, 0xFE55,
  0x3965, 0x0000, 0x0000, 0x0000, 0x0000, 0x0000, 0x0000, 0x0000, 0x0000, 0x0000, 0x0000, 0x0000,
  0x0000, 0x0000, 0x0000, 0x0000, 0x0000, 0x0000, 0x0000, 0x0000, 0x0000, 0x0000, 0x0000, 0x0000,
  0x0000, 0x0000, 0x0000, 0x0000, 0x0000, 0x0000, 0x0000, 0x0000, 0x0000, 0x0000, 0x0000, 0x0000,
  0x0000, 0x0000, 0x0000, 0x0000, 0x0000, 0x0000, 0x0000, 0x0000, 0x0000, 0x0000, 0x0000, 0x0000,
  0x0000, 0x0000, 0x0000, 0x0000, 0x0000, 0x0000, 0x0000, 0x0000, 0x0000, 0x0000, 0x0000, 0x0000,
  0x0000, 0x0000, 0x0000, 0x0000, 0x1082, 0x7BCF, 0x7BCF, 0x7BEF, 0x738E, 0x18C3, 0x18C3, 0x18C3,
  0x18C3, 0x31A6, 0x31A6, 0x31A6, 0x39C6, 0xB389, 0xCBE9, 0xCBE9, 0xCBE9, 0x9B07, 0x8AC7, 0x8AE7,
  0x8AE7, 0x8AE7, 0x8AE7, 0x8AE7, 0x8AE7, 0x8AE7, 0x92E7, 0x92E7, 0x8AE7, 0xC3A9, 0xD3E9, 0xCBE9,
  0xCBE9, 0xCBE9, 0xCBEA, 0xCBEA, 0xCBEA, 0xCBEA, 0xCBEA, 0xCBEA, 0xCBEA, 0xCBEA, 0xCBEA, 0xCBEA,
  0xCBE9, 0xCBE9, 0xCBE9, 0xCBE9, 0xCBE9, 0xCBE9, 0xCBE9, 0xCBE9, 0xCBE9, 0xCBE9, 0xCBE9, 0xCBE9,
  0xCBE9, 0xCBE9, 0xBB89, 0x8AC7, 0x8AE7, 0x8AE7, 0x8AE7, 0x8AE7, 0x92E7, 0x92E7, 0x8AC7, 0xDD30,
  0xFE35, 0xF5F4, 0xFE34, 0x3964, 0x0000, 0x0000, 0x0000, 0x0000, 0x0000, 0x0000, 0x0000, 0x0000,
  0x0000, 0x0000, 0x0000, 0x0000, 0x0000, 0x0000, 0x0000, 0x0000, 0x0000, 0x0000, 0x0000, 0x0000,
  0x0000, 0x0000, 0x0000, 0x0000, 0x0000, 0x0000, 0x0000, 0x0000, 0x0000, 0x0000, 0x0000, 0x0000,
  0x0000, 0x0000, 0x0000, 0x0000, 0x0000, 0x0000, 0x0000, 0x0000, 0x0000, 0x0000, 0x0000, 0x0000,
  0x0000, 0x0000, 0x0000, 0x0000, 0x0000, 0x0000, 0x0000, 0x0000, 0x0000, 0x0000, 0x0000, 0x0000,
  0x0000, 0x0000, 0x0000, 0x0000, 0x0000, 0x0000, 0x0000, 0x1082, 0x7BAE, 0x7BCF, 0x7BEF, 0x738E,
  0x18C3, 0x10A2, 0x10A2, 0x18C3, 0x31A6, 0x39A6, 0x31A6, 0x39E7, 0xC3C9, 0xD40A, 0xD40A, 0xD42A,
  0x9B08, 0x8AC7, 0x8AC7, 0x8AC7, 0x8AC7, 0x8AC7, 0x8AE7, 0x8AE7, 0x8AE7, 0x8AE7, 0x8AE7, 0x8AE7,
  0xC3C9, 0xD40A, 0xD40A, 0xD40A, 0xD40A, 0xD40A, 0xD40A, 0xD40A, 0xD40A, 0xD40A, 0xD40A, 0xD40A,
  0xD40A, 0xD40A, 0xD40A, 0xD40A, 0xD3EA, 0xD3EA, 0xCBEA, 0xCBEA, 0xCBEA, 0xD3EA, 0xD40A, 0xCBEA,
  0xCBEA, 0xCBEA, 0xCC0A, 0xCC0A, 0xD40A, 0xBBA9, 0x8AC7, 0x8AC7, 0x8AC7, 0x8AC7, 0x8AC7, 0x8AC7,
  0x8AC7, 0x82A6, 0xDD10, 0xFE35, 0xF5F4, 0xFE35, 0x3965, 0x0000, 0x0000, 0x0000, 0x0000, 0x0000,
  0x0000, 0x0000, 0x0000, 0x0000, 0x0000, 0x0000, 0x0000, 0x0000, 0x0000, 0x0000, 0x0000, 0x0000,
  0x0000, 0x0000, 0x0000, 0x0000, 0x0000, 0x0000, 0x0000, 0x0000, 0x0000, 0x0000, 0x0000, 0x0000,
  0x0000, 0x0000, 0x0000, 0x0000, 0x0000, 0x0000, 0x0000, 0x0000, 0x0000, 0x0000, 0x0000, 0x0000,
  0x0000, 0x0000, 0x0000, 0x0000, 0x0000, 0x0000, 0x0000, 0x0000, 0x0000, 0x0000, 0x0000, 0x0000,
  0x0000, 0x0000, 0x0000, 0x0000, 0x0000, 0x0000, 0x0000, 0x0000, 0x0000, 0x0000, 0x1082, 0x73AE,
  0x7BCF, 0x7BEF, 0x738E, 0x2103, 0x18E3, 0x18E3, 0x2104, 0x3186, 0x3186, 0x2965, 0x3186, 0x9B08,
  0xB368, 0xAB68, 0xAB68, 0x92E7, 0x8AC7, 0x8AC7, 0x8AC7, 0x8AC7, 0x8AC7, 0x8AC7, 0x8AE7, 0x8AE7,
  0x8AE7, 0x8AE7, 0x8AE7, 0xB389, 0xC3C9, 0xC3C9, 0xC3C9, 0xC3C9, 0xC3C9, 0xC3C9, 0xC3C9, 0xC3C9,
  0xC3C9, 0xC3C9, 0xC3C9, 0xC3C9, 0xC3C9, 0xC3C9, 0xC3C9, 0xC3C9, 0xC3C9, 0xC3C9, 0xC3C9, 0xC3C9,
  0xC3C9, 0xC3C9, 0xC3C9, 0xC3C9, 0xC3A9, 0xC3A9, 0xC3A9, 0xC3C9, 0xB389, 0x9307, 0x9B08, 0x9B07,
  0x9B28, 0xA38A, 0xA38A, 0xA38A, 0xA369, 0xE551, 0xFE14, 0xF5F4, 0xFE35, 0x3965, 0x0000, 0x0000,
  0x0000, 0x0000, 0x0000, 0x0000, 0x0000, 0x0000, 0x0000, 0x0000, 0x0000, 0x0000, 0x0000, 0x0000,
  0x0000, 0x0000, 0x0000, 0x0000, 0x0000, 0x0000, 0x0000, 0x0000, 0x0000, 0x0000, 0x0000, 0x0000,
  0x0000, 0x0000, 0x0000, 0x0000, 0x0000, 0x0000, 0x0000, 0x0000, 0x0000, 0x0000, 0x0000, 0x0000,
  0x0000, 0x0000, 0x0000, 0x0000, 0x0000, 0x0000, 0x0000, 0x0000, 0x0000, 0x0000, 0x0000, 0x0000,
  0x0000, 0x0000, 0x0000, 0x0000, 0x0000, 0x0000, 0x0000, 0x0000, 0x0000, 0x0000, 0x0000, 0x0000,
  0x0000, 0x1082, 0x7BAE, 0x7BCF, 0x7BCF, 0x738E, 0x39C7, 0x31A6, 0x31A6, 0x31A6, 0x18C3, 0x10A2,
  0x10A2, 0x10A2, 0x10A2, 0x10C3, 0x10C3, 0x10A2, 0x7266, 0x92E7, 0x8AC7, 0x8AC7, 0x8AC7, 0x8AC7,
  0x8AC7, 0x8AC7, 0x8AC7, 0x8AE7, 0x8AE7, 0x8AE7, 0x8AC7, 0x8AC7, 0x8AC7, 0x8AC7, 0x8AC7, 0x8AC7,
  0x8AC7, 0x8AC7, 0x8AE7, 0x8AC7, 0x8AC7, 0x8AE7, 0x8AE7, 0x8AE7, 0x8AE7, 0x8AC7, 0x8AC7, 0x8AE7,
  0x8AE7, 0x8AE7, 0x8AE7, 0x8AE7, 0x8AE7, 0x8AE7, 0x8AC7, 0x8AC7, 0x8AC7, 0x8AC7, 0x8AC7, 0x9B28,
  0xCBE9, 0xCBE9, 0xCBC9, 0xD42B, 0xFE34, 0xFE34, 0xFE34, 0xFE34, 0xFE14, 0xFDF4, 0xF5F4, 0xFE35,
  0x3965, 0x0000, 0x0000, 0x0000, 0x0000, 0x0000, 0x0000, 0x0000, 0x0000, 0x0000, 0x0000, 0x0000,
  0x0000, 0x0000, 0x0000, 0x0000, 0x0000, 0x0000, 0x0000, 0x0000, 0x0000, 0x0000, 0x0000, 0x0000,
  0x0000, 0x0000, 0x0000, 0x0000, 0x0000, 0x0000, 0x0000, 0x0000, 0x0000, 0x0000, 0x0000, 0x0000,
  0x0000, 0x0000, 0x0000, 0x0000, 0x0000, 0x0000, 0x0000, 0x0000, 0x0000, 0x0000, 0x0000, 0x0000,
  0x0000, 0x0000, 0x0000, 0x0000, 0x0000, 0x0000, 0x0000, 0x0000, 0x0000, 0x0000, 0x0000, 0x0000,
  0x0000, 0x0000, 0x0000, 0x0000, 0x1082, 0x7BAE, 0x7BCF, 0x7BCF, 0x738E, 0x39C7, 0x31A6, 0x31A6,
  0x31A6, 0x18C3, 0x10A2, 0x18C3, 0x18C3, 0x18C2, 0x18C2, 0x18C3, 0x18C3, 0x7286, 0x92E7, 0x8AC7,
  0x8AC7, 0x8AC7, 0x8AC7, 0x8AC7, 0x8AC7, 0x8AC7, 0x8AC7, 0x8AC7, 0x8AE7, 0x8AC7, 0x8AC7, 0x8AC7,
  0x8AC7, 0x8AC7, 0x8AC7, 0x8AE7, 0x8AE7, 0x8AE7, 0x8AE7, 0x8AE7, 0x8AE7, 0x8AE7, 0x8AE7, 0x8AE7,
  0x8AE7, 0x8AE7, 0x8AE7, 0x92E7, 0x8AE7, 0x8AE7, 0x8AE7, 0x8AE7, 0x8AE7, 0x8AE7, 0x8AC7, 0x8AC7,
  0x8AE7, 0x8AC7, 0x9B28, 0xCBEA, 0xCBE9, 0xCBC9, 0xD44B, 0xF634, 0xFE34, 0xF634, 0xF634, 0xF614,
  0xFDF4, 0xF5F4, 0xFE35, 0x3965, 0x0000, 0x0000, 0x0000, 0x0000, 0x0000, 0x0000, 0x0000, 0x0000,
  0x0000, 0x0000, 0x0000, 0x0000, 0x0000, 0x0000, 0x0000, 0x0000, 0x0000, 0x0000, 0x0000, 0x0000,
  0x0000, 0x0000, 0x0000, 0x0000, 0x0000, 0x0000, 0x0000, 0x0000, 0x0000, 0x0000, 0x0000, 0x0000,
  0x0000, 0x0000, 0x0000, 0x0000, 0x0000, 0x0000, 0x0000, 0x0000, 0x0000, 0x0000, 0x0000, 0x0000,
  0x0000, 0x0000, 0x0000, 0x0000, 0x0000, 0x0000, 0x0000, 0x0000, 0x0000, 0x0000, 0x0000, 0x0000,
  0x0000, 0x0000, 0x0000, 0x0000, 0x0000, 0x0000, 0x0000, 0x1082, 0x7BAE, 0x7BCF, 0x7BCF, 0x738E,
  0x39C7, 0x31A6, 0x39C7, 0x31A6, 0x18C3, 0x10A2, 0x18C2, 0x10A2, 0x10A2, 0x10A2, 0x18C2, 0x10A3,
  0x7266, 0x92E7, 0x8AE7, 0x8AC7, 0x92E7, 0x92E7, 0x92E7, 0x92E7, 0x92E7, 0x92E7, 0x92E7, 0x92E7,
  0x92E7, 0x92E7, 0x92E7, 0x92E7, 0x92E7, 0x92E7, 0x92E7, 0x92E7, 0x9307, 0x9307, 0x9307, 0x9307,
  0x9307, 0x92E7, 0x92E7, 0x92E7, 0x92E7, 0x92E7, 0x8AE7, 0x8AE7, 0x8AE7, 0x8AE7, 0x8AE7, 0x8AE7,
  0x8AC7, 0x8AE7, 0x8AC7, 0x8AE7, 0x8AE7, 0x9B28, 0xCBC9, 0xCBC9, 0xC3C9, 0xCC0B, 0xF634, 0xFE34,
  0xF634, 0xF634, 0xFE14, 0xFE14, 0xF614, 0xFE35, 0x3964, 0x0000, 0x0000, 0x0000, 0x0000, 0x0000,
  0x0000, 0x0000, 0x0000, 0x0000, 0x0000, 0x0000, 0x0000, 0x0000, 0x0000, 0x0000, 0x0000, 0x0000,
  0x0000, 0x0000, 0x0000, 0x0000, 0x0000, 0x0000, 0x0000, 0x0000, 0x0000, 0x0000, 0x0000, 0x0000,
  0x0000, 0x0000, 0x0000, 0x0000, 0x0000, 0x0000, 0x0000, 0x0000, 0x0000, 0x0000, 0x0000, 0x0000,
  0x0000, 0x0000, 0x0000, 0x0000, 0x0000, 0x0000, 0x0000, 0x0000, 0x0000, 0x0000, 0x0000, 0x0000,
  0x0000, 0x0000, 0x0000, 0x0000, 0x0000, 0x0000, 0x0000, 0x0000, 0x0000, 0x0000, 0x1082, 0x7BAF,
  0x7BCF, 0x7BCF, 0x738E, 0x39C7, 0x31A6, 0x39C7, 0x31A6, 0x18C3, 0x10A2, 0x10C2, 0x18C3, 0x18C3,
  0x18E3, 0x20E3, 0x18C3, 0x6A66, 0x8AE8, 0x82C7, 0x82C7, 0x82A7, 0x7A86, 0x7A86, 0x7A86, 0x7A86,
  0x7A86, 0x7A86, 0x7A86, 0x7A66, 0x7A66, 0x7A66, 0x7A66, 0x7A66, 0x7A86, 0x7A86, 0x7A86, 0x7A86,
  0x7A66, 0x7A66, 0x7A66, 0x7A86, 0x7A87, 0x7A86, 0x7A86, 0x7A87, 0x82C7, 0x92E7, 0x8AE7, 0x8AE7,
  0x8AE7, 0x8AE7, 0x8AE7, 0x8AE7, 0x8AE7, 0x8AE7, 0x8AE7, 0x8AC7, 0xA348, 0xD42B, 0xD42B, 0xCC2B,
  0xD46C, 0xF634, 0xFE34, 0xFE34, 0xF634, 0xFDF3, 0xFDF3, 0xFDF3, 0xFE14, 0x3964, 0x0000, 0x0000,
  0x0000, 0x0000, 0x0000, 0x0000, 0x0000, 0x0000, 0x0000, 0x0000, 0x0000, 0x0000, 0x0000, 0x0000,
  0x0000, 0x0000, 0x0000, 0x0000, 0x0000, 0x0000, 0x0000, 0x0000, 0x0000, 0x0000, 0x0000, 0x0000,
  0x0000, 0x0000, 0x0000, 0x0000, 0x0000, 0x0000, 0x0000, 0x0000, 0x0000, 0x0000, 0x0000, 0x0000,
  0x0000, 0x0000, 0x0000, 0x0000, 0x0000, 0x0000, 0x0000, 0x0000, 0x0000, 0x0000, 0x0000, 0x0000,
  0x0000, 0x0000, 0x0000, 0x0000, 0x0000, 0x0000, 0x0000, 0x0000, 0x0000, 0x0000, 0x0000, 0x0000,
  0x0000, 0x1082, 0x7BAF, 0x7BCF, 0x83CF, 0x738E, 0x39C7, 0x31A6, 0x39C7, 0x31A6, 0x18C3, 0x10A2,
  0x10A2, 0x18C3, 0x3186, 0x39A6, 0x39A6, 0x39A6, 0x528A, 0x5ACA, 0x52AA, 0x5ACB, 0x2144, 0x10A2,
  0x18C3, 0x18C3, 0x10A2, 0x10A2, 0x10A2, 0x18C3, 0x0020, 0x0000, 0x0000, 0x0000, 0x1082, 0x10A2,
  0x10A2, 0x18C3, 0x0841, 0x0000, 0x0000, 0x0000, 0x0020, 0x18E3, 0x18C3, 0x18C3, 0x10A3, 0x51C5,
  0x9307, 0x8AC7, 0x8AE7, 0x8AE7, 0x8AE7, 0x8AE7, 0x8AE7, 0x8AE7, 0x8AE7, 0x92E7, 0x8AA6, 0xABAB,
  0xFE35, 0xF5D3, 0xF5F4, 0xFDF4, 0xFDF4, 0xFE14, 0xFE14, 0xFE14, 0xF5B1, 0xF56F, 0xF54F, 0xFD90,
  0x3943, 0x0000, 0x0000, 0x0000, 0x0000, 0x0000, 0x0000, 0x0000, 0x0000, 0x0000, 0x0000, 0x0000,
  0x0000, 0x0000, 0x0000, 0x0000, 0x0000, 0x0000, 0x0000, 0x0000, 0x0000, 0x0000, 0x0000, 0x0000,
  0x0000, 0x0000, 0x0000, 0x0000, 0x0000, 0x0000, 0x0000, 0x0000, 0x0000, 0x0000, 0x0000, 0x0000,
  0x0000, 0x0000, 0x0000, 0x0000, 0x0000, 0x0000, 0x0000, 0x0000, 0x0000, 0x0000, 0x0000, 0x0000,
  0x0000, 0x0000, 0x0000, 0x0000, 0x0000, 0x0000, 0x0000, 0x0000, 0x0000, 0x0000, 0x0000, 0x0000,
  0x0000, 0x0000, 0x0000, 0x0000, 0x1082, 0x7BAF, 0x7BCF, 0x83CF, 0x738E, 0x39C7, 0x31A6, 0x39A7,
  0x31A6, 0x18C3, 0x10A2, 0x10A2, 0x18C3, 0x3186, 0x39A6, 0x39A6, 0x39C6, 0x528A, 0x52AA, 0x52AA,
  0x5ACB, 0x2124, 0x10A2, 0x18C3, 0x10A2, 0x10A2, 0x10A2, 0x10A2, 0x18C3, 0x0020, 0x0000, 0x0000,
  0x0000, 0x0861, 0x10A2, 0x10A2, 0x10A2, 0x0840, 0x0000, 0x0000, 0x0000, 0x0840, 0x18C3, 0x18C3,
  0x18C3, 0x10A3, 0x49C5, 0x9307, 0x8AC7, 0x8AE7, 0x8AE7, 0x8AE7, 0x8AE7, 0x8AE7, 0x92E7, 0x8AE7,
  0x92E7, 0x8AC7, 0xABAA, 0xFE14, 0xF5F4, 0xFDF4, 0xFDF4, 0xFDF4, 0xFDF4, 0xFDF4, 0xFE14, 0xF591,
  0xF54F, 0xF54F, 0xFD90, 0x3943, 0x0000, 0x0000, 0x0000, 0x0000, 0x0000, 0x0000, 0x0000, 0x0000,
  0x0000, 0x0000, 0x0000, 0x0000, 0x0000, 0x0000, 0x0000, 0x0000, 0x0000, 0x0000, 0x0000, 0x0000,
  0x0000, 0x0000, 0x0000, 0x0000, 0x0000, 0x0000, 0x0000, 0x0000, 0x0000, 0x0000, 0x0000, 0x0000,
  0x0000, 0x0000, 0x0000, 0x0000, 0x0000, 0x0000, 0x0000, 0x0000, 0x0000, 0x0000, 0x0000, 0x0000,
  0x0000, 0x0000, 0x0000, 0x0000, 0x0000, 0x0000, 0x0000, 0x0000, 0x0000, 0x0000, 0x0000, 0x0000,
  0x0000, 0x0000, 0x0000, 0x0000, 0x0000, 0x0000, 0x0000, 0x1082, 0x7BAF, 0x83CF, 0x83D0, 0x738E,
  0x39C7, 0x31A6, 0x31A6, 0x31A6, 0x18C3, 0x10A2, 0x10A2, 0x18C3, 0x3186, 0x39A6, 0x39C6, 0x39A6,
  0x5269, 0x52AA, 0x52AA, 0x52AA, 0x2124, 0x10A2, 0x10A2, 0x10A2, 0x18C2, 0x18C3, 0x18C2, 0x10A2,
  0x0020, 0x0000, 0x0000, 0x0000, 0x0861, 0x10A2, 0x10A2, 0x18C3, 0x0840, 0x0000, 0x0000, 0x0000,
  0x0020, 0x10A2, 0x10A2, 0x18C3, 0x10A2, 0x41A4, 0x92E7, 0x8AC7, 0x8AC7, 0x8AC7, 0x8AC7, 0x8AC7,
  0x8AC7, 0x8AC7, 0x8AC7, 0x8AC7, 0x82A6, 0xABCB, 0xFE14, 0xF5F4, 0xFDF4, 0xFDF4, 0xFDF4, 0xFDF4,
  0xFDF4, 0xFE14, 0xF590, 0xF54F, 0xF56F, 0xFDB0, 0x3944, 0x0000, 0x0000, 0x0000, 0x0000, 0x0000,
  0x0000, 0x0000, 0x0000, 0x0000, 0x0000, 0x0000, 0x0000, 0x0000, 0x0000, 0x0000, 0x0000, 0x0000,
  0x0000, 0x0000, 0x0000, 0x0000, 0x0000, 0x0000, 0x0000, 0x0000, 0x0000, 0x0000, 0x0000, 0x0000,
  0x0000, 0x0000, 0x0000, 0x0000, 0x0000, 0x0000, 0x0000, 0x0000, 0x0000, 0x0000, 0x0000, 0x0000,
  0x0000, 0x0000, 0x0000, 0x0000, 0x0000, 0x0000, 0x0000, 0x0000, 0x0000, 0x0000, 0x0000, 0x0000,
  0x0000, 0x0000, 0x0000, 0x0000, 0x0000, 0x0000, 0x0000, 0x0000, 0x0000, 0x0000, 0x1082, 0x7B8E,
  0x7B8E, 0x736E, 0x734D, 0x39E7, 0x39C7, 0x39E7, 0x39C7, 0x18C3, 0x10A2, 0x10A2, 0x10A2, 0x3186,
  0x39A6, 0x39A6, 0x39C7, 0x528A, 0x5AEB, 0x5ACB, 0x5AEB, 0x2965, 0x18A2, 0x18C3, 0x18C3, 0x18C3,
  0x18A3, 0x18C3, 0x18C3, 0x0020, 0x0000, 0x0000, 0x0000, 0x1082, 0x10A2, 0x10A2, 0x18C3, 0x0841,
  0x0000, 0x0000, 0x0000, 0x0840, 0x20E3, 0x2103, 0x2903, 0x18E3, 0x59E5, 0x9B08, 0x92E7, 0x92E7,
  0x9308, 0x9B49, 0x9B49, 0x9B49, 0x9B49, 0x9B49, 0x9B49, 0x9308, 0xB40C, 0xFE34, 0xF5F3, 0xFDF3,
  0xFDF4, 0xFDF4, 0xFDF4, 0xFDF4, 0xFE14, 0xF570, 0xF54F, 0xF54F, 0xFD6F, 0x3943, 0x0000, 0x0000,
  0x0000, 0x0000, 0x0000, 0x0000, 0x0000, 0x0000, 0x0000, 0x0000, 0x0000, 0x0000, 0x0000, 0x0000,
  0x0000, 0x0000, 0x0000, 0x0000, 0x0000, 0x0000, 0x0000, 0x0000, 0x0000, 0x0000, 0x0000, 0x0000,
  0x0000, 0x0000, 0x0000, 0x0000, 0x0000, 0x0000, 0x0000, 0x0000, 0x0000, 0x0000, 0x0000, 0x0000,
  0x0000, 0x0000, 0x0000, 0x0000, 0x0000, 0x0000, 0x0000, 0x0000, 0x0000, 0x0000, 0x0000, 0x0000,
  0x0000, 0x0000, 0x0000, 0x0000, 0x0000, 0x0000, 0x0000, 0x0000, 0x0000, 0x0000, 0x0000, 0x0000,
  0x0000, 0x0841, 0x39C7, 0x39C7, 0x39C7, 0x39E7, 0x5AEB, 0x630C, 0x630C, 0x5ACB, 0x18E3, 0x10A2,
  0x10A2, 0x10C2, 0x3186, 0x39C7, 0x39C6, 0x31A6, 0x6B6D, 0x7BEF, 0x7BCF, 0x7BEF, 0x4A49, 0x3186,
  0x39A6, 0x39A6, 0x20E3, 0x10A2, 0x18C2, 0x18A2, 0x10A2, 0x10A2, 0x10A2, 0x10A2, 0x10A2, 0x10A2,
  0x10A2, 0x10A2, 0x10A2, 0x10A2, 0x10A2, 0x0882, 0x2903, 0x8AC7, 0x82A7, 0x82A7, 0x82A6, 0xB389,
  0xCBEA, 0xCBE9, 0xC388, 0xDD51, 0xF6FA, 0xF6B8, 0xF6D9, 0xF697, 0xF613, 0xF614, 0xF634, 0xF5F2,
  0xF56F, 0xF56F, 0xF56F, 0xF570, 0xF5F3, 0xFDF4, 0xFDF3, 0xFE14, 0xDC8C, 0xCBE9, 0xCBE9, 0xD40A,
  0x30E2, 0x0000, 0x0000, 0x0000, 0x0000, 0x0000, 0x0000, 0x0000, 0x0000, 0x0000, 0x0000, 0x0000,
  0x0000, 0x0000, 0x0000, 0x0000, 0x0000, 0x0000, 0x0000, 0x0000, 0x0000, 0x0000, 0x0000, 0x0000,
  0x0000, 0x0000, 0x0000, 0x0000, 0x0000, 0x0000, 0x0000, 0x0000, 0x0000, 0x0000, 0x0000, 0x0000,
  0x0000, 0x0000, 0x0000, 0x0000, 0x0000, 0x0000, 0x0000, 0x0000, 0x0000, 0x0000, 0x0000, 0x0000,
  0x0000, 0x0000, 0x0000, 0x0000, 0x0000, 0x0000, 0x0000, 0x0000, 0x0000, 0x0000, 0x0000, 0x0000,
  0x0000, 0x0000, 0x0000, 0x0000, 0x0841, 0x31A6, 0x31A6, 0x39C6, 0x39E7, 0x630C, 0x630C, 0x632C,
  0x5AEB, 0x18E3, 0x10A2, 0x10A2, 0x18C3, 0x3186, 0x39C7, 0x39C6, 0x31A6, 0x6B6D, 0x7BEF, 0x7BCF,
  0x7BEF, 0x4A28, 0x39A6, 0x39C7, 0x39C7, 0x20E3, 0x10A2, 0x18C3, 0x18C2, 0x18C2, 0x18C2, 0x18C2,
  0x10C2, 0x10A2, 0x10A2, 0x10A2, 0x10A2, 0x18A2, 0x10A2, 0x18C2, 0x1082, 0x3144, 0x9307, 0x8AC7,
  0x8AE7, 0x8AC7, 0xB389, 0xD3E9, 0xCBEA, 0xCBA8, 0xE571, 0xFF3A, 0xFED9, 0xFEFA, 0xF6B7, 0xF634,
  0xFE34, 0xFE55, 0xF613, 0xF54F, 0xF54F, 0xF54F, 0xF56F, 0xF5F3, 0xFDF4, 0xFDF3, 0xFE14, 0xDC8C,
  0xCBC9, 0xCBC9, 0xD40A, 0x30E2, 0x0000, 0x0000, 0x0000, 0x0000, 0x0000, 0x0000, 0x0000, 0x0000,
  0x0000, 0x0000, 0x0000, 0x0000, 0x0000, 0x0000, 0x0000, 0x0000, 0x0000, 0x0000, 0x0000, 0x0000,
  0x0000, 0x0000, 0x0000, 0x0000, 0x0000, 0x0000, 0x0000, 0x0000, 0x0000, 0x0000, 0x0000, 0x0000,
  0x0000, 0x0000, 0x0000, 0x0000, 0x0000, 0x0000, 0x0000, 0x0000, 0x0000, 0x0000, 0x0000, 0x0000,
  0x0000, 0x0000, 0x0000, 0x0000, 0x0000, 0x0000, 0x0000, 0x0000, 0x0000, 0x0000, 0x0000, 0x0000,
  0x0000, 0x0000, 0x0000, 0x0000, 0x0000, 0x0000, 0x0000, 0x0841, 0x31A6, 0x39C7, 0x39A6, 0x39E7,
  0x630C, 0x630C, 0x632C, 0x5AEB, 0x18E3, 0x10A2, 0x10A2, 0x18C3, 0x3186, 0x39C7, 0x39C6, 0x39C6,
  0x6B6D, 0x7BEF, 0x7BCF, 0x7BEF, 0x4A49, 0x39A6, 0x39A6, 0x39A6, 0x20E3, 0x10A2, 0x18C3, 0x18A2,
  0x10A2, 0x10A2, 0x10A2, 0x10A2, 0x10A2, 0x10A2, 0x10A2, 0x10A2, 0x10A2, 0x10A2, 0x10A2, 0x0882,
  0x2923, 0x8AC7, 0x8AC7, 0x8AC7, 0x82C7, 0xB368, 0xCBE9, 0xCBE9, 0xC3A8, 0xDD31, 0xFF1A, 0xF6D9,
  0xFF1A, 0xF6B7, 0xF634, 0xFE34, 0xFE55, 0xFDF3, 0xF54F, 0xF56F, 0xF56F, 0xF56F, 0xFDF3, 0xFE14,
  0xFDF4, 0xFE34, 0xDC8C, 0xCBC9, 0xCBE9, 0xD40A, 0x30E2, 0x0000, 0x0000, 0x0000, 0x0000, 0x0000,
  0x0000, 0x0000, 0x0000, 0x0000, 0x0000, 0x0000, 0x0000, 0x0000, 0x0000, 0x0000, 0x0000, 0x0000,
  0x0000, 0x0000, 0x0000, 0x0000, 0x0000, 0x0000, 0x0000, 0x0000, 0x0000, 0x0000, 0x0000, 0x0000,
  0x0000, 0x0000, 0x0000, 0x0000, 0x0000, 0x0000, 0x0000, 0x0000, 0x0000, 0x0000, 0x0000, 0x0000,
  0x0000, 0x0000, 0x0000, 0x0000, 0x0000, 0x0000, 0x0000, 0x0000, 0x0000, 0x0000, 0x0000, 0x0000,
  0x0000, 0x0000, 0x0000, 0x0000, 0x0000, 0x0000, 0x0000, 0x0000, 0x0000, 0x0000, 0x0841, 0x31A6,
  0x39C7, 0x31A6, 0x39E7, 0x630C, 0x630C, 0x632C, 0x5AEB, 0x18E3, 0x10A2, 0x10A2, 0x18C3, 0x3186,
  0x39A6, 0x39C6, 0x39C6, 0x6B4D, 0x7BCF, 0x7BAE, 0x7BCF, 0x4A49, 0x39C7, 0x41E7, 0x4208, 0x2104,
  0x18C3, 0x18C3, 0x18C3, 0x18C3, 0x18C3, 0x18C3, 0x18C3, 0x20E3, 0x20E3, 0x20E3, 0x18E3, 0x20E3,
  0x2103, 0x2103, 0x18E3, 0x4184, 0x9B08, 0x9308, 0x9308, 0x8AE7, 0xBBAA, 0xD42B, 0xCC2B, 0xCBEA,
  0xE551, 0xF6D9, 0xF6B8, 0xF6B8, 0xF656, 0xEDF3, 0xEDF3, 0xEE13, 0xF5D2, 0xF52E, 0xF54F, 0xF54F,
  0xF54F, 0xFDF3, 0xFDF3, 0xFDF3, 0xFE34, 0xD46C, 0xC3A8, 0xCBE9, 0xCBE9, 0x30E2, 0x0000, 0x0000,
  0x0000, 0x0000, 0x0000, 0x0000, 0x0000, 0x0000, 0x0000, 0x0000, 0x0000, 0x0000, 0x0000, 0x0000,
  0x0000, 0x0000, 0x0000, 0x0000, 0x0000, 0x0000, 0x0000, 0x0000, 0x0000, 0x0000, 0x0000, 0x0000,
  0x0000, 0x0000, 0x0000, 0x0000, 0x0000, 0x0000, 0x0000, 0x0000, 0x0000, 0x0000, 0x0000, 0x0000,
  0x0000, 0x0000, 0x0000, 0x0000, 0x0000, 0x0000, 0x0000, 0x0000, 0x0000, 0x0000, 0x0000, 0x0000,
  0x0000, 0x0000, 0x0000, 0x0000, 0x0000, 0x0000, 0x0000, 0x0000, 0x0000, 0x0000, 0x0000, 0x0000,
  0x0000, 0x0841, 0x31A6, 0x39C7, 0x31A6, 0x39E7, 0x630C, 0x630C, 0x632C, 0x5AEB, 0x18E3, 0x10A2,
  0x10A2, 0x18C2, 0x3186, 0x39A6, 0x39C6, 0x31A6, 0x528A, 0x62CB, 0x5ACB, 0x5ACB, 0x6B6D, 0x7BCF,
  0x7BAE, 0x7BCF, 0x4208, 0x3186, 0x31A6, 0x31A6, 0x31A6, 0x31A6, 0x31A6, 0x31A6, 0x6A47, 0x8AC7,
  0x82A7, 0x82A7, 0xAB68, 0xC3C9, 0xBBA9, 0xBB89, 0xDCAC, 0xF54F, 0xED2E, 0xED2F, 0xED0E, 0xF635,
  0xF6D9, 0xF698, 0xF6B8, 0xDCEE, 0xCC0A, 0xD42B, 0xD42B, 0xBBCA, 0x9308, 0x9308, 0x9308, 0xA368,
  0xD40A, 0xCBEA, 0xCBE9, 0xD42B, 0xF56F, 0xF56F, 0xF56F, 0xFD90, 0xAB89, 0x8AA6, 0x92E7, 0x92E7,
  0x20A1, 0x0000, 0x0000, 0x0000, 0x0000, 0x0000, 0x0000, 0x0000, 0x0000, 0x0000, 0x0000, 0x0000,
  0x0000, 0x0000, 0x0000, 0x0000, 0x0000, 0x0000, 0x0000, 0x0000, 0x0000, 0x0000, 0x0000, 0x0000,
  0x0000, 0x0000, 0x0000, 0x0000, 0x0000, 0x0000, 0x0000, 0x0000, 0x0000, 0x0000, 0x0000, 0x0000,
  0x0000, 0x0000, 0x0000, 0x0000, 0x0000, 0x0000, 0x0000, 0x0000, 0x0000, 0x0000, 0x0000, 0x0000,
  0x0000, 0x0000, 0x0000, 0x0000, 0x0000, 0x0000, 0x0000, 0x0000, 0x0000, 0x0000, 0x0000, 0x0000,
  0x0000, 0x0000, 0x0000, 0x0000, 0x0841, 0x31A6, 0x39A6, 0x31A6, 0x39E7, 0x62EB, 0x630C, 0x632C,
  0x5AEB, 0x18E3, 0x10A2, 0x10A2, 0x18C3, 0x3186, 0x39A6, 0x31A6, 0x31A6, 0x5289, 0x5AAA, 0x5AAA,
  0x5AAA, 0x738E, 0x7BEF, 0x7BCF, 0x7BEF, 0x4A49, 0x31A6, 0x39C7, 0x39C6, 0x39C6, 0x39C6, 0x39C7,
  0x31A7, 0x6A46, 0x92E7, 0x92E7, 0x8AE7, 0xBBA9, 0xD40A, 0xCBEA, 0xCBE9, 0xECED, 0xFD90, 0xF56F,
  0xF56F, 0xF56F, 0xF676, 0xF6FA, 0xF6D9, 0xFEFA, 0xDCAD, 0xCBA8, 0xCBE9, 0xCBE9, 0xAB48, 0x82A6,
  0x8AC7, 0x82C7, 0x9B07, 0xCBE9, 0xCBC9, 0xCBA9, 0xD40A, 0xF54F, 0xF54F, 0xF54F, 0xFD6F, 0xA369,
  0x82A6, 0x8AC7, 0x92E7, 0x20A1, 0x0000, 0x0000, 0x0000, 0x0000, 0x0000, 0x0000, 0x0000, 0x0000,
  0x0000, 0x0000, 0x0000, 0x0000, 0x0000, 0x0000, 0x0000, 0x0000, 0x0000, 0x0000, 0x0000, 0x0000,
  0x0000, 0x0000, 0x0000, 0x0000, 0x0000, 0x0000, 0x0000, 0x0000, 0x0000, 0x0000, 0x0000, 0x0000,
  0x0000, 0x0000, 0x0000, 0x0000, 0x0000, 0x0000, 0x0000, 0x0000, 0x0000, 0x0000, 0x0000, 0x0000,
  0x0000, 0x0000, 0x0000, 0x0000, 0x0000, 0x0000, 0x0000, 0x0000, 0x0000, 0x0000, 0x0000, 0x0000,
  0x0000, 0x0000, 0x0000, 0x0000, 0x0000, 0x0000, 0x0000, 0x0841, 0x31A6, 0x39C7, 0x39C6, 0x39E7,
  0x630C, 0x632C, 0x632C, 0x630C, 0x18E3, 0x10A2, 0x18C3, 0x18C3, 0x31A6, 0x39C7, 0x39A6, 0x39C7,
  0x528A, 0x5ACB, 0x5AAA, 0x5AAA, 0x73AE, 0x8410, 0x7BCF, 0x8410, 0x4A49, 0x31A6, 0x39C7, 0x39C7,
  0x39C7, 0x39C7, 0x39C7, 0x31A7, 0x7287, 0x9307, 0x92E7, 0x8AC7, 0xBB89, 0xD40A, 0xD40A, 0xCBE9,
  0xE4CD, 0xFD90, 0xFD6F, 0xFD90, 0xFD6F, 0xFE76, 0xFF1A, 0xFED9, 0xFF3A, 0xE4EE, 0xCBC9, 0xD3EA,
  0xD40A, 0xB389, 0x8AC7, 0x92E7, 0x8AE7, 0xA348, 0xD40A, 0xD3EA, 0xCBE9, 0xD42A, 0xFD6F, 0xFD6F,
  0xFD6F, 0xFD90, 0xB3AA, 0x8AA6, 0x8AE7, 0x9307, 0x20A1, 0x0000, 0x0000, 0x0000, 0x0000, 0x0000,
  0x0000, 0x0000, 0x0000, 0x0000, 0x0000, 0x0000, 0x0000, 0x0000, 0x0000, 0x0000, 0x0000, 0x0000,
  0x0000, 0x0000, 0x0000, 0x0000, 0x0000, 0x0000, 0x0000, 0x0000, 0x0000, 0x0000, 0x0000, 0x0000,
  0x0000, 0x0000, 0x0000, 0x0000, 0x0000, 0x0000, 0x0000, 0x0000, 0x0000, 0x0000, 0x0000, 0x0000,
  0x0000, 0x0000, 0x0000, 0x0000, 0x0000, 0x0000, 0x0000, 0x0000, 0x0000, 0x0000, 0x0000, 0x0000,
  0x0000, 0x0000, 0x0000, 0x0000, 0x0000, 0x0000, 0x0000, 0x0000, 0x0000, 0x0000, 0x0841, 0x3186,
  0x31A6, 0x31A6, 0x39C7, 0x5AEB, 0x5ACB, 0x5AEB, 0x5AAA, 0x18C3, 0x10A2, 0x10A2, 0x10A2, 0x3186,
  0x3186, 0x3186, 0x3186, 0x4A49, 0x528A, 0x5269, 0x5269, 0x6B6D, 0x73AE, 0x73AE, 0x73AE, 0x4208,
  0x3186, 0x31A6, 0x31A6, 0x31A6, 0x31A6, 0x31A6, 0x31A6, 0x6A66, 0x8AA7, 0x82A6, 0x7A86, 0xAB68,
  0xC3C9, 0xC3C9, 0xBB88, 0xD46C, 0xED4F, 0xE52E, 0xE52E, 0xE50E, 0xE5F4, 0xE698, 0xE677, 0xEE98,
  0xCC6D, 0xBB88, 0xC3A9, 0xC3C9, 0xA328, 0x7A86, 0x82C7, 0x82A6, 0x9B07, 0xC3C9, 0xC3A9, 0xC3A9,
  0xC3E9, 0xE50E, 0xE50E, 0xE50E, 0xED4F, 0x9B49, 0x7A86, 0x82A7, 0x8AC7, 0x20A1, 0x0000, 0x0000,
  0x0000, 0x0000, 0x0000, 0x0000, 0x0000, 0x0000, 0x0000, 0x0000, 0x0000, 0x0000, 0x0000, 0x0000,
  0x0000, 0x0000, 0x0000, 0x0000, 0x0000, 0x0000, 0x0000, 0x0000, 0x0000, 0x0000, 0x0000, 0x0000,
  0x0000, 0x0000, 0x0000, 0x0000, 0x0000, 0x0000, 0x0000, 0x0000, 0x0000, 0x0000, 0x0000, 0x0000,
  0x0000, 0x0000, 0x0000, 0x0000, 0x0000, 0x0000, 0x0000, 0x0000, 0x0000, 0x0000, 0x0000, 0x0000,
  0x0000, 0x0000, 0x0000, 0x0000, 0x0000, 0x0000, 0x0000, 0x0000, 0x0000, 0x0000, 0x0000, 0x0000,
  0x0000, 0x0000, 0x0020, 0x0020, 0x0020, 0x0020, 0x0841, 0x0841, 0x0841, 0x0820, 0x0000, 0x0000,
  0x0000, 0x0000, 0x0020, 0x0020, 0x0020, 0x0020, 0x0020, 0x0820, 0x0020, 0x0820, 0x0841, 0x0841,
  0x0841, 0x0841, 0x0020, 0x0020, 0x0020, 0x0020, 0x0020, 0x0020, 0x0020, 0x0020, 0x0820, 0x0840,
  0x0820, 0x0840, 0x0840, 0x1040, 0x1040, 0x1040, 0x1061, 0x1061, 0x1061, 0x1061, 0x1061, 0x1081,
  0x1082, 0x1082, 0x1082, 0x1061, 0x1040, 0x1040, 0x1040, 0x0840, 0x0820, 0x0840, 0x0840, 0x0840,
  0x1040, 0x1040, 0x1040, 0x1040, 0x1061, 0x1061, 0x1061, 0x1061, 0x0840, 0x0840, 0x0840, 0x0840,
  0x0000, 0x0000, 0x0000, 0x0000, 0x0000, 0x0000, 0x0000, 0x0000, 0x0000, 0x0000, 0x0000, 0x0000,
  0x0000, 0x0000, 0x0000, 0x0000, 0x0000, 0x0000, 0x0000, 0x0000, 0x0000, 0x0000, 0x0000, 0x0000,
  0x0000, 0x0000, 0x0000, 0x0000, 0x0000, 0x0000, 0x0000, 0x0000, 0x0000, 0x0000, 0x0000, 0x0000,
  0x0000, 0x0000, 0x0000, 0x0000, 0x0000, 0x0000, 0x0000, 0x0000, 0x0000, 0x0000, 0x0000, 0x0000,
  0x0000, 0x0000, 0x0000, 0x0000, 0x0000, 0x0000, 0x0000, 0x0000, 0x0000, 0x0000, 0x0000, 0x0000,
  0x0000, 0x0000, 0x0000, 0x0000, 0x0000, 0x0000, 0x0000, 0x0000, 0x0000, 0x0000, 0x0000, 0x0000,
  0x0000, 0x0000, 0x0000, 0x0000, 0x0000, 0x0000, 0x0000, 0x0000, 0x0000, 0x0000, 0x0000, 0x0000,
  0x0000, 0x0000, 0x0000, 0x0000, 0x0000, 0x0000, 0x0000, 0x0000, 0x0000, 0x0000, 0x0000, 0x0000,
  0x0000, 0x0000, 0x0000, 0x0000, 0x0000, 0x0000, 0x0000, 0x0000, 0x0000, 0x0000, 0x0000, 0x0000,
  0x0000, 0x0000, 0x0000, 0x0000, 0x0000, 0x0000, 0x0000, 0x0000, 0x0000, 0x0000, 0x0000, 0x0000,
  0x0000, 0x0000, 0x0000, 0x0000, 0x0000, 0x0000, 0x0000, 0x0000, 0x0000, 0x0000, 0x0000, 0x0000,
  0x0000, 0x0000, 0x0000, 0x0000, 0x0000, 0x0000, 0x0000, 0x0000, 0x0000, 0x0000, 0x0000, 0x0000,
  0x0000, 0x0000, 0x0000, 0x0000, 0x0000, 0x0000, 0x0000, 0x0000, 0x0000, 0x0000, 0x0000, 0x0000,
  0x0000, 0x0000, 0x0000, 0x0000, 0x0000, 0x0000, 0x0000, 0x0000, 0x0000, 0x0000, 0x0000, 0x0000,
  0x0000, 0x0000, 0x0000, 0x0000, 0x0000, 0x0000, 0x0000, 0x0000, 0x0000, 0x0000, 0x0000, 0x0000,
  0x0000, 0x0000, 0x0000, 0x0000, 0x0000, 0x0000, 0x0000, 0x0000, 0x0000, 0x0000, 0x0000, 0x0000,
  0x0000, 0x0000, 0x0000, 0x0000, 0x0000, 0x0000, 0x0000, 0x0000, 0x0000, 0x0000, 0x0000, 0x0000,
  0x0000, 0x0000, 0x0000, 0x0000, 0x0000, 0x0000, 0x0000, 0x0000, 0x0000, 0x0000, 0x0000, 0x0000,
  0x0000, 0x0000, 0x0000, 0x0000, 0x0000, 0x0000, 0x0000, 0x0000, 0x0000, 0x0000, 0x0000, 0x0000,
  0x0000, 0x0000, 0x0000, 0x0000, 0x0000, 0x0000, 0x0000, 0x0000, 0x0000, 0x0000, 0x0000, 0x0000,
  0x0000, 0x0000, 0x0000, 0x0000, 0x0000, 0x0000, 0x0000, 0x0000, 0x0000, 0x0000, 0x0000, 0x0000,
  0x0000, 0x0000, 0x0000, 0x0000, 0x0000, 0x0000, 0x0000, 0x0000, 0x0000, 0x0000, 0x0000, 0x0000,
  0x0000, 0x0000, 0x0000, 0x0000, 0x0000, 0x0000, 0x0000, 0x0000, 0x0000, 0x0000, 0x0000, 0x0000,
  0x0000, 0x0000, 0x0000, 0x0000, 0x0000, 0x0000, 0x0000, 0x0000, 0x0000, 0x0000, 0x0000, 0x0000,
  0x0000, 0x0000, 0x0000, 0x0000, 0x0000, 0x0000, 0x0000, 0x0000, 0x0000, 0x0000, 0x0000, 0x0000,
  0x0000, 0x0000, 0x0000, 0x0000, 0x0000, 0x0000, 0x0000, 0x0000, 0x0000, 0x0000, 0x0000, 0x0000,
  0x0000, 0x0000, 0x0000, 0x0000, 0x0000, 0x0000, 0x0000, 0x0000, 0x0000, 0x0000, 0x0000, 0x0000,
  0x0000, 0x0000, 0x0000, 0x0000, 0x0000, 0x0000, 0x0000, 0x0000, 0x0000, 0x0000, 0x0000, 0x0000,
  0x0000, 0x0000, 0x0000, 0x0000, 0x0000, 0x0000, 0x0000, 0x0000, 0x0000, 0x0000, 0x0000, 0x0000,
  0x0000, 0x0000, 0x0000, 0x0000, 0x0000, 0x0000, 0x0000, 0x0000, 0x0000, 0x0000, 0x0000, 0x0000,
  0x0000, 0x0000, 0x0000, 0x0000, 0x0000, 0x0000, 0x0000, 0x0000, 0x0000, 0x0000, 0x0000, 0x0000,
  0x0000, 0x0000, 0x0000, 0x0000, 0x0000, 0x0000, 0x0000, 0x0000, 0x0000, 0x0000, 0x0000, 0x0000,
  0x0000, 0x0000, 0x0000, 0x0000, 0x0000, 0x0000, 0x0000, 0x0000, 0x0000, 0x0000, 0x0000, 0x0000,
  0x0000, 0x0000, 0x0000, 0x0000, 0x0000, 0x0000, 0x0000, 0x0000, 0x0000, 0x0000, 0x0000, 0x0000,
  0x0000, 0x0000, 0x0000, 0x0000, 0x0000, 0x0000, 0x0000, 0x0000, 0x0000, 0x0000, 0x0000, 0x0000,
  0x0000, 0x0000, 0x0000, 0x0000, 0x0000, 0x0000, 0x0000, 0x0000, 0x0000, 0x0000, 0x0000, 0x0000,
  0x0000, 0x0000, 0x0000, 0x0000, 0x0000, 0x0000, 0x0000, 0x0000, 0x0000, 0x0000, 0x0000, 0x0000,
  0x0000, 0x0000, 0x0000, 0x0000, 0x0000, 0x0000, 0x0000, 0x0000, 0x0000, 0x0000, 0x0000, 0x0000,
  0x0000, 0x0000, 0x0000, 0x0000, 0x0000, 0x0000, 0x0000, 0x0000, 0x0000, 0x0000, 0x0000, 0x0000,
  0x0000, 0x0000, 0x0000, 0x0000, 0x0000, 0x0000, 0x0000, 0x0000, 0x0000, 0x0000, 0x0000, 0x0000,
  0x0000, 0x0000, 0x0000, 0x0000, 0x0000, 0x0000, 0x0000, 0x0000, 0x0000, 0x0000, 0x0000, 0x0000,
  0x0000, 0x0000, 0x0000, 0x0000, 0x0000, 0x0000, 0x0000, 0x0000, 0x0000, 0x0000, 0x0000, 0x0000,
  0x0000, 0x0000, 0x0000, 0x0000, 0x0000, 0x0000, 0x0000, 0x0000, 0x0000, 0x0000, 0x0000, 0x0000,
  0x0000, 0x0000, 0x0000, 0x0000, 0x0000, 0x0000, 0x0000, 0x0000, 0x0000, 0x0000, 0x0000, 0x0000,
  0x0000, 0x0000, 0x0000, 0x0000, 0x0000, 0x0000, 0x0000, 0x0000, 0x0000, 0x0000, 0x0000, 0x0000,
  0x0000, 0x0000, 0x0000, 0x0000, 0x0000, 0x0000, 0x0000, 0x0000, 0x0000, 0x0000, 0x0000, 0x0000,
  0x0000, 0x0000, 0x0000, 0x0000, 0x0000, 0x0000, 0x0000, 0x0000, 0x0000, 0x0000, 0x0000, 0x0000,
  0x0000, 0x0000, 0x0000, 0x0000, 0x0000, 0x0000, 0x0000, 0x0000, 0x0000, 0x0000, 0x0000, 0x0000,
  0x0000, 0x0000, 0x0000, 0x0000, 0x0000, 0x0000, 0x0000, 0x0000, 0x0000, 0x0000, 0x0000, 0x0000,
  0x0000, 0x0000, 0x0000, 0x0000, 0x0000, 0x0000, 0x0000, 0x0000, 0x0000, 0x0000, 0x0000, 0x0000,
  0x0000, 0x0000, 0x0000, 0x0000, 0x0000, 0x0000, 0x0000, 0x0000, 0x0000, 0x0000, 0x0000, 0x0000,
  0x0000, 0x0000, 0x0000, 0x0000, 0x0000, 0x0000, 0x0000, 0x0000, 0x0000, 0x0000, 0x0000, 0x0000,
  0x0000, 0x0000, 0x0000, 0x0000, 0x0000, 0x0000, 0x0000, 0x0000, 0x0000, 0x0000, 0x0000, 0x0000,
  0x0000, 0x0000, 0x0000, 0x0000, 0x0000, 0x0000, 0x0000, 0x0000, 0x0000, 0x0000, 0x0000, 0x0000,
  0x0000, 0x0000, 0x0000, 0x0000, 0x0000, 0x0000, 0x0000, 0x0000, 0x0000, 0x0000, 0x0000, 0x0000,
  0x0000, 0x0000, 0x0000, 0x0000, 0x0000, 0x0000, 0x0000, 0x0000, 0x0000, 0x0000, 0x0000, 0x0000,
  0x0000, 0x0000, 0x0000, 0x0000, 0x0000, 0x0000, 0x0000, 0x0000, 0x0000, 0x0000, 0x0000, 0x0000,
  0x0000, 0x0000, 0x0000, 0x0000, 0x0000, 0x0000, 0x0000, 0x0000, 0x0000, 0x0000, 0x0000, 0x0000,
  0x0000, 0x0000, 0x0000, 0x0000, 0x0000, 0x0000, 0x0000, 0x0000, 0x0000, 0x0000, 0x0000, 0x0000,
  0x0000, 0x0000, 0x0000, 0x0000, 0x0000, 0x0000, 0x0000, 0x0000, 0x0000, 0x0000, 0x0000, 0x0000,
  0x0000, 0x0000, 0x0000, 0x0000, 0x0000, 0x0000, 0x0000, 0x0000, 0x0000, 0x0000, 0x0000, 0x0000,
  0x0000, 0x0000, 0x0000, 0x0000, 0x0000, 0x0000, 0x0000, 0x0000, 0x0000, 0x0000, 0x0000, 0x0000,
  0x0000, 0x0000, 0x0000, 0x0000, 0x0000, 0x0000, 0x0000, 0x0000, 0x0000, 0x0000, 0x0000, 0x0000,
  0x0000, 0x0000, 0x0000, 0x0000, 0x0000, 0x0000, 0x0000, 0x0000, 0x0000, 0x0000, 0x0000, 0x0000,
  0x0000, 0x0000, 0x0000, 0x0000, 0x0000, 0x0000, 0x0000, 0x0000, 0x0000, 0x0000, 0x0000, 0x0000,
  0x0000, 0x0000, 0x0000, 0x0000, 0x0000, 0x0000, 0x0000, 0x0000, 0x0000, 0x0000, 0x0000, 0x0000,
  0x0000, 0x0000, 0x0000, 0x0000, 0x0000, 0x0000, 0x0000, 0x0000, 0x0000, 0x0000, 0x0000, 0x0000,
  0x0000, 0x0000, 0x0000, 0x0000, 0x0000, 0x0000, 0x0000, 0x0000, 0x0000, 0x0000, 0x0000, 0x0000,
  0x0000, 0x0000, 0x0000, 0x0000, 0x0000, 0x0000, 0x0000, 0x0000, 0x0000, 0x0000, 0x0000, 0x0000,
  0x0000, 0x0000, 0x0000, 0x0000, 0x0000, 0x0000, 0x0000, 0x0000, 0x0000, 0x0000, 0x0000, 0x0000,
  0x0000, 0x0000, 0x0000, 0x0000, 0x0000, 0x0000, 0x0000, 0x0000, 0x0000, 0x0000, 0x0000, 0x0000,
  0x0000, 0x0000, 0x0000, 0x0000, 0x0000, 0x0000, 0x0000, 0x0000, 0x0000, 0x0000, 0x0000, 0x0000,
  0x0000, 0x0000, 0x0000, 0x0000, 0x0000, 0x0000, 0x0000, 0x0000, 0x0000, 0x0000, 0x0000, 0x0000,
  0x0000, 0x0000, 0x0000, 0x0000, 0x0000, 0x0000, 0x0000, 0x0000, 0x0000, 0x0000, 0x0000, 0x0000,
  0x0000, 0x0000, 0x0000, 0x0000, 0x0000, 0x0000, 0x0000, 0x0000, 0x0000, 0x0000, 0x0000, 0x0000,
  0x0000, 0x0000, 0x0000, 0x0000, 0x0000, 0x0000, 0x0000, 0x0000, 0x0000, 0x0000, 0x0000, 0x0000,
  0x0000, 0x0000, 0x0000, 0x0000, 0x0000, 0x0000, 0x0000, 0x0000, 0x0000, 0x0000, 0x0000, 0x0000,
  0x0000, 0x0000, 0x0000, 0x0000, 0x0000, 0x0000, 0x0000, 0x0000, 0x0000, 0x0000, 0x0000, 0x0000,
  0x0000, 0x0000, 0x0000, 0x0000, 0x0000, 0x0000, 0x0000, 0x0000, 0x0000, 0x0000, 0x0000, 0x0000,
  0x0000, 0x0000, 0x0000, 0x0000, 0x0000, 0x0000, 0x0000, 0x0000, 0x0000, 0x0000, 0x0000, 0x0000,
  0x0000, 0x0000, 0x0000, 0x0000, 0x0000, 0x0000, 0x0000, 0x0000, 0x0000, 0x0000, 0x0000, 0x0000,
  0x0000, 0x0000, 0x0000, 0x0000, 0x0000, 0x0000, 0x0000, 0x0000, 0x0000, 0x0000, 0x0000, 0x0000,
  0x0000, 0x0000, 0x0000, 0x0000, 0x0000, 0x0000, 0x0000, 0x0000, 0x0000, 0x0000, 0x0000, 0x0000,
  0x0000, 0x0000, 0x0000, 0x0000, 0x0000, 0x0000, 0x0000, 0x0000, 0x0000, 0x0000, 0x0000, 0x0000,
  0x0000, 0x0000, 0x0000, 0x0000, 0x0000, 0x0000, 0x0000, 0x0000, 0x0000, 0x0000, 0x0000, 0x0000,
  0x0000, 0x0000, 0x0000, 0x0000, 0x0000, 0x0000, 0x0000, 0x0000, 0x0000, 0x0000, 0x0000, 0x0000,
  0x0000, 0x0000, 0x0000, 0x0000, 0x0000, 0x0000, 0x0000, 0x0000, 0x0000, 0x0000, 0x0000, 0x0000,
  0x0000, 0x0000, 0x0000, 0x0000, 0x0000, 0x0000, 0x0000, 0x0000, 0x0000, 0x0000, 0x0000, 0x0000,
  0x0000, 0x0000, 0x0000, 0x0000, 0x0000, 0x0000, 0x0000, 0x0000, 0x0000, 0x0000, 0x0000, 0x0000,
  0x0000, 0x0000, 0x0000, 0x0000, 0x0000, 0x0000, 0x0000, 0x0000, 0x0000, 0x0000, 0x0000, 0x0000,
  0x0000, 0x0000, 0x0000, 0x0000, 0x0000, 0x0000, 0x0000, 0x0000, 0x0000, 0x0000, 0x0000, 0x0000,
  0x0000, 0x0000, 0x0000, 0x0000, 0x0000, 0x0000, 0x0000, 0x0000, 0x0000, 0x0000, 0x0000, 0x0000,
  0x0000, 0x0000, 0x0000, 0x0000, 0x0000, 0x0000, 0x0000, 0x0000, 0x0000
};
